{"model_count": 10, "em_accuracy_mean": 0.5402479037550127, "em_accuracy_std": 0.004601102251157029, "loss_mean": 1.4023295838624528, "loss_std": 0.00918171263142072}