{
  "em_accuracy": 0.5368817596305748,
  "loss": 1.3928234249642752
}