{
  "em_accuracy": 0.5407704459837162,
  "loss": 1.4157868673500504
}