{
  "em_accuracy": 0.5461173897192855,
  "loss": 1.3912454650240038
}