{
  "em_accuracy": 0.5395552314983595,
  "loss": 1.4172161986526934
}