{
  "em_accuracy": 0.5400413172925022,
  "loss": 1.4040063062917838
}