{
  "em_accuracy": 0.5321424231376838,
  "loss": 1.408585431043384
}