{
  "em_accuracy": 0.5461173897192855,
  "loss": 1.395538356581938
}