{
  "em_accuracy": 0.5404058816381091,
  "loss": 1.3959793331553636
}