{
  "UAS": 0.5267407178854263,
  "LAS": 0.4017278617710583,
  "UEM": 0.008,
  "LEM": 0.004,
  "loss": 2.2579424343411882
}