{
  "UAS": 0.5363056669752134,
  "LAS": 0.4097500771366862,
  "UEM": 0.009,
  "LEM": 0.005,
  "loss": 2.245254058686514
}