{
    "model_count": 5,
    "UAS_mean": 0.5157778785718914,
    "UAS_std": 0.008504734748913459,
    "LAS_mean": 0.3686645499902806,
    "LAS_std": 0.007289876664931033,
    "UEM_mean": 0.0348729792147806,
    "UEM_std": 0.0041151338755670815,
    "LEM_mean": 0.004157043879907622,
    "LEM_std": 0.0027809687248942947,
    "LOAS_mean": 0.5641028963908508,
    "LOAS_std": 0.0049511687025226405,
    "LOEM_mean": 0.004849884526558892,
    "LOEM_std": 0.0030984775669743044,
    "loss_mean": 8.929394018309457,
    "loss_std": 1.0889695146612002
}