{
  "UAS": 0.5084559061750794,
  "LAS": 0.35735113069396746,
  "UEM": 0.028868360277136258,
  "LEM": 0.0011547344110854503,
  "LOAS": 0.555886736214605,
  "LOEM": 0.0023094688221709007,
  "loss": 10.006731101444789
}