{
  "UAS": 0.5221927039460895,
  "LAS": 0.37322620358971037,
  "UEM": 0.03348729792147806,
  "LEM": 0.003464203233256351,
  "LOAS": 0.5650877988725458,
  "LOEM": 0.003464203233256351,
  "loss": 8.69945786680494
}