{
  "UAS": 0.52614527311605,
  "LAS": 0.3765956068165619,
  "UEM": 0.03810623556581986,
  "LEM": 0.0023094688221709007,
  "LOAS": 0.563986263202229,
  "LOEM": 0.0023094688221709007,
  "loss": 7.388344015393939
}