{
  "em_accuracy": 0.14861918604651161,
  "loss": 2.543697269849999
}