{
  "em_accuracy": 0.1867732558139535,
  "loss": 2.3439520042996076
}