{
  "em_accuracy": 0.15443313953488372,
  "loss": 2.5327388768972354
}