{
  "em_accuracy": 0.15734011627906977,
  "loss": 2.53870697977931
}