{
  "em_accuracy": 0.20348837209302326,
  "loss": 2.2725714500560317
}