{
  "em_accuracy": 0.17914244186046513,
  "loss": 2.437484402989232
}