{"model_count": 10, "em_accuracy_mean": 0.17307412790697674, "em_accuracy_std": 0.021485129344490633, "loss_mean": 2.44647153844667, "loss_std": 0.10136603337469803}