{
    "model_count": 5,
    "UAS_mean": 0.7973464979944461,
    "UAS_std": 0.004762998655497057,
    "LAS_mean": 0.6763138948884089,
    "LAS_std": 0.002292169842063787,
    "UEM_mean": 0.1448,
    "UEM_std": 0.007259476565152611,
    "LEM_mean": 0.0364,
    "LEM_std": 0.0016733200530681498,
    "LOAS_mean": 0.7791422400493675,
    "LOAS_std": 0.0022080802153058203,
    "LOEM_mean": 0.0554,
    "LOEM_std": 0.0035071355833500373,
    "loss_mean": 5.48107397960765,
    "loss_std": 0.47871274952527904
}