{
    "model_count": 5,
    "UAS_mean": 0.6751687663929139,
    "UAS_std": 0.006243172024262488,
    "LAS_mean": 0.5234381046566625,
    "LAS_std": 0.008088537830567335,
    "UEM_mean": 0.04447900466562986,
    "UEM_std": 0.004480516420182873,
    "LEM_mean": 0.013063763608087092,
    "LEM_std": 0.0020865331049764757,
    "LOAS_mean": 0.6676957475168767,
    "LOAS_std": 0.007990573002590207,
    "LOEM_mean": 0.016485225505443235,
    "LOEM_std": 0.0037454415486134676,
    "loss_mean": 9.79655181339809,
    "loss_std": 0.8677487901053925
}