{
  "UAS": 0.6671539751472675,
  "LAS": 0.5157156984993765,
  "UEM": 0.04665629860031104,
  "LEM": 0.015552099533437015,
  "LOAS": 0.6626822032076364,
  "LOEM": 0.01866251944012442,
  "loss": 9.595268294924782
}