{
  "UAS": 0.6833211506213183,
  "LAS": 0.5342907511716902,
  "UEM": 0.041990668740279936,
  "LEM": 0.013996889580093312,
  "LOAS": 0.676011523412306,
  "LOEM": 0.01866251944012442,
  "loss": 10.501920109703427
}