{
  "accuracy": 0.9226519337016574,
  "macro_fscore": 0.32153609052716026,
  "micro_fscore": 0.9257142857142857,
  "loss": 0.42515592199439806
}