{
  "accuracy": 0.9226519337016574,
  "macro_fscore": 0.37986719958741616,
  "micro_fscore": 0.9261363636363636,
  "loss": 0.35142440845568973
}