{
  "accuracy": 0.9226519337016574,
  "macro_fscore": 0.36213768115942024,
  "micro_fscore": 0.923076923076923,
  "loss": 0.454848143766867
}