{
  "UAS": 0.6747987927565392,
  "LAS": 0.5175427565392354,
  "UEM": 0.04674457429048414,
  "LEM": 0.01669449081803005,
  "LOAS": 0.6849849094567404,
  "LOEM": 0.02003338898163606,
  "loss": 6.38919704838803
}