{
  "UAS": 0.6627263581488934,
  "LAS": 0.5035211267605634,
  "UEM": 0.05008347245409015,
  "LEM": 0.015025041736227046,
  "LOAS": 0.6689512072434608,
  "LOEM": 0.018363939899833055,
  "loss": 7.6987842760588
}