{
  "UAS": 0.6560613682092555,
  "LAS": 0.49679325955734405,
  "UEM": 0.041736227045075125,
  "LEM": 0.015025041736227046,
  "LOAS": 0.6664989939637826,
  "LOEM": 0.018363939899833055,
  "loss": 7.4152710312291195
}