{
  "UAS": 0.6598968812877264,
  "LAS": 0.5004401408450704,
  "UEM": 0.04340567612687813,
  "LEM": 0.015025041736227046,
  "LOAS": 0.6688883299798792,
  "LOEM": 0.021702838063439065,
  "loss": 6.142041030683015
}