{
    "model_count": 5,
    "UAS_mean": 0.9357854467203316,
    "UAS_std": 0.0026246105400124105,
    "LAS_mean": 0.9157966047660795,
    "LAS_std": 0.0024833718910306506,
    "UEM_mean": 0.7350024073182475,
    "UEM_std": 0.004845830578752467,
    "LEM_mean": 0.6463168030813673,
    "LEM_std": 0.0045242214581929716,
    "LOAS_mean": 0.9530565075316809,
    "LOAS_std": 0.0011150927376769749,
    "LOEM_mean": 0.7088107847857487,
    "LOEM_std": 0.0055042898746375845,
    "loss_mean": 1.3025478989555221,
    "loss_std": 0.19293632128730892
}