{
  "UAS": 0.9379134454451263,
  "LAS": 0.9181876145692197,
  "UEM": 0.7361579200770342,
  "LEM": 0.6509388541165142,
  "LOAS": 0.954610663903722,
  "LOEM": 0.7140105922002888,
  "loss": 1.0964035386685282
}