{
  "UAS": 0.9340081294333307,
  "LAS": 0.914282298557424,
  "UEM": 0.7347135291285508,
  "LEM": 0.6475686085700529,
  "LOAS": 0.9522993544273531,
  "LOEM": 0.7130476649013,
  "loss": 1.4230597908680256
}