{
  "UAS": 0.9360803379293855,
  "LAS": 0.9158364549294652,
  "UEM": 0.7337506018295619,
  "LEM": 0.641309581126625,
  "LOAS": 0.9524587550808958,
  "LOEM": 0.7010110736639383,
  "loss": 1.5337050739402631
}