{
    "model_count": 5,
    "UAS_mean": 0.7651968579827478,
    "UAS_std": 0.006473378321382975,
    "LAS_mean": 0.6086068141294395,
    "LAS_std": 0.007848935647108795,
    "UEM_mean": 0.0988,
    "UEM_std": 0.0031937438845342607,
    "LEM_mean": 0.0222,
    "LEM_std": 0.001643167672515498,
    "LOAS_mean": 0.7173630186497036,
    "LOAS_std": 0.005903477479940299,
    "LOEM_mean": 0.034,
    "LOEM_std": 0.00374165738677394,
    "loss_mean": 6.102566769813734,
    "loss_std": 0.9010080860118804
}