{
  "UAS": 0.7680111801840875,
  "LAS": 0.6126933641752205,
  "UEM": 0.099,
  "LEM": 0.02,
  "LOAS": 0.7208809214013783,
  "LOEM": 0.031,
  "loss": 6.153638944029808
}