{
  "UAS": 0.7639149920485759,
  "LAS": 0.6090308900775866,
  "UEM": 0.099,
  "LEM": 0.023,
  "LOAS": 0.7169293046118259,
  "LOEM": 0.037,
  "loss": 5.608469278093368
}