{
    "model_count": 5,
    "em_accuracy_mean": 0.4633580406058653,
    "em_accuracy_std": 0.009628773965424095,
    "loss_mean": 0.0,
    "loss_std": 0.0
}