{
  "UAS": 0.7287877430337784,
  "LAS": 0.5306872144073111,
  "UEM": 0.055,
  "LEM": 0.006,
  "LOAS": 0.6199713287339844,
  "LOEM": 0.006,
  "loss": 6.341529667377472
}