{
  "UAS": 0.6864976256607831,
  "LAS": 0.5081533912731834,
  "UEM": 0.047,
  "LEM": 0.007,
  "LOAS": 0.6102947764537228,
  "LOEM": 0.007,
  "loss": 8.902418971061707
}