{
  "UAS": 0.7004748678433832,
  "LAS": 0.5193979034136726,
  "UEM": 0.046,
  "LEM": 0.004,
  "LOAS": 0.6199713287339844,
  "LOEM": 0.004,
  "loss": 6.1868820786476135
}