{
  "UAS": 0.6959053848221486,
  "LAS": 0.5127676731475674,
  "UEM": 0.045,
  "LEM": 0.006,
  "LOAS": 0.6095779948033331,
  "LOEM": 0.006,
  "loss": 8.318397596478462
}