{
    "model_count": 5,
    "UAS_mean": 0.6976435803243437,
    "UAS_std": 0.019685474512879,
    "LAS_mean": 0.5132156616790611,
    "LAS_std": 0.01321448470762774,
    "UEM_mean": 0.047599999999999996,
    "UEM_std": 0.004219004621945798,
    "LEM_mean": 0.0058000000000000005,
    "LEM_std": 0.0010954451150103322,
    "LOAS_mean": 0.6122032075978855,
    "LOAS_std": 0.00794163764136308,
    "LOEM_mean": 0.0062,
    "LOEM_std": 0.0014832396974191326,
    "loss_mean": 7.369039070606232,
    "loss_std": 1.2021204797480172
}