{
    "model_count": 5,
    "UAS_mean": 0.9202598230652745,
    "UAS_std": 0.001903653608431717,
    "LAS_mean": 0.8486729895592572,
    "LAS_std": 0.0031060895360539766,
    "UEM_mean": 0.6994703899855561,
    "UEM_std": 0.005831476910405324,
    "LEM_mean": 0.415214251324025,
    "LEM_std": 0.009352051851572578,
    "LOAS_mean": 0.8928110305252251,
    "LOAS_std": 0.0025174140217900437,
    "LOEM_mean": 0.43976889744824266,
    "LOEM_std": 0.009674903919305458,
    "loss_mean": 2.603375955956468,
    "loss_std": 0.5028203976596964
}