{
  "UAS": 0.9198613214314179,
  "LAS": 0.8507611381206663,
  "UEM": 0.7019740009629273,
  "LEM": 0.4232065479056331,
  "LOAS": 0.8945166175181318,
  "LOEM": 0.444872412132884,
  "loss": 2.0889809820778633
}