{
  "UAS": 0.9189846178369331,
  "LAS": 0.847891926356898,
  "UEM": 0.698603755416466,
  "LEM": 0.4126143476167549,
  "LOAS": 0.8931218617996334,
  "LOEM": 0.44005777563793935,
  "loss": 2.704684421190846
}