{
  "UAS": 0.921295927313302,
  "LAS": 0.8462580696580856,
  "UEM": 0.7000481463649495,
  "LEM": 0.4025036109773712,
  "LOAS": 0.8896150474216944,
  "LOEM": 0.42465093885411653,
  "loss": 3.402448236053953
}