{"model_count": 10, "em_accuracy_mean": 0.4024048815506102, "em_accuracy_std": 0.009618588633312511, "loss_mean": 1.930313346522195, "loss_std": 0.03588999689232597}