{
  "em_accuracy": 0.4063173007896626,
  "loss": 1.9538017770222256
}