{
  "em_accuracy": 0.4192390524048816,
  "loss": 1.8861469003132412
}