{
  "em_accuracy": 0.4002153625269203,
  "loss": 1.8951530058043344
}