{
  "em_accuracy": 0.39913854989231873,
  "loss": 1.933552658217294
}