{
  "em_accuracy": 0.40954773869346733,
  "loss": 1.9515821981430053
}