{
  "UAS": 0.760774124182421,
  "LAS": 0.5754860675566705,
  "UEM": 0.073,
  "LEM": 0.007,
  "LOAS": 0.663291819729415,
  "LOEM": 0.01,
  "loss": 4.693676799535751
}