{
  "UAS": 0.7634172565182331,
  "LAS": 0.5785771884239763,
  "UEM": 0.063,
  "LEM": 0.007,
  "LOAS": 0.6636054117014605,
  "LOEM": 0.013,
  "loss": 5.087875671684742
}