{
  "accuracy": 0.8672875436554133,
  "macro_fscore": 0.5759939577352623,
  "micro_fscore": 0.8711006474396705,
  "loss": 0.5347149407973996
}