{
  "accuracy": 0.9033760186263097,
  "macro_fscore": 0.6630208963050502,
  "micro_fscore": 0.904398826979472,
  "loss": 0.382230090011877
}