{
  "accuracy": 0.8940628637951106,
  "macro_fscore": 0.682035907143762,
  "micro_fscore": 0.8976470588235294,
  "loss": 0.49523139625994694
}