{
    "model_count": 5,
    "UAS_mean": 0.7649182351126196,
    "UAS_std": 0.008488042501649381,
    "LAS_mean": 0.6357194281600329,
    "LAS_std": 0.006819647016338769,
    "UEM_mean": 0.114,
    "UEM_std": 0.009669539802906855,
    "LEM_mean": 0.0212,
    "LEM_std": 0.002387467277262665,
    "LOAS_mean": 0.7520312660701429,
    "LOAS_std": 0.004516139069795923,
    "LOEM_mean": 0.031,
    "LOEM_std": 0.00418330013267038,
    "loss_mean": 6.814851528406143,
    "loss_std": 0.8217413828605675
}