{
  "UAS": 0.7535225753368302,
  "LAS": 0.6292296616270698,
  "UEM": 0.101,
  "LEM": 0.02,
  "LOAS": 0.7496143165689602,
  "LOEM": 0.027,
  "loss": 6.910686627030373
}