{
  "UAS": 0.7612876684150982,
  "LAS": 0.6283554458500463,
  "UEM": 0.112,
  "LEM": 0.018,
  "LOAS": 0.7470945181528335,
  "LOEM": 0.026,
  "loss": 7.6144112050533295
}