{
  "UAS": 0.7752236963900031,
  "LAS": 0.6442456032088861,
  "UEM": 0.125,
  "LEM": 0.023,
  "LOAS": 0.7567623161575645,
  "LOEM": 0.034,
  "loss": 5.4254860281944275
}