{
    "model_count": 5,
    "UAS_mean": 0.5275890318538865,
    "UAS_std": 0.011711419276153493,
    "LAS_mean": 0.39909401956532214,
    "LAS_std": 0.008427309444579131,
    "UEM_mean": 0.0488,
    "UEM_std": 0.003563705936241093,
    "LEM_mean": 0.0134,
    "LEM_std": 0.00260768096208106,
    "loss_mean": 2.1033555636330257,
    "loss_std": 0.015439476789309074
}