{
  "UAS": 0.5477326393908727,
  "LAS": 0.4128957640595634,
  "UEM": 0.05,
  "LEM": 0.012,
  "loss": 2.086028869189913
}