{
  "UAS": 0.5200713218640065,
  "LAS": 0.39747482049057875,
  "UEM": 0.045,
  "LEM": 0.014,
  "loss": 2.096445660742502
}