{
  "UAS": 0.5198303696207411,
  "LAS": 0.3898125391547395,
  "UEM": 0.054,
  "LEM": 0.017,
  "loss": 2.1000815213672697
}