{
  "UAS": 0.527829984097152,
  "LAS": 0.3981976772203749,
  "UEM": 0.046,
  "LEM": 0.01,
  "loss": 2.127513086985028
}