{
    "model_count": 5,
    "UAS_mean": 0.6557344064386318,
    "UAS_std": 0.003300726964501068,
    "LAS_mean": 0.5053948692152918,
    "LAS_std": 0.006569305042562102,
    "UEM_mean": 0.038731218697829715,
    "UEM_std": 0.0018287898414195867,
    "LEM_mean": 0.016026711185308847,
    "LEM_std": 0.0019034648165261062,
    "LOAS_mean": 0.6790241448692153,
    "LOAS_std": 0.006511729218475717,
    "LOEM_mean": 0.018363939899833055,
    "LOEM_std": 0.002044649200987628,
    "loss_mean": 6.634102784959894,
    "loss_std": 0.525522962951192
}