{
  "UAS": 0.6526659959758552,
  "LAS": 0.5,
  "UEM": 0.038397328881469114,
  "LEM": 0.01669449081803005,
  "LOAS": 0.6741071428571429,
  "LOEM": 0.018363939899833055,
  "loss": 7.130971965036895
}