{
  "UAS": 0.6587650905432596,
  "LAS": 0.514273138832998,
  "UEM": 0.041736227045075125,
  "LEM": 0.018363939899833055,
  "LOAS": 0.6894491951710262,
  "LOEM": 0.021702838063439065,
  "loss": 6.520318081504421
}