{
  "UAS": 0.6585764587525151,
  "LAS": 0.5098717303822937,
  "UEM": 0.038397328881469114,
  "LEM": 0.01669449081803005,
  "LOAS": 0.6814009054325956,
  "LOEM": 0.018363939899833055,
  "loss": 5.82573645993283
}