{
    "model_count": 5,
    "UAS_mean": 0.04655525606469003,
    "UAS_std": 0.03275438649374314,
    "LAS_mean": 0.0072452830188679245,
    "LAS_std": 0.008169493631717822,
    "UEM_mean": 0.0007360672975814932,
    "UEM_std": 0.0011518876077921474,
    "LEM_mean": 0.0,
    "LEM_std": 0.0,
    "LOAS_mean": 0.09081555641124374,
    "LOAS_std": 0.012139071862465763,
    "LOEM_mean": 0.0,
    "LOEM_std": 0.0,
    "loss_mean": 18.958852074941,
    "loss_std": 6.610206768454038
}