{
  "UAS": 0.07382364266461301,
  "LAS": 0.02164035425490951,
  "UEM": 0.0010515247108307045,
  "LEM": 0.0,
  "LOAS": 0.11035810550635348,
  "LOEM": 0.0,
  "loss": 12.914231284459431
}