{
  "UAS": 0.009518675394686177,
  "LAS": 0.0027416249518675394,
  "UEM": 0.0,
  "LEM": 0.0,
  "LOAS": 0.08070850981902195,
  "LOEM": 0.0,
  "loss": 16.46764866511027
}