{
    "model_count": 5,
    "UAS_mean": 0.7671919425569852,
    "UAS_std": 0.004416333206249352,
    "LAS_mean": 0.6345911040431786,
    "LAS_std": 0.011121171604643782,
    "UEM_mean": 0.1068,
    "UEM_std": 0.0043243496620879295,
    "LEM_mean": 0.0258,
    "LEM_std": 0.0021679483388678806,
    "LOAS_mean": 0.7424220519493037,
    "LOAS_std": 0.011019660484849009,
    "LOEM_mean": 0.0426,
    "LOEM_std": 0.00618869937870632,
    "loss_mean": 6.622224894165993,
    "loss_std": 0.6978553222203109
}