{
  "UAS": 0.7692159414004144,
  "LAS": 0.6294636403064913,
  "UEM": 0.108,
  "LEM": 0.023,
  "LOAS": 0.7371211025974652,
  "LOEM": 0.037,
  "loss": 6.282418176531792
}