{
  "UAS": 0.7612163269240037,
  "LAS": 0.6228615488410197,
  "UEM": 0.106,
  "LEM": 0.025,
  "LOAS": 0.7303262493373813,
  "LOEM": 0.036,
  "loss": 7.639576628804207
}