{
  "UAS": 0.7638186111512698,
  "LAS": 0.6279215459495928,
  "UEM": 0.101,
  "LEM": 0.026,
  "LOAS": 0.7364946267649752,
  "LOEM": 0.044,
  "loss": 7.01411172747612
}