{
  "UAS": 0.8507751105767166,
  "LAS": 0.7712887018508181,
  "UEM": 0.193,
  "LEM": 0.069,
  "LOAS": 0.8487997595224803,
  "LOEM": 0.106,
  "loss": 4.020698614418507
}