{
  "UAS": 0.8484132777944776,
  "LAS": 0.7716322411645983,
  "UEM": 0.191,
  "LEM": 0.069,
  "LOAS": 0.8503886288487139,
  "LOEM": 0.102,
  "loss": 5.480288676917553
}