{
  "UAS": 0.8499592047064886,
  "LAS": 0.7743376132606176,
  "UEM": 0.194,
  "LEM": 0.071,
  "LOAS": 0.853008116116288,
  "LOEM": 0.118,
  "loss": 4.811966933310032
}