{
  "UAS": 0.8466096963971315,
  "LAS": 0.7704298535663675,
  "UEM": 0.188,
  "LEM": 0.072,
  "LOAS": 0.8493580109073732,
  "LOEM": 0.115,
  "loss": 4.824067384004593
}