{
    "model_count": 5,
    "UAS_mean": 0.8473395527635835,
    "UAS_std": 0.003170670458276606,
    "LAS_mean": 0.7404997421592987,
    "LAS_std": 0.011831479861174823,
    "UEM_mean": 0.1332,
    "UEM_std": 0.004266145801540312,
    "LEM_mean": 0.0382,
    "LEM_std": 0.011562871615649808,
    "LOAS_mean": 0.8443204725516853,
    "LOAS_std": 0.011793469232776133,
    "LOEM_mean": 0.07819999999999999,
    "LOEM_std": 0.019227584351654784,
    "loss_mean": 3.7787273615598678,
    "loss_std": 0.2831117679984472
}