{
  "UAS": 0.8462331817542543,
  "LAS": 0.7508321222633726,
  "UEM": 0.131,
  "LEM": 0.049,
  "LOAS": 0.8558904880221274,
  "LOEM": 0.103,
  "loss": 3.693385161459446
}