{
  "UAS": 0.8422952510430828,
  "LAS": 0.7229384463925742,
  "UEM": 0.127,
  "LEM": 0.029,
  "LOAS": 0.8273873704936477,
  "LOEM": 0.06,
  "loss": 3.3252009972929955
}