{
  "UAS": 0.8490928695326051,
  "LAS": 0.742440579438376,
  "UEM": 0.135,
  "LEM": 0.034,
  "LOAS": 0.8451549388214336,
  "LOEM": 0.074,
  "loss": 3.9726385176181793
}