{
  "UAS": 0.8489053490225493,
  "LAS": 0.7351741596737144,
  "UEM": 0.138,
  "LEM": 0.027,
  "LOAS": 0.8386854812245089,
  "LOEM": 0.061,
  "loss": 3.878610283136368
}