{
  "UAS": 0.7611773138607651,
  "LAS": 0.5861033957530687,
  "UEM": 0.075,
  "LEM": 0.01,
  "LOAS": 0.6727443777439297,
  "LOEM": 0.014,
  "loss": 5.940713033080101
}