{
  "UAS": 0.7594749574410895,
  "LAS": 0.5864617865782636,
  "UEM": 0.07,
  "LEM": 0.011,
  "LOAS": 0.68112176328286,
  "LOEM": 0.017,
  "loss": 4.755111746490002
}