{
  "UAS": 0.7673147567422274,
  "LAS": 0.5917032523967386,
  "UEM": 0.077,
  "LEM": 0.011,
  "LOAS": 0.679509004569483,
  "LOEM": 0.017,
  "loss": 5.235763221979141
}