{
    "model_count": 5,
    "UAS_mean": 0.7646537048651555,
    "UAS_std": 0.004189662899662151,
    "LAS_mean": 0.589230355702894,
    "LAS_std": 0.0027848172105767338,
    "UEM_mean": 0.076,
    "UEM_std": 0.00469041575982343,
    "LEM_mean": 0.010199999999999999,
    "LEM_std": 0.0008366600265340754,
    "LOAS_mean": 0.677134665352567,
    "LOAS_std": 0.003342696980459735,
    "LOEM_mean": 0.0152,
    "LOEM_std": 0.0016431676725154989,
    "loss_mean": 5.22895742803812,
    "loss_std": 0.6954013588430294
}