{
  "accuracy": 0.8717277486910995,
  "loss": 0.7312566873927911
}