{
  "accuracy": 0.8429319371727748,
  "loss": 0.8266825998822848
}