{
    "model_count": 5,
    "UAS_mean": 0.6350217076700434,
    "UAS_std": 0.01093447026408329,
    "LAS_mean": 0.45899662325132656,
    "LAS_std": 0.010197054612059546,
    "UEM_mean": 0.081,
    "UEM_std": 0.005431390245600109,
    "LEM_mean": 0.0144,
    "LEM_std": 0.0025099800796022265,
    "LOAS_mean": 0.5882175590931018,
    "LOAS_std": 0.008900091608693008,
    "LOEM_mean": 0.0168,
    "LOEM_std": 0.0027748873851023213,
    "loss_mean": 7.957592456042766,
    "loss_std": 0.7475984644333235
}