{
  "UAS": 0.640918958031838,
  "LAS": 0.4523034249879402,
  "UEM": 0.087,
  "LEM": 0.013,
  "LOAS": 0.5778461167390255,
  "LOEM": 0.014,
  "loss": 9.00100315362215
}