{
  "UAS": 0.6340448625180898,
  "LAS": 0.4617100820067535,
  "UEM": 0.085,
  "LEM": 0.016,
  "LOAS": 0.5925590931017849,
  "LOEM": 0.019,
  "loss": 6.991898417472839
}