{
    "model_count": 5,
    "UAS_mean": 0.6374750936478839,
    "UAS_std": 0.01510135599018278,
    "LAS_mean": 0.6174703116282777,
    "LAS_std": 0.015553958309599509,
    "UEM_mean": 0.296870486278286,
    "UEM_std": 0.006553921165521667,
    "LEM_mean": 0.2778045257583052,
    "LEM_std": 0.006165743127041742,
    "LOAS_mean": 0.8126882920219973,
    "LOAS_std": 0.006767116279251089,
    "LOEM_mean": 0.32296581608088587,
    "LOEM_std": 0.010044028741766235,
    "loss_mean": 7.376435951200668,
    "loss_std": 0.6617267745152781
}