{
  "UAS": 0.6550171355702559,
  "LAS": 0.6349725033872639,
  "UEM": 0.30380356283100624,
  "LEM": 0.2831006259027443,
  "LOAS": 0.8208336654180283,
  "LOEM": 0.3331728454501685,
  "loss": 7.595246410713746
}