{
  "UAS": 0.6392763210329162,
  "LAS": 0.6187534868892962,
  "UEM": 0.30043331728454503,
  "LEM": 0.280693307655272,
  "LOAS": 0.8162508966286762,
  "LOEM": 0.3225806451612903,
  "loss": 6.212195948625306
}