{
  "UAS": 0.6190324380329959,
  "LAS": 0.5983103530724476,
  "UEM": 0.2956186807896004,
  "LEM": 0.27636013480982186,
  "LOAS": 0.8043755479397465,
  "LOEM": 0.31969186326432353,
  "loss": 7.531640817110355
}