{
  "UAS": 0.33042141874949443,
  "LAS": 0.2744479495268139,
  "UEM": 0.004,
  "LEM": 0.003,
  "loss": 2.2615902234637546
}