{
  "UAS": 0.34372725066731374,
  "LAS": 0.2869449162824557,
  "UEM": 0.004,
  "LEM": 0.003,
  "loss": 2.2166238682610646
}