{
  "UAS": 0.6274730482170359,
  "LAS": 0.424712711764009,
  "UEM": 0.045,
  "LEM": 0.011,
  "LOAS": 0.5873119298661296,
  "LOEM": 0.016,
  "loss": 8.977094128727913
}