{
  "UAS": 0.6390238123445089,
  "LAS": 0.44112072029380406,
  "UEM": 0.049,
  "LEM": 0.012,
  "LOAS": 0.5985665205544367,
  "LOEM": 0.016,
  "loss": 10.036660075187683
}