{
    "model_count": 5,
    "UAS_mean": 0.6375074043359792,
    "UAS_std": 0.006244218373608641,
    "LAS_mean": 0.43859732259210993,
    "LAS_std": 0.010758118488369738,
    "UEM_mean": 0.0474,
    "UEM_std": 0.0016733200530681526,
    "LEM_mean": 0.0118,
    "LEM_std": 0.0013038404810405302,
    "LOAS_mean": 0.5980571022390712,
    "LOAS_std": 0.007959696305055552,
    "LOEM_mean": 0.0176,
    "LOEM_std": 0.0016733200530681508,
    "loss_mean": 8.824486231803894,
    "loss_std": 1.231110657221066
}