{"model_count": 10, "em_accuracy_mean": 0.555402694181714, "em_accuracy_std": 0.009036130893350893, "loss_mean": 1.6559028363391144, "loss_std": 0.022707338150237642}