{
  "em_accuracy": 0.5434221840068788,
  "loss": 1.6921848845264138
}