{
  "em_accuracy": 0.5637718543995414,
  "loss": 1.621341813644862
}