{"model_count": 10, "em_accuracy_mean": 0.027395577395577395, "em_accuracy_std": 0.0038617719671868956, "tp_mean": 1347.3, "tp_std": 111.79152223869413, "fp_mean": 16307.1, "fp_std": 797.6684705370326, "fn_mean": 22854.7, "fn_std": 111.79152223869413, "p_mean": 7.641944316337818, "p_std": 0.6923540631753748, "r_mean": 5.566895297909264, "r_std": 0.46191026460083523, "f1_mean": 6.43873020303713, "f1_std": 0.5407060552087296, "Macro_f1_mean": 5.01296037302806, "Macro_f1_std": 0.4316817486344043, "Macro_p_mean": 7.664893023825739, "Macro_p_std": 0.5884212336520809, "Macro_r_mean": 4.398319044964889, "Macro_r_std": 0.3837673322249877, "loss_mean": 3.252203047880369, "loss_std": 0.04367803669101644}