{
  "em_accuracy": 0.02631040131040131,
  "tp": 1150,
  "fp": 15251,
  "fn": 23052,
  "p": 7.011767575147857,
  "r": 4.751673415420213,
  "f1": 5.664606063591361,
  "Macro_f1": 4.459628056862512,
  "Macro_p": 7.061531838231863,
  "Macro_r": 3.8504595821817555,
  "loss": 3.290755188796797
}