{
  "em_accuracy": 0.02252252252252252,
  "tp": 1290,
  "fp": 17035,
  "fn": 22912,
  "p": 7.03956343792633,
  "r": 5.330138005123543,
  "f1": 6.066734074823053,
  "Macro_f1": 4.695989335985847,
  "Macro_p": 7.334408574579114,
  "Macro_r": 4.105885678827577,
  "loss": 3.25451584884656
}