{
  "em_accuracy": 0.02631040131040131,
  "tp": 1411,
  "fp": 16886,
  "fn": 22791,
  "p": 7.711646718041209,
  "r": 5.830096686224279,
  "f1": 6.640156238970328,
  "Macro_f1": 5.0534194639150325,
  "Macro_p": 7.529117592465898,
  "Macro_r": 4.548940578749571,
  "loss": 3.2809139659869104
}