{
  "UAS": 0.8031519732039335,
  "LAS": 0.7099239919268261,
  "UEM": 0.06,
  "LEM": 0.021,
  "LOAS": 0.8203718813071671,
  "LOEM": 0.072,
  "loss": 5.214031137526035
}