{
  "UAS": 0.8057714604715077,
  "LAS": 0.7087216043285953,
  "UEM": 0.05,
  "LEM": 0.016,
  "LOAS": 0.8223472323614034,
  "LOEM": 0.071,
  "loss": 5.99085958302021
}