{
  "accuracy": 0.8396946564885496,
  "macro_fscore": 0.5507547550153142,
  "micro_fscore": 0.6341946520212478,
  "label_per:countries_of_residence_fscore": 0.4337899543378996,
  "label_per:spouse_fscore": 0.6887417218543045,
  "label_per:parents_fscore": 0.456140350877193,
  "label_org:member_of_fscore": 0,
  "label_org:alternate_names_fscore": 0.8280802292263609,
  "label_org:stateorprovince_of_headquarters_fscore": 0.5820105820105821,
  "label_per:employee_of_fscore": 0.36614853195164077,
  "label_per:country_of_birth_fscore": 0.3448275862068966,
  "label_per:date_of_death_fscore": 0.7047146401985112,
  "label_org:website_fscore": 0.9239130434782609,
  "label_org:dissolved_fscore": 0.36363636363636365,
  "label_per:origin_fscore": 0.545054945054945,
  "label_per:children_fscore": 0.5583756345177664,
  "label_per:age_fscore": 0.9113402061855669,
  "label_per:country_of_death_fscore": 0,
  "label_org:shareholders_fscore": 0.26666666666666666,
  "label_per:stateorprovince_of_birth_fscore": 0.5714285714285715,
  "label_org:city_of_headquarters_fscore": 0.5848375451263538,
  "label_per:stateorprovince_of_death_fscore": 0.6548672566371682,
  "label_per:stateorprovinces_of_residence_fscore": 0.562874251497006,
  "label_org:members_fscore": 0.6242774566473989,
  "label_org:subsidiaries_fscore": 0.2535211267605634,
  "label_per:alternate_names_fscore": 0.35051546391752586,
  "label_org:political/religious_affiliation_fscore": 0.2608695652173913,
  "label_per:religion_fscore": 0.6290322580645161,
  "label_org:parents_fscore": 0.1450777202072539,
  "label_per:city_of_birth_fscore": 0.7272727272727273,
  "label_per:date_of_birth_fscore": 0.8529411764705881,
  "label_per:cities_of_residence_fscore": 0.4940617577197149,
  "label_per:cause_of_death_fscore": 0.7607361963190185,
  "label_org:top_members/employees_fscore": 0.6401273885350318,
  "label_org:country_of_headquarters_fscore": 0.5655526992287918,
  "label_per:charges_fscore": 0.7106598984771574,
  "label_per:schools_attended_fscore": 0.6875,
  "label_org:founded_fscore": 0.6865671641791046,
  "label_per:city_of_death_fscore": 0.6852589641434264,
  "label_per:siblings_fscore": 0.6666666666666666,
  "label_org:number_of_employees/members_fscore": 0.7796610169491525,
  "label_org:founded_by_fscore": 0.6153846153846153,
  "label_per:other_family_fscore": 0.28813559322033905,
  "label_per:title_fscore": 0.8096774193548387,
  "loss": 0.8390039782169512
}