{
  "accuracy": 0.8370891804177903,
  "macro_fscore": 0.5433767345928577,
  "micro_fscore": 0.6306063867958377,
  "label_per:countries_of_residence_fscore": 0.3953934740882918,
  "label_per:spouse_fscore": 0.6755852842809364,
  "label_per:parents_fscore": 0.5384615384615384,
  "label_org:member_of_fscore": 0,
  "label_org:alternate_names_fscore": 0.8125,
  "label_org:stateorprovince_of_headquarters_fscore": 0.6022727272727273,
  "label_per:employee_of_fscore": 0.4192771084337349,
  "label_per:country_of_birth_fscore": 0.4285714285714285,
  "label_per:date_of_death_fscore": 0.7072599531615924,
  "label_org:website_fscore": 0.923076923076923,
  "label_org:dissolved_fscore": 0.23529411764705882,
  "label_per:origin_fscore": 0.5588235294117647,
  "label_per:children_fscore": 0.5308641975308642,
  "label_per:age_fscore": 0.9124999999999999,
  "label_per:country_of_death_fscore": 0,
  "label_org:shareholders_fscore": 0.20168067226890757,
  "label_per:stateorprovince_of_birth_fscore": 0.5964912280701755,
  "label_org:city_of_headquarters_fscore": 0.5679012345679012,
  "label_per:stateorprovince_of_death_fscore": 0.6818181818181819,
  "label_per:stateorprovinces_of_residence_fscore": 0.4720496894409938,
  "label_org:members_fscore": 0.6363636363636362,
  "label_org:subsidiaries_fscore": 0.0916030534351145,
  "label_per:alternate_names_fscore": 0.2978723404255319,
  "label_org:political/religious_affiliation_fscore": 0.23076923076923075,
  "label_per:religion_fscore": 0.6486486486486486,
  "label_per:city_of_birth_fscore": 0.7671232876712328,
  "label_org:parents_fscore": 0.31620553359683795,
  "label_per:date_of_birth_fscore": 0.8656716417910448,
  "label_per:cities_of_residence_fscore": 0.49723756906077354,
  "label_per:cause_of_death_fscore": 0.7853107344632768,
  "label_org:top_members/employees_fscore": 0.6309859154929577,
  "label_org:country_of_headquarters_fscore": 0.5905707196029778,
  "label_per:charges_fscore": 0.6835443037974683,
  "label_per:schools_attended_fscore": 0.693069306930693,
  "label_org:founded_fscore": 0.7792207792207793,
  "label_per:city_of_death_fscore": 0.71875,
  "label_org:number_of_employees/members_fscore": 0.8518518518518519,
  "label_per:siblings_fscore": 0.4418604651162791,
  "label_org:founded_by_fscore": 0.4666666666666667,
  "label_per:other_family_fscore": 0.2222222222222222,
  "label_per:title_fscore": 0.8030769230769229,
  "loss": 0.7143883879745123
}