{
  "accuracy": 0.8363121086072131,
  "macro_fscore": 0.5449737070380218,
  "micro_fscore": 0.6304716055986449,
  "label_per:countries_of_residence_fscore": 0.43936731107205623,
  "label_per:spouse_fscore": 0.692556634304207,
  "label_per:parents_fscore": 0.5185185185185186,
  "label_org:member_of_fscore": 0.052631578947368425,
  "label_org:alternate_names_fscore": 0.7843665768194069,
  "label_org:stateorprovince_of_headquarters_fscore": 0.6235294117647059,
  "label_per:employee_of_fscore": 0.4,
  "label_per:country_of_birth_fscore": 0.24999999999999997,
  "label_per:date_of_death_fscore": 0.7079207920792078,
  "label_org:website_fscore": 0.908108108108108,
  "label_org:dissolved_fscore": 0.18181818181818182,
  "label_per:origin_fscore": 0.5491183879093198,
  "label_per:children_fscore": 0.5562130177514792,
  "label_per:age_fscore": 0.9105691056910571,
  "label_per:country_of_death_fscore": 0,
  "label_org:shareholders_fscore": 0.08823529411764706,
  "label_per:stateorprovince_of_birth_fscore": 0.6274509803921569,
  "label_org:city_of_headquarters_fscore": 0.6371681415929203,
  "label_per:stateorprovince_of_death_fscore": 0.7096774193548387,
  "label_per:stateorprovinces_of_residence_fscore": 0.48648648648648646,
  "label_org:members_fscore": 0.6206896551724138,
  "label_org:subsidiaries_fscore": 0.1037037037037037,
  "label_per:alternate_names_fscore": 0.38554216867469876,
  "label_org:political/religious_affiliation_fscore": 0.23529411764705882,
  "label_per:religion_fscore": 0.6065573770491803,
  "label_org:parents_fscore": 0.23529411764705885,
  "label_per:city_of_birth_fscore": 0.7536231884057971,
  "label_per:date_of_birth_fscore": 0.8285714285714285,
  "label_per:cities_of_residence_fscore": 0.5060975609756098,
  "label_per:cause_of_death_fscore": 0.7908309455587392,
  "label_org:top_members/employees_fscore": 0.6587807097361238,
  "label_org:country_of_headquarters_fscore": 0.5841584158415842,
  "label_per:charges_fscore": 0.7333333333333333,
  "label_per:schools_attended_fscore": 0.6796116504854369,
  "label_org:founded_fscore": 0.7945205479452055,
  "label_per:city_of_death_fscore": 0.6910569105691057,
  "label_per:siblings_fscore": 0.5753424657534246,
  "label_org:number_of_employees/members_fscore": 0.7272727272727274,
  "label_org:founded_by_fscore": 0.6099290780141844,
  "label_per:other_family_fscore": 0.3025210084033614,
  "label_per:title_fscore": 0.7974549310710499,
  "loss": 0.5930327926163306
}