{
  "em_accuracy": 0.11809593023255814,
  "loss": 2.552472239316896
}