{
  "em_accuracy": 0.1667877906976744,
  "loss": 2.388517316690711
}