{
  "em_accuracy": 0.18895348837209303,
  "loss": 2.3596385578776515
}