{
  "em_accuracy": 0.20130813953488372,
  "loss": 2.389889645022015
}