{"model_count": 10, "em_accuracy_mean": 0.16813226744186047, "em_accuracy_std": 0.025416457250066, "loss_mean": 2.430162332085676, "loss_std": 0.08551523219863484}