{
  "accuracy": 0.8596663395485771,
  "macro_fscore": 0.5112506707469078,
  "micro_fscore": 0.868,
  "loss": 0.8861719553824514
}