{
  "accuracy": 0.8753680078508341,
  "macro_fscore": 0.5478152577961695,
  "micro_fscore": 0.8804780876494023,
  "loss": 0.6977296329423552
}