{
  "accuracy": 0.8655544651619235,
  "macro_fscore": 0.5372792863334966,
  "micro_fscore": 0.8718204488778055,
  "loss": 1.0001961915850188
}