{
  "em_accuracy": 0.050537109375,
  "loss": 3.042976325843483
}