{
  "em_accuracy": 0.0712890625,
  "loss": 2.9384970809333026
}