{
  "em_accuracy": 0.076171875,
  "loss": 3.0344549044966698
}