{
  "em_accuracy": 0.0555419921875,
  "loss": 3.3615161721827462
}