{"model_count": 10, "em_accuracy_mean": 0.8487460100319197, "em_accuracy_std": 0.0025754712715809975, "loss_mean": 1.1401088167320599, "loss_std": 0.003908072020810989}