{
  "em_accuracy": 0.8476972184222527,
  "loss": 1.1440863095630298
}