{
  "em_accuracy": 0.8522571819425444,
  "loss": 1.1356794996695085
}