{
  "em_accuracy": 0.8438212494300046,
  "loss": 1.1437534694238143
}