{
  "em_accuracy": 0.8358413132694938,
  "loss": 1.1205397406491366
}