{
  "em_accuracy": 0.8404012767897857,
  "loss": 1.1055717567964034
}