{
  "em_accuracy": 0.8303693570451436,
  "loss": 1.1215230044451627
}