{
  "em_accuracy": 0.8353853169174646,
  "loss": 1.1172093944116073
}