{
  "em_accuracy": 0.8372093023255814,
  "loss": 1.1153764217550104
}