{
  "em_accuracy": 0.8347013223894209,
  "loss": 1.1146324484998529
}