{
    "model_count": 5,
    "UAS_mean": 0.6485538229376258,
    "UAS_std": 0.0043043608882222025,
    "LAS_mean": 0.5086896378269617,
    "LAS_std": 0.010369926780281967,
    "UEM_mean": 0.0340567612687813,
    "UEM_std": 0.0034618432977174818,
    "LEM_mean": 0.012687813021702838,
    "LEM_std": 0.0009143949207097934,
    "LOAS_mean": 0.6872987927565393,
    "LOAS_std": 0.009080312863856868,
    "LOEM_mean": 0.021368948247078464,
    "LOEM_std": 0.003211249425988539,
    "loss_mean": 6.416364880612022,
    "loss_std": 0.48455136668709664
}