{
  "UAS": 0.6539864185110664,
  "LAS": 0.5230130784708249,
  "UEM": 0.0333889816360601,
  "LEM": 0.01335559265442404,
  "LOAS": 0.7007042253521126,
  "LOEM": 0.02671118530884808,
  "loss": 6.618991952193411
}