{
  "UAS": 0.6506539235412475,
  "LAS": 0.5106262575452716,
  "UEM": 0.03672787979966611,
  "LEM": 0.011686143572621035,
  "LOAS": 0.6910211267605634,
  "LOEM": 0.02003338898163606,
  "loss": 6.334123661643581
}