{
  "UAS": 0.647635814889336,
  "LAS": 0.5088028169014085,
  "UEM": 0.03672787979966611,
  "LEM": 0.01335559265442404,
  "LOAS": 0.6846076458752515,
  "LOEM": 0.02003338898163606,
  "loss": 7.00005955445139
}