{
  "UAS": 0.6905579907593887,
  "LAS": 0.4766022983058879,
  "UEM": 0.072,
  "LEM": 0.015,
  "LOAS": 0.6104726928089089,
  "LOEM": 0.018,
  "loss": 8.289429411292076
}