{
  "UAS": 0.6771709513090866,
  "LAS": 0.46208979978675513,
  "UEM": 0.065,
  "LEM": 0.014,
  "LOAS": 0.5974410614856059,
  "LOEM": 0.016,
  "loss": 8.855841234326363
}