{
  "UAS": 0.6696481459542708,
  "LAS": 0.4683686766970738,
  "UEM": 0.06,
  "LEM": 0.013,
  "LOAS": 0.6104134581210757,
  "LOEM": 0.016,
  "loss": 7.716908499598503
}