{
    "model_count": 5,
    "UAS_mean": 0.6760454922402559,
    "UAS_std": 0.00861798549854593,
    "LAS_mean": 0.46822651344627414,
    "LAS_std": 0.005608965088898812,
    "UEM_mean": 0.063,
    "UEM_std": 0.005656854249492378,
    "LEM_mean": 0.0136,
    "LEM_std": 0.0011401754250991377,
    "LOAS_mean": 0.6056272953441535,
    "LOAS_std": 0.005442568733097367,
    "LOEM_mean": 0.0172,
    "LOEM_std": 0.0017888543819998316,
    "loss_mean": 9.003756222128867,
    "loss_std": 1.688419254839646
}