{
  "em_accuracy": 0.06945298094652735,
  "tp": 4645,
  "fp": 20465,
  "fn": 22550,
  "p": 18.498606133014736,
  "r": 17.080345651774223,
  "f1": 17.7612082974859,
  "Macro_f1": 14.510557436465215,
  "Macro_p": 20.629514917948573,
  "Macro_r": 12.961662339743937,
  "loss": 2.1674647192713086
}