{
  "em_accuracy": 0.06576521204671174,
  "tp": 3777,
  "fp": 19693,
  "fn": 23418,
  "p": 16.092884533446952,
  "r": 13.888582460011031,
  "f1": 14.909700977005821,
  "Macro_f1": 13.404590713711942,
  "Macro_p": 17.966387507801098,
  "Macro_r": 12.047576087600333,
  "loss": 2.217298767375478
}