{
  "em_accuracy": 0.15079941860465115,
  "loss": 2.5386262681595113
}