{
  "em_accuracy": 0.1925872093023256,
  "loss": 2.3102590247642163
}