{
  "em_accuracy": 0.16969476744186046,
  "loss": 2.4918719412282457
}