{"model_count": 10, "em_accuracy_mean": 0.17819767441860465, "em_accuracy_std": 0.027639750157874735, "loss_mean": 2.4016503512859346, "loss_std": 0.11452402558313135}