{
  "accuracy": 0.8341511285574092,
  "macro_fscore": 0.5494270013071008,
  "micro_fscore": 0.8400597907324364,
  "loss": 0.700406529213069
}