{
  "accuracy": 0.8547595682041217,
  "macro_fscore": 0.5520722835510445,
  "micro_fscore": 0.86112493777999,
  "loss": 0.8074014054400322
}