{
  "UAS": 0.802632932222565,
  "LAS": 0.6779800473105009,
  "UEM": 0.141,
  "LEM": 0.029,
  "LOAS": 0.7762007610819706,
  "LOEM": 0.043,
  "loss": 6.264275558292866
}