{
  "UAS": 0.8012958963282938,
  "LAS": 0.675820220096678,
  "UEM": 0.149,
  "LEM": 0.029,
  "LOAS": 0.7761493366244986,
  "LOEM": 0.047,
  "loss": 6.426743909716606
}