{
    "model_count": 5,
    "UAS_mean": 0.666196333815726,
    "UAS_std": 0.009681374171808815,
    "LAS_mean": 0.49175108538350215,
    "LAS_std": 0.004817591112105754,
    "UEM_mean": 0.0696,
    "UEM_std": 0.004979959839195492,
    "LEM_mean": 0.0146,
    "LEM_std": 0.0018165902124584953,
    "LOAS_mean": 0.599155812831645,
    "LOAS_std": 0.0030286711599761635,
    "LOEM_mean": 0.0166,
    "LOEM_std": 0.001816590212458495,
    "loss_mean": 9.457348799705505,
    "loss_std": 0.9609715857801839
}