{
  "UAS": 0.6749276410998553,
  "LAS": 0.4968041485769416,
  "UEM": 0.073,
  "LEM": 0.012,
  "LOAS": 0.5994331886155331,
  "LOEM": 0.014,
  "loss": 11.026739969849586
}