{
  "UAS": 0.6773999035214665,
  "LAS": 0.49511577424023157,
  "UEM": 0.071,
  "LEM": 0.017,
  "LOAS": 0.5991919922817173,
  "LOEM": 0.019,
  "loss": 9.718723401427269
}