{
  "UAS": 0.6543656536420647,
  "LAS": 0.48438253738543174,
  "UEM": 0.061,
  "LEM": 0.015,
  "LOAS": 0.5943680656054028,
  "LOEM": 0.017,
  "loss": 8.695546805858612
}