{
  "UAS": 0.6625663289917993,
  "LAS": 0.4919802219006271,
  "UEM": 0.07,
  "LEM": 0.014,
  "LOAS": 0.6000361794500724,
  "LOEM": 0.016,
  "loss": 8.849123537540436
}