{
  "UAS": 0.7318340650479348,
  "LAS": 0.5489203476391005,
  "UEM": 0.063,
  "LEM": 0.005,
  "LOAS": 0.6400412149448974,
  "LOEM": 0.007,
  "loss": 6.247414320707321
}