{
  "UAS": 0.7493504166293343,
  "LAS": 0.5526386524504973,
  "UEM": 0.074,
  "LEM": 0.008,
  "LOAS": 0.6413851805393782,
  "LOEM": 0.009,
  "loss": 5.408258825540543
}