{
  "accuracy": 0.902418682235196,
  "macro_fscore": 0.5979760296898899,
  "micro_fscore": 0.9036600757257047,
  "loss": 0.42377114395300547
}