{
  "accuracy": 0.8890742285237698,
  "macro_fscore": 0.6541606412250948,
  "micro_fscore": 0.8935810810810811,
  "loss": 0.5050877066018681
}