{
  "accuracy": 0.9107589658048374,
  "macro_fscore": 0.6258113389324997,
  "micro_fscore": 0.9113072719630096,
  "loss": 0.3849345845108231
}