{
  "accuracy": 0.43137254901960786,
  "macro_fscore": 0.3689697288585093,
  "micro_fscore": 0.4218181818181818,
  "label_per:cities_of_residence_fscore": 0.25000000000000006,
  "label_org:shareholders_fscore": 0,
  "label_per:children_fscore": 0.4,
  "label_org:founded_fscore": 0.5333333333333333,
  "label_org:top_members/employees_fscore": 0.588235294117647,
  "label_per:alternate_names_fscore": 0.15384615384615385,
  "label_org:member_of_fscore": 0.16666666666666669,
  "label_per:employee_of_fscore": 0.15384615384615385,
  "label_per:date_of_birth_fscore": 0.7826086956521738,
  "label_per:stateorprovince_of_death_fscore": 0.6666666666666666,
  "label_org:website_fscore": 0.6,
  "label_org:subsidiaries_fscore": 0.5,
  "label_per:city_of_birth_fscore": 0.7058823529411764,
  "label_org:founded_by_fscore": 0.14285714285714285,
  "label_per:country_of_birth_fscore": 0,
  "label_per:siblings_fscore": 0.6666666666666666,
  "label_org:number_of_employees/members_fscore": 0.5714285714285715,
  "label_per:age_fscore": 0.888888888888889,
  "label_per:date_of_death_fscore": 0.6666666666666666,
  "label_per:countries_of_residence_fscore": 0.4444444444444444,
  "label_per:cause_of_death_fscore": 0.5882352941176471,
  "label_org:country_of_headquarters_fscore": 0.15384615384615383,
  "label_per:title_fscore": 0.6666666666666667,
  "label_org:stateorprovince_of_headquarters_fscore": 0.4,
  "label_org:alternate_names_fscore": 0.5333333333333333,
  "label_per:origin_fscore": 0.13333333333333333,
  "label_org:parents_fscore": 0,
  "label_per:religion_fscore": 0,
  "label_org:dissolved_fscore": 0,
  "label_per:city_of_death_fscore": 0.6666666666666666,
  "label_per:other_family_fscore": 0.13333333333333336,
  "label_per:charges_fscore": 0,
  "label_org:members_fscore": 0.1111111111111111,
  "label_org:city_of_headquarters_fscore": 0.4,
  "label_per:schools_attended_fscore": 0.5263157894736842,
  "label_per:stateorprovinces_of_residence_fscore": 0,
  "label_per:spouse_fscore": 0.3333333333333333,
  "label_per:stateorprovince_of_birth_fscore": 0.6666666666666666,
  "label_per:parents_fscore": 0.14285714285714288,
  "label_org:political/religious_affiliation_fscore": 0.4210526315789474,
  "loss": 3.241873063147068
}