{
  "accuracy": 0.32388663967611336,
  "macro_fscore": 0.3364386348182239,
  "micro_fscore": 0.3425774877650897,
  "label_per:employee_of_fscore": 0.20202020202020202,
  "label_per:title_fscore": 0.8235294117647058,
  "label_per:stateorprovinces_of_residence_fscore": 0.06666666666666667,
  "label_org:top_members/employees_fscore": 0.2857142857142857,
  "label_per:origin_fscore": 0.2,
  "label_org:country_of_headquarters_fscore": 0.43478260869565216,
  "label_org:alternate_names_fscore": 0.2608695652173913,
  "label_org:founded_fscore": 0.43478260869565216,
  "label_per:alternate_names_fscore": 0,
  "label_per:country_of_birth_fscore": 0.2727272727272727,
  "label_per:countries_of_residence_fscore": 0.3793103448275862,
  "label_per:spouse_fscore": 0.9333333333333333,
  "label_org:founded_by_fscore": 0.4285714285714285,
  "label_org:city_of_headquarters_fscore": 0.5569620253164557,
  "label_per:cities_of_residence_fscore": 0.13793103448275862,
  "label_org:members_fscore": 0.15384615384615385,
  "label_org:subsidiaries_fscore": 0,
  "label_org:stateorprovince_of_headquarters_fscore": 0.4848484848484849,
  "loss": 2.9088368108195644
}