{
  "accuracy": 0.38461538461538464,
  "macro_fscore": 0.3933659278804726,
  "micro_fscore": 0.4171779141104295,
  "label_per:employee_of_fscore": 0.25,
  "label_per:stateorprovinces_of_residence_fscore": 0.22857142857142856,
  "label_per:title_fscore": 0.7333333333333334,
  "label_org:top_members/employees_fscore": 0.27272727272727276,
  "label_per:origin_fscore": 0.16666666666666666,
  "label_org:country_of_headquarters_fscore": 0.6296296296296297,
  "label_org:alternate_names_fscore": 0.48,
  "label_org:founded_fscore": 0.6086956521739131,
  "label_per:alternate_names_fscore": 0,
  "label_per:country_of_birth_fscore": 0.5185185185185185,
  "label_per:countries_of_residence_fscore": 0.5633802816901409,
  "label_per:spouse_fscore": 0.5454545454545454,
  "label_org:founded_by_fscore": 0.30769230769230765,
  "label_org:city_of_headquarters_fscore": 0.6111111111111112,
  "label_per:cities_of_residence_fscore": 0.3636363636363636,
  "label_org:members_fscore": 0.2222222222222222,
  "label_org:subsidiaries_fscore": 0,
  "label_org:stateorprovince_of_headquarters_fscore": 0.5789473684210527,
  "loss": 4.675350366100188
}