{"model_count": 3, "accuracy_mean": 0.3481781376518219, "accuracy_std": 0.03213463130847682, "macro_fscore_mean": 0.36722962347615734, "macro_fscore_std": 0.02874767360978011, "micro_fscore_mean": 0.3749715102845812, "micro_fscore_std": 0.038255954084333334, "label_per:employee_of_fscore_mean": 0.18771043771043772, "label_per:employee_of_fscore_std": 0.07054153301529734, "label_per:stateorprovinces_of_residence_fscore_mean": 0.19100529100529098, "label_per:stateorprovinces_of_residence_fscore_std": 0.11045535897986322, "label_per:title_fscore_mean": 0.7094304388422036, "label_per:title_fscore_std": 0.12773887309013202, "label_org:top_members/employees_fscore_mean": 0.3264980633401686, "label_org:top_members/employees_fscore_std": 0.08214371800507698, "label_per:origin_fscore_mean": 0.18282828282828284, "label_per:origin_fscore_std": 0.016689607719048805, "label_org:country_of_headquarters_fscore_mean": 0.5214707461084273, "label_org:country_of_headquarters_fscore_std": 0.09918208051634567, "label_org:alternate_names_fscore_mean": 0.36289855072463767, "label_org:alternate_names_fscore_std": 0.11034002553486498, "label_org:founded_fscore_mean": 0.5785953177257526, "label_org:founded_fscore_std": 0.13137471131372813, "label_per:alternate_names_fscore_mean": 0, "label_per:alternate_names_fscore_std": 0.0, "label_per:country_of_birth_fscore_mean": 0.37969062606743764, "label_per:country_of_birth_fscore_std": 0.12595572939118915, "label_per:countries_of_residence_fscore_mean": 0.4570873516963852, "label_per:countries_of_residence_fscore_std": 0.09529062817453532, "label_per:spouse_fscore_mean": 0.7786435786435786, "label_per:spouse_fscore_std": 0.20550934544506705, "label_org:founded_by_fscore_mean": 0.38827838827838823, "label_org:founded_by_fscore_std": 0.06978959297896573, "label_org:city_of_headquarters_fscore_mean": 0.5865408107340716, "label_org:city_of_headquarters_fscore_std": 0.027419784187708296, "label_per:cities_of_residence_fscore_mean": 0.2713557993730407, "label_per:cities_of_residence_fscore_std": 0.11834423448570655, "label_org:members_fscore_mean": 0.17663817663817663, "label_org:members_fscore_std": 0.03947694148305132, "label_org:subsidiaries_fscore_mean": 0, "label_org:subsidiaries_fscore_std": 0.0, "label_org:stateorprovince_of_headquarters_fscore_mean": 0.5114613628545517, "label_org:stateorprovince_of_headquarters_fscore_std": 0.05887791937415547, "loss_mean": 3.6121131771354267, "loss_std": 0.9366543549405522}