{
    "model_count": 5,
    "UAS_mean": 0.6396647370959961,
    "UAS_std": 0.00960984659853911,
    "LAS_mean": 0.4689097925711529,
    "LAS_std": 0.0048140425752651785,
    "UEM_mean": 0.0716,
    "UEM_std": 0.0019493588689617916,
    "LEM_mean": 0.016,
    "LEM_std": 0.0010000000000000009,
    "LOAS_mean": 0.5949710564399421,
    "LOAS_std": 0.004122667341775035,
    "LOEM_mean": 0.0178,
    "LOEM_std": 0.00044721359549995676,
    "loss_mean": 7.233815522491932,
    "loss_std": 1.0425522340601328
}