{
  "UAS": 0.6349493487698987,
  "LAS": 0.4644235407621804,
  "UEM": 0.07,
  "LEM": 0.017,
  "LOAS": 0.5999758803666184,
  "LOEM": 0.018,
  "loss": 5.532853953540325
}