{
  "UAS": 0.8658290750550841,
  "LAS": 0.8044629881393277,
  "UEM": 0.162,
  "LEM": 0.082,
  "LOAS": 0.8982232431672215,
  "LOEM": 0.203,
  "loss": 3.537537135183811
}