{
  "UAS": 0.8631569077867892,
  "LAS": 0.8023065022736862,
  "UEM": 0.153,
  "LEM": 0.079,
  "LOAS": 0.8993014861000422,
  "LOEM": 0.195,
  "loss": 2.6983163129715693
}