{
  "UAS": 0.8654540340349726,
  "LAS": 0.8039941868641882,
  "UEM": 0.157,
  "LEM": 0.081,
  "LOAS": 0.8991139655899864,
  "LOEM": 0.201,
  "loss": 3.5560057759284973
}