{
  "accuracy": 0.905511811023622,
  "macro_fscore": 0.5897875816993464,
  "micro_fscore": 0.9142857142857143,
  "loss": 0.3646528869867325
}