{
  "accuracy": 0.9448818897637795,
  "macro_fscore": 0.6232600732600733,
  "micro_fscore": 0.951219512195122,
  "loss": 0.21133213611028623
}