{
  "accuracy": 0.9212598425196851,
  "macro_fscore": 0.4542848699763593,
  "micro_fscore": 0.9268292682926829,
  "loss": 0.3508215966867283
}