{
  "accuracy": 0.9212598425196851,
  "macro_fscore": 0.60995115995116,
  "micro_fscore": 0.9268292682926829,
  "loss": 0.3978958837687969
}