{
  "em_accuracy": 0.5182081856268128,
  "loss": 1.5056857841531026
}