{
  "em_accuracy": 0.5246535610699323,
  "loss": 1.4865693148878432
}