{
  "em_accuracy": 0.5017724782468579,
  "loss": 1.4822035456441112
}