{
  "em_accuracy": 0.5117628101836932,
  "loss": 1.4766224874663598
}