{
  "em_accuracy": 0.529809861424428,
  "loss": 1.483489976101315
}