{
    "model_count": 5,
    "em_accuracy_mean": 0.467225265871737,
    "em_accuracy_std": 0.007332588391020841,
    "loss_mean": 0.0,
    "loss_std": 0.0
}