{
  "em_accuracy": 0.5104614502722843,
  "loss": 1.5175491819098659
}