{
  "em_accuracy": 0.5247922040699341,
  "loss": 1.4924666511413713
}