{
  "em_accuracy": 0.5156205216394383,
  "loss": 1.5223165559986411
}