{
  "em_accuracy": 0.5302378905130409,
  "loss": 1.4958847450883421
}