{
  "em_accuracy": 0.5093149899684724,
  "loss": 1.5172561284613937
}