{
  "em_accuracy": 0.5113212955001433,
  "loss": 1.5336209998283212
}