{"model_count": 5, "accuracy_mean": 0.8386086956521739, "accuracy_std": 0.008533266382850145, "loss_mean": 0.9176489445070426, "loss_std": 0.20065906945131248}