{
  "accuracy": 0.8356521739130435,
  "loss": 1.1810829175843134
}