{
  "accuracy": 0.8260869565217391,
  "loss": 0.9584861989650462
}