{
  "UAS": 0.276410998552822,
  "LAS": 0.12910033767486734,
  "UEM": 0.011,
  "LEM": 0.005,
  "loss": 3.187456587004283
}