{
  "UAS": 0.2719488663772311,
  "LAS": 0.12409551374819103,
  "UEM": 0.014,
  "LEM": 0.007,
  "loss": 3.2388844281908065
}