{
  "em_accuracy": 0.18931686046511628,
  "loss": 2.4348898335944775
}