{
  "em_accuracy": 0.1726017441860465,
  "loss": 2.4237459087094595
}