{
  "em_accuracy": 0.1667877906976744,
  "loss": 2.5147620453390966
}