{
  "em_accuracy": 0.1842296511627907,
  "loss": 2.3786108168058617
}