{
  "em_accuracy": 0.14353197674418605,
  "loss": 2.5965985960738602
}