{
  "em_accuracy": 0.19912790697674418,
  "loss": 2.3309462590273036
}