{
    "model_count": 5,
    "UAS_mean": 0.2898736588153133,
    "UAS_std": 0.007248542973220436,
    "LAS_mean": 0.20529490191098979,
    "LAS_std": 0.005950559577786026,
    "UEM_mean": 0.005025125628140704,
    "UEM_std": 0.0016750418760469012,
    "LEM_mean": 0.0016750418760469012,
    "LEM_std": 0.0,
    "loss_mean": 2.6848981625155397,
    "loss_std": 0.03192366784446262
}