{
  "UAS": 0.2903307726493556,
  "LAS": 0.20728842613167417,
  "UEM": 0.006700167504187605,
  "LEM": 0.0016750418760469012,
  "loss": 2.638399186887239
}