{
  "UAS": 0.2882991556091677,
  "LAS": 0.20386007237635706,
  "UEM": 0.005025125628140704,
  "LEM": 0.0016750418760469012,
  "loss": 2.72158472161544
}