{
  "UAS": 0.28652149069900323,
  "LAS": 0.20151101517363976,
  "UEM": 0.0033500837520938024,
  "LEM": 0.0016750418760469012,
  "loss": 2.7040474948130155
}