{
  "UAS": 0.3017586185004127,
  "LAS": 0.21452606183734366,
  "UEM": 0.006700167504187605,
  "LEM": 0.0016750418760469012,
  "loss": 2.671337629619398
}