{
  "accuracy": 0.8687782805429864,
  "macro_fscore": 0.7424682948896945,
  "micro_fscore": 0.8666666666666667,
  "loss": 0.5706431109990392
}