{
  "accuracy": 0.8506787330316742,
  "macro_fscore": 0.6210770070188353,
  "micro_fscore": 0.851063829787234,
  "loss": 0.7718269920774868
}