{
  "accuracy": 0.8642533936651584,
  "macro_fscore": 0.6743856769373164,
  "micro_fscore": 0.8598574821852731,
  "loss": 0.5085592951093402
}