{
  "accuracy": 0.8642533936651584,
  "macro_fscore": 0.6971596622725871,
  "micro_fscore": 0.8598574821852731,
  "loss": 0.7616892286709377
}