{
  "accuracy": 0.81,
  "macro_fscore": 0.8487912087912087,
  "micro_fscore": 0.792079207920792,
  "label_has-type_fscore": 0.7692307692307692,
  "label_has-genre_fscore": 0.8571428571428571,
  "label_has-occupation_fscore": 0.92,
  "loss": 0.8164201837319595
}