{
  "accuracy": 0.86,
  "macro_fscore": 0.8848083177883006,
  "micro_fscore": 0.8421052631578949,
  "label_has-type_fscore": 0.8541666666666666,
  "label_has-genre_fscore": 0.8695652173913043,
  "label_has-occupation_fscore": 0.9306930693069307,
  "loss": 0.702396789422402
}