{
  "UAS": 0.5958286121952243,
  "LAS": 0.41781023123085315,
  "UEM": 0.018,
  "LEM": 0.002,
  "LOAS": 0.5873935121070964,
  "LOEM": 0.003,
  "loss": 9.966819405555725
}