{
  "UAS": 0.569725964161316,
  "LAS": 0.4039615594443745,
  "UEM": 0.02,
  "LEM": 0.002,
  "LOAS": 0.5844559150614798,
  "LOEM": 0.004,
  "loss": 10.962042599916458
}