{
  "em_accuracy": 0.17914244186046513,
  "loss": 2.4008205574612287
}