{
  "em_accuracy": 0.15661337209302326,
  "loss": 2.4784313440322876
}