{
  "em_accuracy": 0.17659883720930233,
  "loss": 2.4300721211488856
}