{
  "em_accuracy": 0.1980377906976744,
  "loss": 2.305823353140853
}