{
  "em_accuracy": 0.21584302325581395,
  "loss": 2.2477175142875936
}