{"model_count": 10, "em_accuracy_mean": 0.1860828488372093, "em_accuracy_std": 0.015132701477956347, "loss_mean": 2.3799439857865488, "loss_std": 0.06649428442300291}