{
    "model_count": 5,
    "UAS_mean": 0.5798836375229138,
    "UAS_std": 0.03534713535727922,
    "LAS_mean": 0.5587391408304774,
    "LAS_std": 0.034054896703346785,
    "UEM_mean": 0.25999037072701014,
    "UEM_std": 0.01028125012232191,
    "LEM_mean": 0.24265767934520943,
    "LEM_std": 0.00914780934039479,
    "LOAS_mean": 0.7784490316410297,
    "LOAS_std": 0.01599785789364929,
    "LOEM_mean": 0.2772267693789119,
    "LOEM_std": 0.015397053947552303,
    "loss_mean": 9.721900248679084,
    "loss_std": 0.9439595509411693
}