{
  "UAS": 0.5893042161472862,
  "LAS": 0.5683031800430381,
  "UEM": 0.261916225324988,
  "LEM": 0.24410207029369282,
  "LOAS": 0.7796285964772456,
  "LOEM": 0.2691381800674049,
  "loss": 10.104688397049904
}