{
  "UAS": 0.5804176297122818,
  "LAS": 0.5590579421375628,
  "UEM": 0.2513240250361098,
  "LEM": 0.23447279730380358,
  "LOAS": 0.7820594564437714,
  "LOEM": 0.2826191622532499,
  "loss": 10.078818266380278
}