{
  "UAS": 0.5283733163305969,
  "LAS": 0.5085279349645333,
  "UEM": 0.2513240250361098,
  "LEM": 0.23639865190178141,
  "LOAS": 0.7530086873356181,
  "LOEM": 0.2561386615310544,
  "loss": 10.87590869018863
}