{
    "model_count": 5,
    "UAS_mean": 0.8430454760166617,
    "UAS_std": 0.004377283550830613,
    "LAS_mean": 0.7718211877871775,
    "LAS_std": 0.004255699412522699,
    "UEM_mean": 0.181,
    "UEM_std": 0.005522680508593635,
    "LEM_mean": 0.0762,
    "LEM_std": 0.005974947698515863,
    "LOAS_mean": 0.8549920556533688,
    "LOAS_std": 0.0016822796962696132,
    "LOEM_mean": 0.1236,
    "LOEM_std": 0.007162401831787995,
    "loss_mean": 4.5202753343752455,
    "loss_std": 0.5492251800616242
}