{
  "UAS": 0.8439043243011122,
  "LAS": 0.7746382101601752,
  "UEM": 0.183,
  "LEM": 0.082,
  "LOAS": 0.8567011637394254,
  "LOEM": 0.133,
  "loss": 4.896416440606117
}