{
  "UAS": 0.8452355391420106,
  "LAS": 0.7736505346330571,
  "UEM": 0.188,
  "LEM": 0.081,
  "LOAS": 0.8546828702709667,
  "LOEM": 0.124,
  "loss": 4.328688193112612
}