{
    "model_count": 5,
    "UAS_mean": 0.7948884089272858,
    "UAS_std": 0.010253900134133624,
    "LAS_mean": 0.680643834207549,
    "LAS_std": 0.010016911449711107,
    "UEM_mean": 0.14579999999999999,
    "UEM_std": 0.008814760348415603,
    "LEM_mean": 0.0406,
    "LEM_std": 0.0047749345545253265,
    "LOAS_mean": 0.7868353388871747,
    "LOAS_std": 0.010807422023081607,
    "LOEM_mean": 0.06280000000000001,
    "LOEM_std": 0.007726577508832744,
    "loss_mean": 5.761877666413784,
    "loss_std": 1.0211860589721593
}