{
  "UAS": 0.78921114882238,
  "LAS": 0.6837910110048339,
  "UEM": 0.145,
  "LEM": 0.043,
  "LOAS": 0.7914224004936747,
  "LOEM": 0.067,
  "loss": 5.687479563057423
}