{
  "UAS": 0.8055127018409955,
  "LAS": 0.6924817443175975,
  "UEM": 0.15,
  "LEM": 0.043,
  "LOAS": 0.796873392985704,
  "LOEM": 0.065,
  "loss": 4.022893138229847
}