{
    "model_count": 5,
    "em_accuracy_mean": 0.3989108627113786,
    "em_accuracy_std": 0.004155424408011329,
    "loss_mean": 0.0,
    "loss_std": 0.0
}