{
  "UAS": 0.7670785525154458,
  "LAS": 0.5823477493380406,
  "UEM": 0.078,
  "LEM": 0.014,
  "LOAS": 0.6748455428067078,
  "LOEM": 0.018,
  "loss": 5.757528603076935
}