{
  "UAS": 0.7457193292144748,
  "LAS": 0.5706090026478376,
  "UEM": 0.068,
  "LEM": 0.01,
  "LOAS": 0.6697263901147397,
  "LOEM": 0.014,
  "loss": 4.636660724878311
}