{
  "UAS": 0.7518093556928508,
  "LAS": 0.577405119152692,
  "UEM": 0.07,
  "LEM": 0.01,
  "LOAS": 0.6736981465136805,
  "LOEM": 0.014,
  "loss": 5.73850804567337
}