{
    "model_count": 4,
    "UAS_mean": 0.7557811120917917,
    "UAS_std": 0.009167564573357302,
    "LAS_mean": 0.5774713150926744,
    "LAS_std": 0.0050028769461921245,
    "UEM_mean": 0.07250000000000001,
    "UEM_std": 0.004434711565216687,
    "LEM_mean": 0.0105,
    "LEM_std": 0.0025166114784235835,
    "LOAS_mean": 0.6732568402471315,
    "LOAS_std": 0.0024106796617383206,
    "LOEM_mean": 0.014,
    "LOEM_std": 0.0032659863237109034,
    "loss_mean": 5.446760386228561,
    "loss_std": 0.5419243706561063
}