{
  "accuracy": 0.8375959079283888,
  "macro_fscore": 0.6771465356728855,
  "micro_fscore": 0.8387096774193549,
  "loss": 0.8960126594317203
}