{
  "accuracy": 0.8337595907928389,
  "macro_fscore": 0.5953808509113168,
  "micro_fscore": 0.8348387096774194,
  "loss": 1.1372105514972795
}