{
  "accuracy": 0.829923273657289,
  "macro_fscore": 0.6382590013438011,
  "micro_fscore": 0.8309677419354838,
  "loss": 1.1928328385538594
}