{
  "accuracy": 0.7658402203856749,
  "macro_fscore": 0.7966607329101898,
  "micro_fscore": 0.7640449438202248,
  "loss": 1.0605591992321222
}