{
  "accuracy": 0.7575757575757576,
  "macro_fscore": 0.8092138710919983,
  "micro_fscore": 0.7549295774647887,
  "loss": 0.9460069057734116
}