{
  "accuracy": 0.7520661157024794,
  "macro_fscore": 0.7715877911175973,
  "micro_fscore": 0.7503526093088859,
  "loss": 0.9517660646334939
}