{
  "UAS": 0.5478003763103665,
  "LAS": 0.40014335633007797,
  "UEM": 0.019,
  "LEM": 0.002,
  "LOAS": 0.5599856643669922,
  "LOEM": 0.002,
  "loss": 7.493721560826377
}