{
  "UAS": 0.5647791416539737,
  "LAS": 0.41725651823313326,
  "UEM": 0.024,
  "LEM": 0.001,
  "LOAS": 0.5732013260460532,
  "LOEM": 0.002,
  "loss": 6.578771263360977
}