{
  "UAS": 0.518457127497536,
  "LAS": 0.3773855389302034,
  "UEM": 0.018,
  "LEM": 0.004,
  "LOAS": 0.5396917838903325,
  "LOEM": 0.004,
  "loss": 6.970831215381622
}