{
  "UAS": 0.5313591972045516,
  "LAS": 0.37523519397903415,
  "UEM": 0.02,
  "LEM": 0.002,
  "LOAS": 0.5377206343517605,
  "LOEM": 0.002,
  "loss": 6.011964187026024
}