{
    "model_count": 4,
    "em_accuracy_mean": 0.24210337401292176,
    "em_accuracy_std": 0.014774687892349423,
    "loss_mean": 0.0,
    "loss_std": 0.0
}