{"model_count": 10, "em_accuracy_mean": 0.5445113212955002, "em_accuracy_std": 0.008969215195837288, "loss_mean": 1.5797945681772276, "loss_std": 0.021966755185553997}