{
  "em_accuracy": 0.5494411006018917,
  "loss": 1.562681204652133
}