{
  "em_accuracy": 0.5362568071080539,
  "loss": 1.5943669064404213
}