{
  "em_accuracy": 0.5451418744625968,
  "loss": 1.5862602860960242
}