{
  "em_accuracy": 0.5371166523359129,
  "loss": 1.6159244726781976
}