{
  "em_accuracy": 0.5353969618801949,
  "loss": 1.5968163258408847
}