{
    "model_count": 5,
    "UAS_mean": 0.7585176617994314,
    "UAS_std": 0.008329214059253125,
    "LAS_mean": 0.6146884487494578,
    "LAS_std": 0.006332287299558762,
    "UEM_mean": 0.0952,
    "UEM_std": 0.0034928498393145993,
    "LEM_mean": 0.024,
    "LEM_std": 0.0012247448713915902,
    "LOAS_mean": 0.7243602717941304,
    "LOAS_std": 0.0043938485577908115,
    "LOEM_mean": 0.034800000000000005,
    "LOEM_std": 0.0021679483388678793,
    "loss_mean": 6.074146017574129,
    "loss_std": 0.867956166359488
}