{
  "UAS": 0.7630475639728206,
  "LAS": 0.6191508842947328,
  "UEM": 0.097,
  "LEM": 0.025,
  "LOAS": 0.7250734904341959,
  "LOEM": 0.035,
  "loss": 5.80524544488816
}