{
  "UAS": 0.7511927136041636,
  "LAS": 0.6083562237964435,
  "UEM": 0.091,
  "LEM": 0.024,
  "LOAS": 0.7195797792877452,
  "LOEM": 0.035,
  "loss": 7.188881486654282
}