{
  "em_accuracy": 0.12354651162790697,
  "loss": 2.498352891483972
}