{
  "em_accuracy": 0.12463662790697674,
  "loss": 2.465836295554804
}