{
  "em_accuracy": 0.12281976744186046,
  "loss": 2.4614555877308515
}