{
  "em_accuracy": 0.1257267441860465,
  "loss": 2.493374629076137
}