{
    "model_count": 10,
    "em_accuracy_mean": 0.13477470930232557,
    "em_accuracy_std": 0.01753451816297356,
    "loss_mean": 2.442965560735658,
    "loss_std": 0.07021028162076078
}