{
  "em_accuracy": 0.20748546511627908,
  "loss": 2.3945996879145155
}