{
  "em_accuracy": 0.2336482558139535,
  "loss": 2.2713823415512264
}