{
  "em_accuracy": 0.23800872093023256,
  "loss": 2.2803747009399324
}