{
  "em_accuracy": 0.20857558139534885,
  "loss": 2.369066645932752
}