{
  "em_accuracy": 0.2082122093023256,
  "loss": 2.3718157729437186
}