{
  "em_accuracy": 0.24164244186046513,
  "loss": 2.3092215636441873
}