{
  "em_accuracy": 0.18786337209302326,
  "loss": 2.3746989286223124
}