{"model_count": 10, "em_accuracy_mean": 0.2107921511627907, "em_accuracy_std": 0.020510737275824358, "loss_mean": 2.355252836748611, "loss_std": 0.05316501361086771}