{
  "accuracy": 0.9630642954856361,
  "macro_fscore": 0.9414147636776475,
  "micro_fscore": 0.96875,
  "loss": 0.14352684550027808
}