{
  "accuracy": 0.9685362517099864,
  "macro_fscore": 0.9500171814526601,
  "micro_fscore": 0.973049645390071,
  "loss": 0.14571300662077113
}