{
  "accuracy": 0.9671682626538988,
  "macro_fscore": 0.9564591684031534,
  "micro_fscore": 0.9716312056737588,
  "loss": 0.13976816529833266
}