{
  "UAS": 0.9030047023192795,
  "LAS": 0.8004303817645653,
  "UEM": 0.6441983630235917,
  "LEM": 0.3177660086663457,
  "LOAS": 0.8537499003745915,
  "LOEM": 0.33172845450168514,
  "loss": 2.2236781444678506
}