{
  "UAS": 0.8960309237267873,
  "LAS": 0.7912648441858612,
  "UEM": 0.6249398170438132,
  "LEM": 0.3013962445835339,
  "LOAS": 0.8477325257033553,
  "LOEM": 0.31680308136735674,
  "loss": 3.047348074241463
}