{
  "UAS": 0.8991790866342552,
  "LAS": 0.793815254642544,
  "UEM": 0.6417910447761194,
  "LEM": 0.30621088107847855,
  "LOAS": 0.847652825376584,
  "LOEM": 0.31969186326432353,
  "loss": 3.1152067777281793
}