{
  "UAS": 0.9011715948035387,
  "LAS": 0.7950107595441142,
  "UEM": 0.6422725084256139,
  "LEM": 0.30380356283100624,
  "LOAS": 0.8492468319120109,
  "LOEM": 0.3216177178623014,
  "loss": 2.6689640444058638
}