{"model_count": 10, "em_accuracy_mean": 0.5487818859271998, "em_accuracy_std": 0.012149572163204217, "loss_mean": 1.597154608681866, "loss_std": 0.02059624813380348}