{
  "em_accuracy": 0.5442820292347378,
  "loss": 1.6013115932952324
}