{
  "em_accuracy": 0.5537403267411866,
  "loss": 1.5928077330328014
}