{
  "em_accuracy": 0.5216394382344511,
  "loss": 1.6339067645268897
}