{
  "em_accuracy": 0.5669246202350243,
  "loss": 1.5585650532212976
}