{
    "model_count": 5,
    "UAS_mean": 0.8466268733628204,
    "UAS_std": 0.0030308036795100328,
    "LAS_mean": 0.7783054923347791,
    "LAS_std": 0.004067261015217223,
    "UEM_mean": 0.1896,
    "UEM_std": 0.004449719092257402,
    "LEM_mean": 0.079,
    "LEM_std": 0.004636809247747856,
    "LOAS_mean": 0.8595095976295787,
    "LOAS_std": 0.00400270755558849,
    "LOEM_mean": 0.1376,
    "LOEM_std": 0.004393176527297751,
    "loss_mean": 4.864659451031023,
    "loss_std": 0.4653105614814045
}