{
  "UAS": 0.8434319577446644,
  "LAS": 0.7744664405032851,
  "UEM": 0.188,
  "LEM": 0.08,
  "LOAS": 0.8555846609696397,
  "LOEM": 0.135,
  "loss": 4.809526890516281
}