{
  "UAS": 0.8487568171082578,
  "LAS": 0.777300639841972,
  "UEM": 0.191,
  "LEM": 0.076,
  "LOAS": 0.856829990982093,
  "LOEM": 0.134,
  "loss": 5.182239979505539
}