{
  "accuracy": 0.8333333333333334,
  "macro_fscore": 0.46589547038327533,
  "micro_fscore": 0.8399999999999999,
  "loss": 0.7397490926086903
}