{
  "accuracy": 0.8148148148148148,
  "macro_fscore": 0.456562137049942,
  "micro_fscore": 0.8080808080808082,
  "loss": 0.8193851187825203
}