{
    "model_count": 5,
    "UAS_mean": 0.4225859247135843,
    "UAS_std": 0.22936024012211353,
    "LAS_mean": 0.31233371102438207,
    "LAS_std": 0.17283935514785134,
    "UEM_mean": 0.0058000000000000005,
    "UEM_std": 0.0037682887362833544,
    "LEM_mean": 0.0016,
    "LEM_std": 0.001140175425099138,
    "LOAS_mean": 0.4760837634814722,
    "LOAS_std": 0.21741190489289372,
    "LOEM_mean": 0.002,
    "LOEM_std": 0.001414213562373095,
    "loss_mean": 10.34078716635704,
    "loss_std": 2.6255335515287066
}