{
  "UAS": 0.013009358344873894,
  "LAS": 0.0033992194384993074,
  "UEM": 0.0,
  "LEM": 0.0,
  "LOAS": 0.08758235763145747,
  "LOEM": 0.0,
  "loss": 6.070033773779869
}