{
  "UAS": 0.5420286205883588,
  "LAS": 0.38692349657979774,
  "UEM": 0.008,
  "LEM": 0.001,
  "LOAS": 0.5565907088002015,
  "LOEM": 0.001,
  "loss": 9.913381442427635
}