{
  "accuracy": 0.8506787330316742,
  "macro_fscore": 0.6979804445166977,
  "micro_fscore": 0.8476190476190476,
  "loss": 0.5408484563231468
}