{
  "accuracy": 0.8597285067873304,
  "macro_fscore": 0.74369937709164,
  "micro_fscore": 0.8633093525179856,
  "loss": 0.6161532263670649
}