{
  "accuracy": 0.8506787330316742,
  "macro_fscore": 0.6944133774654684,
  "micro_fscore": 0.8496420047732698,
  "loss": 0.8853800844268075
}