{
  "accuracy": 0.7162534435261708,
  "macro_fscore": 0.7737226047543516,
  "micro_fscore": 0.7136812411847674,
  "loss": 1.2444520955500395
}