{
  "accuracy": 0.8521241830065359,
  "macro_fscore": 0.8586570811072002,
  "micro_fscore": 0.8584865327062847,
  "label_has-author_fscore": 0.9696969696969697,
  "label_has-spouse_fscore": 0.9438202247191011,
  "label_invented-when_fscore": 0.9803921568627451,
  "label_from-country_fscore": 0.5822784810126582,
  "label_has-edu_fscore": 0.8351648351648351,
  "label_won-award_fscore": 0.8775510204081632,
  "label_event-year_fscore": 0.9411764705882352,
  "label_has-sibling_fscore": 0.8865979381443299,
  "label_org-has-member_fscore": 0.975609756097561,
  "label_headquarters_fscore": 0.967741935483871,
  "label_has-tourist-attraction_fscore": 0.9473684210526316,
  "label_has-nationality_fscore": 0.2711864406779661,
  "label_has-highest-mountain_fscore": 0.98989898989899,
  "label_has-genre_fscore": 0.9130434782608695,
  "label_invented-by_fscore": 0.9607843137254902,
  "label_is-member-of_fscore": 0.9213483146067415,
  "label_first-product_fscore": 0.9038461538461539,
  "label_has-parent_fscore": 0.9041095890410958,
  "label_birth-place_fscore": 0.4857142857142857,
  "label_movie-has-director_fscore": 0.9795918367346939,
  "label_org-has-founder_fscore": 0.7999999999999999,
  "label_has-occupation_fscore": 0.8971962616822429,
  "label_is-where_fscore": 0.9024390243902439,
  "label_has-child_fscore": 0.8571428571428571,
  "label_has-type_fscore": 0.7727272727272727,
  "loss": 0.5842487134716727
}