{
  "accuracy": 0.8627450980392157,
  "macro_fscore": 0.8671259081837829,
  "micro_fscore": 0.870707927087749,
  "label_has-spouse_fscore": 0.9263157894736843,
  "label_has-author_fscore": 0.968421052631579,
  "label_invented-when_fscore": 0.9433962264150945,
  "label_from-country_fscore": 0.5962732919254659,
  "label_has-edu_fscore": 0.8571428571428571,
  "label_event-year_fscore": 0.896551724137931,
  "label_won-award_fscore": 0.9361702127659575,
  "label_has-sibling_fscore": 0.9263157894736842,
  "label_org-has-member_fscore": 0.9876543209876543,
  "label_headquarters_fscore": 0.9583333333333334,
  "label_has-tourist-attraction_fscore": 0.9504950495049506,
  "label_has-nationality_fscore": 0.18867924528301885,
  "label_has-highest-mountain_fscore": 0.98989898989899,
  "label_has-genre_fscore": 0.9473684210526315,
  "label_invented-by_fscore": 0.96,
  "label_is-member-of_fscore": 0.9213483146067415,
  "label_first-product_fscore": 0.8648648648648649,
  "label_has-parent_fscore": 0.9041095890410958,
  "label_birth-place_fscore": 0.5526315789473685,
  "label_movie-has-director_fscore": 0.9494949494949495,
  "label_org-has-founder_fscore": 0.896551724137931,
  "label_has-occupation_fscore": 0.9038461538461539,
  "label_is-where_fscore": 0.9024390243902439,
  "label_has-child_fscore": 0.9263157894736843,
  "label_has-type_fscore": 0.8235294117647058,
  "loss": 0.6130080019885843
}