{
  "accuracy": 0.8513071895424836,
  "macro_fscore": 0.8574061428445148,
  "micro_fscore": 0.8573861217539379,
  "label_has-author_fscore": 0.968421052631579,
  "label_has-spouse_fscore": 0.9111111111111111,
  "label_invented-when_fscore": 0.9615384615384615,
  "label_from-country_fscore": 0.5620915032679739,
  "label_has-edu_fscore": 0.8666666666666666,
  "label_event-year_fscore": 0.9285714285714285,
  "label_won-award_fscore": 0.9148936170212766,
  "label_has-sibling_fscore": 0.9166666666666666,
  "label_org-has-member_fscore": 0.975609756097561,
  "label_headquarters_fscore": 0.968421052631579,
  "label_has-tourist-attraction_fscore": 0.9494949494949495,
  "label_has-nationality_fscore": 0.25396825396825395,
  "label_has-highest-mountain_fscore": 0.98989898989899,
  "label_has-genre_fscore": 0.9361702127659574,
  "label_invented-by_fscore": 0.9484536082474228,
  "label_is-member-of_fscore": 0.9213483146067415,
  "label_has-parent_fscore": 0.8656716417910448,
  "label_first-product_fscore": 0.882882882882883,
  "label_birth-place_fscore": 0.4927536231884058,
  "label_movie-has-director_fscore": 0.9591836734693877,
  "label_org-has-founder_fscore": 0.7999999999999999,
  "label_has-occupation_fscore": 0.888888888888889,
  "label_is-where_fscore": 0.9213483146067417,
  "label_has-child_fscore": 0.8653846153846154,
  "label_has-type_fscore": 0.7857142857142857,
  "loss": 0.6767661238161774
}