{
  "UAS": 0.30920307188719626,
  "LAS": 0.2041210289982794,
  "UEM": 0.001,
  "LEM": 0.001,
  "loss": 3.425812240630861
}