{
  "UAS": 0.314784506273868,
  "LAS": 0.20642914096269252,
  "UEM": 0.001,
  "LEM": 0.001,
  "loss": 3.312536126091367
}