{
  "UAS": 0.31134332116328844,
  "LAS": 0.20365940660539678,
  "UEM": 0.0,
  "LEM": 0.0,
  "loss": 3.4313342684791204
}