{
  "UAS": 0.3125183599815351,
  "LAS": 0.20302992152419322,
  "UEM": 0.001,
  "LEM": 0.001,
  "loss": 3.3753926791842024
}