{
  "accuracy": 0.8437628559674544,
  "macro_fscore": 0.5460740456981507,
  "micro_fscore": 0.6382277554009521,
  "label_per:employee_of_fscore": 0.3906020558002938,
  "label_org:political/religious_affiliation_fscore": 0.25,
  "label_per:parents_fscore": 0.537037037037037,
  "label_org:city_of_headquarters_fscore": 0.5826771653543307,
  "label_per:country_of_birth_fscore": 0.3448275862068966,
  "label_org:alternate_names_fscore": 0.826470588235294,
  "label_org:subsidiaries_fscore": 0.17721518987341772,
  "label_org:website_fscore": 0.9130434782608695,
  "label_org:member_of_fscore": 0,
  "label_org:country_of_headquarters_fscore": 0.5679611650485437,
  "label_org:members_fscore": 0.6153846153846153,
  "label_org:founded_fscore": 0.7945205479452055,
  "label_per:city_of_birth_fscore": 0.6923076923076923,
  "label_per:religion_fscore": 0.6271186440677965,
  "label_org:dissolved_fscore": 0.36363636363636365,
  "label_per:title_fscore": 0.8237769594950026,
  "label_per:country_of_death_fscore": 0,
  "label_per:alternate_names_fscore": 0.1935483870967742,
  "label_org:shareholders_fscore": 0.21568627450980393,
  "label_per:spouse_fscore": 0.7295597484276729,
  "label_per:cities_of_residence_fscore": 0.47852760736196326,
  "label_per:countries_of_residence_fscore": 0.42955326460481097,
  "label_per:charges_fscore": 0.711340206185567,
  "label_org:number_of_employees/members_fscore": 0.6075949367088607,
  "label_per:cause_of_death_fscore": 0.7706422018348622,
  "label_per:other_family_fscore": 0.3007518796992481,
  "label_org:top_members/employees_fscore": 0.6599078341013825,
  "label_per:schools_attended_fscore": 0.686868686868687,
  "label_per:city_of_death_fscore": 0.6899224806201552,
  "label_per:date_of_death_fscore": 0.6595744680851063,
  "label_per:siblings_fscore": 0.6451612903225807,
  "label_org:founded_by_fscore": 0.5538461538461538,
  "label_per:stateorprovinces_of_residence_fscore": 0.4968152866242038,
  "label_per:age_fscore": 0.9094567404426559,
  "label_org:parents_fscore": 0.22707423580786024,
  "label_per:stateorprovince_of_death_fscore": 0.6736842105263158,
  "label_per:origin_fscore": 0.545945945945946,
  "label_org:stateorprovince_of_headquarters_fscore": 0.6378378378378379,
  "label_per:children_fscore": 0.5730994152046783,
  "label_per:date_of_birth_fscore": 0.8923076923076922,
  "label_per:stateorprovince_of_birth_fscore": 0.5937499999999999,
  "loss": 0.8075138708120622
}