{
  "accuracy": 0.8279928692233853,
  "macro_fscore": 0.5304418954634362,
  "micro_fscore": 0.6297177830669841,
  "label_per:employee_of_fscore": 0.424,
  "label_org:political/religious_affiliation_fscore": 0.27906976744186046,
  "label_per:parents_fscore": 0.4275862068965518,
  "label_org:city_of_headquarters_fscore": 0.5900383141762453,
  "label_per:country_of_birth_fscore": 0.24999999999999997,
  "label_org:alternate_names_fscore": 0.783289817232376,
  "label_org:website_fscore": 0.9239130434782609,
  "label_org:subsidiaries_fscore": 0.20253164556962025,
  "label_org:member_of_fscore": 0,
  "label_org:country_of_headquarters_fscore": 0.5875251509054326,
  "label_org:founded_fscore": 0.7948717948717949,
  "label_per:city_of_birth_fscore": 0.7164179104477613,
  "label_per:religion_fscore": 0.5490196078431373,
  "label_org:dissolved_fscore": 0.28571428571428575,
  "label_per:title_fscore": 0.7917917917917917,
  "label_per:country_of_death_fscore": 0,
  "label_per:alternate_names_fscore": 0.3,
  "label_org:shareholders_fscore": 0.19178082191780824,
  "label_per:date_of_birth_fscore": 0.8405797101449276,
  "label_per:spouse_fscore": 0.7102272727272727,
  "label_per:cities_of_residence_fscore": 0.5194174757281553,
  "label_per:countries_of_residence_fscore": 0.4288747346072187,
  "label_per:charges_fscore": 0.7547169811320754,
  "label_org:number_of_employees/members_fscore": 0.8064516129032259,
  "label_per:cause_of_death_fscore": 0.7912087912087912,
  "label_per:other_family_fscore": 0.06976744186046513,
  "label_org:top_members/employees_fscore": 0.6174981923355025,
  "label_per:schools_attended_fscore": 0.7311827956989247,
  "label_per:city_of_death_fscore": 0.7250996015936255,
  "label_per:date_of_death_fscore": 0.7228915662650603,
  "label_per:siblings_fscore": 0.40625,
  "label_org:founded_by_fscore": 0.5503355704697986,
  "label_per:stateorprovinces_of_residence_fscore": 0.5027932960893855,
  "label_per:age_fscore": 0.892,
  "label_org:parents_fscore": 0.30204081632653057,
  "label_per:origin_fscore": 0.553846153846154,
  "label_per:stateorprovince_of_death_fscore": 0.5945945945945946,
  "label_org:stateorprovince_of_headquarters_fscore": 0.5769230769230769,
  "label_per:children_fscore": 0.4720496894409938,
  "label_org:members_fscore": 0.5,
  "label_per:stateorprovince_of_birth_fscore": 0.5818181818181819,
  "loss": 0.5442933007654032
}