{
  "accuracy": 0.8470996937422864,
  "macro_fscore": 0.5237161051893072,
  "micro_fscore": 0.6405899925317402,
  "label_per:employee_of_fscore": 0.3836477987421384,
  "label_org:political/religious_affiliation_fscore": 0.23529411764705882,
  "label_per:parents_fscore": 0.46,
  "label_org:city_of_headquarters_fscore": 0.5800865800865801,
  "label_per:country_of_birth_fscore": 0.2608695652173913,
  "label_org:alternate_names_fscore": 0.7872,
  "label_org:website_fscore": 0.9340659340659341,
  "label_org:subsidiaries_fscore": 0.2079207920792079,
  "label_org:member_of_fscore": 0,
  "label_org:country_of_headquarters_fscore": 0.6010362694300518,
  "label_org:members_fscore": 0.5522388059701492,
  "label_org:founded_fscore": 0.7945205479452055,
  "label_per:city_of_birth_fscore": 0.7,
  "label_per:religion_fscore": 0.6000000000000001,
  "label_org:dissolved_fscore": 0,
  "label_per:title_fscore": 0.8268625393494229,
  "label_per:country_of_death_fscore": 0,
  "label_per:alternate_names_fscore": 0.4175824175824176,
  "label_org:shareholders_fscore": 0,
  "label_per:spouse_fscore": 0.7284345047923323,
  "label_per:cities_of_residence_fscore": 0.49582172701949856,
  "label_per:countries_of_residence_fscore": 0.4379232505643341,
  "label_per:charges_fscore": 0.7363636363636363,
  "label_org:number_of_employees/members_fscore": 0.761904761904762,
  "label_per:cause_of_death_fscore": 0.7701863354037268,
  "label_per:other_family_fscore": 0.16363636363636364,
  "label_org:top_members/employees_fscore": 0.6324110671936759,
  "label_per:schools_attended_fscore": 0.6857142857142857,
  "label_per:city_of_death_fscore": 0.7372881355932203,
  "label_per:date_of_death_fscore": 0.7390180878552971,
  "label_per:siblings_fscore": 0.46,
  "label_org:founded_by_fscore": 0.576,
  "label_per:stateorprovinces_of_residence_fscore": 0.5249999999999999,
  "label_per:age_fscore": 0.9076305220883534,
  "label_org:parents_fscore": 0.037037037037037035,
  "label_per:origin_fscore": 0.5467625899280575,
  "label_per:stateorprovince_of_death_fscore": 0.7529411764705882,
  "label_org:stateorprovince_of_headquarters_fscore": 0.5961538461538461,
  "label_per:children_fscore": 0.4195804195804196,
  "label_per:date_of_birth_fscore": 0.8656716417910448,
  "label_per:stateorprovince_of_birth_fscore": 0.5555555555555555,
  "loss": 0.49584179481747426
}