{
    "model_count": 5,
    "UAS_mean": 0.6021822149481724,
    "UAS_std": 0.01012719577476261,
    "LAS_mean": 0.5012463804607831,
    "LAS_std": 0.009478781066874662,
    "UEM_mean": 0.017599999999999998,
    "UEM_std": 0.0035777087639996636,
    "LEM_mean": 0.0052,
    "LEM_std": 0.00044721359549995795,
    "LOAS_mean": 0.6623022367703219,
    "LOAS_std": 0.0075353217694455535,
    "LOEM_mean": 0.0074,
    "LOEM_std": 0.0005477225575051661,
    "loss_mean": 7.715073113025181,
    "loss_std": 0.466427717706102
}