{
  "UAS": 0.5933946032145705,
  "LAS": 0.4949851021864115,
  "UEM": 0.013,
  "LEM": 0.005,
  "LOAS": 0.6630576188677662,
  "LOEM": 0.007,
  "loss": 7.310106173157692
}