{
  "accuracy": 0.9291338582677166,
  "macro_fscore": 0.6091875091875093,
  "micro_fscore": 0.9311740890688259,
  "loss": 0.3366160136029066
}