{
  "accuracy": 0.905511811023622,
  "macro_fscore": 0.4055918663761801,
  "micro_fscore": 0.9076305220883534,
  "loss": 0.3730317858789931
}