{
    "model_count": 5,
    "UAS_mean": 0.9348529528971069,
    "UAS_std": 0.0007441424503911991,
    "LAS_mean": 0.9152705826093886,
    "LAS_std": 0.000874163996696992,
    "UEM_mean": 0.737217140105922,
    "UEM_std": 0.004508824176578959,
    "LEM_mean": 0.6463168030813674,
    "LEM_std": 0.004587820606479198,
    "LOAS_mean": 0.9531043277277437,
    "LOAS_std": 0.00104882420166373,
    "LOEM_mean": 0.7087144920558498,
    "LOEM_std": 0.005263170705121676,
    "loss_mean": 1.2229891356873732,
    "loss_std": 0.15189274880550235
}