{
  "accuracy": 0.8982485404503753,
  "macro_fscore": 0.6080858980608537,
  "micro_fscore": 0.8990748528174937,
  "loss": 0.43227444116026165
}