{
  "accuracy": 0.8982485404503753,
  "macro_fscore": 0.6278976815207928,
  "micro_fscore": 0.8997472620050547,
  "loss": 0.49849147563800217
}