{
  "accuracy": 0.8448707256046706,
  "macro_fscore": 0.5600042990591653,
  "micro_fscore": 0.8527789563003818,
  "loss": 0.7135298234348496
}