{
  "accuracy": 0.8565471226021685,
  "macro_fscore": 0.5667507877987427,
  "micro_fscore": 0.8600337268128162,
  "loss": 0.46275028377771377
}