{
    "model_count": 5,
    "em_accuracy_mean": 0.3231831395348837,
    "em_accuracy_std": 0.011365475161899749,
    "loss_mean": 0.0,
    "loss_std": 0.0
}