{
    "model_count": 5,
    "accuracy_mean": 0.8071769852874503,
    "accuracy_std": 0.015087467674892023,
    "macro_fscore_mean": 0.7696297829076273,
    "macro_fscore_std": 0.016068962434926504,
    "micro_fscore_mean": 0.8071769852874503,
    "micro_fscore_std": 0.015087467674891983,
    "label_performer_fscore_mean": 0.4590179468228249,
    "label_performer_fscore_std": 0.06385243247609447,
    "label_producer_fscore_mean": 0.5358530326462413,
    "label_producer_fscore_std": 0.14238558286027722,
    "label_located_in_or_next_to_body_of_water_fscore_mean": 0.9124109839658952,
    "label_located_in_or_next_to_body_of_water_fscore_std": 0.027731806174371543,
    "label_director_fscore_mean": 0.659187153500009,
    "label_director_fscore_std": 0.05634187251828769,
    "label_spouse_fscore_mean": 0.8583564268101983,
    "label_spouse_fscore_std": 0.04382606001250865,
    "label_place_of_death_fscore_mean": 0.7253122208523112,
    "label_place_of_death_fscore_std": 0.09576135963550543,
    "label_student_of_fscore_mean": 0.8389512126303923,
    "label_student_of_fscore_std": 0.044378222033578926,
    "label_award_received_fscore_mean": 0.9600439331540049,
    "label_award_received_fscore_std": 0.02176564693576674,
    "label_league_fscore_mean": 0.816875070533825,
    "label_league_fscore_std": 0.03539839266409474,
    "label_position_held_fscore_mean": 0.8285316818375077,
    "label_position_held_fscore_std": 0.03911917730928682,
    "label_nominated_for_fscore_mean": 0.4063605240075828,
    "label_nominated_for_fscore_std": 0.3446474058535618,
    "label_color_fscore_mean": 0.933488170151633,
    "label_color_fscore_std": 0.01852918977470668,
    "label_subsidiary_fscore_mean": 0.8924150165547619,
    "label_subsidiary_fscore_std": 0.022359399129565923,
    "label_tributary_fscore_mean": 0.9637509462766807,
    "label_tributary_fscore_std": 0.012795715338494615,
    "label_present_in_work_fscore_mean": 0.7879357484150002,
    "label_present_in_work_fscore_std": 0.06758870334098087,
    "label_named_after_fscore_mean": 0.289764277596693,
    "label_named_after_fscore_std": 0.07104523508349829,
    "label_member_of_sports_team_fscore_mean": 0.9505158074353052,
    "label_member_of_sports_team_fscore_std": 0.027337922281077752,
    "label_member_of_fscore_mean": 0.7806117849956272,
    "label_member_of_fscore_std": 0.06640635675898766,
    "label_educated_at_fscore_mean": 0.9247509529666341,
    "label_educated_at_fscore_std": 0.010325498594364902,
    "label_employer_fscore_mean": 0.8466901258675632,
    "label_employer_fscore_std": 0.024904258895692276,
    "label_place_of_birth_fscore_mean": 0.9045704039559588,
    "label_place_of_birth_fscore_std": 0.020280194113500176,
    "label_father_fscore_mean": 0.6376344288881682,
    "label_father_fscore_std": 0.02563565219477632,
    "label_creator_fscore_mean": 0.825216015128371,
    "label_creator_fscore_std": 0.025963117237294338,
    "label_winner_fscore_mean": 0.9676829490930933,
    "label_winner_fscore_std": 0.010433270483620648,
    "label_genre_fscore_mean": 0.845552522104171,
    "label_genre_fscore_std": 0.024051721880717247,
    "label_capital_of_fscore_mean": 0.9605374977433802,
    "label_capital_of_fscore_std": 0.010185568843175098,
    "label_original_language_of_film_or_TV_show_fscore_mean": 0.9269153427805069,
    "label_original_language_of_film_or_TV_show_fscore_std": 0.01824753897193059,
    "label_material_used_fscore_mean": 0.8884847564423536,
    "label_material_used_fscore_std": 0.023503357694115084,
    "label_participant_fscore_mean": 0.9226815385083101,
    "label_participant_fscore_std": 0.01223353111866425,
    "label_occupation_fscore_mean": 0.8271376627139891,
    "label_occupation_fscore_std": 0.0821331915243188,
    "label_production_company_fscore_mean": 0.8403680052503781,
    "label_production_company_fscore_std": 0.025746906800317586,
    "label_country_of_citizenship_fscore_mean": 0.6699539118505751,
    "label_country_of_citizenship_fscore_std": 0.047637123606092624,
    "label_founded_by_fscore_mean": 0.7856203287769367,
    "label_founded_by_fscore_std": 0.014305394674113752,
    "label_shares_border_with_fscore_mean": 0.7992371102098769,
    "label_shares_border_with_fscore_std": 0.05451014904673642,
    "label_composer_fscore_mean": 0.5048539768147612,
    "label_composer_fscore_std": 0.17911415337926978,
    "label_child_fscore_mean": 0.9063655789828626,
    "label_child_fscore_std": 0.01910658395177907,
    "label_writing_system_fscore_mean": 0.980014435713034,
    "label_writing_system_fscore_std": 0.00515585375161733,
    "label_sibling_fscore_mean": 0.8520357738104338,
    "label_sibling_fscore_std": 0.027485595642126433,
    "label_screenwriter_fscore_mean": 0.5771012491782107,
    "label_screenwriter_fscore_std": 0.06802304120098397,
    "label_continent_fscore_mean": 0.9563538729515185,
    "label_continent_fscore_std": 0.018048596331709518,
    "label_publisher_fscore_mean": 0.6815814729719442,
    "label_publisher_fscore_std": 0.10544792552155197,
    "label_manner_of_death_fscore_mean": 0.5946582793620129,
    "label_manner_of_death_fscore_std": 0.24119053640911287,
    "label_contains_administrative_territorial_entity_fscore_mean": 0.8606589725299403,
    "label_contains_administrative_territorial_entity_fscore_std": 0.01127229589537129,
    "label_capital_fscore_mean": 0.8903143546431617,
    "label_capital_fscore_std": 0.006087251798800631,
    "label_mother_fscore_mean": 0.38340133852350805,
    "label_mother_fscore_std": 0.09434319359954967,
    "label_ethnic_group_fscore_mean": 0.5869894353302666,
    "label_ethnic_group_fscore_std": 0.07039981472838812,
    "label_member_of_political_party_fscore_mean": 0.9245825885810228,
    "label_member_of_political_party_fscore_std": 0.026611357553714052,
    "label_owned_by_fscore_mean": 0.1704403716915121,
    "label_owned_by_fscore_std": 0.06076809852955523,
    "label_sport_fscore_mean": 0.58295291002544,
    "label_sport_fscore_std": 0.07288366684769503,
    "label_discoverer_or_inventor_fscore_mean": 0.8825829529242356,
    "label_discoverer_or_inventor_fscore_std": 0.019484090580727365,
    "label_parent_organization_fscore_mean": 0.7438158737883633,
    "label_parent_organization_fscore_std": 0.01436200536464565,
    "loss_mean": 0.8018822350184502,
    "loss_std": 0.04607450002623843
}