{
  "accuracy": 0.8215625509704779,
  "macro_fscore": 0.7921885438542805,
  "micro_fscore": 0.8215625509704779,
  "label_performer_fscore": 0.5594405594405594,
  "label_producer_fscore": 0.6568627450980392,
  "label_located_in_or_next_to_body_of_water_fscore": 0.8645161290322582,
  "label_director_fscore": 0.7320574162679426,
  "label_spouse_fscore": 0.8988764044943821,
  "label_place_of_death_fscore": 0.7843137254901961,
  "label_student_of_fscore": 0.8271604938271606,
  "label_award_received_fscore": 0.9859154929577464,
  "label_league_fscore": 0.8686327077747991,
  "label_position_held_fscore": 0.7635467980295567,
  "label_nominated_for_fscore": 0.8235294117647058,
  "label_color_fscore": 0.9230769230769231,
  "label_subsidiary_fscore": 0.8571428571428571,
  "label_tributary_fscore": 0.9411764705882352,
  "label_present_in_work_fscore": 0.7972972972972973,
  "label_named_after_fscore": 0.2777777777777778,
  "label_member_of_sports_team_fscore": 0.9287356321839081,
  "label_member_of_fscore": 0.7608695652173912,
  "label_educated_at_fscore": 0.9322709163346613,
  "label_employer_fscore": 0.8342245989304813,
  "label_place_of_birth_fscore": 0.8764044943820225,
  "label_father_fscore": 0.6700251889168766,
  "label_creator_fscore": 0.8144329896907218,
  "label_winner_fscore": 0.9746192893401016,
  "label_genre_fscore": 0.8653846153846154,
  "label_capital_of_fscore": 0.961904761904762,
  "label_original_language_of_film_or_TV_show_fscore": 0.9330024813895782,
  "label_material_used_fscore": 0.8791208791208792,
  "label_participant_fscore": 0.9326923076923077,
  "label_occupation_fscore": 0.7532467532467532,
  "label_production_company_fscore": 0.8589743589743589,
  "label_country_of_citizenship_fscore": 0.6519337016574587,
  "label_founded_by_fscore": 0.8,
  "label_shares_border_with_fscore": 0.7894736842105263,
  "label_composer_fscore": 0.6844919786096257,
  "label_child_fscore": 0.8953068592057762,
  "label_writing_system_fscore": 0.9787234042553192,
  "label_sibling_fscore": 0.8725490196078433,
  "label_screenwriter_fscore": 0.5945945945945945,
  "label_continent_fscore": 0.962962962962963,
  "label_publisher_fscore": 0.717391304347826,
  "label_manner_of_death_fscore": 0.8193832599118942,
  "label_contains_administrative_territorial_entity_fscore": 0.8676923076923077,
  "label_capital_fscore": 0.8940092165898617,
  "label_mother_fscore": 0.5021276595744681,
  "label_ethnic_group_fscore": 0.6011560693641618,
  "label_member_of_political_party_fscore": 0.8963585434173669,
  "label_owned_by_fscore": 0.11764705882352941,
  "label_sport_fscore": 0.5775401069518716,
  "label_discoverer_or_inventor_fscore": 0.9039145907473309,
  "label_parent_organization_fscore": 0.7371273712737128,
  "loss": 0.7666593195414558
}