{
  "accuracy": 0.7862990090478242,
  "macro_fscore": 0.7549810841558855,
  "micro_fscore": 0.7862990090478243,
  "label_creator_fscore": 0.826530612244898,
  "label_founded_by_fscore": 0.7652173913043478,
  "label_continent_fscore": 0.9390519187358917,
  "label_place_of_birth_fscore": 0.913978494623656,
  "label_participant_fscore": 0.9111969111969112,
  "label_father_fscore": 0.6085192697768762,
  "label_producer_fscore": 0.35000000000000003,
  "label_spouse_fscore": 0.8664259927797834,
  "label_director_fscore": 0.5861513687600645,
  "label_capital_of_fscore": 0.9459459459459459,
  "label_sibling_fscore": 0.8623853211009174,
  "label_nominated_for_fscore": 0.7407407407407408,
  "label_located_in_or_next_to_body_of_water_fscore": 0.9213483146067416,
  "label_place_of_death_fscore": 0.7391304347826086,
  "label_educated_at_fscore": 0.9383561643835617,
  "label_composer_fscore": 0.2352941176470588,
  "label_performer_fscore": 0.3821138211382114,
  "label_original_language_of_film_or_TV_show_fscore": 0.9104116222760291,
  "label_member_of_sports_team_fscore": 0.9140461215932915,
  "label_screenwriter_fscore": 0.48749999999999993,
  "label_writing_system_fscore": 0.9743589743589743,
  "label_sport_fscore": 0.6787330316742081,
  "label_country_of_citizenship_fscore": 0.6704545454545454,
  "label_named_after_fscore": 0.25806451612903225,
  "label_member_of_political_party_fscore": 0.9210526315789473,
  "label_color_fscore": 0.9579439252336448,
  "label_occupation_fscore": 0.8464163822525597,
  "label_tributary_fscore": 0.970873786407767,
  "label_subsidiary_fscore": 0.9069767441860465,
  "label_mother_fscore": 0.35341365461847396,
  "label_position_held_fscore": 0.85995085995086,
  "label_employer_fscore": 0.83248730964467,
  "label_present_in_work_fscore": 0.7448275862068965,
  "label_publisher_fscore": 0.7317073170731706,
  "label_ethnic_group_fscore": 0.5922330097087378,
  "label_award_received_fscore": 0.9738219895287958,
  "label_league_fscore": 0.8026315789473685,
  "label_production_company_fscore": 0.8555555555555556,
  "label_child_fscore": 0.8942598187311177,
  "label_manner_of_death_fscore": 0.4444444444444444,
  "label_capital_fscore": 0.8799999999999999,
  "label_winner_fscore": 0.949771689497717,
  "label_owned_by_fscore": 0.18421052631578946,
  "label_shares_border_with_fscore": 0.712871287128713,
  "label_student_of_fscore": 0.7738693467336683,
  "label_member_of_fscore": 0.7018867924528303,
  "label_contains_administrative_territorial_entity_fscore": 0.8486486486486486,
  "label_parent_organization_fscore": 0.7529976019184653,
  "label_material_used_fscore": 0.9037037037037037,
  "label_genre_fscore": 0.8283378746594006,
  "label_discoverer_or_inventor_fscore": 0.853185595567867,
  "loss": 0.8722842725660276
}