{
  "accuracy": 0.806883053335508,
  "macro_fscore": 0.7649097552043413,
  "micro_fscore": 0.806883053335508,
  "label_performer_fscore": 0.44919786096256686,
  "label_producer_fscore": 0.6956521739130436,
  "label_located_in_or_next_to_body_of_water_fscore": 0.9285714285714285,
  "label_director_fscore": 0.6919831223628692,
  "label_spouse_fscore": 0.8764044943820224,
  "label_place_of_death_fscore": 0.7058823529411765,
  "label_student_of_fscore": 0.8860759493670887,
  "label_award_received_fscore": 0.96398891966759,
  "label_league_fscore": 0.7725118483412323,
  "label_position_held_fscore": 0.83,
  "label_nominated_for_fscore": 0.18181818181818182,
  "label_color_fscore": 0.913978494623656,
  "label_subsidiary_fscore": 0.915032679738562,
  "label_tributary_fscore": 0.9696969696969696,
  "label_present_in_work_fscore": 0.8923076923076922,
  "label_named_after_fscore": 0.37499999999999994,
  "label_member_of_sports_team_fscore": 0.9680589680589682,
  "label_member_of_fscore": 0.7976190476190476,
  "label_educated_at_fscore": 0.9176470588235294,
  "label_employer_fscore": 0.8225806451612903,
  "label_place_of_birth_fscore": 0.903954802259887,
  "label_father_fscore": 0.6417910447761194,
  "label_creator_fscore": 0.8666666666666667,
  "label_winner_fscore": 0.9746192893401016,
  "label_genre_fscore": 0.8246753246753246,
  "label_capital_of_fscore": 0.9711538461538463,
  "label_original_language_of_film_or_TV_show_fscore": 0.9060240963855422,
  "label_material_used_fscore": 0.8551236749116607,
  "label_participant_fscore": 0.9326923076923077,
  "label_occupation_fscore": 0.7355371900826447,
  "label_country_of_citizenship_fscore": 0.7514450867052023,
  "label_production_company_fscore": 0.8062827225130891,
  "label_founded_by_fscore": 0.797250859106529,
  "label_shares_border_with_fscore": 0.8380952380952382,
  "label_composer_fscore": 0.46913580246913583,
  "label_child_fscore": 0.8937728937728937,
  "label_writing_system_fscore": 0.9787234042553192,
  "label_sibling_fscore": 0.8071748878923767,
  "label_screenwriter_fscore": 0.5263157894736843,
  "label_continent_fscore": 0.9708222811671087,
  "label_publisher_fscore": 0.49350649350649356,
  "label_manner_of_death_fscore": 0.6326530612244897,
  "label_contains_administrative_territorial_entity_fscore": 0.8727272727272727,
  "label_capital_fscore": 0.8928571428571429,
  "label_mother_fscore": 0.4070796460176991,
  "label_ethnic_group_fscore": 0.48447204968944096,
  "label_member_of_political_party_fscore": 0.9251336898395722,
  "label_owned_by_fscore": 0.21138211382113822,
  "label_sport_fscore": 0.4799999999999999,
  "label_discoverer_or_inventor_fscore": 0.8794326241134751,
  "label_parent_organization_fscore": 0.7258883248730965,
  "loss": 0.8104773021429234
}