{
  "accuracy": 0.7995117047249749,
  "macro_fscore": 0.7561604799396305,
  "micro_fscore": 0.7995117047249749,
  "label_creator_fscore": 0.7960199004975124,
  "label_founded_by_fscore": 0.7875354107648725,
  "label_continent_fscore": 0.9351851851851852,
  "label_place_of_birth_fscore": 0.9312169312169313,
  "label_participant_fscore": 0.9076923076923077,
  "label_father_fscore": 0.6153846153846153,
  "label_producer_fscore": 0.5189189189189188,
  "label_spouse_fscore": 0.8664495114006514,
  "label_director_fscore": 0.6279491833030852,
  "label_capital_of_fscore": 0.9683257918552036,
  "label_sibling_fscore": 0.8451882845188284,
  "label_nominated_for_fscore": 0.14285714285714288,
  "label_located_in_or_next_to_body_of_water_fscore": 0.9142857142857143,
  "label_place_of_death_fscore": 0.5737051792828686,
  "label_educated_at_fscore": 0.9134948096885813,
  "label_composer_fscore": 0.4833333333333334,
  "label_performer_fscore": 0.4598930481283422,
  "label_original_language_of_film_or_TV_show_fscore": 0.9356435643564356,
  "label_member_of_sports_team_fscore": 0.9758064516129032,
  "label_screenwriter_fscore": 0.6432160804020101,
  "label_sport_fscore": 0.6153846153846154,
  "label_country_of_citizenship_fscore": 0.632258064516129,
  "label_writing_system_fscore": 0.9798270893371757,
  "label_named_after_fscore": 0.34285714285714286,
  "label_member_of_political_party_fscore": 0.9124668435013262,
  "label_discoverer_or_inventor_fscore": 0.8961424332344213,
  "label_color_fscore": 0.9245742092457421,
  "label_occupation_fscore": 0.8680555555555555,
  "label_tributary_fscore": 0.9658536585365853,
  "label_subsidiary_fscore": 0.8953488372093024,
  "label_mother_fscore": 0.24434389140271495,
  "label_position_held_fscore": 0.8305489260143197,
  "label_employer_fscore": 0.8833333333333333,
  "label_present_in_work_fscore": 0.7142857142857142,
  "label_publisher_fscore": 0.7258064516129031,
  "label_ethnic_group_fscore": 0.6816143497757847,
  "label_award_received_fscore": 0.9441624365482234,
  "label_league_fscore": 0.8286334056399132,
  "label_production_company_fscore": 0.861878453038674,
  "label_child_fscore": 0.9382716049382716,
  "label_manner_of_death_fscore": 0.26285714285714284,
  "label_capital_fscore": 0.8949416342412451,
  "label_winner_fscore": 0.9674418604651163,
  "label_owned_by_fscore": 0.09836065573770493,
  "label_shares_border_with_fscore": 0.8521739130434783,
  "label_student_of_fscore": 0.8743169398907104,
  "label_contains_administrative_territorial_entity_fscore": 0.8655913978494624,
  "label_parent_organization_fscore": 0.7402298850574711,
  "label_material_used_fscore": 0.8881118881118881,
  "label_genre_fscore": 0.8320802005012532,
  "label_member_of_fscore": 0.7603305785123967,
  "loss": 0.8051185612310442
}