{
  "accuracy": 0.905511811023622,
  "macro_fscore": 0.44801032301032295,
  "micro_fscore": 0.9112903225806451,
  "loss": 0.32688611769117415
}