{
  "accuracy": 0.9212598425196851,
  "macro_fscore": 0.4614904159990505,
  "micro_fscore": 0.9274193548387096,
  "loss": 0.29888753802515566
}