{
  "accuracy": 0.937007874015748,
  "macro_fscore": 0.6201598887730274,
  "micro_fscore": 0.9392712550607287,
  "loss": 0.2244811778073199
}