{
  "accuracy": 0.9291338582677166,
  "macro_fscore": 0.5343862593996117,
  "micro_fscore": 0.9392712550607287,
  "loss": 0.3237001635861816
}