{
  "em_accuracy": 0.0689697265625,
  "loss": 3.2386111156083643
}