{
  "em_accuracy": 0.0791015625,
  "loss": 2.9499648986384273
}