{
  "em_accuracy": 0.0650634765625,
  "loss": 2.88964363723062
}