{
  "em_accuracy": 0.084716796875,
  "loss": 3.0828613312914968
}