{
  "em_accuracy": 0.06103515625,
  "loss": 3.3865177896805108
}