{
  "em_accuracy": 0.0750732421875,
  "loss": 2.947990901535377
}