{
  "em_accuracy": 0.0738525390625,
  "loss": 3.051195857580751
}