{
    "model_count": 5,
    "em_accuracy_mean": 0.24694903086862885,
    "em_accuracy_std": 0.007635336463095004,
    "loss_mean": 0.0,
    "loss_std": 0.0
}