{
  "accuracy": 0.9439446366782007,
  "macro_fscore": 0.6262750277955801,
  "micro_fscore": 0.944832402234637,
  "loss": 0.28267485653382857
}