{
  "accuracy": 0.9044982698961938,
  "macro_fscore": 0.6521155544206734,
  "micro_fscore": 0.905344044708348,
  "loss": 0.37277820984197135
}