{
  "accuracy": 0.9356401384083045,
  "macro_fscore": 0.635509383009981,
  "micro_fscore": 0.9371069182389937,
  "loss": 0.33693952942881117
}