{
  "accuracy": 0.914878892733564,
  "macro_fscore": 0.5901150718463811,
  "micro_fscore": 0.9151832460732985,
  "loss": 0.3328703591845684
}