{
    "model_count": 5,
    "em_accuracy_mean": 0.326671511627907,
    "em_accuracy_std": 0.007143751181445317,
    "loss_mean": 0.0,
    "loss_std": 0.0
}