{
  "accuracy": 0.8516320474777448,
  "macro_fscore": 0.4929632450468482,
  "micro_fscore": 0.8567164179104477,
  "loss": 0.6565270079749594
}