{
  "accuracy": 0.8694362017804155,
  "macro_fscore": 0.6553886569873243,
  "micro_fscore": 0.873323397913562,
  "loss": 0.5383037148170512
}