{
  "accuracy": 0.8724035608308606,
  "macro_fscore": 0.6188756570191399,
  "micro_fscore": 0.8789237668161436,
  "loss": 0.5138408414045856
}