{
  "em_accuracy": 0.529091430209229,
  "loss": 1.4909600128321887
}