{
  "em_accuracy": 0.5448552593866437,
  "loss": 1.4963949042368152
}