{
  "em_accuracy": 0.5333906563485239,
  "loss": 1.4940654839554879
}