{
  "em_accuracy": 0.5385497277156779,
  "loss": 1.4842631174549121
}