{
  "em_accuracy": 0.5376898824878189,
  "loss": 1.4856819839782367
}