{
  "em_accuracy": 0.5265118945256521,
  "loss": 1.5105906139770056
}