{
  "em_accuracy": 0.5543135568930926,
  "loss": 1.4692163657924355
}