{
  "accuracy": 0.8567222767419038,
  "macro_fscore": 0.5221070100042549,
  "micro_fscore": 0.8602685231228244,
  "loss": 0.8629074889086041
}