{
  "accuracy": 0.8498527968596663,
  "macro_fscore": 0.4713311062548313,
  "micro_fscore": 0.853585657370518,
  "loss": 1.1699841291684834
}