{
  "accuracy": 0.8567222767419038,
  "macro_fscore": 0.5047192303737538,
  "micro_fscore": 0.8585607940446649,
  "loss": 1.1147927463116503
}