{
  "em_accuracy": 0.17332848837209303,
  "loss": 2.261285484530205
}