{
  "em_accuracy": 0.13372093023255813,
  "loss": 2.4848093820172688
}