{
  "em_accuracy": 0.12390988372093023,
  "loss": 2.546829295712848
}