{
  "accuracy": 0.7713498622589532,
  "macro_fscore": 0.8309171182721006,
  "micro_fscore": 0.770098730606488,
  "label_has-occupation_fscore": 0.9895833333333334,
  "label_invented-by_fscore": 1.0,
  "label_org-has-founder_fscore": 0.6666666666666666,
  "label_won-award_fscore": 1.0,
  "label_first-product_fscore": 1.0,
  "label_org-has-member_fscore": 1.0,
  "label_invented-when_fscore": 1.0,
  "label_movie-has-director_fscore": 1.0,
  "label_has-genre_fscore": 0.8571428571428572,
  "label_from-country_fscore": 0.3333333333333333,
  "label_is-where_fscore": 0.5,
  "label_has-child_fscore": 0.9565217391304348,
  "label_has-parent_fscore": 0.967741935483871,
  "label_birth-place_fscore": 0.5789473684210525,
  "label_has-nationality_fscore": 0.19999999999999998,
  "label_is-member-of_fscore": 0.9642857142857143,
  "label_has-highest-mountain_fscore": 1.0,
  "label_has-tourist-attraction_fscore": 1.0,
  "label_has-sibling_fscore": 0.9090909090909091,
  "label_has-spouse_fscore": 0.823529411764706,
  "label_has-type_fscore": 0.7333333333333334,
  "label_headquarters_fscore": 0.8000000000000002,
  "loss": 1.1921488279881685
}