{
  "UAS": 0.8379438647577448,
  "LAS": 0.7675725956483054,
  "UEM": 0.126,
  "LEM": 0.04,
  "LOAS": 0.8600258836851897,
  "LOEM": 0.086,
  "loss": 3.6091739647090435
}