{
  "UAS": 0.835355496238777,
  "LAS": 0.7688667799077894,
  "UEM": 0.119,
  "LEM": 0.04,
  "LOAS": 0.8613605112027825,
  "LOEM": 0.095,
  "loss": 4.7163547948002815
}