{
  "UAS": 0.8351440717997166,
  "LAS": 0.7582342079271697,
  "UEM": 0.12,
  "LEM": 0.046,
  "LOAS": 0.8514192467900545,
  "LOEM": 0.111,
  "loss": 5.156900115311146
}