{
  "UAS": 0.8174517971400352,
  "LAS": 0.7362906342594581,
  "UEM": 0.041,
  "LEM": 0.017,
  "LOAS": 0.8439902091295572,
  "LOEM": 0.101,
  "loss": 5.27929250150919
}