{
  "UAS": 0.8373341349250655,
  "LAS": 0.7627431614205351,
  "UEM": 0.128,
  "LEM": 0.048,
  "LOAS": 0.852836346459398,
  "LOEM": 0.111,
  "loss": 5.262413322925568
}