{
    "model_count": 5,
    "UAS_mean": 0.7992967980872908,
    "UAS_std": 0.01171296960348479,
    "LAS_mean": 0.7317894144672074,
    "LAS_std": 0.013439699416801515,
    "UEM_mean": 0.0856,
    "UEM_std": 0.011865917579353064,
    "LEM_mean": 0.0398,
    "LEM_std": 0.004207136793592524,
    "LOAS_mean": 0.8477052177581923,
    "LOAS_std": 0.008182335030926326,
    "LOEM_mean": 0.0902,
    "LOEM_std": 0.007661592523751184,
    "loss_mean": 4.695382286608219,
    "loss_std": 0.5470010185395161
}