{
  "UAS": 0.8116825277764755,
  "LAS": 0.7453940274717548,
  "UEM": 0.097,
  "LEM": 0.044,
  "LOAS": 0.8548122450893066,
  "LOEM": 0.1,
  "loss": 4.693182945251465
}