{
  "UAS": 0.8053537105620927,
  "LAS": 0.7378463269420092,
  "UEM": 0.099,
  "LEM": 0.041,
  "LOAS": 0.8507805541231073,
  "LOEM": 0.091,
  "loss": 4.188200630247593
}