{
  "UAS": 0.8057287515822043,
  "LAS": 0.740659134592846,
  "UEM": 0.083,
  "LEM": 0.043,
  "LOAS": 0.8534996015189161,
  "LOEM": 0.093,
  "loss": 4.145181909203529
}