{
  "UAS": 0.7848670948384979,
  "LAS": 0.7202662791242792,
  "UEM": 0.074,
  "LEM": 0.037,
  "LOAS": 0.8445454971637523,
  "LOEM": 0.088,
  "loss": 5.030846461653709
}