{
    "model_count": 5,
    "em_accuracy_mean": 0.4217983651226158,
    "em_accuracy_std": 0.009169655951206444,
    "loss_mean": 0.0,
    "loss_std": 0.0
}