{
  "accuracy": 0.8518518518518519,
  "macro_fscore": 0.5878595340575254,
  "micro_fscore": 0.8599999999999999,
  "loss": 0.5345024934504181
}