{
  "accuracy": 0.8333333333333334,
  "macro_fscore": 0.4658954703832753,
  "micro_fscore": 0.8399999999999999,
  "loss": 1.3444505743682384
}