{
  "accuracy": 0.9370242214532872,
  "macro_fscore": 0.6237219698160845,
  "micro_fscore": 0.9378491620111732,
  "loss": 0.3136344803138994
}