{
  "accuracy": 0.8996539792387543,
  "macro_fscore": 0.6149022826622959,
  "micro_fscore": 0.9021663172606568,
  "loss": 0.4154917077662853
}