{
  "accuracy": 0.928719723183391,
  "macro_fscore": 0.6314380591962464,
  "micro_fscore": 0.9320728291316525,
  "loss": 0.4051876482154002
}