{
  "accuracy": 0.7962962962962963,
  "macro_fscore": 0.35132275132275137,
  "micro_fscore": 0.8155339805825242,
  "loss": 0.8197997659444809
}