{
  "accuracy": 0.7347931873479319,
  "macro_fscore": 0.2151022158813355,
  "micro_fscore": 0.38647342995169087,
  "label_per:religion_fscore": 0.5714285714285715,
  "label_per:date_of_death_fscore": 0.6666666666666666,
  "label_org:member_of_fscore": 0.11764705882352941,
  "label_org:number_of_employees/members_fscore": 0,
  "label_per:other_family_fscore": 0.18181818181818182,
  "label_per:alternate_names_fscore": 0.4444444444444445,
  "label_org:dissolved_fscore": 0,
  "label_per:children_fscore": 0,
  "label_per:title_fscore": 0.7152317880794703,
  "label_per:schools_attended_fscore": 0,
  "label_org:members_fscore": 0,
  "label_org:top_members/employees_fscore": 0.2222222222222222,
  "label_per:spouse_fscore": 0,
  "label_per:origin_fscore": 0,
  "label_per:siblings_fscore": 0.28571428571428575,
  "label_per:date_of_birth_fscore": 0,
  "label_org:alternate_names_fscore": 0.5,
  "label_per:employee_of_fscore": 0.16666666666666663,
  "loss": 1.2486612705083995
}