{
    "model_count": 5,
    "em_accuracy_mean": 0.49807967899111494,
    "em_accuracy_std": 0.009956316340297018,
    "loss_mean": 0.0,
    "loss_std": 0.0
}