{
  "UAS": 0.4767057603835936,
  "LAS": 0.3210652497894123,
  "UEM": 0.018475750577367205,
  "LEM": 0.0023094688221709007,
  "LOAS": 0.5242661828549213,
  "LOEM": 0.003464203233256351,
  "loss": 12.377381188528878
}