{
  "UAS": 0.49348798030195035,
  "LAS": 0.3392081902416899,
  "UEM": 0.02771362586605081,
  "LEM": 0.0023094688221709007,
  "LOAS": 0.5404004406142682,
  "LOEM": 0.004618937644341801,
  "loss": 10.135702933583941
}