{
  "UAS": 0.49355277651785134,
  "LAS": 0.34277198211624443,
  "UEM": 0.020785219399538105,
  "LEM": 0.003464203233256351,
  "LOAS": 0.5433162703298128,
  "LOEM": 0.003464203233256351,
  "loss": 13.273868237222944
}