{
  "accuracy": 0.9335640138408304,
  "macro_fscore": 0.5986214416758976,
  "micro_fscore": 0.9344490934449093,
  "loss": 0.29340951620335026
}