{
  "accuracy": 0.9238754325259516,
  "macro_fscore": 0.6194954980719249,
  "micro_fscore": 0.9268463423171158,
  "loss": 0.3708152928719666
}