{
  "accuracy": 0.9217993079584775,
  "macro_fscore": 0.635683297083476,
  "micro_fscore": 0.9247462373118657,
  "loss": 0.3713993513771169
}