{
  "accuracy": 0.9522491349480969,
  "macro_fscore": 0.617774203486981,
  "micro_fscore": 0.9548793284365162,
  "loss": 0.2579125589057854
}