{
  "em_accuracy": 0.45120913841292987,
  "loss": 1.495333084550876
}