{
  "em_accuracy": 0.4395430793535059,
  "loss": 1.5086450648539274
}