{
  "em_accuracy": 0.4649410620974602,
  "loss": 1.4934084124935483
}