{
  "em_accuracy": 0.4547332604204642,
  "loss": 1.4695838592584851
}