{
  "em_accuracy": 0.45266739579535786,
  "loss": 1.4833451407626994
}