{
  "em_accuracy": 0.4632397618179609,
  "loss": 1.4738598198566621
}