{
  "accuracy": 0.9699042407660738,
  "macro_fscore": 0.9521970076547167,
  "micro_fscore": 0.9744680851063829,
  "loss": 0.13574483275727328
}