{
  "accuracy": 0.9671682626538988,
  "macro_fscore": 0.947127072431177,
  "micro_fscore": 0.9716713881019832,
  "loss": 0.12778785559551223
}