{
  "accuracy": 0.9726402188782489,
  "macro_fscore": 0.9554918154277439,
  "micro_fscore": 0.9759206798866855,
  "loss": 0.17748858503435497
}