{
  "accuracy": 0.9712722298221614,
  "macro_fscore": 0.9467586393626364,
  "micro_fscore": 0.9751948972360027,
  "loss": 0.124421536201186
}