{
  "UAS": 0.7549867608120036,
  "LAS": 0.5766107678729038,
  "UEM": 0.07,
  "LEM": 0.012,
  "LOAS": 0.676522506619594,
  "LOEM": 0.016,
  "loss": 4.784803122282028
}