{
  "UAS": 0.7614298323036187,
  "LAS": 0.5862312444836717,
  "UEM": 0.076,
  "LEM": 0.01,
  "LOAS": 0.6731685789938218,
  "LOEM": 0.014,
  "loss": 4.346180588006973
}