{
  "UAS": 0.7597528684907325,
  "LAS": 0.5802294792586055,
  "UEM": 0.07,
  "LEM": 0.012,
  "LOAS": 0.6726390114739629,
  "LOEM": 0.016,
  "loss": 5.372819274663925
}