{
  "UAS": 0.7587819947043248,
  "LAS": 0.5792586054721977,
  "UEM": 0.076,
  "LEM": 0.01,
  "LOAS": 0.6687555163283319,
  "LOEM": 0.012,
  "loss": 5.96431240439415
}