{
    "model_count": 5,
    "UAS_mean": 0.7596116504854369,
    "UAS_std": 0.0030667451735481447,
    "LAS_mean": 0.5803000882612533,
    "LAS_std": 0.0035761603954184624,
    "UEM_mean": 0.0752,
    "UEM_std": 0.005761944116355173,
    "LEM_mean": 0.0112,
    "LEM_std": 0.0010954451150103322,
    "LOAS_mean": 0.672180052956752,
    "LOAS_std": 0.003056440178362862,
    "LOEM_mean": 0.0148,
    "LOEM_std": 0.0017888543819998318,
    "loss_mean": 5.272644275426865,
    "loss_std": 0.7021791739408851
}