{
  "UAS": 0.8579532136327411,
  "LAS": 0.7383620083446627,
  "UEM": 0.142,
  "LEM": 0.028,
  "LOAS": 0.8347944306408513,
  "LOEM": 0.054,
  "loss": 4.085177555680275
}