{
  "UAS": 0.8506399137405654,
  "LAS": 0.739909052552623,
  "UEM": 0.135,
  "LEM": 0.034,
  "LOAS": 0.8416858093854015,
  "LOEM": 0.061,
  "loss": 4.5447375029325485
}