{
  "UAS": 0.8544840841967091,
  "LAS": 0.7373775256668698,
  "UEM": 0.14,
  "LEM": 0.028,
  "LOAS": 0.8376072382916881,
  "LOEM": 0.056,
  "loss": 3.597399890422821
}