{
    "model_count": 5,
    "em_accuracy_mean": 0.26353194544149317,
    "em_accuracy_std": 0.013987976189777707,
    "loss_mean": 0.0,
    "loss_std": 0.0
}