{
  "UAS": 0.7736295382083719,
  "LAS": 0.6600329116527821,
  "UEM": 0.122,
  "LEM": 0.029,
  "LOAS": 0.7688470636634783,
  "LOEM": 0.039,
  "loss": 7.747280538082123
}