{
  "UAS": 0.7639103157461689,
  "LAS": 0.6539648256710892,
  "UEM": 0.123,
  "LEM": 0.034,
  "LOAS": 0.7646816826082485,
  "LOEM": 0.052,
  "loss": 6.048735558986664
}