{
  "UAS": 0.7804689910521444,
  "LAS": 0.6746374575748226,
  "UEM": 0.131,
  "LEM": 0.032,
  "LOAS": 0.783194487298159,
  "LOEM": 0.048,
  "loss": 5.5123610496521
}