{
  "UAS": 0.7849943433096781,
  "LAS": 0.6568960197469916,
  "UEM": 0.13,
  "LEM": 0.025,
  "LOAS": 0.7624704309369537,
  "LOEM": 0.034,
  "loss": 5.607637196779251
}