{
  "UAS": 0.6991757011020517,
  "LAS": 0.5318967834423439,
  "UEM": 0.059,
  "LEM": 0.006,
  "LOAS": 0.6365469043992473,
  "LOEM": 0.011,
  "loss": 5.310659661889076
}