{
  "UAS": 0.69371024101783,
  "LAS": 0.5311352029388048,
  "UEM": 0.06,
  "LEM": 0.007,
  "LOAS": 0.6374876803153839,
  "LOEM": 0.009,
  "loss": 5.966876340290857
}