{
    "model_count": 5,
    "UAS_mean": 0.708180270585073,
    "UAS_std": 0.01239172233285225,
    "LAS_mean": 0.5422005196666966,
    "LAS_std": 0.010691826101730134,
    "UEM_mean": 0.060399999999999995,
    "UEM_std": 0.001140175425099139,
    "LEM_mean": 0.0076,
    "LEM_std": 0.0011401754250991377,
    "LOAS_mean": 0.6449959681032166,
    "LOAS_std": 0.007908907329667689,
    "LOEM_mean": 0.0118,
    "LOEM_std": 0.001923538406167135,
    "loss_mean": 5.295657905415883,
    "loss_std": 0.3931471434588804
}