{
  "accuracy": 0.8275862068965517,
  "macro_fscore": 0.5827600250626567,
  "micro_fscore": 0.8470588235294118,
  "loss": 0.7768750190734863
}