{
  "accuracy": 0.8367952522255193,
  "macro_fscore": 0.5144609224668134,
  "micro_fscore": 0.8405365126676602,
  "loss": 0.5294755013151602
}