{
  "accuracy": 0.8486646884272997,
  "macro_fscore": 0.5361419221988942,
  "micro_fscore": 0.8562874251497007,
  "loss": 0.6738169172948058
}