{
  "accuracy": 0.8664688427299704,
  "macro_fscore": 0.6120621648760048,
  "micro_fscore": 0.874251497005988,
  "loss": 0.49293878077614034
}