{
    "model_count": 5,
    "UAS_mean": 0.858178238244808,
    "UAS_std": 0.0014378525643575367,
    "LAS_mean": 0.7430125169940462,
    "LAS_std": 0.008041916605261504,
    "UEM_mean": 0.1542,
    "UEM_std": 0.003271085446759228,
    "LEM_mean": 0.0368,
    "LEM_std": 0.003346640106136302,
    "LOAS_mean": 0.8392105386526652,
    "LOAS_std": 0.007955365640991925,
    "LOEM_mean": 0.0678,
    "LOEM_std": 0.010183319694480775,
    "loss_mean": 4.455639681220054,
    "loss_std": 0.6154709902926682
}