{
  "UAS": 0.7200519666696532,
  "LAS": 0.5263865245049727,
  "UEM": 0.056,
  "LEM": 0.004,
  "LOAS": 0.6149090583281068,
  "LOEM": 0.004,
  "loss": 6.610083609819412
}