{
  "UAS": 0.6603798942747066,
  "LAS": 0.4878147119433742,
  "UEM": 0.048,
  "LEM": 0.003,
  "LOAS": 0.5965863273900188,
  "LOEM": 0.004,
  "loss": 6.324528323279487
}