{
    "model_count": 5,
    "UAS_mean": 0.37066146881287726,
    "UAS_std": 0.012082746005078575,
    "LAS_mean": 0.28377766599597587,
    "LAS_std": 0.009087929135131243,
    "UEM_mean": 0.014023372287145243,
    "UEM_std": 0.0019034648165261064,
    "LEM_mean": 0.009015025041736227,
    "LEM_std": 0.0009143949207097934,
    "LOAS_mean": 0.5459381287726358,
    "LOAS_std": 0.008694768407380371,
    "LOEM_mean": 0.011352253756260434,
    "LOEM_std": 0.0013967613130785904,
    "loss_mean": 12.19968379171271,
    "loss_std": 1.0411260696235904
}