{
  "UAS": 0.37462273641851107,
  "LAS": 0.2890467806841046,
  "UEM": 0.011686143572621035,
  "LEM": 0.008347245409015025,
  "LOAS": 0.556966800804829,
  "LOEM": 0.011686143572621035,
  "loss": 11.76191907179983
}