{
  "UAS": 0.36971830985915494,
  "LAS": 0.28162726358148893,
  "UEM": 0.015025041736227046,
  "LEM": 0.01001669449081803,
  "LOAS": 0.5331991951710262,
  "LOEM": 0.01001669449081803,
  "loss": 13.62699704421194
}