{
  "em_accuracy": 0.14280523255813954,
  "loss": 2.4561355668444964
}