{
  "em_accuracy": 0.12063953488372094,
  "loss": 2.5204691935417265
}