{
  "em_accuracy": 0.1457122093023256,
  "loss": 2.4281998761864596
}