{
  "em_accuracy": 0.13517441860465115,
  "loss": 2.485354904518571
}