{
  "em_accuracy": 0.13117732558139536,
  "loss": 2.5009713644205136
}