{"model_count": 10, "em_accuracy_mean": 0.13415697674418606, "em_accuracy_std": 0.010106129260349159, "loss_mean": 2.463836537128271, "loss_std": 0.03435129402070124}