{
  "UAS": 0.27016941120720295,
  "LAS": 0.13511432294751807,
  "UEM": 0.014,
  "LEM": 0.004,
  "loss": 3.2718718203287276
}