{
  "UAS": 0.2657268096197133,
  "LAS": 0.13310034356118944,
  "UEM": 0.012,
  "LEM": 0.003,
  "loss": 3.2714136176639133
}