{
  "UAS": 0.25310982111124275,
  "LAS": 0.12403743632271058,
  "UEM": 0.012,
  "LEM": 0.004,
  "loss": 3.3123862856910344
}