{
  "UAS": 0.26394976898471745,
  "LAS": 0.1362397820163488,
  "UEM": 0.01,
  "LEM": 0.003,
  "loss": 3.2867660484616716
}