{
  "accuracy": 0.887434554973822,
  "loss": 0.629531250645717
}