{
    "model_count": 5,
    "UAS_mean": 0.6376145682585624,
    "UAS_std": 0.005755388790129047,
    "LAS_mean": 0.4753617945007236,
    "LAS_std": 0.003736743494128943,
    "UEM_mean": 0.0702,
    "UEM_std": 0.00192353840616713,
    "LEM_mean": 0.0138,
    "LEM_std": 0.0013038404810405296,
    "LOAS_mean": 0.5890135069946937,
    "LOAS_std": 0.0034792100879592136,
    "LOEM_mean": 0.017,
    "LOEM_std": 0.0015811388300841895,
    "loss_mean": 8.87648670015827,
    "loss_std": 0.8096922376055785
}