{
  "UAS": 0.6415822479498312,
  "LAS": 0.47738784370477566,
  "UEM": 0.071,
  "LEM": 0.014,
  "LOAS": 0.5861070911722142,
  "LOEM": 0.018,
  "loss": 9.184963554143906
}