{
  "UAS": 0.6395923781958515,
  "LAS": 0.47395079594790157,
  "UEM": 0.07,
  "LEM": 0.013,
  "LOAS": 0.5865291847563917,
  "LOEM": 0.015,
  "loss": 9.584293645525735
}