{
  "UAS": 0.627713458755427,
  "LAS": 0.4703328509406657,
  "UEM": 0.067,
  "LEM": 0.015,
  "LOAS": 0.5868306801736614,
  "LOEM": 0.019,
  "loss": 9.59132669866085
}