{
  "UAS": 0.6377231066087795,
  "LAS": 0.47485528219971057,
  "UEM": 0.071,
  "LEM": 0.015,
  "LOAS": 0.5932223830197781,
  "LOEM": 0.017,
  "loss": 7.919092312455177
}