{"model_count": 10, "em_accuracy_mean": 0.5845955526909442, "em_accuracy_std": 0.009755988862170127, "loss_mean": 1.5871094653594124, "loss_std": 0.013737669822068777}