{
  "em_accuracy": 0.5874959716403481,
  "loss": 1.5749831113618673
}