{
  "em_accuracy": 0.5968417660328714,
  "loss": 1.5996526737803036
}