{
  "em_accuracy": 0.5771833709313567,
  "loss": 1.586899142289899
}