{
  "em_accuracy": 0.5833064776023204,
  "loss": 1.6059387701073873
}