{
  "em_accuracy": 0.5755720270705769,
  "loss": 1.6033694750254917
}