{
  "UAS": 0.8397168440298157,
  "LAS": 0.7721625802822184,
  "UEM": 0.133,
  "LEM": 0.069,
  "LOAS": 0.8799868735642961,
  "LOEM": 0.153,
  "loss": 3.7161892727017403
}