{
  "UAS": 0.8419670901504852,
  "LAS": 0.7753504289531667,
  "UEM": 0.143,
  "LEM": 0.074,
  "LOAS": 0.8817683184098261,
  "LOEM": 0.161,
  "loss": 3.394970715045929
}