{
  "accuracy": 0.8900523560209425,
  "macro_fscore": 0.8480424008921419,
  "micro_fscore": 0.891566265060241,
  "loss": 0.5816850369980481
}