{
  "accuracy": 0.8979057591623036,
  "macro_fscore": 0.8030159840284286,
  "micro_fscore": 0.8983957219251337,
  "loss": 0.48370139721858624
}