{
  "accuracy": 0.8952879581151832,
  "macro_fscore": 0.8751594660506582,
  "micro_fscore": 0.8960000000000001,
  "loss": 0.6396104878513142
}