{
  "accuracy": 0.9057591623036649,
  "macro_fscore": 0.9024671187250743,
  "micro_fscore": 0.9066666666666666,
  "loss": 0.49809785260731587
}