{
  "accuracy": 0.8868778280542986,
  "macro_fscore": 0.7555923175370867,
  "micro_fscore": 0.8851674641148325,
  "loss": 0.5403751840016672
}