{
  "accuracy": 0.8687782805429864,
  "macro_fscore": 0.7460440572142699,
  "micro_fscore": 0.8639618138424822,
  "loss": 0.7193328523842085
}