{
  "accuracy": 0.8778280542986425,
  "macro_fscore": 0.7533668513212725,
  "micro_fscore": 0.8776978417266188,
  "loss": 0.5117535814642906
}