{
  "UAS": 0.30986800754242616,
  "LAS": 0.19426236868097332,
  "UEM": 0.012012012012012012,
  "LEM": 0.001001001001001001,
  "loss": 3.044056869688488
}