{
  "UAS": 0.28625303043907696,
  "LAS": 0.1731166382329173,
  "UEM": 0.012012012012012012,
  "LEM": 0.002002002002002002,
  "loss": 3.0943580941548423
}