{
  "UAS": 0.3073538654934004,
  "LAS": 0.1908503187572955,
  "UEM": 0.014014014014014014,
  "LEM": 0.002002002002002002,
  "loss": 2.990965247154236
}