{
  "UAS": 0.3032683846637335,
  "LAS": 0.18986262009517824,
  "UEM": 0.012012012012012012,
  "LEM": 0.002002002002002002,
  "loss": 3.109627403910198
}