{
  "UAS": 0.29496273682320195,
  "LAS": 0.17827960851216665,
  "UEM": 0.011011011011011011,
  "LEM": 0.001001001001001001,
  "loss": 3.0820357969829013
}