{
  "accuracy": 0.8928987194412107,
  "macro_fscore": 0.6549402697295225,
  "micro_fscore": 0.8954171562867216,
  "loss": 0.39247458814470854
}