{
  "accuracy": 0.9045401629802096,
  "macro_fscore": 0.6622367223687645,
  "micro_fscore": 0.908235294117647,
  "loss": 0.4496385070529801
}