{
  "accuracy": 0.8859138533178114,
  "macro_fscore": 0.7033202247626857,
  "micro_fscore": 0.8894117647058823,
  "loss": 0.561181453345516
}