{
  "accuracy": 0.8719441210710128,
  "macro_fscore": 0.6176972064010491,
  "micro_fscore": 0.8742655699177437,
  "loss": 0.4369610565266124
}