{
    "model_count": 5,
    "accuracy_mean": 0.8627450980392157,
    "accuracy_std": 0.009854851374031725,
    "macro_fscore_mean": 0.8661060702832698,
    "macro_fscore_std": 0.012632733381161663,
    "micro_fscore_mean": 0.8675944262327827,
    "micro_fscore_std": 0.010979869809146156,
    "label_headquarters_fscore_mean": 0.9703456995267854,
    "label_headquarters_fscore_std": 0.004692502549902172,
    "label_won-award_fscore_mean": 0.943323653425411,
    "label_won-award_fscore_std": 0.008362645058211077,
    "label_invented-when_fscore_mean": 0.970868573269487,
    "label_invented-when_fscore_std": 0.009329839167908426,
    "label_first-product_fscore_mean": 0.9188250566501108,
    "label_first-product_fscore_std": 0.025249425187872716,
    "label_has-edu_fscore_mean": 0.8486966768693557,
    "label_has-edu_fscore_std": 0.020128088414389095,
    "label_has-genre_fscore_mean": 0.8929652280956418,
    "label_has-genre_fscore_std": 0.04049893539074926,
    "label_has-nationality_fscore_mean": 0.17958001472684407,
    "label_has-nationality_fscore_std": 0.09391106029579391,
    "label_movie-has-director_fscore_mean": 0.9688035775836985,
    "label_movie-has-director_fscore_std": 0.01880271419920133,
    "label_from-country_fscore_mean": 0.6397691020142008,
    "label_from-country_fscore_std": 0.04663844033286977,
    "label_invented-by_fscore_mean": 0.9719135178824004,
    "label_invented-by_fscore_std": 0.019178241698532307,
    "label_is-where_fscore_mean": 0.8905264669970552,
    "label_is-where_fscore_std": 0.046060613788183345,
    "label_has-tourist-attraction_fscore_mean": 0.9595918367346938,
    "label_has-tourist-attraction_fscore_std": 0.014003034121149721,
    "label_has-sibling_fscore_mean": 0.9148986124474374,
    "label_has-sibling_fscore_std": 0.034591365482907,
    "label_has-spouse_fscore_mean": 0.9371816962840805,
    "label_has-spouse_fscore_std": 0.01989892349214138,
    "label_has-child_fscore_mean": 0.8788965921296749,
    "label_has-child_fscore_std": 0.05223327031134266,
    "label_event-year_fscore_mean": 0.9418764137571628,
    "label_event-year_fscore_std": 0.02410605223018329,
    "label_is-member-of_fscore_mean": 0.9172534332084894,
    "label_is-member-of_fscore_std": 0.005607147280327448,
    "label_has-type_fscore_mean": 0.7961527193392551,
    "label_has-type_fscore_std": 0.019395204656129875,
    "label_has-highest-mountain_fscore_mean": 0.9878375592661307,
    "label_has-highest-mountain_fscore_std": 0.004609499025973623,
    "label_birth-place_fscore_mean": 0.6276852822815555,
    "label_birth-place_fscore_std": 0.06911184089795903,
    "label_org-has-founder_fscore_mean": 0.7578412293875817,
    "label_org-has-founder_fscore_std": 0.09414491835075973,
    "label_has-parent_fscore_mean": 0.868675641203566,
    "label_has-parent_fscore_std": 0.06568394971363722,
    "label_org-has-member_fscore_mean": 0.9804856281494542,
    "label_org-has-member_fscore_std": 0.010659600910494789,
    "label_has-occupation_fscore_mean": 0.903176446195314,
    "label_has-occupation_fscore_std": 0.011027676393380837,
    "label_has-author_fscore_mean": 0.9854810996563574,
    "label_has-author_fscore_std": 0.005764262310514031,
    "loss_mean": 0.6903390025931665,
    "loss_std": 0.03618712700279037
}