{
  "accuracy": 0.8709150326797386,
  "macro_fscore": 0.872408912794381,
  "micro_fscore": 0.8777162334895612,
  "label_headquarters_fscore": 0.9787234042553191,
  "label_won-award_fscore": 0.9555555555555556,
  "label_invented-when_fscore": 0.9615384615384615,
  "label_first-product_fscore": 0.9074074074074074,
  "label_has-edu_fscore": 0.8666666666666666,
  "label_has-genre_fscore": 0.9032258064516129,
  "label_has-nationality_fscore": 0.1509433962264151,
  "label_movie-has-director_fscore": 0.9795918367346939,
  "label_from-country_fscore": 0.6714285714285714,
  "label_invented-by_fscore": 0.9591836734693877,
  "label_is-where_fscore": 0.8705882352941177,
  "label_has-tourist-attraction_fscore": 0.9591836734693877,
  "label_has-sibling_fscore": 0.8913043478260869,
  "label_has-spouse_fscore": 0.9565217391304348,
  "label_has-child_fscore": 0.8775510204081632,
  "label_event-year_fscore": 0.9195402298850575,
  "label_is-member-of_fscore": 0.9111111111111112,
  "label_has-highest-mountain_fscore": 0.98989898989899,
  "label_birth-place_fscore": 0.6888888888888889,
  "label_org-has-founder_fscore": 0.8604651162790696,
  "label_has-type_fscore": 0.8222222222222222,
  "label_has-parent_fscore": 0.8799999999999999,
  "label_org-has-member_fscore": 0.963855421686747,
  "label_has-occupation_fscore": 0.9056603773584904,
  "label_has-author_fscore": 0.9791666666666666,
  "loss": 0.699109842767939
}