{
  "accuracy": 0.863562091503268,
  "macro_fscore": 0.8665952437024406,
  "micro_fscore": 0.865926558497011,
  "label_headquarters_fscore": 0.967741935483871,
  "label_won-award_fscore": 0.945054945054945,
  "label_invented-when_fscore": 0.9615384615384615,
  "label_has-edu_fscore": 0.853932584269663,
  "label_first-product_fscore": 0.9607843137254902,
  "label_has-genre_fscore": 0.8837209302325582,
  "label_has-nationality_fscore": 0.25000000000000006,
  "label_movie-has-director_fscore": 0.9690721649484536,
  "label_from-country_fscore": 0.6438356164383561,
  "label_invented-by_fscore": 0.9795918367346939,
  "label_is-where_fscore": 0.9010989010989011,
  "label_has-tourist-attraction_fscore": 0.96,
  "label_has-sibling_fscore": 0.9292929292929293,
  "label_has-spouse_fscore": 0.945054945054945,
  "label_has-child_fscore": 0.9,
  "label_event-year_fscore": 0.9411764705882352,
  "label_is-member-of_fscore": 0.9213483146067415,
  "label_has-type_fscore": 0.7741935483870969,
  "label_has-highest-mountain_fscore": 0.9795918367346939,
  "label_birth-place_fscore": 0.5952380952380953,
  "label_org-has-founder_fscore": 0.6666666666666666,
  "label_has-parent_fscore": 0.8529411764705882,
  "label_org-has-member_fscore": 0.9876543209876543,
  "label_has-occupation_fscore": 0.9056603773584904,
  "label_has-author_fscore": 0.9896907216494846,
  "loss": 0.7131095109628393
}