{
  "accuracy": 0.8627450980392157,
  "macro_fscore": 0.8699310476796943,
  "micro_fscore": 0.8677474402730375,
  "label_headquarters_fscore": 0.968421052631579,
  "label_won-award_fscore": 0.9347826086956522,
  "label_invented-when_fscore": 0.98,
  "label_first-product_fscore": 0.923076923076923,
  "label_has-edu_fscore": 0.8666666666666666,
  "label_has-genre_fscore": 0.8292682926829268,
  "label_has-nationality_fscore": 0.1754385964912281,
  "label_movie-has-director_fscore": 0.9361702127659575,
  "label_from-country_fscore": 0.638888888888889,
  "label_invented-by_fscore": 1.0,
  "label_is-where_fscore": 0.9647058823529412,
  "label_has-tourist-attraction_fscore": 0.9795918367346939,
  "label_has-sibling_fscore": 0.9387755102040817,
  "label_has-spouse_fscore": 0.9462365591397849,
  "label_has-child_fscore": 0.9090909090909091,
  "label_event-year_fscore": 0.9523809523809523,
  "label_is-member-of_fscore": 0.9213483146067415,
  "label_has-type_fscore": 0.78,
  "label_has-highest-mountain_fscore": 0.98989898989899,
  "label_birth-place_fscore": 0.6590909090909091,
  "label_org-has-founder_fscore": 0.684931506849315,
  "label_has-parent_fscore": 0.8985507246376813,
  "label_org-has-member_fscore": 0.975609756097561,
  "label_has-occupation_fscore": 0.9056603773584904,
  "label_has-author_fscore": 0.9896907216494846,
  "loss": 0.6853852487991673
}