{
  "accuracy": 0.8700980392156863,
  "macro_fscore": 0.8770362307477604,
  "micro_fscore": 0.876328091797705,
  "label_headquarters_fscore": 0.968421052631579,
  "label_won-award_fscore": 0.945054945054945,
  "label_invented-when_fscore": 0.9803921568627451,
  "label_has-edu_fscore": 0.8351648351648351,
  "label_has-genre_fscore": 0.9111111111111111,
  "label_first-product_fscore": 0.8971962616822429,
  "label_has-nationality_fscore": 0.2807017543859649,
  "label_movie-has-director_fscore": 0.9795918367346939,
  "label_from-country_fscore": 0.6818181818181818,
  "label_invented-by_fscore": 0.9504950495049506,
  "label_is-where_fscore": 0.8444444444444444,
  "label_has-tourist-attraction_fscore": 0.9400000000000001,
  "label_has-sibling_fscore": 0.9484536082474226,
  "label_has-spouse_fscore": 0.9333333333333332,
  "label_has-child_fscore": 0.9183673469387754,
  "label_event-year_fscore": 0.9767441860465117,
  "label_is-member-of_fscore": 0.9213483146067415,
  "label_org-has-founder_fscore": 0.7200000000000001,
  "label_has-highest-mountain_fscore": 0.98989898989899,
  "label_has-type_fscore": 0.8043478260869565,
  "label_birth-place_fscore": 0.673469387755102,
  "label_has-parent_fscore": 0.9444444444444444,
  "label_org-has-member_fscore": 0.9876543209876543,
  "label_has-occupation_fscore": 0.9142857142857144,
  "label_has-author_fscore": 0.9791666666666666,
  "loss": 0.6308682673586556
}