{
  "accuracy": 0.8461538461538461,
  "macro_fscore": 0.68973783923074,
  "micro_fscore": 0.8463356973995272,
  "loss": 0.5619519634970597
}