{
  "UAS": 0.6834498282194053,
  "LAS": 0.4853690321052008,
  "UEM": 0.062,
  "LEM": 0.015,
  "LOAS": 0.6274138135292027,
  "LOEM": 0.022,
  "loss": 9.426815450191498
}