{
  "UAS": 0.6874777869920625,
  "LAS": 0.49703826560834025,
  "UEM": 0.062,
  "LEM": 0.016,
  "LOAS": 0.6405046795403389,
  "LOEM": 0.024,
  "loss": 7.3444544449448586
}