{
  "UAS": 0.6852268688544011,
  "LAS": 0.49194408245468546,
  "UEM": 0.059,
  "LEM": 0.013,
  "LOAS": 0.6349366188840185,
  "LOEM": 0.02,
  "loss": 7.646540865302086
}