{
    "model_count": 5,
    "UAS_mean": 0.6867432768629309,
    "UAS_std": 0.0026601585396117964,
    "LAS_mean": 0.4944082454685464,
    "LAS_std": 0.0058947592378223584,
    "UEM_mean": 0.061,
    "UEM_std": 0.0014142135623730963,
    "LEM_mean": 0.015,
    "LEM_std": 0.0012247448713915894,
    "LOAS_mean": 0.637021679895747,
    "LOAS_std": 0.005981735697482957,
    "LOEM_mean": 0.0226,
    "LOEM_std": 0.0016733200530681513,
    "loss_mean": 8.156395493778918,
    "loss_std": 0.7961684017973297
}