{
  "em_accuracy": 0.5681598453109894,
  "loss": 1.518678995751843
}