{
  "em_accuracy": 0.5858846277795682,
  "loss": 1.521537720542593
}