{
  "em_accuracy": 0.5552690944247503,
  "loss": 1.545416661144532
}