{
  "em_accuracy": 0.573638414437641,
  "loss": 1.531865529178344
}