{
  "em_accuracy": 0.5713825330325492,
  "loss": 1.5184781194962178
}