{
  "em_accuracy": 0.5891073155011279,
  "loss": 1.506200446295984
}