{
  "em_accuracy": 0.5887850467289719,
  "loss": 1.514951842961852
}