{
    "model_count": 5,
    "accuracy_mean": 0.987172653945919,
    "accuracy_std": 0.01092618158770467,
    "macro_fscore_mean": 0.9301725982257067,
    "macro_fscore_std": 0.057219518029974506,
    "micro_fscore_mean": 0.9619452615842445,
    "micro_fscore_std": 0.03249303414829499,
    "label_org:website_fscore_mean": 0.9957441992076966,
    "label_org:website_fscore_std": 0.005828044807353211,
    "label_org:alternate_names_fscore_mean": 0.9653270095266439,
    "label_org:alternate_names_fscore_std": 0.030157702285339462,
    "label_per:date_of_death_fscore_mean": 0.9398125761262777,
    "label_per:date_of_death_fscore_std": 0.03340172403896035,
    "label_per:schools_attended_fscore_mean": 0.9642372755048811,
    "label_per:schools_attended_fscore_std": 0.04005153176757112,
    "label_per:age_fscore_mean": 0.9891636295989836,
    "label_per:age_fscore_std": 0.00786275755425482,
    "label_per:origin_fscore_mean": 0.9314848546061409,
    "label_per:origin_fscore_std": 0.0560331602762718,
    "label_per:country_of_birth_fscore_mean": 0.8148632450691947,
    "label_per:country_of_birth_fscore_std": 0.11367913643315003,
    "label_per:country_of_death_fscore_mean": 0.46,
    "label_per:country_of_death_fscore_std": 0.4560701700396552,
    "label_org:members_fscore_mean": 0.8873829086966664,
    "label_org:members_fscore_std": 0.10624832234494233,
    "label_per:charges_fscore_mean": 0.9692577440093513,
    "label_per:charges_fscore_std": 0.04246367668082253,
    "label_per:alternate_names_fscore_mean": 0.9559721824464937,
    "label_per:alternate_names_fscore_std": 0.0350029643525843,
    "label_org:founded_by_fscore_mean": 0.9361061078651027,
    "label_org:founded_by_fscore_std": 0.05497660720124386,
    "label_per:city_of_death_fscore_mean": 0.9233107884756375,
    "label_per:city_of_death_fscore_std": 0.0464436326893039,
    "label_per:cities_of_residence_fscore_mean": 0.9587518306287847,
    "label_per:cities_of_residence_fscore_std": 0.04303072782465414,
    "label_per:stateorprovinces_of_residence_fscore_mean": 0.9610385044409031,
    "label_per:stateorprovinces_of_residence_fscore_std": 0.03699701444048278,
    "label_per:other_family_fscore_mean": 0.8860429945827704,
    "label_per:other_family_fscore_std": 0.09574719592249921,
    "label_per:stateorprovince_of_birth_fscore_mean": 0.8855619935619936,
    "label_per:stateorprovince_of_birth_fscore_std": 0.09201189908609102,
    "label_per:siblings_fscore_mean": 0.9458797746779393,
    "label_per:siblings_fscore_std": 0.05558332386421269,
    "label_per:parents_fscore_mean": 0.9263455063455063,
    "label_per:parents_fscore_std": 0.0356327620270754,
    "label_per:spouse_fscore_mean": 0.9412856225331054,
    "label_per:spouse_fscore_std": 0.03955059776086282,
    "label_org:top_members/employees_fscore_mean": 0.9821824451602287,
    "label_org:top_members/employees_fscore_std": 0.01737628886271259,
    "label_org:founded_fscore_mean": 0.9655784794868483,
    "label_org:founded_fscore_std": 0.04103542238380432,
    "label_per:children_fscore_mean": 0.9198152882582893,
    "label_per:children_fscore_std": 0.04528339005697138,
    "label_per:stateorprovince_of_death_fscore_mean": 0.9181982936699918,
    "label_per:stateorprovince_of_death_fscore_std": 0.06207886790056643,
    "label_org:dissolved_fscore_mean": 0.971304347826087,
    "label_org:dissolved_fscore_std": 0.044082754280475034,
    "label_per:countries_of_residence_fscore_mean": 0.9246685825274757,
    "label_per:countries_of_residence_fscore_std": 0.06188484512773342,
    "label_org:subsidiaries_fscore_mean": 0.9248749362692391,
    "label_org:subsidiaries_fscore_std": 0.08348046770180592,
    "label_org:member_of_fscore_mean": 0.8777867746288799,
    "label_org:member_of_fscore_std": 0.18917445642480657,
    "label_org:political/religious_affiliation_fscore_mean": 0.9664766698744047,
    "label_org:political/religious_affiliation_fscore_std": 0.04228908746182583,
    "label_per:title_fscore_mean": 0.9869124546015096,
    "label_per:title_fscore_std": 0.009670699990890654,
    "label_org:country_of_headquarters_fscore_mean": 0.9448207805876977,
    "label_org:country_of_headquarters_fscore_std": 0.058460518045490094,
    "label_org:stateorprovince_of_headquarters_fscore_mean": 0.944238538721887,
    "label_org:stateorprovince_of_headquarters_fscore_std": 0.07497741604077686,
    "label_org:shareholders_fscore_mean": 0.8867188367188367,
    "label_org:shareholders_fscore_std": 0.12948383055277785,
    "label_per:cause_of_death_fscore_mean": 0.9854788665330484,
    "label_per:cause_of_death_fscore_std": 0.011957935640742922,
    "label_per:city_of_birth_fscore_mean": 0.9100405693597182,
    "label_per:city_of_birth_fscore_std": 0.045249157817861936,
    "label_org:number_of_employees/members_fscore_mean": 0.9599654656383102,
    "label_org:number_of_employees/members_fscore_std": 0.03504810344009184,
    "label_per:religion_fscore_mean": 0.9843044910271801,
    "label_per:religion_fscore_std": 0.01619031787525836,
    "label_per:date_of_birth_fscore_mean": 0.977617881200245,
    "label_per:date_of_birth_fscore_std": 0.02098595797034295,
    "label_org:parents_fscore_mean": 0.9208219275113488,
    "label_org:parents_fscore_std": 0.08042683462137924,
    "label_org:city_of_headquarters_fscore_mean": 0.9726868755726471,
    "label_org:city_of_headquarters_fscore_std": 0.02525656281754654,
    "label_per:employee_of_fscore_mean": 0.975015274176033,
    "label_per:employee_of_fscore_std": 0.018330803203214497,
    "loss_mean": 0.040688538328667236,
    "loss_std": 0.03473868792031811
}