{
  "accuracy": 0.9838325693778204,
  "macro_fscore": 0.9053226750922756,
  "micro_fscore": 0.9520601192018658,
  "label_org:website_fscore": 0.9894736842105264,
  "label_org:alternate_names_fscore": 0.9350649350649352,
  "label_per:date_of_death_fscore": 0.9401709401709402,
  "label_per:schools_attended_fscore": 0.9481481481481481,
  "label_per:age_fscore": 0.9801699716713881,
  "label_per:origin_fscore": 0.8982456140350877,
  "label_per:country_of_birth_fscore": 0.6666666666666666,
  "label_per:country_of_death_fscore": 0,
  "label_org:members_fscore": 0.8507462686567165,
  "label_per:charges_fscore": 0.9152542372881356,
  "label_per:alternate_names_fscore": 0.9620253164556962,
  "label_org:founded_by_fscore": 0.9411764705882353,
  "label_per:city_of_death_fscore": 0.9041095890410958,
  "label_per:cities_of_residence_fscore": 0.964071856287425,
  "label_per:stateorprovinces_of_residence_fscore": 0.9539473684210527,
  "label_per:other_family_fscore": 0.8345323741007195,
  "label_per:stateorprovince_of_birth_fscore": 0.888888888888889,
  "label_per:siblings_fscore": 0.9142857142857143,
  "label_per:parents_fscore": 0.9333333333333332,
  "label_per:spouse_fscore": 0.9008264462809916,
  "label_org:top_members/employees_fscore": 0.9767995240928019,
  "label_org:founded_fscore": 0.9655172413793104,
  "label_per:children_fscore": 0.9461077844311376,
  "label_per:stateorprovince_of_death_fscore": 0.9230769230769231,
  "label_org:dissolved_fscore": 1.0,
  "label_per:countries_of_residence_fscore": 0.8752941176470589,
  "label_org:subsidiaries_fscore": 0.924901185770751,
  "label_org:member_of_fscore": 0.8666666666666666,
  "label_org:political/religious_affiliation_fscore": 0.9629629629629629,
  "label_per:title_fscore": 0.9809390980939099,
  "label_org:country_of_headquarters_fscore": 0.948905109489051,
  "label_org:stateorprovince_of_headquarters_fscore": 0.9288702928870293,
  "label_org:shareholders_fscore": 0.8888888888888888,
  "label_per:cause_of_death_fscore": 0.9896907216494846,
  "label_per:city_of_birth_fscore": 0.88,
  "label_org:number_of_employees/members_fscore": 0.9428571428571428,
  "label_per:religion_fscore": 0.9615384615384615,
  "label_per:date_of_birth_fscore": 0.9722222222222222,
  "label_org:parents_fscore": 0.9059233449477352,
  "label_org:city_of_headquarters_fscore": 0.9793510324483775,
  "label_per:employee_of_fscore": 0.9765791341376863,
  "loss": 0.04891405267997805
}