{
  "accuracy": 0.9917919198379703,
  "macro_fscore": 0.9525594197455299,
  "micro_fscore": 0.9761512444714249,
  "label_org:website_fscore": 0.989247311827957,
  "label_org:alternate_names_fscore": 0.9684210526315788,
  "label_per:date_of_death_fscore": 0.9310344827586207,
  "label_per:schools_attended_fscore": 0.9857142857142858,
  "label_per:age_fscore": 0.9971181556195965,
  "label_per:origin_fscore": 0.9614035087719299,
  "label_per:country_of_birth_fscore": 0.8571428571428571,
  "label_per:country_of_death_fscore": 0.5,
  "label_org:members_fscore": 0.9452054794520548,
  "label_per:charges_fscore": 1.0,
  "label_per:alternate_names_fscore": 0.9743589743589743,
  "label_org:founded_by_fscore": 0.9320388349514563,
  "label_per:city_of_death_fscore": 0.9736842105263158,
  "label_per:cities_of_residence_fscore": 0.9880239520958084,
  "label_per:stateorprovinces_of_residence_fscore": 0.9704918032786884,
  "label_per:other_family_fscore": 0.9056603773584905,
  "label_per:stateorprovince_of_birth_fscore": 0.9230769230769231,
  "label_per:siblings_fscore": 0.9793103448275863,
  "label_per:parents_fscore": 0.9481481481481481,
  "label_per:spouse_fscore": 0.9661016949152543,
  "label_org:top_members/employees_fscore": 0.9892729439809297,
  "label_org:founded_fscore": 0.9777777777777777,
  "label_per:children_fscore": 0.9222222222222222,
  "label_org:dissolved_fscore": 1.0,
  "label_per:stateorprovince_of_death_fscore": 0.9285714285714286,
  "label_per:countries_of_residence_fscore": 0.9593908629441624,
  "label_org:subsidiaries_fscore": 0.9578544061302682,
  "label_org:member_of_fscore": 1.0,
  "label_org:political/religious_affiliation_fscore": 0.9873417721518987,
  "label_per:title_fscore": 0.9915730337078652,
  "label_org:country_of_headquarters_fscore": 0.9728395061728395,
  "label_org:stateorprovince_of_headquarters_fscore": 0.9865470852017937,
  "label_org:shareholders_fscore": 0.9166666666666667,
  "label_per:cause_of_death_fscore": 0.9795918367346939,
  "label_per:city_of_birth_fscore": 0.9361702127659575,
  "label_org:number_of_employees/members_fscore": 0.9589041095890412,
  "label_per:religion_fscore": 0.9795918367346939,
  "label_per:date_of_birth_fscore": 0.9855072463768115,
  "label_org:parents_fscore": 0.9705882352941176,
  "label_org:city_of_headquarters_fscore": 0.9793510324483775,
  "label_per:employee_of_fscore": 0.9789915966386555,
  "loss": 0.02683329317532473
}