{
  "accuracy": 0.9695839107415698,
  "macro_fscore": 0.8416546654897377,
  "micro_fscore": 0.9095103819533452,
  "label_org:website_fscore": 1.0,
  "label_org:alternate_names_fscore": 0.9339207048458149,
  "label_per:date_of_death_fscore": 0.888888888888889,
  "label_per:schools_attended_fscore": 0.9014084507042254,
  "label_per:age_fscore": 0.9828571428571428,
  "label_per:origin_fscore": 0.8487084870848708,
  "label_per:country_of_birth_fscore": 0.7368421052631579,
  "label_per:country_of_death_fscore": 0,
  "label_org:members_fscore": 0.7189542483660132,
  "label_per:charges_fscore": 0.9310344827586207,
  "label_per:alternate_names_fscore": 0.8941176470588236,
  "label_org:founded_by_fscore": 0.8461538461538461,
  "label_per:city_of_death_fscore": 0.8533333333333334,
  "label_per:cities_of_residence_fscore": 0.8833333333333334,
  "label_per:stateorprovinces_of_residence_fscore": 0.9006211180124224,
  "label_per:other_family_fscore": 0.7480916030534351,
  "label_per:stateorprovince_of_birth_fscore": 0.7272727272727274,
  "label_per:siblings_fscore": 0.863013698630137,
  "label_per:parents_fscore": 0.8636363636363636,
  "label_per:spouse_fscore": 0.8959276018099548,
  "label_org:top_members/employees_fscore": 0.9543325526932085,
  "label_org:founded_fscore": 0.8958333333333333,
  "label_per:children_fscore": 0.8409090909090908,
  "label_per:stateorprovince_of_death_fscore": 0.8148148148148148,
  "label_org:dissolved_fscore": 0.9,
  "label_per:countries_of_residence_fscore": 0.8416075650118204,
  "label_org:subsidiaries_fscore": 0.7811447811447811,
  "label_org:member_of_fscore": 0.5538461538461538,
  "label_org:political/religious_affiliation_fscore": 0.8947368421052632,
  "label_per:title_fscore": 0.9728971962616824,
  "label_org:country_of_headquarters_fscore": 0.8440366972477066,
  "label_org:stateorprovince_of_headquarters_fscore": 0.8191881918819188,
  "label_org:shareholders_fscore": 0.6666666666666666,
  "label_per:cause_of_death_fscore": 0.968421052631579,
  "label_per:city_of_birth_fscore": 0.846153846153846,
  "label_org:number_of_employees/members_fscore": 0.911764705882353,
  "label_per:religion_fscore": 0.9803921568627451,
  "label_per:date_of_birth_fscore": 0.9444444444444445,
  "label_org:parents_fscore": 0.7859922178988328,
  "label_org:city_of_headquarters_fscore": 0.9283667621776505,
  "label_per:employee_of_fscore": 0.9441764300482426,
  "loss": 0.09748600321302202
}