{
  "accuracy": 0.8597285067873304,
  "macro_fscore": 0.7378165834317505,
  "micro_fscore": 0.8571428571428571,
  "loss": 0.5362947528649654
}