{
  "accuracy": 0.8416289592760181,
  "macro_fscore": 0.6784056490109656,
  "micro_fscore": 0.836104513064133,
  "loss": 0.5824414257492337
}