{
  "accuracy": 0.8642533936651584,
  "macro_fscore": 0.6937875824785108,
  "micro_fscore": 0.8652482269503546,
  "loss": 0.5777144682194505
}