{
  "UAS": 0.27160180306012316,
  "LAS": 0.1629102914100692,
  "UEM": 0.0033500837520938024,
  "LEM": 0.0016750418760469012,
  "loss": 2.9159132493169686
}