{
  "UAS": 0.25731699574630185,
  "LAS": 0.15497428734683513,
  "UEM": 0.0033500837520938024,
  "LEM": 0.0016750418760469012,
  "loss": 2.967480596743132
}