{
  "UAS": 0.27376039616532283,
  "LAS": 0.16659259729540982,
  "UEM": 0.0033500837520938024,
  "LEM": 0.0016750418760469012,
  "loss": 2.9553369660126534
}