{
    "model_count": 5,
    "UAS_mean": 0.7603007083995952,
    "UAS_std": 0.0059562497780621644,
    "LAS_mean": 0.5911715098067563,
    "LAS_std": 0.0097491076115196,
    "UEM_mean": 0.106,
    "UEM_std": 0.0029154759474226528,
    "LEM_mean": 0.0136,
    "LEM_std": 0.0024083189157584595,
    "LOAS_mean": 0.7010746470049636,
    "LOAS_std": 0.011334030859688598,
    "LOEM_mean": 0.021,
    "LOEM_std": 0.004527692569068708,
    "loss_mean": 7.115101936459541,
    "loss_std": 1.1288401104367185
}