{
  "UAS": 0.7574092814804105,
  "LAS": 0.591104043178642,
  "UEM": 0.104,
  "LEM": 0.015,
  "LOAS": 0.7014601705941882,
  "LOEM": 0.022,
  "loss": 9.037486851215363
}