{
  "accuracy": 0.9107266435986159,
  "macro_fscore": 0.6374119242242657,
  "micro_fscore": 0.9268985095812633,
  "loss": 0.34901061006258804
}