{
  "UAS": 0.6318740955137482,
  "LAS": 0.46146888567293776,
  "UEM": 0.081,
  "LEM": 0.016,
  "LOAS": 0.5868306801736614,
  "LOEM": 0.018,
  "loss": 8.667184993624687
}