{
  "UAS": 0.6245176073323685,
  "LAS": 0.46484563434635795,
  "UEM": 0.088,
  "LEM": 0.017,
  "LOAS": 0.5953328509406657,
  "LOEM": 0.02,
  "loss": 9.632461220026016
}