{
  "UAS": 0.6357332368547998,
  "LAS": 0.4620718765074771,
  "UEM": 0.082,
  "LEM": 0.014,
  "LOAS": 0.5826700434153401,
  "LOEM": 0.015,
  "loss": 9.663117095828056
}