{
  "UAS": 0.6431500241196334,
  "LAS": 0.47075494452484323,
  "UEM": 0.099,
  "LEM": 0.016,
  "LOAS": 0.5902074288470815,
  "LOEM": 0.019,
  "loss": 9.125692807137966
}