{
  "em_accuracy": 0.5994550408719346,
  "loss": 1.4816236026261165
}