{
  "em_accuracy": 0.6001362397820164,
  "loss": 1.4809434226025706
}