{
    "model_count": 5,
    "em_accuracy_mean": 0.46167956434508456,
    "em_accuracy_std": 0.005896195297505893,
    "loss_mean": 0.0,
    "loss_std": 0.0
}