{
  "em_accuracy": 0.22601744186046513,
  "loss": 2.339363597853239
}