{
  "em_accuracy": 0.22565406976744187,
  "loss": 2.3234481672907985
}