{
  "em_accuracy": 0.19295058139534885,
  "loss": 2.4671554482260416
}