{
  "em_accuracy": 0.20130813953488372,
  "loss": 2.429249103679213
}