{
  "em_accuracy": 0.22347383720930233,
  "loss": 2.3604077918584956
}