{
  "accuracy": 0.837696335078534,
  "loss": 0.7265240748723348
}