{
  "accuracy": 0.8638743455497382,
  "loss": 0.5950397426883379
}