{
  "accuracy": 0.7592592592592593,
  "macro_fscore": 0.2760258358662614,
  "micro_fscore": 0.7766990291262137,
  "loss": 1.711440350328173
}