{
  "accuracy": 0.8148148148148148,
  "macro_fscore": 0.31224489795918364,
  "micro_fscore": 0.8235294117647058,
  "loss": 1.1946262291499548
}