{
  "accuracy": 0.8620689655172413,
  "macro_fscore": 0.772528921172989,
  "micro_fscore": 0.8928571428571429,
  "loss": 0.5645526051521301
}