{
  "accuracy": 0.9195402298850575,
  "macro_fscore": 0.7012896825396826,
  "micro_fscore": 0.9302325581395349,
  "loss": 0.35821805397669476
}