{
  "accuracy": 0.8504347826086956,
  "macro_fscore": 0.8496750368654827,
  "micro_fscore": 0.8524440383736867,
  "label_first-product_fscore": 0.9306930693069307,
  "label_has-tourist-attraction_fscore": 0.9803921568627451,
  "label_has-highest-mountain_fscore": 0.98989898989899,
  "label_has-nationality_fscore": 0.5095541401273884,
  "label_won-award_fscore": 0.9591836734693877,
  "label_from-country_fscore": 0.20588235294117646,
  "label_invented-by_fscore": 0.99009900990099,
  "label_is-where_fscore": 0.8979591836734694,
  "label_has-genre_fscore": 0.7407407407407407,
  "label_org-has-member_fscore": 0.9514563106796116,
  "label_invented-when_fscore": 0.99009900990099,
  "label_has-occupation_fscore": 0.9306930693069307,
  "label_headquarters_fscore": 0.9387755102040817,
  "label_has-sibling_fscore": 0.7906976744186047,
  "label_movie-has-director_fscore": 0.98989898989899,
  "label_org-has-founder_fscore": 0.9473684210526316,
  "label_has-child_fscore": 0.8571428571428572,
  "label_birth-place_fscore": 0.5789473684210525,
  "label_has-parent_fscore": 0.9142857142857144,
  "label_has-type_fscore": 0.72,
  "label_is-member-of_fscore": 0.98,
  "label_has-spouse_fscore": 0.8990825688073395,
  "loss": 0.771343200199125
}