{
  "accuracy": 0.8356521739130435,
  "macro_fscore": 0.8423696395016975,
  "micro_fscore": 0.8337899543378995,
  "label_first-product_fscore": 0.9690721649484536,
  "label_has-tourist-attraction_fscore": 0.96,
  "label_has-highest-mountain_fscore": 0.9803921568627451,
  "label_has-nationality_fscore": 0.5285714285714286,
  "label_won-award_fscore": 0.9583333333333334,
  "label_from-country_fscore": 0.27906976744186046,
  "label_invented-by_fscore": 1.0,
  "label_is-where_fscore": 0.888888888888889,
  "label_has-genre_fscore": 0.8045977011494254,
  "label_org-has-member_fscore": 0.9607843137254902,
  "label_invented-when_fscore": 1.0,
  "label_has-occupation_fscore": 0.94,
  "label_headquarters_fscore": 0.96,
  "label_has-sibling_fscore": 0.9514563106796116,
  "label_movie-has-director_fscore": 0.9795918367346939,
  "label_org-has-founder_fscore": 0.43750000000000006,
  "label_has-child_fscore": 0.9263157894736842,
  "label_birth-place_fscore": 0.5714285714285714,
  "label_has-parent_fscore": 0.8764044943820225,
  "label_has-type_fscore": 0.7474747474747474,
  "label_is-member-of_fscore": 0.9803921568627451,
  "label_has-spouse_fscore": 0.831858407079646,
  "loss": 1.081164885014813
}