{
  "accuracy": 0.8478260869565217,
  "macro_fscore": 0.8506628191653399,
  "micro_fscore": 0.8484018264840183,
  "label_first-product_fscore": 0.9263157894736842,
  "label_has-tourist-attraction_fscore": 0.98989898989899,
  "label_has-highest-mountain_fscore": 0.9803921568627451,
  "label_has-nationality_fscore": 0.5333333333333334,
  "label_won-award_fscore": 0.9583333333333334,
  "label_from-country_fscore": 0.23529411764705882,
  "label_invented-by_fscore": 0.99009900990099,
  "label_is-where_fscore": 0.924731182795699,
  "label_has-genre_fscore": 0.6753246753246753,
  "label_org-has-member_fscore": 0.9514563106796116,
  "label_invented-when_fscore": 0.9803921568627451,
  "label_has-occupation_fscore": 0.9215686274509804,
  "label_headquarters_fscore": 0.9803921568627451,
  "label_has-sibling_fscore": 0.8444444444444444,
  "label_movie-has-director_fscore": 0.9795918367346939,
  "label_org-has-founder_fscore": 0.888888888888889,
  "label_has-child_fscore": 0.8543689320388349,
  "label_birth-place_fscore": 0.5866666666666667,
  "label_has-parent_fscore": 0.9375,
  "label_has-type_fscore": 0.7272727272727272,
  "label_is-member-of_fscore": 0.9803921568627451,
  "label_has-spouse_fscore": 0.8679245283018867,
  "loss": 0.8657936015644938
}