{
    "model_count": 5,
    "UAS_mean": 0.6696737506626187,
    "UAS_std": 0.005297070792278885,
    "LAS_mean": 0.508958604404607,
    "LAS_std": 0.008518034977545542,
    "UEM_mean": 0.0234,
    "UEM_std": 0.008792041856133307,
    "LEM_mean": 0.0046,
    "LEM_std": 0.0008944271909999159,
    "LOAS_mean": 0.6680545515878753,
    "LOAS_std": 0.009811071179298343,
    "LOEM_mean": 0.0108,
    "LOEM_std": 0.0021679483388678798,
    "loss_mean": 8.164166170358659,
    "loss_std": 1.0005189472337204
}