{
  "UAS": 0.669991807623729,
  "LAS": 0.5087947568791865,
  "UEM": 0.02,
  "LEM": 0.006,
  "LOAS": 0.6689798082020144,
  "LOEM": 0.012,
  "loss": 6.572860613465309
}