{
  "UAS": 0.6671485711531975,
  "LAS": 0.49539781215363116,
  "UEM": 0.021,
  "LEM": 0.004,
  "LOAS": 0.6545708640547443,
  "LOEM": 0.008,
  "loss": 9.105635404586792
}