{
  "accuracy": 0.9032527105921602,
  "macro_fscore": 0.6507598079099183,
  "micro_fscore": 0.9051833122629583,
  "loss": 0.44884426227149865
}