{
  "accuracy": 0.8899082568807339,
  "macro_fscore": 0.6251661034375955,
  "micro_fscore": 0.8925410872313527,
  "loss": 0.4372074294586976
}