{
  "accuracy": 0.9090909090909091,
  "macro_fscore": 0.6420609806209283,
  "micro_fscore": 0.9112326461926799,
  "loss": 0.36662793091808754
}