{
  "accuracy": 0.896580483736447,
  "macro_fscore": 0.6066813443950537,
  "micro_fscore": 0.903471634208298,
  "loss": 0.373086205398043
}