{
    "model_count": 3,
    "accuracy_mean": 0.6367713004484306,
    "accuracy_std": 0.0294055539206368,
    "macro_fscore_mean": 0.5815282183703236,
    "macro_fscore_std": 0.04656422017733621,
    "micro_fscore_mean": 0.6483262108262108,
    "micro_fscore_std": 0.03413095083076321,
    "label_org:dissolved_fscore_mean": 0,
    "label_org:dissolved_fscore_std": 0.0,
    "label_per:charges_fscore_mean": 0.8372183372183372,
    "label_per:charges_fscore_std": 0.07001096072626298,
    "label_per:spouse_fscore_mean": 0.8571428571428571,
    "label_per:spouse_fscore_std": 0.0,
    "label_per:date_of_birth_fscore_mean": 0.9090909090909091,
    "label_per:date_of_birth_fscore_std": 0.0,
    "label_per:schools_attended_fscore_mean": 0.8425925925925926,
    "label_per:schools_attended_fscore_std": 0.08018753738744812,
    "label_per:children_fscore_mean": 0.7301587301587301,
    "label_per:children_fscore_std": 0.109971479845643,
    "label_per:cause_of_death_fscore_mean": 0.923076923076923,
    "label_per:cause_of_death_fscore_std": 0.0,
    "label_org:stateorprovince_of_headquarters_fscore_mean": 0.13333333333333333,
    "label_org:stateorprovince_of_headquarters_fscore_std": 0.23094010767585033,
    "label_per:other_family_fscore_mean": 0.19999999999999998,
    "label_per:other_family_fscore_std": 0.17638342073763938,
    "label_org:alternate_names_fscore_mean": 0.538961038961039,
    "label_org:alternate_names_fscore_std": 0.03615431404435077,
    "label_org:website_fscore_mean": 1.0,
    "label_org:website_fscore_std": 0.0,
    "label_per:country_of_birth_fscore_mean": 0.6666666666666666,
    "label_per:country_of_birth_fscore_std": 0.0,
    "label_per:date_of_death_fscore_mean": 0.7111111111111111,
    "label_per:date_of_death_fscore_std": 0.07698003589195015,
    "label_org:political/religious_affiliation_fscore_mean": 0.9267399267399267,
    "label_org:political/religious_affiliation_fscore_std": 0.07149897910601884,
    "label_per:city_of_birth_fscore_mean": 0.1111111111111111,
    "label_per:city_of_birth_fscore_std": 0.19245008972987526,
    "label_per:religion_fscore_mean": 0.7777777777777778,
    "label_per:religion_fscore_std": 0.1924500897298753,
    "label_per:age_fscore_mean": 0.9473684210526316,
    "label_per:age_fscore_std": 0.0,
    "label_org:city_of_headquarters_fscore_mean": 0.5622710622710623,
    "label_org:city_of_headquarters_fscore_std": 0.05823484650397303,
    "label_per:title_fscore_mean": 0.6262626262626262,
    "label_per:title_fscore_std": 0.06998185081086361,
    "label_per:parents_fscore_mean": 0.7985347985347986,
    "label_per:parents_fscore_std": 0.05075606762106595,
    "label_per:stateorprovince_of_birth_fscore_mean": 0,
    "label_per:stateorprovince_of_birth_fscore_std": 0.0,
    "label_per:city_of_death_fscore_mean": 0.7936507936507936,
    "label_per:city_of_death_fscore_std": 0.109971479845643,
    "label_per:stateorprovince_of_death_fscore_mean": 0.26666666666666666,
    "label_per:stateorprovince_of_death_fscore_std": 0.46188021535170065,
    "label_org:founded_fscore_mean": 0.8363636363636364,
    "label_org:founded_fscore_std": 0.06298366572977732,
    "label_org:member_of_fscore_mean": 0.5174603174603174,
    "label_org:member_of_fscore_std": 0.2034472377144395,
    "label_per:employee_of_fscore_mean": 0.493987493987494,
    "label_per:employee_of_fscore_std": 0.2500365235229919,
    "label_per:alternate_names_fscore_mean": 0.4,
    "label_per:alternate_names_fscore_std": 0.17320508075688773,
    "label_per:countries_of_residence_fscore_mean": 0.5023310023310024,
    "label_per:countries_of_residence_fscore_std": 0.042006576435757774,
    "label_per:cities_of_residence_fscore_mean": 0.3497835497835498,
    "label_per:cities_of_residence_fscore_std": 0.058388624415886964,
    "label_org:shareholders_fscore_mean": 0.16666666666666666,
    "label_org:shareholders_fscore_std": 0.2886751345948129,
    "label_per:origin_fscore_mean": 0.2619047619047619,
    "label_per:origin_fscore_std": 0.020619652471058084,
    "label_org:founded_by_fscore_mean": 0.8121212121212121,
    "label_org:founded_by_fscore_std": 0.0915131446699485,
    "label_org:top_members/employees_fscore_mean": 0.6424242424242425,
    "label_org:top_members/employees_fscore_std": 0.09921639723481758,
    "label_org:number_of_employees/members_fscore_mean": 0.9166666666666666,
    "label_org:number_of_employees/members_fscore_std": 0.14433756729740652,
    "label_org:members_fscore_mean": 0.537037037037037,
    "label_org:members_fscore_std": 0.11564811108145172,
    "label_per:siblings_fscore_mean": 0.8053872053872054,
    "label_per:siblings_fscore_std": 0.08094264889598235,
    "label_per:stateorprovinces_of_residence_fscore_mean": 0.4666666666666667,
    "label_per:stateorprovinces_of_residence_fscore_std": 0.17638342073763932,
    "label_org:country_of_headquarters_fscore_mean": 0.6666666666666667,
    "label_org:country_of_headquarters_fscore_std": 0.16495721976846442,
    "label_org:subsidiaries_fscore_mean": 0.5925925925925926,
    "label_org:subsidiaries_fscore_std": 0.12830005981991682,
    "label_org:parents_fscore_mean": 0.13333333333333333,
    "label_org:parents_fscore_std": 0.23094010767585033,
    "loss_mean": 1.4397354175647101,
    "loss_std": 0.1644562343145445
}