{
  "em_accuracy": 0.38190954773869346,
  "loss": 1.9469344915662492
}