{
  "em_accuracy": 0.3811916726489591,
  "loss": 1.9853901161466325
}