{
  "em_accuracy": 0.35857860732232594,
  "loss": 1.9966031868117196
}