{
  "UAS": 0.6310271294870275,
  "LAS": 0.39361450065158154,
  "UEM": 0.037,
  "LEM": 0.007,
  "LOAS": 0.5491055562137187,
  "LOEM": 0.008,
  "loss": 9.237900719046593
}