{
  "UAS": 0.6454803933183272,
  "LAS": 0.39995261224973344,
  "UEM": 0.05,
  "LEM": 0.005,
  "LOAS": 0.5482170358962208,
  "LOEM": 0.006,
  "loss": 9.028526157140732
}