{
    "model_count": 5,
    "UAS_mean": 0.8886666135331155,
    "UAS_std": 0.00865906546758601,
    "LAS_mean": 0.8212162269865306,
    "LAS_std": 0.013528370419196268,
    "UEM_mean": 0.6038517091959557,
    "UEM_std": 0.02059741782930185,
    "LEM_mean": 0.38459316321617715,
    "LEM_std": 0.03116226747270714,
    "LOAS_mean": 0.879357615366223,
    "LOAS_std": 0.01171756090717294,
    "LOEM_mean": 0.41829561868078957,
    "LOEM_std": 0.03936594720718305,
    "loss_mean": 3.042895246984113,
    "loss_std": 0.17584405015461632
}