{
  "UAS": 0.8762253925241094,
  "LAS": 0.7984378735952817,
  "UEM": 0.5767934520943668,
  "LEM": 0.3331728454501685,
  "LOAS": 0.8610823304375548,
  "LOEM": 0.3553201733269138,
  "loss": 2.985071708931019
}