{
    "model_count": 5,
    "em_accuracy_mean": 0.8343821249430005,
    "em_accuracy_std": 0.0024053537428003332,
    "loss_mean": 0.0,
    "loss_std": 0.0
}