{
  "UAS": 0.6151330525938536,
  "LAS": 0.3908251948750112,
  "UEM": 0.038,
  "LEM": 0.001,
  "LOAS": 0.5068094256787026,
  "LOEM": 0.001,
  "loss": 8.457074970006943
}