{
    "model_count": 5,
    "UAS_mean": 0.6494758534181525,
    "UAS_std": 0.02198831127213984,
    "LAS_mean": 0.44108054833796256,
    "LAS_std": 0.029086884891539218,
    "UEM_mean": 0.0446,
    "UEM_std": 0.005128352561983233,
    "LEM_mean": 0.003,
    "LEM_std": 0.001414213562373095,
    "LOAS_mean": 0.5492249798405161,
    "LOAS_std": 0.024304924067335913,
    "LOEM_mean": 0.0032,
    "LOEM_std": 0.0014832396974191326,
    "loss_mean": 7.061574161052704,
    "loss_std": 1.11598552438983
}