{
    "model_count": 5,
    "UAS_mean": 0.5932023815104777,
    "UAS_std": 0.0030746002016319753,
    "LAS_mean": 0.5352116637757255,
    "LAS_std": 0.0023399242500591957,
    "UEM_mean": 0.0948,
    "UEM_std": 0.002489979919597749,
    "LEM_mean": 0.055600000000000004,
    "LEM_std": 0.0016733200530681526,
    "loss_mean": 1.6289897351037887,
    "loss_std": 0.005548755357530111
}