{
  "UAS": 0.5930336130514275,
  "LAS": 0.5341052927663963,
  "UEM": 0.099,
  "LEM": 0.057,
  "loss": 1.6238950528795757
}