{
  "accuracy": 0.8333333333333334,
  "macro_fscore": 0.5766550522648084,
  "micro_fscore": 0.836734693877551,
  "loss": 0.7329002542428498
}