{
    "model_count": 5,
    "UAS_mean": 0.7531626041345264,
    "UAS_std": 0.007397886777142483,
    "LAS_mean": 0.6163015530186157,
    "LAS_std": 0.0114001538884488,
    "UEM_mean": 0.0944,
    "UEM_std": 0.013612494260788503,
    "LEM_mean": 0.0154,
    "LEM_std": 0.0032093613071762423,
    "LOAS_mean": 0.7348554972745037,
    "LOAS_std": 0.010099965058682209,
    "LOEM_mean": 0.027,
    "LOEM_std": 0.007211102550927979,
    "loss_mean": 6.315134856104851,
    "loss_std": 0.3972974738742797
}