{
  "UAS": 0.7522883883575028,
  "LAS": 0.6232644245603209,
  "UEM": 0.105,
  "LEM": 0.018,
  "LOAS": 0.744111899619459,
  "LOEM": 0.034,
  "loss": 6.633569076657295
}