{
  "UAS": 0.7450375398539545,
  "LAS": 0.6141622955877816,
  "UEM": 0.082,
  "LEM": 0.017,
  "LOAS": 0.7354725907641675,
  "LOEM": 0.029,
  "loss": 6.418747052550316
}