{
  "UAS": 0.7648873804381364,
  "LAS": 0.6315951866707806,
  "UEM": 0.099,
  "LEM": 0.017,
  "LOAS": 0.7444718708217628,
  "LOEM": 0.032,
  "loss": 6.30766598880291
}