{
  "UAS": 0.7541396688264939,
  "LAS": 0.6101511879049676,
  "UEM": 0.108,
  "LEM": 0.015,
  "LOAS": 0.7295587781548905,
  "LOEM": 0.024,
  "loss": 6.573277190327644
}