{
  "UAS": 0.7494600431965442,
  "LAS": 0.6023346703692276,
  "UEM": 0.078,
  "LEM": 0.01,
  "LOAS": 0.720662347012239,
  "LOEM": 0.016,
  "loss": 5.642414972186089
}