{"model_count": 10, "em_accuracy_mean": 0.7831965344277245, "em_accuracy_std": 0.005770401167804089, "loss_mean": 1.140984418890693, "loss_std": 0.005074696192995258}