{
  "em_accuracy": 0.7886456908344733,
  "loss": 1.135109715678475
}