{
  "em_accuracy": 0.7767897856817145,
  "loss": 1.1472286603667519
}