{
  "em_accuracy": 0.7849977200182399,
  "loss": 1.1402057617360895
}