{
  "em_accuracy": 0.7713178294573644,
  "loss": 1.140024914741516
}