{
  "em_accuracy": 0.7847697218422253,
  "loss": 1.1347212054512716
}