{
  "em_accuracy": 0.7900136798905609,
  "loss": 1.1358122834292326
}