{
  "em_accuracy": 0.7795257637938896,
  "loss": 1.142860845002261
}