{
  "accuracy": 0.832,
  "macro_fscore": 0.8381844763423711,
  "micro_fscore": 0.8131313131313131,
  "label_has-population_fscore": 1.0,
  "label_has-genre_fscore": 0.9052631578947369,
  "label_has-type_fscore": 0.6111111111111112,
  "label_has-occupation_fscore": 0.8363636363636363,
  "loss": 0.6588729284703732
}