{
    "model_count": 5,
    "em_accuracy_mean": 0.23058147882268484,
    "em_accuracy_std": 0.005690037547175929,
    "loss_mean": 0.0,
    "loss_std": 0.0
}