{
    "model_count": 5,
    "UAS_mean": 0.47839187544588524,
    "UAS_std": 0.018739272662355096,
    "LAS_mean": 0.34419404926769903,
    "LAS_std": 0.013948880600605805,
    "UEM_mean": 0.0018,
    "UEM_std": 0.0008366600265340755,
    "LEM_mean": 0.0002,
    "LEM_std": 0.00044721359549995795,
    "LOAS_mean": 0.5384951109992027,
    "LOAS_std": 0.016381008613388686,
    "LOEM_mean": 0.0004,
    "LOEM_std": 0.0008944271909999159,
    "loss_mean": 11.325790429115296,
    "loss_std": 1.3171077708822634
}