{
  "UAS": 0.48810273196525245,
  "LAS": 0.3539804439968106,
  "UEM": 0.002,
  "LEM": 0.0,
  "LOAS": 0.5426581056695623,
  "LOEM": 0.0,
  "loss": 11.128987193107605
}