{
  "UAS": 0.4610768391455789,
  "LAS": 0.32842334969994547,
  "UEM": 0.003,
  "LEM": 0.0,
  "LOAS": 0.5161777665869319,
  "LOEM": 0.0,
  "loss": 13.200531780719757
}