{
  "UAS": 0.5060220739435142,
  "LAS": 0.36270930378950017,
  "UEM": 0.001,
  "LEM": 0.001,
  "LOAS": 0.5597800998782996,
  "LOEM": 0.002,
  "loss": 9.742368519306183
}