{
  "UAS": 0.463552813798313,
  "LAS": 0.3404255319148936,
  "UEM": 0.002,
  "LEM": 0.0,
  "LOAS": 0.54400100717613,
  "LOEM": 0.0,
  "loss": 11.939597100019455
}