{
  "UAS": 0.6668641156261107,
  "LAS": 0.4434308731192987,
  "UEM": 0.057,
  "LEM": 0.008,
  "LOAS": 0.5826916242151404,
  "LOEM": 0.009,
  "loss": 6.840106517549545
}