{
  "UAS": 0.6703589622082692,
  "LAS": 0.4383366899656439,
  "UEM": 0.057,
  "LEM": 0.006,
  "LOAS": 0.5773605023101528,
  "LOEM": 0.008,
  "loss": 9.465077832341194
}