{
  "accuracy": 0.54,
  "macro_fscore": 0.5260803132320833,
  "micro_fscore": 0.5819397993311036,
  "label_per:date_of_death_fscore": 0.2857142857142857,
  "label_org:city_of_headquarters_fscore": 0.631578947368421,
  "label_per:stateorprovinces_of_residence_fscore": 0.5,
  "label_per:employee_of_fscore": 0.5555555555555556,
  "label_org:alternate_names_fscore": 0.761904761904762,
  "label_per:title_fscore": 0.7200000000000001,
  "label_per:date_of_birth_fscore": 1.0,
  "label_org:number_of_employees/members_fscore": 0.6666666666666666,
  "label_per:children_fscore": 0.4,
  "label_per:spouse_fscore": 0.7499999999999999,
  "label_per:stateorprovince_of_birth_fscore": 0.8,
  "label_per:parents_fscore": 0.8461538461538461,
  "label_per:cities_of_residence_fscore": 0.625,
  "label_org:political/religious_affiliation_fscore": 0,
  "label_per:countries_of_residence_fscore": 0.5384615384615384,
  "label_org:top_members/employees_fscore": 0.4615384615384615,
  "label_org:stateorprovince_of_headquarters_fscore": 0.375,
  "label_per:origin_fscore": 0.28571428571428575,
  "label_org:member_of_fscore": 0,
  "label_per:alternate_names_fscore": 0.18181818181818182,
  "label_per:age_fscore": 0.962962962962963,
  "label_per:siblings_fscore": 0.625,
  "label_org:founded_fscore": 0.625,
  "label_per:city_of_death_fscore": 0.823529411764706,
  "label_per:stateorprovince_of_death_fscore": 0.8571428571428571,
  "label_org:founded_by_fscore": 0.33333333333333337,
  "label_org:website_fscore": 0.923076923076923,
  "label_org:country_of_headquarters_fscore": 0.33333333333333337,
  "label_per:charges_fscore": 0.3636363636363636,
  "label_org:parents_fscore": 0.4,
  "label_org:subsidiaries_fscore": 0.4,
  "label_per:country_of_birth_fscore": 0.6,
  "label_per:city_of_birth_fscore": 0.888888888888889,
  "label_org:members_fscore": 0.11764705882352941,
  "label_per:cause_of_death_fscore": 0.9565217391304348,
  "label_per:other_family_fscore": 0.26666666666666666,
  "label_per:schools_attended_fscore": 0.6956521739130436,
  "label_org:shareholders_fscore": 0.19999999999999998,
  "label_per:religion_fscore": 0.2857142857142857,
  "label_org:dissolved_fscore": 0,
  "loss": 1.907577458769083
}