{
  "accuracy": 0.9190311418685121,
  "macro_fscore": 0.6558407079868638,
  "micro_fscore": 0.9194279734914544,
  "loss": 0.40219289391137825
}