{
  "accuracy": 0.8865051903114187,
  "macro_fscore": 0.6122509348304834,
  "micro_fscore": 0.8935721812434141,
  "loss": 0.4814605135694504
}