{
  "accuracy": 0.9294117647058824,
  "macro_fscore": 0.6426006743752378,
  "micro_fscore": 0.9334733893557423,
  "loss": 0.3185554471245588
}