{
  "accuracy": 0.9072664359861592,
  "macro_fscore": 0.6353873587791132,
  "micro_fscore": 0.9117028731604765,
  "loss": 0.3598901842449597
}