{
  "accuracy": 0.903114186851211,
  "macro_fscore": 0.5948089544813211,
  "micro_fscore": 0.909985935302391,
  "loss": 0.3880610013947372
}