{
  "UAS": 0.8105810108644308,
  "LAS": 0.6843303130501996,
  "UEM": 0.13,
  "LEM": 0.02,
  "LOAS": 0.7743376132606176,
  "LOEM": 0.028,
  "loss": 5.63189497590065
}