{
  "UAS": 0.7949070296732083,
  "LAS": 0.6858332975479882,
  "UEM": 0.111,
  "LEM": 0.024,
  "LOAS": 0.7846437926740242,
  "LOEM": 0.032,
  "loss": 5.779440678656101
}