{
  "UAS": 0.7890239189247219,
  "LAS": 0.6923176020955898,
  "UEM": 0.114,
  "LEM": 0.031,
  "LOAS": 0.7947352600163181,
  "LOEM": 0.044,
  "loss": 5.906525827944279
}