{
  "accuracy": 0.8337595907928389,
  "macro_fscore": 0.5932173176672303,
  "micro_fscore": 0.8335483870967741,
  "loss": 0.8993366422625829
}