{
  "accuracy": 0.8478260869565217,
  "macro_fscore": 0.6539259414512929,
  "micro_fscore": 0.8495803744351194,
  "loss": 1.0514767539440368
}