{
  "accuracy": 0.8375959079283888,
  "macro_fscore": 0.6172172854312306,
  "micro_fscore": 0.838501291989664,
  "loss": 1.0438750000974657
}