{
  "accuracy": 0.840153452685422,
  "macro_fscore": 0.6510534309197029,
  "micro_fscore": 0.8412903225806452,
  "loss": 0.9617648269905119
}