{
  "UAS": 0.6959053848221486,
  "LAS": 0.5324791685332856,
  "UEM": 0.056,
  "LEM": 0.008,
  "LOAS": 0.6375772780216826,
  "LOEM": 0.011,
  "loss": 4.463176101446152
}