{
  "UAS": 0.6885135740525042,
  "LAS": 0.5309560075262073,
  "UEM": 0.053,
  "LEM": 0.008,
  "LOAS": 0.6363229101335006,
  "LOEM": 0.009,
  "loss": 5.059021181530422
}