{
  "UAS": 0.6909327121225697,
  "LAS": 0.5328823582116298,
  "UEM": 0.054,
  "LEM": 0.007,
  "LOAS": 0.6377116745811308,
  "LOEM": 0.011,
  "loss": 6.1306542456150055
}