{
  "UAS": 0.6737299525132157,
  "LAS": 0.5147388226861392,
  "UEM": 0.051,
  "LEM": 0.006,
  "LOAS": 0.623420840426485,
  "LOEM": 0.008,
  "loss": 6.909974455833435
}