{
  "UAS": 0.7071050981094884,
  "LAS": 0.5376758354986112,
  "UEM": 0.058,
  "LEM": 0.008,
  "LOAS": 0.641116387420482,
  "LOEM": 0.009,
  "loss": 5.590000197291374
}