{
  "accuracy": 0.3582995951417004,
  "macro_fscore": 0.3857709597213607,
  "micro_fscore": 0.38216560509554137,
  "label_per:employee_of_fscore": 0.20408163265306123,
  "label_org:country_of_headquarters_fscore": 0.37209302325581395,
  "label_per:cities_of_residence_fscore": 0.39999999999999997,
  "label_org:alternate_names_fscore": 0.25,
  "label_per:country_of_birth_fscore": 0.2727272727272727,
  "label_per:spouse_fscore": 0.7692307692307693,
  "label_per:alternate_names_fscore": 0.25,
  "label_org:stateorprovince_of_headquarters_fscore": 0.5405405405405405,
  "label_org:city_of_headquarters_fscore": 0.6233766233766234,
  "label_per:origin_fscore": 0.13333333333333333,
  "label_org:members_fscore": 0.15384615384615385,
  "label_per:countries_of_residence_fscore": 0.4814814814814815,
  "label_org:top_members/employees_fscore": 0.3571428571428571,
  "label_org:subsidiaries_fscore": 0,
  "label_org:founded_fscore": 0.6086956521739131,
  "label_org:founded_by_fscore": 0.4615384615384615,
  "label_per:stateorprovinces_of_residence_fscore": 0.3157894736842105,
  "label_per:title_fscore": 0.7499999999999999,
  "loss": 4.549905553940804
}