{
  "accuracy": 0.340080971659919,
  "macro_fscore": 0.34834808747061025,
  "micro_fscore": 0.35526315789473684,
  "label_per:employee_of_fscore": 0.3119266055045872,
  "label_org:country_of_headquarters_fscore": 0.3255813953488372,
  "label_per:cities_of_residence_fscore": 0.3125,
  "label_org:alternate_names_fscore": 0.21052631578947367,
  "label_per:country_of_birth_fscore": 0.1904761904761905,
  "label_per:spouse_fscore": 0.7692307692307693,
  "label_per:alternate_names_fscore": 0,
  "label_org:stateorprovince_of_headquarters_fscore": 0.5714285714285714,
  "label_org:city_of_headquarters_fscore": 0.45901639344262296,
  "label_per:origin_fscore": 0.16666666666666666,
  "label_org:members_fscore": 0.07999999999999999,
  "label_per:countries_of_residence_fscore": 0.3076923076923077,
  "label_org:top_members/employees_fscore": 0.27272727272727276,
  "label_org:subsidiaries_fscore": 0.0689655172413793,
  "label_org:founded_fscore": 0.6666666666666666,
  "label_org:founded_by_fscore": 0.4285714285714285,
  "label_per:stateorprovinces_of_residence_fscore": 0.3157894736842105,
  "label_per:title_fscore": 0.8125000000000001,
  "loss": 2.765728219862907
}