{
  "accuracy": 0.3603238866396761,
  "macro_fscore": 0.3766372635943354,
  "micro_fscore": 0.3883495145631068,
  "label_per:employee_of_fscore": 0.28571428571428575,
  "label_org:country_of_headquarters_fscore": 0.35555555555555557,
  "label_per:cities_of_residence_fscore": 0.3333333333333333,
  "label_org:alternate_names_fscore": 0.2857142857142857,
  "label_per:country_of_birth_fscore": 0.34782608695652173,
  "label_per:spouse_fscore": 0.7692307692307693,
  "label_per:alternate_names_fscore": 0,
  "label_org:stateorprovince_of_headquarters_fscore": 0.5641025641025642,
  "label_org:city_of_headquarters_fscore": 0.5974025974025974,
  "label_per:origin_fscore": 0.18181818181818182,
  "label_org:members_fscore": 0.07999999999999999,
  "label_per:countries_of_residence_fscore": 0.3076923076923077,
  "label_org:top_members/employees_fscore": 0.27272727272727276,
  "label_org:subsidiaries_fscore": 0.29411764705882354,
  "label_org:founded_fscore": 0.6086956521739131,
  "label_org:founded_by_fscore": 0.4615384615384615,
  "label_per:stateorprovinces_of_residence_fscore": 0.3243243243243243,
  "label_per:title_fscore": 0.7096774193548387,
  "loss": 3.189227577178709
}