{
    "model_count": 5,
    "accuracy_mean": 0.7878787878787878,
    "accuracy_std": 0.00934205231835436,
    "macro_fscore_mean": 0.8320234884490034,
    "macro_fscore_std": 0.013761284369938566,
    "micro_fscore_mean": 0.7865743389530508,
    "micro_fscore_std": 0.008772922825531267,
    "label_has-genre_fscore_mean": 0.770860484544695,
    "label_has-genre_fscore_std": 0.02335735617134774,
    "label_won-award_fscore_mean": 0.9538461538461538,
    "label_won-award_fscore_std": 0.04213250442347435,
    "label_has-nationality_fscore_mean": 0.2248699404625551,
    "label_has-nationality_fscore_std": 0.03205676741081701,
    "label_movie-has-director_fscore_mean": 1.0,
    "label_movie-has-director_fscore_std": 0.0,
    "label_has-highest-mountain_fscore_mean": 1.0,
    "label_has-highest-mountain_fscore_std": 0.0,
    "label_first-product_fscore_mean": 0.9333333333333333,
    "label_first-product_fscore_std": 0.14907119849998599,
    "label_has-tourist-attraction_fscore_mean": 0.8666666666666667,
    "label_has-tourist-attraction_fscore_std": 0.18257418583505539,
    "label_invented-when_fscore_mean": 1.0,
    "label_invented-when_fscore_std": 0.0,
    "label_has-type_fscore_mean": 0.7378762414056532,
    "label_has-type_fscore_std": 0.04590242834780723,
    "label_has-sibling_fscore_mean": 0.9272727272727272,
    "label_has-sibling_fscore_std": 0.0406557814090871,
    "label_org-has-member_fscore_mean": 1.0,
    "label_org-has-member_fscore_std": 0.0,
    "label_is-member-of_fscore_mean": 0.9818181818181818,
    "label_is-member-of_fscore_std": 0.0,
    "label_invented-by_fscore_mean": 1.0,
    "label_invented-by_fscore_std": 0.0,
    "label_has-spouse_fscore_mean": 0.8026298589611284,
    "label_has-spouse_fscore_std": 0.051543183970579075,
    "label_birth-place_fscore_mean": 0.6241527608194274,
    "label_birth-place_fscore_std": 0.03224936711131166,
    "label_org-has-founder_fscore_mean": 0.6133333333333333,
    "label_org-has-founder_fscore_std": 0.11925695879998875,
    "label_is-where_fscore_mean": 0.7620634920634921,
    "label_is-where_fscore_std": 0.11773937250873358,
    "label_has-occupation_fscore_mean": 0.987412105744291,
    "label_has-occupation_fscore_std": 0.0029239613767981596,
    "label_headquarters_fscore_mean": 0.8058542077117928,
    "label_headquarters_fscore_std": 0.04501538872170574,
    "label_has-parent_fscore_mean": 0.9576354679802955,
    "label_has-parent_fscore_std": 0.05876333185594741,
    "label_from-country_fscore_mean": 0.4029430719656284,
    "label_from-country_fscore_std": 0.07371853363974118,
    "label_has-child_fscore_mean": 0.9519487179487179,
    "label_has-child_fscore_std": 0.03360422471170388,
    "loss_mean": 1.4456669689965962,
    "loss_std": 0.5236828821294807
}