{
  "accuracy": 0.7796143250688705,
  "macro_fscore": 0.8272868494142883,
  "micro_fscore": 0.7785613540197461,
  "label_has-genre_fscore": 0.761904761904762,
  "label_won-award_fscore": 0.923076923076923,
  "label_movie-has-director_fscore": 1.0,
  "label_has-nationality_fscore": 0.1917808219178082,
  "label_has-highest-mountain_fscore": 1.0,
  "label_first-product_fscore": 1.0,
  "label_has-tourist-attraction_fscore": 0.6666666666666666,
  "label_invented-when_fscore": 1.0,
  "label_has-type_fscore": 0.787878787878788,
  "label_has-sibling_fscore": 1.0,
  "label_org-has-member_fscore": 1.0,
  "label_is-member-of_fscore": 0.9818181818181818,
  "label_invented-by_fscore": 1.0,
  "label_has-spouse_fscore": 0.8,
  "label_birth-place_fscore": 0.6419753086419752,
  "label_org-has-founder_fscore": 0.6666666666666666,
  "label_is-where_fscore": 0.7499999999999999,
  "label_has-occupation_fscore": 0.9841269841269841,
  "label_headquarters_fscore": 0.7272727272727272,
  "label_has-parent_fscore": 1.0,
  "label_from-country_fscore": 0.35714285714285715,
  "label_has-child_fscore": 0.9600000000000001,
  "loss": 1.9811555322097696
}