{
  "accuracy": 0.7933884297520661,
  "macro_fscore": 0.8102396711603972,
  "micro_fscore": 0.7904360056258791,
  "label_has-genre_fscore": 0.7368421052631579,
  "label_won-award_fscore": 0.923076923076923,
  "label_has-nationality_fscore": 0.21428571428571425,
  "label_movie-has-director_fscore": 1.0,
  "label_has-highest-mountain_fscore": 1.0,
  "label_first-product_fscore": 0.6666666666666666,
  "label_has-tourist-attraction_fscore": 1.0,
  "label_invented-when_fscore": 1.0,
  "label_has-type_fscore": 0.6666666666666667,
  "label_has-sibling_fscore": 0.9090909090909091,
  "label_org-has-member_fscore": 1.0,
  "label_is-member-of_fscore": 0.9818181818181818,
  "label_invented-by_fscore": 1.0,
  "label_has-spouse_fscore": 0.7368421052631577,
  "label_birth-place_fscore": 0.5714285714285714,
  "label_org-has-founder_fscore": 0.6666666666666666,
  "label_is-where_fscore": 0.5714285714285714,
  "label_has-occupation_fscore": 0.9895833333333334,
  "label_headquarters_fscore": 0.8235294117647058,
  "label_has-parent_fscore": 0.8571428571428571,
  "label_from-country_fscore": 0.5102040816326531,
  "label_has-child_fscore": 1.0,
  "loss": 0.5745208645644395
}