{
  "accuracy": 0.7823691460055097,
  "macro_fscore": 0.8445268242056065,
  "micro_fscore": 0.780281690140845,
  "label_has-genre_fscore": 0.7999999999999999,
  "label_won-award_fscore": 1.0,
  "label_has-nationality_fscore": 0.24615384615384614,
  "label_movie-has-director_fscore": 1.0,
  "label_has-highest-mountain_fscore": 1.0,
  "label_first-product_fscore": 1.0,
  "label_has-tourist-attraction_fscore": 1.0,
  "label_invented-when_fscore": 1.0,
  "label_has-type_fscore": 0.7647058823529412,
  "label_has-sibling_fscore": 0.9090909090909091,
  "label_org-has-member_fscore": 1.0,
  "label_is-member-of_fscore": 0.9818181818181818,
  "label_invented-by_fscore": 1.0,
  "label_has-spouse_fscore": 0.7777777777777778,
  "label_birth-place_fscore": 0.6153846153846153,
  "label_org-has-founder_fscore": 0.6666666666666666,
  "label_is-where_fscore": 0.8000000000000002,
  "label_has-occupation_fscore": 0.9842931937172775,
  "label_headquarters_fscore": 0.8181818181818182,
  "label_has-parent_fscore": 0.9655172413793104,
  "label_from-country_fscore": 0.33333333333333337,
  "label_has-child_fscore": 0.9166666666666666,
  "loss": 1.5528012422399353
}