{
    "model_count": 5,
    "em_accuracy_mean": 0.7826265389876881,
    "em_accuracy_std": 0.004288548114747473,
    "loss_mean": 0.0,
    "loss_std": 0.0
}