{
  "accuracy": 0.8979057591623036,
  "macro_fscore": 0.8403950694771731,
  "micro_fscore": 0.8986666666666666,
  "loss": 0.6011347399665586
}