{"model_count": 10, "em_accuracy_mean": 0.03109131859131859, "em_accuracy_std": 0.004724573694497036, "tp_mean": 1724.7, "tp_std": 191.6698840309673, "fp_mean": 17243.6, "fp_std": 771.5671210090683, "fn_mean": 22477.3, "fn_std": 191.6698840309673, "p_mean": 9.103252537022287, "p_std": 1.0532528540773485, "r_mean": 7.126270556152384, "r_std": 0.7919588630318455, "f1_mean": 7.991615477447845, "f1_std": 0.8925443985689165, "Macro_f1_mean": 5.577891870822419, "Macro_f1_std": 0.7712325298206626, "Macro_p_mean": 8.188375573031298, "Macro_p_std": 1.206832296571558, "Macro_r_mean": 4.984725711398445, "Macro_r_std": 0.6810726070554695, "loss_mean": 3.2458361318770876, "loss_std": 0.06444599735218219}