{
  "em_accuracy": 0.03224815724815725,
  "tp": 1718,
  "fp": 18231,
  "fn": 22484,
  "p": 8.611960499273147,
  "r": 7.0985868936451535,
  "f1": 7.782383184978823,
  "Macro_f1": 5.164747416010739,
  "Macro_p": 7.330745958305644,
  "Macro_r": 4.754889815667578,
  "loss": 3.2591176319824693
}