{
  "em_accuracy": 0.039414414414414414,
  "tp": 2086,
  "fp": 16746,
  "fn": 22116,
  "p": 11.076890399320305,
  "r": 8.61912238657962,
  "f1": 9.694660036250406,
  "Macro_f1": 7.299738854538575,
  "Macro_p": 10.559301817271324,
  "Macro_r": 6.496053454178879,
  "loss": 3.1724971089932805
}