{
  "em_accuracy": 0.03726453726453727,
  "tp": 1911,
  "fp": 17059,
  "fn": 22291,
  "p": 10.07380073800738,
  "r": 7.896041649450459,
  "f1": 8.852960252015196,
  "Macro_f1": 6.24656431546108,
  "Macro_p": 9.070887389966332,
  "Macro_r": 5.549060766039962,
  "loss": 3.132737174752106
}