{
  "em_accuracy": 0.03296478296478297,
  "tp": 1780,
  "fp": 16232,
  "fn": 22422,
  "p": 9.882300688429936,
  "r": 7.354764069085199,
  "f1": 8.433221206234899,
  "Macro_f1": 5.883982449802645,
  "Macro_p": 9.656931899873198,
  "Macro_r": 5.127413371531677,
  "loss": 3.2013954532907363
}