{
  "em_accuracy": 0.030814905814905817,
  "tp": 1676,
  "fp": 17271,
  "fn": 22526,
  "p": 8.845727555813585,
  "r": 6.925047516734154,
  "f1": 7.7684303228348295,
  "Macro_f1": 4.992513661905899,
  "Macro_p": 7.135978864804011,
  "Macro_r": 4.448951209575344,
  "loss": 3.221760394140078
}