{
  "em_accuracy": 0.02416052416052416,
  "tp": 1485,
  "fp": 18251,
  "fn": 22717,
  "p": 7.524321037697608,
  "r": 6.135856540781753,
  "f1": 6.759524784924212,
  "Macro_f1": 4.9595460950076244,
  "Macro_p": 7.206892678770762,
  "Macro_r": 4.4667864805466575,
  "loss": 3.3045632850909192
}