{
    "model_count": 5,
    "em_accuracy_mean": 0.3223110465116279,
    "em_accuracy_std": 0.0083536075091371,
    "loss_mean": 0.0,
    "loss_std": 0.0
}