{"model_count": 10, "em_accuracy_mean": 0.08497314453125, "em_accuracy_std": 0.009536678873481214, "loss_mean": 3.0894384076818824, "loss_std": 0.16154663492244886}