{
  "em_accuracy": 0.0875244140625,
  "loss": 3.185508857946843
}