{
  "em_accuracy": 0.09423828125,
  "loss": 3.248750498285517
}