{
  "em_accuracy": 0.10595703125,
  "loss": 2.8646015468984842
}