{
  "em_accuracy": 0.07275390625,
  "loss": 3.1700789297465235
}