{
  "em_accuracy": 0.0816650390625,
  "loss": 3.1159258282277733
}