{
  "em_accuracy": 0.08251953125,
  "loss": 2.7828752498608083
}