{
  "em_accuracy": 0.0751953125,
  "loss": 3.2360982694663107
}