{
  "UAS": 0.5340023295403638,
  "LAS": 0.40068094256787024,
  "UEM": 0.022,
  "LEM": 0.002,
  "LOAS": 0.5569393423528358,
  "LOEM": 0.002,
  "loss": 8.23853912949562
}