{
  "UAS": 0.6418331690708717,
  "LAS": 0.46442971059940863,
  "UEM": 0.039,
  "LEM": 0.003,
  "LOAS": 0.579159573514918,
  "LOEM": 0.003,
  "loss": 6.512910574674606
}