{
  "UAS": 0.5511154914434191,
  "LAS": 0.41506137442881463,
  "UEM": 0.026,
  "LEM": 0.003,
  "LOAS": 0.5658543141295583,
  "LOEM": 0.004,
  "loss": 8.441305413842201
}