{
  "UAS": 0.5698414120598513,
  "LAS": 0.43365289848579874,
  "UEM": 0.023,
  "LEM": 0.003,
  "LOAS": 0.5827434817668667,
  "LOEM": 0.003,
  "loss": 7.8476565678914385
}