{
    "model_count": 5,
    "UAS_mean": 0.5765433204909954,
    "UAS_std": 0.04138837763215482,
    "LAS_mean": 0.4275692142281157,
    "LAS_std": 0.023915065393159983,
    "UEM_mean": 0.0276,
    "UEM_std": 0.006804410334481601,
    "LEM_mean": 0.0026,
    "LEM_std": 0.0005477225575051661,
    "LOAS_mean": 0.5698862109130006,
    "LOAS_std": 0.010743882096198858,
    "LOEM_mean": 0.003,
    "LOEM_std": 0.0007071067811865475,
    "loss_mean": 7.630888278285663,
    "loss_std": 0.8046770954809574
}