{
    "model_count": 5,
    "em_accuracy_mean": 0.36780523255813957,
    "em_accuracy_std": 0.01640897607022867,
    "loss_mean": 0.0,
    "loss_std": 0.0
}