{"model_count": 3, "accuracy_mean": 0.721816707218167, "accuracy_std": 0.011038651734644127, "macro_fscore_mean": 0.13944635607856748, "macro_fscore_std": 0.06524688477820682, "micro_fscore_mean": 0.33634747655713015, "micro_fscore_std": 0.04084153112543866, "label_per:children_fscore_mean": 0, "label_per:children_fscore_std": 0.0, "label_org:member_of_fscore_mean": 0.0392156862745098, "label_org:member_of_fscore_std": 0.06792356108113244, "label_per:schools_attended_fscore_mean": 0, "label_per:schools_attended_fscore_std": 0.0, "label_per:siblings_fscore_mean": 0.2814814814814815, "label_per:siblings_fscore_std": 0.24478091321271567, "label_org:number_of_employees/members_fscore_mean": 0, "label_org:number_of_employees/members_fscore_std": 0.0, "label_per:employee_of_fscore_mean": 0.059417706476530004, "label_per:employee_of_fscore_std": 0.058832531405759066, "label_org:dissolved_fscore_mean": 0, "label_org:dissolved_fscore_std": 0.0, "label_per:title_fscore_mean": 0.6851642626068718, "label_per:title_fscore_std": 0.045481190178408536, "label_per:spouse_fscore_mean": 0, "label_per:spouse_fscore_std": 0.0, "label_per:alternate_names_fscore_mean": 0.21666666666666667, "label_per:alternate_names_fscore_std": 0.20207259421636903, "label_per:religion_fscore_mean": 0.380952380952381, "label_per:religion_fscore_std": 0.32991443953692906, "label_per:date_of_birth_fscore_mean": 0, "label_per:date_of_birth_fscore_std": 0.0, "label_per:date_of_death_fscore_mean": 0, "label_per:date_of_death_fscore_std": 0.0, "label_org:top_members/employees_fscore_mean": 0.17416105198060086, "label_org:top_members/employees_fscore_std": 0.10954462242767551, "label_org:members_fscore_mean": 0, "label_org:members_fscore_std": 0.0, "label_org:alternate_names_fscore_mean": 0.40740740740740744, "label_org:alternate_names_fscore_std": 0.06415002990995845, "label_per:other_family_fscore_mean": 0.16666666666666666, "label_per:other_family_fscore_std": 0.2886751345948129, "label_per:origin_fscore_mean": 0.0989010989010989, "label_per:origin_fscore_std": 0.08582691951545775, "loss_mean": 1.1986523853280606, "loss_std": 0.08672816402852067}