{
  "accuracy": 0.8624161073825504,
  "macro_fscore": 0.9042766999389661,
  "micro_fscore": 0.8661417322834646,
  "label_has-occupation_fscore": 0.8807339449541285,
  "label_has-population_fscore": 1.0,
  "label_has-type_fscore": 0.7710843373493975,
  "label_event-year_fscore": 1.0,
  "label_has-genre_fscore": 0.8695652173913043,
  "loss": 0.6719345011209187
}