{
  "accuracy": 0.9474048442906574,
  "macro_fscore": 0.5959400395956905,
  "micro_fscore": 0.9486552567237164,
  "loss": 0.29999942352654985
}