{
  "accuracy": 0.9183391003460207,
  "macro_fscore": 0.5555543104644524,
  "micro_fscore": 0.9193154034229829,
  "loss": 0.3861007820814848
}