{
  "accuracy": 0.9480968858131488,
  "macro_fscore": 0.6300487565713211,
  "micro_fscore": 0.9500174764068507,
  "loss": 0.3002291014418006
}