{
  "accuracy": 0.9460207612456747,
  "macro_fscore": 0.5869536690741247,
  "micro_fscore": 0.9465968586387435,
  "loss": 0.26772109426527313
}