{
  "UAS": 0.6254367888182063,
  "LAS": 0.47289669384463756,
  "UEM": 0.038,
  "LEM": 0.003,
  "LOAS": 0.594749574410895,
  "LOEM": 0.005,
  "loss": 8.206779882311821
}