{
  "UAS": 0.6080548337962548,
  "LAS": 0.4727622972851895,
  "UEM": 0.028,
  "LEM": 0.006,
  "LOAS": 0.6006182241734611,
  "LOEM": 0.008,
  "loss": 6.908212020993233
}