{
  "UAS": 0.6410715885673327,
  "LAS": 0.489158677537855,
  "UEM": 0.034,
  "LEM": 0.003,
  "LOAS": 0.6064420750828778,
  "LOEM": 0.005,
  "loss": 8.197346955537796
}