{
  "UAS": 0.5996326494041753,
  "LAS": 0.4563211181793746,
  "UEM": 0.024,
  "LEM": 0.003,
  "LOAS": 0.5851626198369322,
  "LOEM": 0.005,
  "loss": 7.903432264924049
}