{
  "accuracy": 0.7603305785123967,
  "macro_fscore": 0.7683752886115806,
  "micro_fscore": 0.7584269662921348,
  "loss": 0.9914730787277222
}