{
  "accuracy": 0.7355371900826446,
  "macro_fscore": 0.7667880524093837,
  "micro_fscore": 0.7331460674157302,
  "loss": 1.1862515444340913
}