{
  "accuracy": 0.7520661157024794,
  "macro_fscore": 0.7789611057814348,
  "micro_fscore": 0.7517531556802244,
  "loss": 0.8659531914669535
}