{
  "accuracy": 0.9453287197231834,
  "macro_fscore": 0.6563291684991256,
  "micro_fscore": 0.9488795518207283,
  "loss": 0.2664683201148144
}