{
  "accuracy": 0.916955017301038,
  "macro_fscore": 0.6083406486492514,
  "micro_fscore": 0.9175977653631284,
  "loss": 0.3203411980699697
}