{
  "accuracy": 0.9439446366782007,
  "macro_fscore": 0.605706798031126,
  "micro_fscore": 0.9484752891692955,
  "loss": 0.265383447063089
}