{
  "accuracy": 0.9220023282887078,
  "macro_fscore": 0.7458097226152203,
  "micro_fscore": 0.9247058823529413,
  "loss": 0.44971279107738626
}