{
  "accuracy": 0.9220023282887078,
  "macro_fscore": 0.6607824936025958,
  "micro_fscore": 0.9237089201877934,
  "loss": 0.29656458766786037
}