{
  "accuracy": 0.930151338766007,
  "macro_fscore": 0.7106544238627651,
  "micro_fscore": 0.932392710170488,
  "loss": 0.45923491390594456
}