{
    "model_count": 5,
    "accuracy_mean": 0.7852534562211981,
    "accuracy_std": 0.005254264631793274,
    "macro_fscore_mean": 0.7455311380424503,
    "macro_fscore_std": 0.012511978505323394,
    "micro_fscore_mean": 0.8044266640212245,
    "micro_fscore_std": 0.00942197291735272,
    "label_org:alternate_names_fscore_mean": 0.9121212121212121,
    "label_org:alternate_names_fscore_std": 0.05907148087763011,
    "label_per:stateorprovinces_of_residence_fscore_mean": 0.8877777777777778,
    "label_per:stateorprovinces_of_residence_fscore_std": 0.11388211361960725,
    "label_per:title_fscore_mean": 0.923076923076923,
    "label_per:title_fscore_std": 0.0,
    "label_org:shareholders_fscore_mean": 0.7920745920745921,
    "label_org:shareholders_fscore_std": 0.11049725563718678,
    "label_per:city_of_birth_fscore_mean": 0.9714285714285714,
    "label_per:city_of_birth_fscore_std": 0.06388765649999402,
    "label_org:website_fscore_mean": 1.0,
    "label_org:website_fscore_std": 0.0,
    "label_org:political/religious_affiliation_fscore_mean": 0.9512820512820512,
    "label_org:political/religious_affiliation_fscore_std": 0.07387107841480996,
    "label_per:date_of_birth_fscore_mean": 1.0,
    "label_per:date_of_birth_fscore_std": 0.0,
    "label_org:number_of_employees/members_fscore_mean": 1.0,
    "label_org:number_of_employees/members_fscore_std": 0.0,
    "label_org:member_of_fscore_mean": 0.6708513708513708,
    "label_org:member_of_fscore_std": 0.14984685886627644,
    "label_per:alternate_names_fscore_mean": 0.37333333333333335,
    "label_per:alternate_names_fscore_std": 0.0365148371670111,
    "label_org:founded_by_fscore_mean": 0.9692307692307692,
    "label_org:founded_by_fscore_std": 0.04213250442347435,
    "label_per:parents_fscore_mean": 0.8797619047619047,
    "label_per:parents_fscore_std": 0.05620510301958516,
    "label_per:siblings_fscore_mean": 0.8897435897435897,
    "label_per:siblings_fscore_std": 0.08956025229011785,
    "label_org:dissolved_fscore_mean": 0,
    "label_org:dissolved_fscore_std": 0.0,
    "label_per:stateorprovince_of_death_fscore_mean": 0.92,
    "label_per:stateorprovince_of_death_fscore_std": 0.1095445115010332,
    "label_org:members_fscore_mean": 0.6579365079365079,
    "label_org:members_fscore_std": 0.15913638494971913,
    "label_per:religion_fscore_mean": 0.8711111111111112,
    "label_per:religion_fscore_std": 0.03975231959999627,
    "label_per:cities_of_residence_fscore_mean": 0.7031135531135531,
    "label_per:cities_of_residence_fscore_std": 0.06268848458988117,
    "label_org:city_of_headquarters_fscore_mean": 0.4974603174603175,
    "label_org:city_of_headquarters_fscore_std": 0.07625328099289837,
    "label_per:age_fscore_mean": 1.0,
    "label_per:age_fscore_std": 0.0,
    "label_per:city_of_death_fscore_mean": 0.8666666666666667,
    "label_per:city_of_death_fscore_std": 0.18257418583505539,
    "label_per:countries_of_residence_fscore_mean": 0.4211344211344211,
    "label_per:countries_of_residence_fscore_std": 0.09043968625921654,
    "label_per:schools_attended_fscore_mean": 0.9411764705882353,
    "label_per:schools_attended_fscore_std": 0.0,
    "label_per:employee_of_fscore_mean": 0.19999999999999998,
    "label_per:employee_of_fscore_std": 0.18257418583505536,
    "label_per:children_fscore_mean": 0.6933333333333334,
    "label_per:children_fscore_std": 0.059628479399994425,
    "label_per:origin_fscore_mean": 0.5288888888888889,
    "label_per:origin_fscore_std": 0.06876332643007022,
    "label_per:country_of_birth_fscore_mean": 0.26666666666666666,
    "label_per:country_of_birth_fscore_std": 0.3651483716701107,
    "label_org:founded_fscore_mean": 0.96,
    "label_org:founded_fscore_std": 0.08944271909999157,
    "label_per:spouse_fscore_mean": 1.0,
    "label_per:spouse_fscore_std": 0.0,
    "label_per:date_of_death_fscore_mean": 0.9411764705882353,
    "label_per:date_of_death_fscore_std": 0.0,
    "label_org:subsidiaries_fscore_mean": 0.8142857142857142,
    "label_org:subsidiaries_fscore_std": 0.0586845597326964,
    "label_org:top_members/employees_fscore_mean": 0.6990196078431372,
    "label_org:top_members/employees_fscore_std": 0.03459270345956335,
    "label_per:charges_fscore_mean": 0.8666666666666667,
    "label_per:charges_fscore_std": 0.07453559924999298,
    "label_org:parents_fscore_mean": 0,
    "label_org:parents_fscore_std": 0.0,
    "label_org:country_of_headquarters_fscore_mean": 0.8433333333333334,
    "label_org:country_of_headquarters_fscore_std": 0.0648359753817563,
    "label_per:cause_of_death_fscore_mean": 0.7714285714285715,
    "label_per:cause_of_death_fscore_std": 0.047915742374995476,
    "label_org:stateorprovince_of_headquarters_fscore_mean": 0.8627450980392157,
    "label_org:stateorprovince_of_headquarters_fscore_std": 0.035798859967657914,
    "label_per:other_family_fscore_mean": 0.5288888888888889,
    "label_per:other_family_fscore_std": 0.06876332643007023,
    "loss_mean": 0.8309483621801649,
    "loss_std": 0.04966617381616512
}