{
    "model_count": 5,
    "accuracy_mean": 0.7889400921658987,
    "accuracy_std": 0.006008481479449467,
    "macro_fscore_mean": 0.7459338884678252,
    "macro_fscore_std": 0.019646346021384323,
    "micro_fscore_mean": 0.8094945281970547,
    "micro_fscore_std": 0.00863608427386705,
    "label_per:employee_of_fscore_mean": 0.21333333333333332,
    "label_per:employee_of_fscore_std": 0.19663841605003501,
    "label_per:cities_of_residence_fscore_mean": 0.661236802413273,
    "label_per:cities_of_residence_fscore_std": 0.0691977365766872,
    "label_org:member_of_fscore_mean": 0.7587878787878788,
    "label_org:member_of_fscore_std": 0.06036314956600612,
    "label_per:date_of_death_fscore_mean": 0.9411764705882353,
    "label_per:date_of_death_fscore_std": 0.0,
    "label_per:siblings_fscore_mean": 0.9073260073260073,
    "label_per:siblings_fscore_std": 0.06534125033050499,
    "label_org:city_of_headquarters_fscore_mean": 0.5317460317460317,
    "label_org:city_of_headquarters_fscore_std": 0.0577786499149248,
    "label_per:age_fscore_mean": 1.0,
    "label_per:age_fscore_std": 0.0,
    "label_per:stateorprovince_of_death_fscore_mean": 0.92,
    "label_per:stateorprovince_of_death_fscore_std": 0.1095445115010332,
    "label_per:stateorprovinces_of_residence_fscore_mean": 0.9,
    "label_per:stateorprovinces_of_residence_fscore_std": 0.13693063937629152,
    "label_org:top_members/employees_fscore_mean": 0.7073529411764705,
    "label_org:top_members/employees_fscore_std": 0.05104869105208755,
    "label_per:city_of_birth_fscore_mean": 1.0,
    "label_per:city_of_birth_fscore_std": 0.0,
    "label_org:shareholders_fscore_mean": 0.7708624708624708,
    "label_org:shareholders_fscore_std": 0.11077657867680561,
    "label_org:members_fscore_mean": 0.6452380952380953,
    "label_org:members_fscore_std": 0.07548032135308261,
    "label_org:founded_fscore_mean": 0.9314285714285714,
    "label_org:founded_fscore_std": 0.0960442075084092,
    "label_per:parents_fscore_mean": 0.9216666666666666,
    "label_per:parents_fscore_std": 0.026087459737497553,
    "label_per:alternate_names_fscore_mean": 0.38666666666666666,
    "label_per:alternate_names_fscore_std": 0.029814239699997212,
    "label_org:founded_by_fscore_mean": 0.9666666666666667,
    "label_org:founded_by_fscore_std": 0.07453559924999298,
    "label_org:dissolved_fscore_mean": 0,
    "label_org:dissolved_fscore_std": 0.0,
    "label_per:spouse_fscore_mean": 0.9333333333333333,
    "label_per:spouse_fscore_std": 0.14907119849998599,
    "label_per:charges_fscore_mean": 0.8484848484848485,
    "label_per:charges_fscore_std": 0.03387981784090587,
    "label_org:parents_fscore_mean": 0,
    "label_org:parents_fscore_std": 0.0,
    "label_per:religion_fscore_mean": 0.8533333333333334,
    "label_per:religion_fscore_std": 0.048686449556014776,
    "label_org:alternate_names_fscore_mean": 0.9090909090909091,
    "label_org:alternate_names_fscore_std": 0.0,
    "label_per:countries_of_residence_fscore_mean": 0.4173737373737374,
    "label_per:countries_of_residence_fscore_std": 0.082749408121353,
    "label_org:website_fscore_mean": 1.0,
    "label_org:website_fscore_std": 0.0,
    "label_org:number_of_employees/members_fscore_mean": 1.0,
    "label_org:number_of_employees/members_fscore_std": 0.0,
    "label_per:date_of_birth_fscore_mean": 1.0,
    "label_per:date_of_birth_fscore_std": 0.0,
    "label_per:origin_fscore_mean": 0.5644444444444444,
    "label_per:origin_fscore_std": 0.11287488977066919,
    "label_org:subsidiaries_fscore_mean": 0.8142857142857142,
    "label_org:subsidiaries_fscore_std": 0.0586845597326964,
    "label_org:political/religious_affiliation_fscore_mean": 0.9333333333333333,
    "label_org:political/religious_affiliation_fscore_std": 0.09128709291752772,
    "label_per:cause_of_death_fscore_mean": 0.75,
    "label_per:cause_of_death_fscore_std": 0.0,
    "label_org:stateorprovince_of_headquarters_fscore_mean": 0.888888888888889,
    "label_org:stateorprovince_of_headquarters_fscore_std": 0.0,
    "label_per:title_fscore_mean": 0.923076923076923,
    "label_per:title_fscore_std": 0.0,
    "label_per:city_of_death_fscore_mean": 0.8666666666666667,
    "label_per:city_of_death_fscore_std": 0.18257418583505539,
    "label_per:schools_attended_fscore_mean": 0.9411764705882353,
    "label_per:schools_attended_fscore_std": 0.0,
    "label_per:country_of_birth_fscore_mean": 0.13333333333333333,
    "label_per:country_of_birth_fscore_std": 0.29814239699997197,
    "label_org:country_of_headquarters_fscore_mean": 0.8377777777777777,
    "label_org:country_of_headquarters_fscore_std": 0.10696428387406409,
    "label_per:children_fscore_mean": 0.72,
    "label_per:children_fscore_std": 0.0730296743340222,
    "label_per:other_family_fscore_mean": 0.5933333333333333,
    "label_per:other_family_fscore_std": 0.059628479399994376,
    "loss_mean": 0.8436292303459985,
    "loss_std": 0.02670152670692796
}