{
    "model_count": 3,
    "accuracy_mean": 0.783410138248848,
    "accuracy_std": 0.004608294930875612,
    "macro_fscore_mean": 0.7446949773872851,
    "macro_fscore_std": 0.01667749325167968,
    "micro_fscore_mean": 0.8022201363928888,
    "micro_fscore_std": 0.012431128558839927,
    "label_org:founded_fscore_mean": 1.0,
    "label_org:founded_fscore_std": 0.0,
    "label_per:stateorprovinces_of_residence_fscore_mean": 0.9166666666666666,
    "label_per:stateorprovinces_of_residence_fscore_std": 0.14433756729740643,
    "label_per:employee_of_fscore_mean": 0.2222222222222222,
    "label_per:employee_of_fscore_std": 0.19245008972987526,
    "label_org:members_fscore_mean": 0.5608465608465608,
    "label_org:members_fscore_std": 0.1114883995010871,
    "label_org:number_of_employees/members_fscore_mean": 1.0,
    "label_org:number_of_employees/members_fscore_std": 0.0,
    "label_per:siblings_fscore_mean": 0.8974358974358974,
    "label_per:siblings_fscore_std": 0.11750194089630361,
    "label_per:country_of_birth_fscore_mean": 0.2222222222222222,
    "label_per:country_of_birth_fscore_std": 0.3849001794597505,
    "label_per:origin_fscore_mean": 0.5666666666666667,
    "label_per:origin_fscore_std": 0.05773502691896257,
    "label_per:religion_fscore_mean": 0.888888888888889,
    "label_per:religion_fscore_std": 0.0,
    "label_org:stateorprovince_of_headquarters_fscore_mean": 0.8453159041394336,
    "label_org:stateorprovince_of_headquarters_fscore_std": 0.037735311711740244,
    "label_per:schools_attended_fscore_mean": 0.9411764705882353,
    "label_per:schools_attended_fscore_std": 0.0,
    "label_per:parents_fscore_mean": 0.844047619047619,
    "label_per:parents_fscore_std": 0.039177339695010346,
    "label_per:date_of_death_fscore_mean": 0.9411764705882353,
    "label_per:date_of_death_fscore_std": 0.0,
    "label_per:date_of_birth_fscore_mean": 1.0,
    "label_per:date_of_birth_fscore_std": 0.0,
    "label_per:title_fscore_mean": 0.923076923076923,
    "label_per:title_fscore_std": 0.0,
    "label_org:website_fscore_mean": 1.0,
    "label_org:website_fscore_std": 0.0,
    "label_per:stateorprovince_of_death_fscore_mean": 0.9333333333333333,
    "label_per:stateorprovince_of_death_fscore_std": 0.11547005383792514,
    "label_org:member_of_fscore_mean": 0.5995670995670995,
    "label_org:member_of_fscore_std": 0.1162198593823272,
    "label_per:other_family_fscore_mean": 0.5333333333333333,
    "label_per:other_family_fscore_std": 0.05773502691896257,
    "label_per:countries_of_residence_fscore_mean": 0.39886039886039887,
    "label_per:countries_of_residence_fscore_std": 0.0789538829661027,
    "label_per:cities_of_residence_fscore_mean": 0.7115384615384615,
    "label_per:cities_of_residence_fscore_std": 0.0838249796834745,
    "label_per:alternate_names_fscore_mean": 0.37777777777777777,
    "label_per:alternate_names_fscore_std": 0.03849001794597508,
    "label_per:city_of_birth_fscore_mean": 0.9523809523809523,
    "label_per:city_of_birth_fscore_std": 0.08247860988423228,
    "label_per:city_of_death_fscore_mean": 0.8888888888888888,
    "label_per:city_of_death_fscore_std": 0.1924500897298753,
    "label_per:spouse_fscore_mean": 1.0,
    "label_per:spouse_fscore_std": 0.0,
    "label_per:cause_of_death_fscore_mean": 0.7857142857142857,
    "label_per:cause_of_death_fscore_std": 0.06185895741317416,
    "label_org:top_members/employees_fscore_mean": 0.707516339869281,
    "label_org:top_members/employees_fscore_std": 0.04169068896134982,
    "label_per:charges_fscore_mean": 0.888888888888889,
    "label_per:charges_fscore_std": 0.0962250448649376,
    "label_org:parents_fscore_mean": 0,
    "label_org:parents_fscore_std": 0.0,
    "label_org:city_of_headquarters_fscore_mean": 0.47195767195767196,
    "label_org:city_of_headquarters_fscore_std": 0.08896444256924323,
    "label_org:alternate_names_fscore_mean": 0.9141414141414141,
    "label_org:alternate_names_fscore_std": 0.08344803859524401,
    "label_org:country_of_headquarters_fscore_mean": 0.888888888888889,
    "label_org:country_of_headquarters_fscore_std": 0.0,
    "label_org:shareholders_fscore_mean": 0.7393162393162392,
    "label_org:shareholders_fscore_std": 0.11201147369300139,
    "label_org:political/religious_affiliation_fscore_mean": 0.9743589743589743,
    "label_org:political/religious_affiliation_fscore_std": 0.044411559168432785,
    "label_per:age_fscore_mean": 1.0,
    "label_per:age_fscore_std": 0.0,
    "label_per:children_fscore_mean": 0.7111111111111111,
    "label_per:children_fscore_std": 0.07698003589195015,
    "label_org:founded_by_fscore_mean": 0.9743589743589743,
    "label_org:founded_by_fscore_std": 0.044411559168432785,
    "label_org:subsidiaries_fscore_mean": 0.8214285714285714,
    "label_org:subsidiaries_fscore_std": 0.06185895741317423,
    "label_org:dissolved_fscore_mean": 0,
    "label_org:dissolved_fscore_std": 0.0,
    "loss_mean": 0.8184990286827087,
    "loss_std": 0.02382645521869713
}