{
    "model_count": 5,
    "em_accuracy_mean": 0.5639645776566757,
    "em_accuracy_std": 0.017124058900400675,
    "loss_mean": 0.0,
    "loss_std": 0.0
}