{
    "model_count": 5,
    "UAS_mean": 0.9268351000239101,
    "UAS_std": 0.0010663176982752295,
    "LAS_mean": 0.8892085757551605,
    "LAS_std": 0.002123381843587703,
    "UEM_mean": 0.7189215214251324,
    "UEM_std": 0.005376463851764531,
    "LEM_mean": 0.5410688493018777,
    "LEM_std": 0.004891064072874471,
    "LOAS_mean": 0.9302940942057862,
    "LOAS_std": 0.001744645432389578,
    "LOEM_mean": 0.5814155031295137,
    "LOEM_std": 0.005324474261318934,
    "loss_mean": 1.7293308539687586,
    "loss_std": 0.2639610952761176
}