{
  "UAS": 0.9272734518211525,
  "LAS": 0.8902526500358652,
  "UEM": 0.718343765045739,
  "LEM": 0.5416466056812711,
  "LOAS": 0.9305013150553917,
  "LOEM": 0.5825710158883004,
  "loss": 1.6650809352125329
}