{
  "em_accuracy": 0.5295904727184348,
  "loss": 1.477428167537578
}