{
  "em_accuracy": 0.5475756471017135,
  "loss": 1.461468088974073
}