{
  "em_accuracy": 0.5449021752339288,
  "loss": 1.4584112990249707
}