{
  "em_accuracy": 0.5582695345728521,
  "loss": 1.4322285266755854
}