{
  "em_accuracy": 0.5382184955644671,
  "loss": 1.4853723984320186
}