{
  "em_accuracy": 0.5545023696682464,
  "loss": 1.4562074954069935
}