{
  "em_accuracy": 0.5291043869242922,
  "loss": 1.490900446951968
}