{
  "accuracy": 0.8302326644421082,
  "macro_fscore": 0.5542615496630111,
  "micro_fscore": 0.6323942463188357,
  "label_per:other_family_fscore": 0.15555555555555556,
  "label_per:country_of_birth_fscore": 0.4444444444444444,
  "label_org:shareholders_fscore": 0.2375,
  "label_per:age_fscore": 0.896969696969697,
  "label_per:parents_fscore": 0.5192307692307692,
  "label_per:date_of_birth_fscore": 0.8656716417910448,
  "label_org:political/religious_affiliation_fscore": 0.13333333333333333,
  "label_org:member_of_fscore": 0,
  "label_org:website_fscore": 0.900523560209424,
  "label_per:stateorprovince_of_birth_fscore": 0.6101694915254238,
  "label_per:city_of_death_fscore": 0.7228915662650602,
  "label_per:stateorprovinces_of_residence_fscore": 0.46875000000000006,
  "label_per:origin_fscore": 0.5816733067729084,
  "label_per:alternate_names_fscore": 0.38961038961038963,
  "label_per:title_fscore": 0.8051813471502591,
  "label_per:religion_fscore": 0.6393442622950819,
  "label_per:stateorprovince_of_death_fscore": 0.6265060240963854,
  "label_per:country_of_death_fscore": 0,
  "label_per:countries_of_residence_fscore": 0.46564885496183206,
  "label_per:cities_of_residence_fscore": 0.4933687002652519,
  "label_org:parents_fscore": 0.19251336898395724,
  "label_per:cause_of_death_fscore": 0.8,
  "label_org:city_of_headquarters_fscore": 0.59375,
  "label_per:city_of_birth_fscore": 0.6470588235294118,
  "label_org:country_of_headquarters_fscore": 0.5753424657534247,
  "label_org:number_of_employees/members_fscore": 0.7666666666666667,
  "label_org:dissolved_fscore": 0.5,
  "label_per:charges_fscore": 0.7317073170731706,
  "label_per:children_fscore": 0.5937500000000001,
  "label_per:spouse_fscore": 0.664756446991404,
  "label_org:members_fscore": 0.64,
  "label_org:subsidiaries_fscore": 0.2302158273381295,
  "label_org:founded_fscore": 0.7123287671232877,
  "label_org:stateorprovince_of_headquarters_fscore": 0.5963302752293578,
  "label_org:founded_by_fscore": 0.6349206349206348,
  "label_per:date_of_death_fscore": 0.7315914489311164,
  "label_org:alternate_names_fscore": 0.8158295281582952,
  "label_per:siblings_fscore": 0.5974025974025974,
  "label_org:top_members/employees_fscore": 0.6261538461538462,
  "label_per:employee_of_fscore": 0.4051612903225807,
  "label_per:schools_attended_fscore": 0.712871287128713,
  "loss": 0.618157190236342
}