{
  "accuracy": 0.831969648489281,
  "macro_fscore": 0.5420886258935528,
  "micro_fscore": 0.6292888468483963,
  "label_per:other_family_fscore": 0.2654867256637168,
  "label_per:country_of_birth_fscore": 0.09523809523809523,
  "label_org:shareholders_fscore": 0.1234567901234568,
  "label_per:age_fscore": 0.9105691056910571,
  "label_per:parents_fscore": 0.5217391304347826,
  "label_per:date_of_birth_fscore": 0.8529411764705881,
  "label_org:political/religious_affiliation_fscore": 0.18181818181818182,
  "label_org:member_of_fscore": 0,
  "label_org:website_fscore": 0.9042553191489361,
  "label_per:stateorprovince_of_birth_fscore": 0.6530612244897959,
  "label_per:city_of_death_fscore": 0.6926406926406926,
  "label_per:stateorprovinces_of_residence_fscore": 0.47567567567567565,
  "label_per:origin_fscore": 0.5425101214574899,
  "label_per:alternate_names_fscore": 0.35185185185185186,
  "label_per:title_fscore": 0.8038914490527395,
  "label_per:religion_fscore": 0.6779661016949152,
  "label_per:stateorprovince_of_death_fscore": 0.5588235294117647,
  "label_per:country_of_death_fscore": 0,
  "label_per:countries_of_residence_fscore": 0.4444444444444445,
  "label_per:cities_of_residence_fscore": 0.46919431279620855,
  "label_org:parents_fscore": 0.2901234567901234,
  "label_per:cause_of_death_fscore": 0.8,
  "label_org:city_of_headquarters_fscore": 0.5899280575539568,
  "label_per:city_of_birth_fscore": 0.732394366197183,
  "label_org:country_of_headquarters_fscore": 0.5731958762886599,
  "label_org:number_of_employees/members_fscore": 0.8070175438596491,
  "label_org:dissolved_fscore": 0.21428571428571425,
  "label_per:charges_fscore": 0.6956521739130436,
  "label_per:children_fscore": 0.582857142857143,
  "label_per:spouse_fscore": 0.7184466019417476,
  "label_org:members_fscore": 0.6625,
  "label_org:subsidiaries_fscore": 0.2818181818181818,
  "label_org:founded_fscore": 0.7804878048780488,
  "label_org:founded_by_fscore": 0.5619834710743802,
  "label_org:stateorprovince_of_headquarters_fscore": 0.5648148148148148,
  "label_per:date_of_death_fscore": 0.715736040609137,
  "label_org:alternate_names_fscore": 0.8279883381924198,
  "label_per:siblings_fscore": 0.6000000000000001,
  "label_org:top_members/employees_fscore": 0.6128301886792452,
  "label_per:employee_of_fscore": 0.41409691629955947,
  "label_per:schools_attended_fscore": 0.6739130434782609,
  "loss": 0.6120260910264472
}