{
  "accuracy": 0.8450427389495817,
  "macro_fscore": 0.5487368236230697,
  "micro_fscore": 0.638722186317053,
  "label_per:other_family_fscore": 0.25688073394495414,
  "label_per:country_of_birth_fscore": 0.20689655172413793,
  "label_org:shareholders_fscore": 0.21739130434782608,
  "label_per:age_fscore": 0.9064449064449066,
  "label_per:parents_fscore": 0.5192307692307692,
  "label_per:date_of_birth_fscore": 0.8405797101449276,
  "label_org:political/religious_affiliation_fscore": 0.11764705882352941,
  "label_org:member_of_fscore": 0,
  "label_org:website_fscore": 0.923076923076923,
  "label_per:stateorprovince_of_birth_fscore": 0.68,
  "label_per:city_of_death_fscore": 0.6325581395348837,
  "label_per:stateorprovinces_of_residence_fscore": 0.5393258426966292,
  "label_per:origin_fscore": 0.5491990846681922,
  "label_per:alternate_names_fscore": 0.33333333333333337,
  "label_per:title_fscore": 0.8205399682371627,
  "label_per:religion_fscore": 0.6481481481481481,
  "label_per:stateorprovince_of_death_fscore": 0.6410256410256411,
  "label_per:country_of_death_fscore": 0.04255319148936171,
  "label_per:countries_of_residence_fscore": 0.4319654427645789,
  "label_per:cities_of_residence_fscore": 0.5013477088948787,
  "label_org:parents_fscore": 0.25680933852140075,
  "label_per:cause_of_death_fscore": 0.7916666666666666,
  "label_org:city_of_headquarters_fscore": 0.5829596412556053,
  "label_per:city_of_birth_fscore": 0.7164179104477613,
  "label_org:country_of_headquarters_fscore": 0.5770925110132158,
  "label_org:number_of_employees/members_fscore": 0.7931034482758621,
  "label_org:dissolved_fscore": 0.3333333333333333,
  "label_per:charges_fscore": 0.7614213197969544,
  "label_per:children_fscore": 0.5635359116022101,
  "label_per:spouse_fscore": 0.7051671732522795,
  "label_org:members_fscore": 0.6187845303867403,
  "label_org:subsidiaries_fscore": 0.15189873417721517,
  "label_org:founded_fscore": 0.7567567567567567,
  "label_org:stateorprovince_of_headquarters_fscore": 0.6057142857142858,
  "label_org:founded_by_fscore": 0.625,
  "label_per:date_of_death_fscore": 0.6774193548387097,
  "label_org:alternate_names_fscore": 0.8124118476727785,
  "label_per:siblings_fscore": 0.6666666666666666,
  "label_org:top_members/employees_fscore": 0.6296617519514309,
  "label_per:employee_of_fscore": 0.3583617747440273,
  "label_per:schools_attended_fscore": 0.7058823529411765,
  "loss": 0.948897727155207
}