{
  "UAS": 0.7306635824779528,
  "LAS": 0.6052238446339936,
  "UEM": 0.076,
  "LEM": 0.017,
  "LOAS": 0.7283504409426051,
  "LOEM": 0.038,
  "loss": 6.942000284790993
}