{
  "UAS": 0.7251698713315021,
  "LAS": 0.6116331743048528,
  "UEM": 0.071,
  "LEM": 0.015,
  "LOAS": 0.7400607199653029,
  "LOEM": 0.035,
  "loss": 7.423366770148277
}