{
  "UAS": 0.7274830128668498,
  "LAS": 0.605464796877259,
  "UEM": 0.088,
  "LEM": 0.022,
  "LOAS": 0.7312900583104429,
  "LOEM": 0.04,
  "loss": 5.834139510989189
}