{
  "UAS": 0.747200071678165,
  "LAS": 0.5448436520025087,
  "UEM": 0.068,
  "LEM": 0.006,
  "LOAS": 0.6312606397276229,
  "LOEM": 0.008,
  "loss": 4.791616395115852
}