{
  "UAS": 0.7222471104739718,
  "LAS": 0.5213690529522444,
  "UEM": 0.061,
  "LEM": 0.004,
  "LOAS": 0.6097123913627811,
  "LOEM": 0.004,
  "loss": 6.571201533079147
}