{
    "model_count": 5,
    "UAS_mean": 0.74125974375056,
    "UAS_std": 0.013794941045429832,
    "LAS_mean": 0.5352835767404355,
    "LAS_std": 0.017536264867310997,
    "UEM_mean": 0.06760000000000001,
    "UEM_std": 0.0043358966777357595,
    "LEM_mean": 0.0056,
    "LEM_std": 0.001140175425099138,
    "LOAS_mean": 0.6213063345578352,
    "LOAS_std": 0.015508991573110175,
    "LOEM_mean": 0.0074,
    "LOEM_std": 0.002607680962081059,
    "loss_mean": 5.913592910766601,
    "loss_std": 0.6788639132150646
}