{
  "accuracy": 0.8408374091511633,
  "macro_fscore": 0.5399965154117267,
  "micro_fscore": 0.6365204758013256,
  "label_org:dissolved_fscore": 0.35294117647058826,
  "label_org:shareholders_fscore": 0.1818181818181818,
  "label_org:website_fscore": 0.9289617486338797,
  "label_org:top_members/employees_fscore": 0.6532399299474606,
  "label_org:member_of_fscore": 0,
  "label_per:employee_of_fscore": 0.38666666666666666,
  "label_org:alternate_names_fscore": 0.8279883381924198,
  "label_per:children_fscore": 0.5664739884393064,
  "label_per:parents_fscore": 0.4426229508196721,
  "label_org:founded_fscore": 0.7692307692307692,
  "label_per:stateorprovince_of_birth_fscore": 0.6296296296296297,
  "label_per:city_of_birth_fscore": 0.7272727272727273,
  "label_per:schools_attended_fscore": 0.6530612244897959,
  "label_org:city_of_headquarters_fscore": 0.6068376068376069,
  "label_per:origin_fscore": 0.5841121495327103,
  "label_per:charges_fscore": 0.7476635514018691,
  "label_org:stateorprovince_of_headquarters_fscore": 0.5779816513761467,
  "label_per:title_fscore": 0.8212809917355373,
  "label_per:date_of_death_fscore": 0.7000000000000001,
  "label_per:country_of_birth_fscore": 0.28571428571428575,
  "label_per:spouse_fscore": 0.7000000000000001,
  "label_per:cause_of_death_fscore": 0.7876923076923077,
  "label_per:countries_of_residence_fscore": 0.4036281179138322,
  "label_org:parents_fscore": 0.3010752688172043,
  "label_org:country_of_headquarters_fscore": 0.5367965367965367,
  "label_per:age_fscore": 0.9109730848861283,
  "label_per:country_of_death_fscore": 0.044444444444444446,
  "label_per:date_of_birth_fscore": 0.8169014084507041,
  "label_per:cities_of_residence_fscore": 0.4756446991404012,
  "label_org:members_fscore": 0.5571428571428572,
  "label_org:subsidiaries_fscore": 0.21052631578947367,
  "label_per:stateorprovince_of_death_fscore": 0.6097560975609756,
  "label_per:stateorprovinces_of_residence_fscore": 0.5402298850574713,
  "label_org:founded_by_fscore": 0.5625,
  "label_per:siblings_fscore": 0.5970149253731344,
  "label_per:other_family_fscore": 0.2518518518518519,
  "label_org:number_of_employees/members_fscore": 0.7333333333333333,
  "label_per:alternate_names_fscore": 0.25742574257425743,
  "label_org:political/religious_affiliation_fscore": 0.10000000000000002,
  "label_per:religion_fscore": 0.6206896551724139,
  "label_per:city_of_death_fscore": 0.6787330316742082,
  "loss": 1.0117280276749918
}