{
  "accuracy": 0.8407459889381542,
  "macro_fscore": 0.5406052277780574,
  "micro_fscore": 0.6303487623079048,
  "label_org:dissolved_fscore": 0.2,
  "label_org:shareholders_fscore": 0.2391304347826087,
  "label_org:website_fscore": 0.9289617486338797,
  "label_org:top_members/employees_fscore": 0.6240140227870289,
  "label_org:member_of_fscore": 0.05555555555555555,
  "label_per:employee_of_fscore": 0.4139784946236559,
  "label_org:alternate_names_fscore": 0.804185351270553,
  "label_per:children_fscore": 0.6171428571428571,
  "label_per:parents_fscore": 0.5046728971962616,
  "label_org:founded_fscore": 0.7671232876712328,
  "label_per:stateorprovince_of_birth_fscore": 0.5777777777777778,
  "label_per:city_of_birth_fscore": 0.696969696969697,
  "label_per:schools_attended_fscore": 0.702127659574468,
  "label_org:city_of_headquarters_fscore": 0.5925925925925926,
  "label_per:origin_fscore": 0.5175438596491229,
  "label_per:charges_fscore": 0.7450980392156863,
  "label_org:stateorprovince_of_headquarters_fscore": 0.6120218579234972,
  "label_per:country_of_birth_fscore": 0.23076923076923075,
  "label_per:title_fscore": 0.8178879310344827,
  "label_per:date_of_death_fscore": 0.6742857142857144,
  "label_per:spouse_fscore": 0.7066246056782334,
  "label_per:cause_of_death_fscore": 0.8181818181818183,
  "label_per:countries_of_residence_fscore": 0.42968749999999994,
  "label_org:parents_fscore": 0.2906574394463668,
  "label_org:country_of_headquarters_fscore": 0.5632458233890214,
  "label_per:age_fscore": 0.9124999999999999,
  "label_per:country_of_death_fscore": 0.08695652173913045,
  "label_per:date_of_birth_fscore": 0.8787878787878788,
  "label_per:cities_of_residence_fscore": 0.46551724137931033,
  "label_org:members_fscore": 0.5138888888888888,
  "label_org:subsidiaries_fscore": 0.12949640287769787,
  "label_per:stateorprovince_of_death_fscore": 0.6499999999999999,
  "label_per:stateorprovinces_of_residence_fscore": 0.5487804878048781,
  "label_per:siblings_fscore": 0.5970149253731344,
  "label_org:founded_by_fscore": 0.5901639344262294,
  "label_per:other_family_fscore": 0.1616161616161616,
  "label_org:number_of_employees/members_fscore": 0.6984126984126984,
  "label_per:alternate_names_fscore": 0.2727272727272727,
  "label_org:political/religious_affiliation_fscore": 0.2222222222222222,
  "label_per:religion_fscore": 0.6428571428571429,
  "label_per:city_of_death_fscore": 0.6636363636363636,
  "loss": 0.9712521464458639
}