{
  "UAS": 0.06217216908361617,
  "LAS": 0.009822071377146972,
  "UEM": 0.0,
  "LEM": 0.0,
  "LOAS": 0.11339092872570194,
  "LOEM": 0.0,
  "loss": 5.736697764623733
}