{
  "UAS": 0.7459117556309781,
  "LAS": 0.6147279646199733,
  "UEM": 0.101,
  "LEM": 0.018,
  "LOAS": 0.7410778566286126,
  "LOEM": 0.033,
  "loss": 7.314103543758392
}