{
  "em_accuracy": 0.12790697674418605,
  "loss": 2.436522838681243
}