{
  "em_accuracy": 0.1300872093023256,
  "loss": 2.4439093498296516
}