{
  "em_accuracy": 0.12899709302325582,
  "loss": 2.4551283717155457
}