{
  "em_accuracy": 0.13953488372093023,
  "loss": 2.453541922014813
}