{
  "accuracy": 0.8753709198813057,
  "macro_fscore": 0.5898037243428861,
  "micro_fscore": 0.8805970149253731,
  "loss": 0.5740257181966048
}