{
  "accuracy": 0.857566765578635,
  "macro_fscore": 0.5504981506624982,
  "micro_fscore": 0.8704819277108434,
  "loss": 0.7328288792063673
}