{
  "accuracy": 0.8637951105937136,
  "macro_fscore": 0.5989898007298305,
  "micro_fscore": 0.8655314151497359,
  "loss": 0.5185125091423591
}