{
  "accuracy": 0.9278230500582072,
  "macro_fscore": 0.6642133182077182,
  "micro_fscore": 0.9301233118027011,
  "loss": 0.3918056932312471
}