{
  "accuracy": 0.9033760186263097,
  "macro_fscore": 0.6606571367089376,
  "micro_fscore": 0.9049295774647887,
  "loss": 0.43946485559421555
}