{
  "em_accuracy": 0.0458984375,
  "loss": 3.2781233319547027
}