{
  "em_accuracy": 0.0604248046875,
  "loss": 3.4029870613012463
}