{
  "em_accuracy": 0.068603515625,
  "loss": 2.892200958682224
}