{
  "em_accuracy": 0.058837890625,
  "loss": 3.047917338088155
}