{
  "em_accuracy": 0.080810546875,
  "loss": 3.187137497123331
}