{
  "em_accuracy": 0.06982421875,
  "loss": 3.004294950282201
}