{
    "model_count": 5,
    "UAS_mean": 0.5816721776098253,
    "UAS_std": 0.02263657138152717,
    "LAS_mean": 0.5179714003521279,
    "LAS_std": 0.021291925536099706,
    "UEM_mean": 0.015000000000000001,
    "UEM_std": 0.0034641016151377548,
    "LEM_mean": 0.0078000000000000005,
    "LEM_std": 0.0014832396974191326,
    "LOAS_mean": 0.7383604586249839,
    "LOAS_std": 0.009921807402188784,
    "LOEM_mean": 0.0124,
    "LOEM_std": 0.0032093613071762428,
    "loss_mean": 8.899400746822357,
    "loss_std": 0.582573272261145
}