{
  "UAS": 0.5779619530209988,
  "LAS": 0.5143212951432129,
  "UEM": 0.014,
  "LEM": 0.008,
  "LOAS": 0.7326834714647658,
  "LOEM": 0.013,
  "loss": 8.870035573840141
}