{
  "UAS": 0.5783913771632241,
  "LAS": 0.5141924679005454,
  "UEM": 0.012,
  "LEM": 0.007,
  "LOAS": 0.7374071370292438,
  "LOEM": 0.012,
  "loss": 8.250012531876564
}