{
  "UAS": 0.6118005754283505,
  "LAS": 0.5466998754669987,
  "UEM": 0.02,
  "LEM": 0.01,
  "LOAS": 0.7550564692747026,
  "LOEM": 0.017,
  "loss": 8.635331779718399
}