{
  "UAS": 0.24795725958516657,
  "LAS": 0.13262099308610936,
  "UEM": 0.005005005005005005,
  "LEM": 0.0,
  "loss": 3.441655919665382
}