{
  "UAS": 0.2616503546736105,
  "LAS": 0.14837927628625303,
  "UEM": 0.004004004004004004,
  "LEM": 0.0,
  "loss": 3.383288447819059
}