{
  "UAS": 0.2616503546736105,
  "LAS": 0.14703241447427495,
  "UEM": 0.006006006006006006,
  "LEM": 0.0,
  "loss": 3.415452253250849
}