{
  "accuracy": 0.8527968596663396,
  "macro_fscore": 0.5346188020649869,
  "micro_fscore": 0.860847880299252,
  "loss": 0.6984156848629937
}