{
  "accuracy": 0.8577036310107949,
  "macro_fscore": 0.5350945882909164,
  "micro_fscore": 0.8598315998018821,
  "loss": 0.8378350313578267
}