{
  "accuracy": 0.8498527968596663,
  "macro_fscore": 0.4954971553126531,
  "micro_fscore": 0.8579970104633782,
  "loss": 0.7859688810713124
}