{
  "accuracy": 0.8684985279685966,
  "macro_fscore": 0.5302210609350047,
  "micro_fscore": 0.873015873015873,
  "loss": 0.7756938640968656
}