{
    "model_count": 5,
    "UAS_mean": 0.6649019114688128,
    "UAS_std": 0.0038858454121596104,
    "LAS_mean": 0.4907193158953722,
    "LAS_std": 0.0052662476653258196,
    "UEM_mean": 0.04106844741235392,
    "UEM_std": 0.0014932006527544508,
    "LEM_mean": 0.015358931552587647,
    "LEM_std": 0.0013967613130785896,
    "LOAS_mean": 0.653760060362173,
    "LOAS_std": 0.004909381686577925,
    "LOEM_mean": 0.02003338898163606,
    "LOEM_std": 0.0011804787665885604,
    "loss_mean": 7.34852442992361,
    "loss_std": 1.0028932611165506
}