{
  "UAS": 0.6671906438631791,
  "LAS": 0.4927062374245473,
  "UEM": 0.041736227045075125,
  "LEM": 0.015025041736227046,
  "LOAS": 0.6529803822937625,
  "LOEM": 0.02003338898163606,
  "loss": 8.111776276638633
}