{
  "UAS": 0.6685110663983903,
  "LAS": 0.4903169014084507,
  "UEM": 0.041736227045075125,
  "LEM": 0.01335559265442404,
  "LOAS": 0.6541121730382293,
  "LOEM": 0.018363939899833055,
  "loss": 8.71284314205772
}