{
  "UAS": 0.662286217303823,
  "LAS": 0.4959758551307847,
  "UEM": 0.041736227045075125,
  "LEM": 0.015025041736227046,
  "LOAS": 0.6611544265593562,
  "LOEM": 0.02003338898163606,
  "loss": 6.574136031301398
}