{
  "UAS": 0.8514114697079996,
  "LAS": 0.7933349510636577,
  "UEM": 0.159,
  "LEM": 0.065,
  "LOAS": 0.8805306155463885,
  "LOEM": 0.152,
  "loss": 3.6793059296905994
}