{
  "UAS": 0.8511688101593464,
  "LAS": 0.7913532314163229,
  "UEM": 0.164,
  "LEM": 0.073,
  "LOAS": 0.8776591442206584,
  "LOEM": 0.143,
  "loss": 5.444414049386978
}