{
  "accuracy": 0.7796143250688705,
  "macro_fscore": 0.761971114631411,
  "micro_fscore": 0.7791842475386778,
  "loss": 1.8882796576489573
}