{
  "accuracy": 0.7823691460055097,
  "macro_fscore": 0.7553430135120345,
  "micro_fscore": 0.782608695652174,
  "loss": 0.9063135340161945
}