{
  "UAS": 0.3823505621612877,
  "LAS": 0.3227776429669174,
  "UEM": 0.003,
  "LEM": 0.002,
  "loss": 1.987307592043801
}