{
  "UAS": 0.4028957372805953,
  "LAS": 0.34206907708484996,
  "UEM": 0.002,
  "LEM": 0.002,
  "loss": 1.9921727540001037
}