{
  "UAS": 0.3857073525843242,
  "LAS": 0.3231011890317884,
  "UEM": 0.004,
  "LEM": 0.002,
  "loss": 2.003453536639138
}