{
    "model_count": 5,
    "accuracy_mean": 0.6780269058295963,
    "accuracy_std": 0.00919009037305792,
    "macro_fscore_mean": 0.6295252372326675,
    "macro_fscore_std": 0.013316682182314528,
    "micro_fscore_mean": 0.6923413232031974,
    "micro_fscore_std": 0.010933916443028073,
    "label_org:alternate_names_fscore_mean": 0.7666666666666666,
    "label_org:alternate_names_fscore_std": 0.09128709291752767,
    "label_per:stateorprovinces_of_residence_fscore_mean": 0.43714285714285717,
    "label_per:stateorprovinces_of_residence_fscore_std": 0.15142557649029934,
    "label_per:title_fscore_mean": 0.6556862745098039,
    "label_per:title_fscore_std": 0.07115242936496766,
    "label_org:shareholders_fscore_mean": 0.18333333333333332,
    "label_org:shareholders_fscore_std": 0.1707825127659933,
    "label_org:website_fscore_mean": 1.0,
    "label_org:website_fscore_std": 0.0,
    "label_per:city_of_birth_fscore_mean": 0.38,
    "label_per:city_of_birth_fscore_std": 0.07302967433402216,
    "label_org:political/religious_affiliation_fscore_mean": 0.9071794871794872,
    "label_org:political/religious_affiliation_fscore_std": 0.04151946384181801,
    "label_per:date_of_birth_fscore_mean": 0.9054545454545454,
    "label_per:date_of_birth_fscore_std": 0.07088577705315607,
    "label_org:number_of_employees/members_fscore_mean": 0.8571428571428571,
    "label_org:number_of_employees/members_fscore_std": 0.0,
    "label_org:member_of_fscore_mean": 0.3942857142857143,
    "label_org:member_of_fscore_std": 0.25728391192973665,
    "label_per:alternate_names_fscore_mean": 0.4105050505050505,
    "label_per:alternate_names_fscore_std": 0.03435531582946475,
    "label_org:founded_by_fscore_mean": 0.8356643356643356,
    "label_org:founded_by_fscore_std": 0.04955093629249722,
    "label_per:parents_fscore_mean": 0.810989010989011,
    "label_per:parents_fscore_std": 0.06611696244611567,
    "label_per:siblings_fscore_mean": 0.8064646464646466,
    "label_per:siblings_fscore_std": 0.08088884852520212,
    "label_org:dissolved_fscore_mean": 0,
    "label_org:dissolved_fscore_std": 0.0,
    "label_per:stateorprovince_of_death_fscore_mean": 0.72,
    "label_per:stateorprovince_of_death_fscore_std": 0.41472882706655445,
    "label_org:members_fscore_mean": 0.5557575757575758,
    "label_org:members_fscore_std": 0.11410207599582255,
    "label_per:religion_fscore_mean": 0.6333333333333333,
    "label_per:religion_fscore_std": 0.07453559924999298,
    "label_org:city_of_headquarters_fscore_mean": 0.6676190476190476,
    "label_org:city_of_headquarters_fscore_std": 0.08276335688352897,
    "label_per:cities_of_residence_fscore_mean": 0.5142857142857142,
    "label_per:cities_of_residence_fscore_std": 0.07388015962185324,
    "label_per:age_fscore_mean": 0.9598997493734336,
    "label_per:age_fscore_std": 0.0225563909774436,
    "label_per:city_of_death_fscore_mean": 1.0,
    "label_per:city_of_death_fscore_std": 0.0,
    "label_per:countries_of_residence_fscore_mean": 0.44161616161616163,
    "label_per:countries_of_residence_fscore_std": 0.060494004151753884,
    "label_per:schools_attended_fscore_mean": 0.8533333333333334,
    "label_per:schools_attended_fscore_std": 0.04868644955601471,
    "label_per:employee_of_fscore_mean": 0.5224242424242425,
    "label_per:employee_of_fscore_std": 0.19264006031317982,
    "label_per:children_fscore_mean": 0.8142857142857142,
    "label_per:children_fscore_std": 0.0586845597326964,
    "label_per:origin_fscore_mean": 0.5333333333333333,
    "label_per:origin_fscore_std": 0.1084154170908989,
    "label_per:country_of_birth_fscore_mean": 0.6,
    "label_per:country_of_birth_fscore_std": 0.09128709291752767,
    "label_org:founded_fscore_mean": 0.8939393939393939,
    "label_org:founded_fscore_std": 0.03387981784090587,
    "label_per:spouse_fscore_mean": 0.8357142857142856,
    "label_per:spouse_fscore_std": 0.047915742374995525,
    "label_per:date_of_death_fscore_mean": 0.6666666666666666,
    "label_per:date_of_death_fscore_std": 0.0,
    "label_org:subsidiaries_fscore_mean": 0.5174603174603175,
    "label_org:subsidiaries_fscore_std": 0.054236030359587,
    "label_org:top_members/employees_fscore_mean": 0.7487878787878788,
    "label_org:top_members/employees_fscore_std": 0.15203094025633393,
    "label_per:charges_fscore_mean": 0.8351515151515152,
    "label_per:charges_fscore_std": 0.044567094310901605,
    "label_org:parents_fscore_mean": 0,
    "label_org:parents_fscore_std": 0.0,
    "label_org:country_of_headquarters_fscore_mean": 0.5422222222222222,
    "label_org:country_of_headquarters_fscore_std": 0.08937367800973418,
    "label_per:stateorprovince_of_birth_fscore_mean": 0,
    "label_per:stateorprovince_of_birth_fscore_std": 0.0,
    "label_per:cause_of_death_fscore_mean": 0.923076923076923,
    "label_per:cause_of_death_fscore_std": 0.0,
    "label_org:stateorprovince_of_headquarters_fscore_mean": 0.6666666666666666,
    "label_org:stateorprovince_of_headquarters_fscore_std": 0.10206207261596575,
    "label_per:other_family_fscore_mean": 0.38492063492063494,
    "label_per:other_family_fscore_std": 0.10997147984564301,
    "loss_mean": 1.1959061511925289,
    "loss_std": 0.01733124747942537
}