{
  "UAS": 0.24260355029585798,
  "LAS": 0.136975953669898,
  "UEM": 0.001,
  "LEM": 0.0,
  "loss": 3.567150456564767
}