{
  "UAS": 0.24096688908472869,
  "LAS": 0.13680809098157706,
  "UEM": 0.001,
  "LEM": 0.0,
  "loss": 3.5637000515347435
}