{
    "model_count": 5,
    "em_accuracy_mean": 0.36722383720930235,
    "em_accuracy_std": 0.009301899744976997,
    "loss_mean": 0.0,
    "loss_std": 0.0
}