{
  "UAS": 0.34389871599173927,
  "LAS": 0.22905629882374068,
  "UEM": 0.024024024024024024,
  "LEM": 0.004004004004004004,
  "loss": 2.5537639421129983
}