{
  "UAS": 0.35260842237586426,
  "LAS": 0.22681152913711053,
  "UEM": 0.028028028028028028,
  "LEM": 0.003003003003003003,
  "loss": 2.5336768400101435
}