{
  "UAS": 0.36728921612642546,
  "LAS": 0.242704498518452,
  "UEM": 0.025025025025025027,
  "LEM": 0.003003003003003003,
  "loss": 2.5323824125622947
}