{
  "UAS": 0.3535961210379815,
  "LAS": 0.23601508485229417,
  "UEM": 0.02702702702702703,
  "LEM": 0.005005005005005005,
  "loss": 2.5281280638679626
}