{
    "model_count": 5,
    "UAS_mean": 0.3555086648109904,
    "UAS_std": 0.008763438257369584,
    "LAS_mean": 0.23470413935530215,
    "LAS_std": 0.006667109572539745,
    "UEM_mean": 0.025425425425425426,
    "UEM_std": 0.00207571985518796,
    "LEM_mean": 0.0038038038038038036,
    "LEM_std": 0.0008374975240581337,
    "loss_mean": 2.5392642872674123,
    "loss_std": 0.011132749779897387
}