{"model_count": 10, "em_accuracy_mean": 0.06336669921875, "em_accuracy_std": 0.005919382327286058, "loss_mean": 3.344831531890668, "loss_std": 0.15809096120099259}