{
  "em_accuracy": 0.0693359375,
  "loss": 3.644106283551082
}