{
  "em_accuracy": 0.058837890625,
  "loss": 3.3056035465560853
}