{
  "em_accuracy": 0.0606689453125,
  "loss": 3.29890079353936
}