{
  "em_accuracy": 0.0662841796875,
  "loss": 3.1571723867673427
}