{
  "em_accuracy": 0.061279296875,
  "loss": 3.2952285185456276
}