{
    "model_count": 5,
    "UAS_mean": 0.22835262904003858,
    "UAS_std": 0.003992965058162876,
    "LAS_mean": 0.09091895803183792,
    "LAS_std": 0.0047673280613229245,
    "UEM_mean": 0.006,
    "UEM_std": 0.001414213562373095,
    "LEM_mean": 0.0028,
    "LEM_std": 0.00044721359549995795,
    "loss_mean": 3.4444190838980298,
    "loss_std": 0.05372040389436399
}