{
  "UAS": 0.23516642547033284,
  "LAS": 0.09708152436082972,
  "UEM": 0.008,
  "LEM": 0.003,
  "loss": 3.3572677828016735
}