{
  "UAS": 0.22829232995658466,
  "LAS": 0.09032802701398938,
  "UEM": 0.004,
  "LEM": 0.002,
  "loss": 3.4594803064588517
}