{
  "UAS": 0.22594066570188134,
  "LAS": 0.0917149059334298,
  "UEM": 0.006,
  "LEM": 0.003,
  "loss": 3.4384991838818504
}