{
  "accuracy": 0.8982485404503753,
  "macro_fscore": 0.5673180787672054,
  "micro_fscore": 0.9002944888514935,
  "loss": 0.40069753516465423
}