{
  "accuracy": 0.9182652210175146,
  "macro_fscore": 0.6229186351992303,
  "micro_fscore": 0.9191919191919192,
  "loss": 0.42727759858670955
}