{
  "accuracy": 0.9149291075896581,
  "macro_fscore": 0.7232539850636424,
  "micro_fscore": 0.9158249158249159,
  "loss": 0.4006485567924877
}