{
    "model_count": 4,
    "em_accuracy_mean": 0.6290020435967303,
    "em_accuracy_std": 0.0024303785908955334,
    "loss_mean": 0.0,
    "loss_std": 0.0
}