{
    "model_count": 5,
    "UAS_mean": 0.6414375301495417,
    "UAS_std": 0.005831205086804952,
    "LAS_mean": 0.4632657983598649,
    "LAS_std": 0.0034437587346159483,
    "UEM_mean": 0.0846,
    "UEM_std": 0.004722287581247036,
    "LEM_mean": 0.0132,
    "LEM_std": 0.001095445115010332,
    "LOAS_mean": 0.5846116739025566,
    "LOAS_std": 0.004591726704184751,
    "LOEM_mean": 0.015,
    "LOEM_std": 0.001,
    "loss_mean": 8.407497754693031,
    "loss_std": 0.9579638569011458
}