{
  "UAS": 0.6421249397009166,
  "LAS": 0.46562952243125905,
  "UEM": 0.088,
  "LEM": 0.015,
  "LOAS": 0.5912928123492522,
  "LOEM": 0.016,
  "loss": 7.550092428922653
}