{
  "UAS": 0.6459237819585142,
  "LAS": 0.46677520501688374,
  "UEM": 0.084,
  "LEM": 0.012,
  "LOAS": 0.5858658948383985,
  "LOEM": 0.015,
  "loss": 7.908646419644356
}