{
  "UAS": 0.6470694645441389,
  "LAS": 0.46448383984563435,
  "UEM": 0.085,
  "LEM": 0.013,
  "LOAS": 0.5849614085865895,
  "LOEM": 0.016,
  "loss": 8.81269071996212
}