{
  "UAS": 0.7460880640465793,
  "LAS": 0.5566775836972343,
  "UEM": 0.074,
  "LEM": 0.006,
  "LOAS": 0.6563864628820961,
  "LOEM": 0.006,
  "loss": 4.222697675228119
}