{
    "model_count": 5,
    "UAS_mean": 0.7461244541484716,
    "UAS_std": 0.013561356272316877,
    "LAS_mean": 0.5595887918486172,
    "LAS_std": 0.010158111340935585,
    "UEM_mean": 0.078,
    "UEM_std": 0.004690415759823428,
    "LEM_mean": 0.006,
    "LEM_std": 0.001414213562373095,
    "LOAS_mean": 0.6504366812227075,
    "LOAS_std": 0.007676931655785662,
    "LOEM_mean": 0.0072,
    "LOEM_std": 0.0010954451150103322,
    "loss_mean": 5.456264597177506,
    "loss_std": 0.7673258082545271
}