{
  "accuracy": 0.9157894736842105,
  "macro_fscore": 0.40809178743961355,
  "micro_fscore": 0.921832884097035,
  "loss": 0.41240961991328123
}