{
  "accuracy": 0.9157894736842105,
  "macro_fscore": 0.39892233370494234,
  "micro_fscore": 0.921832884097035,
  "loss": 0.3701275368221104
}