{
  "accuracy": 0.9105263157894737,
  "macro_fscore": 0.45377990430622006,
  "micro_fscore": 0.9193548387096774,
  "loss": 0.4838153189048171
}