{
  "accuracy": 0.9210526315789473,
  "macro_fscore": 0.415064935064935,
  "micro_fscore": 0.9329758713136729,
  "loss": 0.39831542054889724
}