{
  "UAS": 0.40950102815896594,
  "LAS": 0.3165050988291577,
  "UEM": 0.005,
  "LEM": 0.002,
  "loss": 2.808544151366703
}