{
  "UAS": 0.40215703554492427,
  "LAS": 0.31243442863737464,
  "UEM": 0.002,
  "LEM": 0.002,
  "loss": 2.834964048294794
}