{
  "UAS": 0.41252255654874315,
  "LAS": 0.32200260187166896,
  "UEM": 0.001,
  "LEM": 0.001,
  "loss": 2.83877476434859
}