{
    "model_count": 5,
    "UAS_mean": 0.4989308624376336,
    "UAS_std": 0.012224609401234895,
    "LAS_mean": 0.3375234886282641,
    "LAS_std": 0.007653500158481,
    "UEM_mean": 0.02979214780600462,
    "UEM_std": 0.004427318594152612,
    "LEM_mean": 0.002771362586605081,
    "LEM_std": 0.0006324740848789448,
    "LOAS_mean": 0.5302663124473531,
    "LOAS_std": 0.004187911319925541,
    "LOEM_mean": 0.004618937644341801,
    "LOEM_std": 0.0011547344110854503,
    "loss_mean": 10.870145389011928,
    "loss_std": 1.177391381008209
}