{
  "UAS": 0.5016523035054753,
  "LAS": 0.3416056502300266,
  "UEM": 0.03348729792147806,
  "LEM": 0.003464203233256351,
  "LOAS": 0.5317177476835353,
  "LOEM": 0.005773672055427252,
  "loss": 11.601239698273796
}