{
  "UAS": 0.48156547657616794,
  "LAS": 0.33039590487915504,
  "UEM": 0.023094688221709007,
  "LEM": 0.003464203233256351,
  "LOAS": 0.5315881552517333,
  "LOEM": 0.005773672055427252,
  "loss": 12.50444689818791
}