{
  "UAS": 0.49407114624505927,
  "LAS": 0.33039590487915504,
  "UEM": 0.02771362586605081,
  "LEM": 0.0023094688221709007,
  "LOAS": 0.5250437374457332,
  "LOEM": 0.003464203233256351,
  "loss": 9.701388052531652
}