{
  "accuracy": 0.7630853994490359,
  "macro_fscore": 0.7733931942146184,
  "micro_fscore": 0.759493670886076,
  "loss": 1.580453380294468
}