{
  "accuracy": 0.7713498622589532,
  "macro_fscore": 0.798007697184634,
  "micro_fscore": 0.7690140845070422,
  "loss": 1.339606375797935
}