{
  "accuracy": 0.768595041322314,
  "macro_fscore": 0.799524488699952,
  "micro_fscore": 0.7694483734087694,
  "loss": 1.50840483541074
}