{
    "model_count": 5,
    "UAS_mean": 0.5124748019314612,
    "UAS_std": 0.012447693522174156,
    "LAS_mean": 0.456574937883831,
    "LAS_std": 0.01242559526374531,
    "UEM_mean": 0.0632,
    "UEM_std": 0.0027748873851023243,
    "LEM_mean": 0.0396,
    "LEM_std": 0.0018165902124584966,
    "loss_mean": 1.6641962840443565,
    "loss_std": 0.02007989354319635
}