{
  "UAS": 0.49238197927898364,
  "LAS": 0.4367352679199287,
  "UEM": 0.06,
  "LEM": 0.038,
  "loss": 1.684481143951416
}