{
  "UAS": 0.5257137499413999,
  "LAS": 0.4698326379447752,
  "UEM": 0.067,
  "LEM": 0.042,
  "loss": 1.6448530933213612
}