{
  "UAS": 0.5160095635460128,
  "LAS": 0.4613942149922648,
  "UEM": 0.064,
  "LEM": 0.039,
  "loss": 1.6808275911543105
}