{
  "accuracy": 0.6846501914375217,
  "macro_fscore": 0.580571964465456,
  "micro_fscore": 0.6846501914375217,
  "label_producer_fscore": 0.11267605633802817,
  "label_league_fscore": 0.06060606060606061,
  "label_capital_of_fscore": 0.823529411764706,
  "label_located_in_or_next_to_body_of_water_fscore": 0.9,
  "label_owned_by_fscore": 0.2,
  "label_child_fscore": 0.8102189781021898,
  "label_mother_fscore": 0.7647058823529411,
  "label_discoverer_or_inventor_fscore": 0.1875,
  "label_educated_at_fscore": 0.3157894736842105,
  "label_country_of_citizenship_fscore": 0.18181818181818182,
  "label_continent_fscore": 0.8932038834951457,
  "label_position_held_fscore": 0.8148148148148149,
  "label_founded_by_fscore": 0.7586206896551724,
  "label_participant_fscore": 0.5,
  "label_place_of_birth_fscore": 0.5217391304347825,
  "label_nominated_for_fscore": 0,
  "label_manner_of_death_fscore": 0,
  "label_composer_fscore": 0.5714285714285715,
  "label_original_language_of_film_or_TV_show_fscore": 0.968421052631579,
  "label_student_of_fscore": 0.1694915254237288,
  "label_member_of_sports_team_fscore": 0.6,
  "label_material_used_fscore": 0.8700564971751412,
  "label_sport_fscore": 0.256,
  "label_capital_fscore": 0.8888888888888888,
  "label_genre_fscore": 0.822429906542056,
  "label_subsidiary_fscore": 0.9166666666666666,
  "label_production_company_fscore": 0.9333333333333332,
  "label_member_of_political_party_fscore": 0.9612756264236901,
  "label_place_of_death_fscore": 0.6823529411764706,
  "label_named_after_fscore": 0.37499999999999994,
  "label_shares_border_with_fscore": 0.8395061728395062,
  "label_performer_fscore": 0,
  "label_award_received_fscore": 0.8314606741573034,
  "label_director_fscore": 0.827438370846731,
  "label_tributary_fscore": 0.8000000000000002,
  "label_spouse_fscore": 0.8045325779036828,
  "label_color_fscore": 0.9640287769784172,
  "label_ethnic_group_fscore": 0,
  "label_sibling_fscore": 0.5891472868217055,
  "label_contains_administrative_territorial_entity_fscore": 0.6666666666666666,
  "label_parent_organization_fscore": 0.6923076923076924,
  "label_employer_fscore": 0.6666666666666666,
  "label_publisher_fscore": 0.7499999999999999,
  "label_member_of_fscore": 0.7659574468085107,
  "label_screenwriter_fscore": 0.2878787878787879,
  "label_creator_fscore": 0.4,
  "label_present_in_work_fscore": 0.45454545454545453,
  "label_father_fscore": 0.7848101265822784,
  "label_occupation_fscore": 0.2903225806451613,
  "label_writing_system_fscore": 0.33333333333333337,
  "label_winner_fscore": 1.0,
  "loss": 1.456905981898308
}