{
  "accuracy": 0.6449595290654894,
  "macro_fscore": 0.5852485296345169,
  "micro_fscore": 0.6449595290654894,
  "label_producer_fscore": 0.46437994722955145,
  "label_league_fscore": 0.09391304347826088,
  "label_owned_by_fscore": 0.01869158878504673,
  "label_capital_of_fscore": 0.7891156462585034,
  "label_located_in_or_next_to_body_of_water_fscore": 0.7357512953367876,
  "label_child_fscore": 0.801994301994302,
  "label_mother_fscore": 0.5024875621890548,
  "label_discoverer_or_inventor_fscore": 0.6470588235294118,
  "label_educated_at_fscore": 0.8901098901098902,
  "label_country_of_citizenship_fscore": 0.5365853658536585,
  "label_continent_fscore": 0.8995215311004785,
  "label_position_held_fscore": 0.8842105263157894,
  "label_founded_by_fscore": 0.7126436781609194,
  "label_participant_fscore": 0.8,
  "label_place_of_birth_fscore": 0.7802197802197801,
  "label_nominated_for_fscore": 0,
  "label_manner_of_death_fscore": 0.0425531914893617,
  "label_composer_fscore": 0.175531914893617,
  "label_original_language_of_film_or_TV_show_fscore": 0.8835616438356164,
  "label_student_of_fscore": 0.19696969696969696,
  "label_member_of_sports_team_fscore": 0.711111111111111,
  "label_material_used_fscore": 0.8906666666666666,
  "label_sport_fscore": 0.2620481927710843,
  "label_capital_fscore": 0.8564814814814814,
  "label_genre_fscore": 0.43589743589743596,
  "label_subsidiary_fscore": 0.6046511627906976,
  "label_production_company_fscore": 0.9012048192771084,
  "label_member_of_political_party_fscore": 0.8590604026845637,
  "label_place_of_death_fscore": 0.7148936170212766,
  "label_named_after_fscore": 0.13333333333333333,
  "label_shares_border_with_fscore": 0.6012269938650308,
  "label_performer_fscore": 0.331002331002331,
  "label_award_received_fscore": 0.9218749999999999,
  "label_director_fscore": 0.7934520943668752,
  "label_tributary_fscore": 0.6666666666666666,
  "label_spouse_fscore": 0.6066945606694562,
  "label_color_fscore": 0.9103942652329748,
  "label_ethnic_group_fscore": 0,
  "label_sibling_fscore": 0.6181818181818182,
  "label_contains_administrative_territorial_entity_fscore": 0.6428571428571429,
  "label_parent_organization_fscore": 0.5,
  "label_employer_fscore": 0.7567567567567568,
  "label_publisher_fscore": 0.6666666666666666,
  "label_member_of_fscore": 0.5363128491620112,
  "label_screenwriter_fscore": 0.4335443037974684,
  "label_creator_fscore": 0.48979591836734687,
  "label_present_in_work_fscore": 0.28,
  "label_occupation_fscore": 0.5092592592592593,
  "label_father_fscore": 0.7829021372328459,
  "label_writing_system_fscore": 0.8421052631578948,
  "label_winner_fscore": 0.7333333333333334,
  "loss": 1.816612744214488
}