{
  "accuracy": 0.7201531500174034,
  "macro_fscore": 0.6508029138521431,
  "micro_fscore": 0.7201531500174034,
  "label_producer_fscore": 0.44086021505376344,
  "label_league_fscore": 0.08974358974358974,
  "label_capital_of_fscore": 0.7241379310344828,
  "label_located_in_or_next_to_body_of_water_fscore": 0.6818181818181819,
  "label_owned_by_fscore": 0.11764705882352941,
  "label_child_fscore": 0.847953216374269,
  "label_mother_fscore": 0.748091603053435,
  "label_discoverer_or_inventor_fscore": 0.7272727272727274,
  "label_educated_at_fscore": 0.9333333333333333,
  "label_country_of_citizenship_fscore": 0.35714285714285715,
  "label_continent_fscore": 0.8737864077669902,
  "label_position_held_fscore": 0.8387096774193549,
  "label_founded_by_fscore": 0.631578947368421,
  "label_participant_fscore": 0.8,
  "label_place_of_birth_fscore": 0.7058823529411765,
  "label_nominated_for_fscore": 0,
  "label_manner_of_death_fscore": 0.7037037037037037,
  "label_composer_fscore": 0.6310160427807486,
  "label_original_language_of_film_or_TV_show_fscore": 0.9574468085106383,
  "label_student_of_fscore": 0.625,
  "label_member_of_sports_team_fscore": 0.7450980392156863,
  "label_material_used_fscore": 0.9166666666666666,
  "label_sport_fscore": 0.5496688741721854,
  "label_capital_fscore": 0.7878787878787878,
  "label_genre_fscore": 0.6868686868686867,
  "label_subsidiary_fscore": 0.8333333333333333,
  "label_production_company_fscore": 0.9,
  "label_member_of_political_party_fscore": 0.8542713567839196,
  "label_place_of_death_fscore": 0.7499999999999999,
  "label_named_after_fscore": 0.5555555555555556,
  "label_shares_border_with_fscore": 0.8571428571428571,
  "label_performer_fscore": 0.0410958904109589,
  "label_award_received_fscore": 0.9010989010989011,
  "label_director_fscore": 0.8356687898089171,
  "label_tributary_fscore": 0.5263157894736842,
  "label_spouse_fscore": 0.8888888888888888,
  "label_color_fscore": 0.9264705882352942,
  "label_ethnic_group_fscore": 0,
  "label_sibling_fscore": 0.6440677966101696,
  "label_contains_administrative_territorial_entity_fscore": 0.6382978723404256,
  "label_parent_organization_fscore": 0.6666666666666666,
  "label_employer_fscore": 0.6585365853658536,
  "label_publisher_fscore": 0.5714285714285715,
  "label_member_of_fscore": 0.42857142857142855,
  "label_screenwriter_fscore": 0.619718309859155,
  "label_creator_fscore": 0.3333333333333333,
  "label_present_in_work_fscore": 0.30769230769230765,
  "label_father_fscore": 0.7920792079207921,
  "label_occupation_fscore": 0.6428571428571428,
  "label_writing_system_fscore": 1.0,
  "label_winner_fscore": 0.896551724137931,
  "loss": 1.1034135543637806
}