{
  "accuracy": 0.6216580819229826,
  "macro_fscore": 0.5366365479257534,
  "micro_fscore": 0.6216580819229826,
  "label_production_company_fscore": 0.8210526315789474,
  "label_league_fscore": 0.17197452229299365,
  "label_place_of_death_fscore": 0.5909090909090909,
  "label_screenwriter_fscore": 0.24107142857142855,
  "label_child_fscore": 0.836719337848006,
  "label_original_language_of_film_or_TV_show_fscore": 0.5625,
  "label_award_received_fscore": 0.8695652173913043,
  "label_producer_fscore": 0.3958333333333333,
  "label_winner_fscore": 0.8301886792452831,
  "label_position_held_fscore": 0.8333333333333334,
  "label_composer_fscore": 0.3595041322314049,
  "label_educated_at_fscore": 0.6802721088435374,
  "label_spouse_fscore": 0.6303901437371663,
  "label_tributary_fscore": 0.6041666666666666,
  "label_color_fscore": 0.94,
  "label_employer_fscore": 0.48605577689243035,
  "label_writing_system_fscore": 0.8,
  "label_present_in_work_fscore": 0.29787234042553196,
  "label_founded_by_fscore": 0.5,
  "label_mother_fscore": 0.5614035087719298,
  "label_member_of_sports_team_fscore": 0.8020833333333335,
  "label_owned_by_fscore": 0.07407407407407408,
  "label_discoverer_or_inventor_fscore": 0.6571428571428571,
  "label_located_in_or_next_to_body_of_water_fscore": 0.6705882352941176,
  "label_named_after_fscore": 0.125,
  "label_director_fscore": 0.7001204335608189,
  "label_continent_fscore": 0.813953488372093,
  "label_shares_border_with_fscore": 0.7357512953367876,
  "label_father_fscore": 0.7096171802054155,
  "label_genre_fscore": 0.5837837837837838,
  "label_member_of_political_party_fscore": 0.5457142857142857,
  "label_manner_of_death_fscore": 0,
  "label_nominated_for_fscore": 0,
  "label_country_of_citizenship_fscore": 0.22950819672131148,
  "label_performer_fscore": 0.03225806451612903,
  "label_contains_administrative_territorial_entity_fscore": 0.6778523489932886,
  "label_capital_fscore": 0.8505747126436782,
  "label_sport_fscore": 0.4299319727891157,
  "label_ethnic_group_fscore": 0.07317073170731708,
  "label_sibling_fscore": 0.6103286384976526,
  "label_parent_organization_fscore": 0.5373134328358209,
  "label_capital_of_fscore": 0.8461538461538461,
  "label_member_of_fscore": 0.2053388090349076,
  "label_participant_fscore": 0.4814814814814815,
  "label_creator_fscore": 0.27027027027027023,
  "label_material_used_fscore": 0.9234972677595628,
  "label_student_of_fscore": 0.3492063492063492,
  "label_publisher_fscore": 0.608695652173913,
  "label_occupation_fscore": 0.4680851063829787,
  "label_subsidiary_fscore": 0.6818181818181819,
  "label_place_of_birth_fscore": 0.6623376623376623,
  "loss": 1.5945403508111542
}