{
    "model_count": 5,
    "accuracy_mean": 0.6664401875453387,
    "accuracy_std": 0.03780072797455681,
    "macro_fscore_mean": 0.5887294163058368,
    "macro_fscore_std": 0.04076823097252555,
    "micro_fscore_mean": 0.6664401875453387,
    "micro_fscore_std": 0.03780072797455681,
    "label_producer_fscore_mean": 0.38634703269309356,
    "label_producer_fscore_std": 0.15919746498787032,
    "label_league_fscore_mean": 0.14131195935321322,
    "label_league_fscore_std": 0.09295664861475693,
    "label_capital_of_fscore_mean": 0.8088501407649353,
    "label_capital_of_fscore_std": 0.05460105063869714,
    "label_located_in_or_next_to_body_of_water_fscore_mean": 0.7470820919403669,
    "label_located_in_or_next_to_body_of_water_fscore_std": 0.09168286474213068,
    "label_owned_by_fscore_mean": 0.09541587766986338,
    "label_owned_by_fscore_std": 0.06819213715297474,
    "label_child_fscore_mean": 0.8160057884616463,
    "label_child_fscore_std": 0.026265252584883887,
    "label_mother_fscore_mean": 0.6476454035811644,
    "label_mother_fscore_std": 0.1145579275694283,
    "label_discoverer_or_inventor_fscore_mean": 0.5637948815889993,
    "label_discoverer_or_inventor_fscore_std": 0.2152210393444879,
    "label_educated_at_fscore_mean": 0.712618909912143,
    "label_educated_at_fscore_std": 0.24479430870260335,
    "label_country_of_citizenship_fscore_mean": 0.34522144662299126,
    "label_country_of_citizenship_fscore_std": 0.1437035328163579,
    "label_continent_fscore_mean": 0.8790527034025469,
    "label_continent_fscore_std": 0.039251151092879064,
    "label_position_held_fscore_mean": 0.842018548425439,
    "label_position_held_fscore_std": 0.025571237222730973,
    "label_founded_by_fscore_mean": 0.6759084688621453,
    "label_founded_by_fscore_std": 0.11320161218195052,
    "label_participant_fscore_mean": 0.658231780167264,
    "label_participant_fscore_std": 0.15741749778925368,
    "label_place_of_birth_fscore_mean": 0.6948013354259147,
    "label_place_of_birth_fscore_std": 0.11214976132682898,
    "label_nominated_for_fscore_mean": 0,
    "label_nominated_for_fscore_std": 0.0,
    "label_manner_of_death_fscore_mean": 0.14925137903861307,
    "label_manner_of_death_fscore_std": 0.3104954935210822,
    "label_composer_fscore_mean": 0.39892470369543986,
    "label_composer_fscore_std": 0.19696724703384608,
    "label_original_language_of_film_or_TV_show_fscore_mean": 0.8573924369432792,
    "label_original_language_of_film_or_TV_show_fscore_std": 0.16830552955608613,
    "label_student_of_fscore_mean": 0.28443445475882645,
    "label_student_of_fscore_std": 0.21343777445127882,
    "label_member_of_sports_team_fscore_mean": 0.6795950046685341,
    "label_member_of_sports_team_fscore_std": 0.10746879289580098,
    "label_material_used_fscore_mean": 0.8914758251205779,
    "label_material_used_fscore_std": 0.02891046411350141,
    "label_sport_fscore_mean": 0.3586140029243205,
    "label_sport_fscore_std": 0.12790246746263606,
    "label_capital_fscore_mean": 0.8367647741785672,
    "label_capital_fscore_std": 0.04194602054580677,
    "label_genre_fscore_mean": 0.6272619312047799,
    "label_genre_fscore_std": 0.14190799081477146,
    "label_subsidiary_fscore_mean": 0.7539605355884426,
    "label_subsidiary_fscore_std": 0.12318341568362415,
    "label_production_company_fscore_mean": 0.8725935666739434,
    "label_production_company_fscore_std": 0.0551559102940847,
    "label_member_of_political_party_fscore_mean": 0.8132253320537182,
    "label_member_of_political_party_fscore_std": 0.15678656945610997,
    "label_place_of_death_fscore_mean": 0.6938866364292972,
    "label_place_of_death_fscore_std": 0.0627006438597061,
    "label_named_after_fscore_mean": 0.307953216374269,
    "label_named_after_fscore_std": 0.1813895257900665,
    "label_shares_border_with_fscore_mean": 0.7689896147802325,
    "label_shares_border_with_fscore_std": 0.10462383495609082,
    "label_performer_fscore_mean": 0.13715266422105968,
    "label_performer_fscore_std": 0.15606701364780604,
    "label_award_received_fscore_mean": 0.8714666251961685,
    "label_award_received_fscore_std": 0.040240885440059125,
    "label_director_fscore_mean": 0.8014671183422991,
    "label_director_fscore_std": 0.06041354972601728,
    "label_tributary_fscore_mean": 0.6644298245614035,
    "label_tributary_fscore_std": 0.10578298182053653,
    "label_spouse_fscore_mean": 0.7330471330181983,
    "label_spouse_fscore_std": 0.11821916302870975,
    "label_color_fscore_mean": 0.904276287064947,
    "label_color_fscore_std": 0.07193773123362658,
    "label_ethnic_group_fscore_mean": 0.1035230352303523,
    "label_ethnic_group_fscore_std": 0.19319661362171392,
    "label_sibling_fscore_mean": 0.6184239072718001,
    "label_sibling_fscore_std": 0.020758158511296757,
    "label_contains_administrative_territorial_entity_fscore_mean": 0.6540900300521018,
    "label_contains_administrative_territorial_entity_fscore_std": 0.01721292044876722,
    "label_parent_organization_fscore_mean": 0.5764004155048932,
    "label_parent_organization_fscore_std": 0.09639927742796192,
    "label_employer_fscore_mean": 0.5948152783484627,
    "label_employer_fscore_std": 0.14396616344455973,
    "label_publisher_fscore_mean": 0.6284490871447393,
    "label_publisher_fscore_std": 0.08179981533675933,
    "label_member_of_fscore_mean": 0.5603130297922947,
    "label_member_of_fscore_std": 0.2642427170948095,
    "label_screenwriter_fscore_mean": 0.4055113919322991,
    "label_screenwriter_fscore_std": 0.1492774479856127,
    "label_creator_fscore_mean": 0.3927975514530136,
    "label_creator_fscore_std": 0.09227794537727607,
    "label_present_in_work_fscore_mean": 0.32443227694291527,
    "label_present_in_work_fscore_std": 0.07362993913226672,
    "label_father_fscore_mean": 0.7560082445201641,
    "label_father_fscore_std": 0.042026857195060864,
    "label_occupation_fscore_mean": 0.433036494847542,
    "label_occupation_fscore_std": 0.16066193595777672,
    "label_writing_system_fscore_mean": 0.7200877192982457,
    "label_writing_system_fscore_std": 0.25408943697475567,
    "label_winner_fscore_mean": 0.8368423335502061,
    "label_winner_fscore_std": 0.11580835681593953,
    "loss_mean": 1.523697009071026,
    "loss_std": 0.26791991325973086
}