{
  "UAS": 0.840774892825366,
  "LAS": 0.7970152875515651,
  "UEM": 0.153,
  "LEM": 0.075,
  "LOAS": 0.8864757744883928,
  "LOEM": 0.178,
  "loss": 4.790097378194332
}