{
  "UAS": 0.8454258675078864,
  "LAS": 0.8014640459435413,
  "UEM": 0.151,
  "LEM": 0.082,
  "LOAS": 0.8897516783952115,
  "LOEM": 0.203,
  "loss": 4.805371485650539
}