{
  "UAS": 0.8446574456038178,
  "LAS": 0.7989161206826823,
  "UEM": 0.156,
  "LEM": 0.078,
  "LOAS": 0.8872441963924613,
  "LOEM": 0.189,
  "loss": 4.1586970537900925
}