{
    "model_count": 5,
    "UAS_mean": 0.8565952020403284,
    "UAS_std": 0.01768235318727492,
    "LAS_mean": 0.824627400972344,
    "LAS_std": 0.0201334722984867,
    "UEM_mean": 0.5496389022628791,
    "UEM_std": 0.02329408510614703,
    "LEM_mean": 0.4737602311025518,
    "LEM_std": 0.022399704986910192,
    "LOAS_mean": 0.9076034111739858,
    "LOAS_std": 0.010758902064564398,
    "LOEM_mean": 0.5580163697640829,
    "LOEM_std": 0.03224548652085274,
    "loss_mean": 3.136865644225053,
    "loss_std": 0.39764992299047
}