{
  "UAS": 0.8645492946521081,
  "LAS": 0.8335060173746712,
  "UEM": 0.549831487722677,
  "LEM": 0.4737602311025518,
  "LOAS": 0.9106160835259425,
  "LOEM": 0.5657197881559942,
  "loss": 2.906922511004198
}