{
  "UAS": 0.8251374830636805,
  "LAS": 0.788634733402407,
  "UEM": 0.5098700048146365,
  "LEM": 0.4362060664419836,
  "LOAS": 0.8885390930102813,
  "LOEM": 0.5012036591237362,
  "loss": 3.7087704052020016
}