{
  "UAS": 0.8636725910576233,
  "LAS": 0.8337052681915996,
  "UEM": 0.568608570052961,
  "LEM": 0.4954260953298026,
  "LOAS": 0.9136446959432534,
  "LOEM": 0.5796822339913337,
  "loss": 3.264309022076264
}