{
  "UAS": 0.867338806089105,
  "LAS": 0.8346616721128557,
  "UEM": 0.5628310062590275,
  "LEM": 0.4809821858449687,
  "LOAS": 0.9112138359767276,
  "LOEM": 0.5681271064034665,
  "loss": 3.1533011519565033
}