{
  "UAS": 0.8622778353391249,
  "LAS": 0.8326293137801865,
  "UEM": 0.5570534424650939,
  "LEM": 0.4824265767934521,
  "LOAS": 0.9140033474137244,
  "LOEM": 0.5753490611458835,
  "loss": 2.651025130886298
}