{
    "model_count": 5,
    "em_accuracy_mean": 0.3590116279069767,
    "em_accuracy_std": 0.00713912888967606,
    "loss_mean": 0.0,
    "loss_std": 0.0
}