{"model_count": 10, "em_accuracy_mean": 0.5569504155918601, "em_accuracy_std": 0.005738349091682823, "loss_mean": 1.5627383665407084, "loss_std": 0.021609066285673488}