{
  "em_accuracy": 0.5646316996274005,
  "loss": 1.5484106616886784
}