{
  "em_accuracy": 0.5511607910576096,
  "loss": 1.5657012734783295
}