{
  "em_accuracy": 0.5631986242476354,
  "loss": 1.561814481809259
}