{
  "em_accuracy": 0.5626253940957294,
  "loss": 1.564464697826943
}