{
    "model_count": 5,
    "UAS_mean": 0.5435624959502365,
    "UAS_std": 0.012263220962763974,
    "LAS_mean": 0.3837620682952116,
    "LAS_std": 0.008912789569149565,
    "UEM_mean": 0.025404157043879907,
    "UEM_std": 0.004690553351406443,
    "LEM_mean": 0.003926096997690531,
    "LEM_std": 0.001932240246037126,
    "LOAS_mean": 0.5766992807620035,
    "LOAS_std": 0.01364859653662514,
    "LOEM_mean": 0.006235565819861432,
    "LOEM_std": 0.0026583982524760598,
    "loss_mean": 10.47424703666142,
    "loss_std": 1.5134152569502815
}