{
  "UAS": 0.5461673038294563,
  "LAS": 0.38236247003175017,
  "UEM": 0.021939953810623556,
  "LEM": 0.0023094688221709007,
  "LOAS": 0.5717618091103479,
  "LOEM": 0.004618937644341801,
  "loss": 10.041923863547188
}