{
  "UAS": 0.5540076459534763,
  "LAS": 0.39013801593986913,
  "UEM": 0.03348729792147806,
  "LEM": 0.004618937644341801,
  "LOAS": 0.5987818311410613,
  "LOEM": 0.008083140877598153,
  "loss": 11.603088140487671
}