{
    "model_count": 5,
    "UAS_mean": 0.5813840278652063,
    "UAS_std": 0.011879302488307404,
    "LAS_mean": 0.448059087666289,
    "LAS_std": 0.014781552419776958,
    "UEM_mean": 0.0128,
    "UEM_std": 0.0016431676725154989,
    "LEM_mean": 0.0024000000000000002,
    "LEM_std": 0.0005477225575051661,
    "LOAS_mean": 0.6293843635905829,
    "LOAS_std": 0.008759201905613283,
    "LOEM_mean": 0.0036,
    "LOEM_std": 0.0008944271909999159,
    "loss_mean": 8.189377331733704,
    "loss_std": 0.42677094561943024
}