{
  "UAS": 0.5962902345881069,
  "LAS": 0.46724579294137397,
  "UEM": 0.014,
  "LEM": 0.002,
  "LOAS": 0.64085777833732,
  "LOEM": 0.003,
  "loss": 8.135199904441833
}