{
  "UAS": 0.5916320449872005,
  "LAS": 0.45973393763901127,
  "UEM": 0.014,
  "LEM": 0.003,
  "LOAS": 0.6345209618532041,
  "LOEM": 0.003,
  "loss": 7.927294448018074
}