{
    "model_count": 5,
    "accuracy_mean": 0.7669421487603306,
    "accuracy_std": 0.003695980128098805,
    "macro_fscore_mean": 0.8282301173055409,
    "macro_fscore_std": 0.011619153644086772,
    "micro_fscore_mean": 0.764729396557311,
    "micro_fscore_std": 0.004939821284489811,
    "label_has-sibling_fscore_mean": 0.9090909090909091,
    "label_has-sibling_fscore_std": 0.0,
    "label_movie-has-director_fscore_mean": 1.0,
    "label_movie-has-director_fscore_std": 0.0,
    "label_has-type_fscore_mean": 0.748243206611328,
    "label_has-type_fscore_std": 0.02792788770184338,
    "label_has-genre_fscore_mean": 0.7078001375988993,
    "label_has-genre_fscore_std": 0.10498812951651788,
    "label_has-nationality_fscore_mean": 0.21308930169689663,
    "label_has-nationality_fscore_std": 0.012317037073924932,
    "label_has-child_fscore_mean": 0.9439487179487179,
    "label_has-child_fscore_std": 0.02209566195996512,
    "label_invented-when_fscore_mean": 0.9714285714285714,
    "label_invented-when_fscore_std": 0.06388765649999402,
    "label_has-tourist-attraction_fscore_mean": 0.9333333333333333,
    "label_has-tourist-attraction_fscore_std": 0.14907119849998599,
    "label_is-where_fscore_mean": 0.7321212121212121,
    "label_is-where_fscore_std": 0.06672174033708081,
    "label_birth-place_fscore_mean": 0.6115114732036784,
    "label_birth-place_fscore_std": 0.023400831238812415,
    "label_invented-by_fscore_mean": 1.0,
    "label_invented-by_fscore_std": 0.0,
    "label_is-member-of_fscore_mean": 0.9783116883116884,
    "label_is-member-of_fscore_std": 0.00784075784318107,
    "label_org-has-founder_fscore_mean": 0.7047619047619047,
    "label_org-has-founder_fscore_std": 0.08518354199999198,
    "label_from-country_fscore_mean": 0.2357456930531491,
    "label_from-country_fscore_std": 0.06349638003178934,
    "label_won-award_fscore_mean": 0.9664335664335664,
    "label_won-award_fscore_std": 0.04622795491199557,
    "label_headquarters_fscore_mean": 0.8152230378317336,
    "label_headquarters_fscore_std": 0.027704765880752106,
    "label_org-has-member_fscore_mean": 1.0,
    "label_org-has-member_fscore_std": 0.0,
    "label_has-occupation_fscore_mean": 0.9885033755855608,
    "label_has-occupation_fscore_std": 0.0023540420770785868,
    "label_has-parent_fscore_mean": 0.958128078817734,
    "label_has-parent_fscore_std": 0.01652266978448121,
    "label_has-spouse_fscore_mean": 0.8033883728930169,
    "label_has-spouse_fscore_std": 0.03813312676586103,
    "label_has-highest-mountain_fscore_mean": 1.0,
    "label_has-highest-mountain_fscore_std": 0.0,
    "label_first-product_fscore_mean": 1.0,
    "label_first-product_fscore_std": 0.0,
    "loss_mean": 1.4886557047781737,
    "loss_std": 0.18541205014292114
}