{
  "accuracy": 0.7630853994490359,
  "macro_fscore": 0.8085474303152829,
  "micro_fscore": 0.759493670886076,
  "label_has-sibling_fscore": 0.9090909090909091,
  "label_movie-has-director_fscore": 1.0,
  "label_has-type_fscore": 0.7567567567567567,
  "label_has-genre_fscore": 0.625,
  "label_has-nationality_fscore": 0.2222222222222222,
  "label_has-child_fscore": 0.9600000000000001,
  "label_invented-when_fscore": 1.0,
  "label_has-tourist-attraction_fscore": 0.6666666666666666,
  "label_is-where_fscore": 0.7272727272727272,
  "label_birth-place_fscore": 0.6329113924050632,
  "label_invented-by_fscore": 1.0,
  "label_is-member-of_fscore": 0.9818181818181818,
  "label_org-has-founder_fscore": 0.6666666666666666,
  "label_from-country_fscore": 0.13793103448275862,
  "label_won-award_fscore": 0.923076923076923,
  "label_headquarters_fscore": 0.8000000000000002,
  "label_org-has-member_fscore": 1.0,
  "label_has-occupation_fscore": 0.9895833333333334,
  "label_has-parent_fscore": 0.9655172413793104,
  "label_has-spouse_fscore": 0.823529411764706,
  "label_has-highest-mountain_fscore": 1.0,
  "label_first-product_fscore": 1.0,
  "loss": 1.580453528010327
}