{
  "accuracy": 0.768595041322314,
  "macro_fscore": 0.8356839411531993,
  "micro_fscore": 0.7661971830985914,
  "label_has-sibling_fscore": 0.9090909090909091,
  "label_movie-has-director_fscore": 1.0,
  "label_has-type_fscore": 0.7428571428571428,
  "label_has-genre_fscore": 0.7058823529411764,
  "label_has-nationality_fscore": 0.21212121212121213,
  "label_has-child_fscore": 0.9166666666666666,
  "label_invented-when_fscore": 1.0,
  "label_has-tourist-attraction_fscore": 1.0,
  "label_is-where_fscore": 0.8000000000000002,
  "label_birth-place_fscore": 0.5789473684210525,
  "label_invented-by_fscore": 1.0,
  "label_is-member-of_fscore": 0.9642857142857143,
  "label_org-has-founder_fscore": 0.6666666666666666,
  "label_from-country_fscore": 0.2985074626865672,
  "label_won-award_fscore": 1.0,
  "label_headquarters_fscore": 0.8571428571428572,
  "label_org-has-member_fscore": 1.0,
  "label_has-occupation_fscore": 0.9895833333333334,
  "label_has-parent_fscore": 0.9655172413793104,
  "label_has-spouse_fscore": 0.7777777777777778,
  "label_has-highest-mountain_fscore": 1.0,
  "label_first-product_fscore": 1.0,
  "loss": 1.277434360721837
}