{
  "accuracy": 0.768595041322314,
  "macro_fscore": 0.8358665109135862,
  "micro_fscore": 0.7694483734087694,
  "label_has-sibling_fscore": 0.9090909090909091,
  "label_movie-has-director_fscore": 1.0,
  "label_has-type_fscore": 0.7741935483870968,
  "label_has-genre_fscore": 0.8421052631578948,
  "label_has-nationality_fscore": 0.19999999999999998,
  "label_has-child_fscore": 0.9600000000000001,
  "label_invented-when_fscore": 1.0,
  "label_has-tourist-attraction_fscore": 1.0,
  "label_is-where_fscore": 0.6666666666666665,
  "label_birth-place_fscore": 0.6153846153846153,
  "label_invented-by_fscore": 1.0,
  "label_is-member-of_fscore": 0.9818181818181818,
  "label_org-has-founder_fscore": 0.6666666666666666,
  "label_from-country_fscore": 0.2857142857142857,
  "label_won-award_fscore": 0.9090909090909091,
  "label_headquarters_fscore": 0.8181818181818182,
  "label_org-has-member_fscore": 1.0,
  "label_has-occupation_fscore": 0.9894736842105264,
  "label_has-parent_fscore": 0.9285714285714286,
  "label_has-spouse_fscore": 0.8421052631578948,
  "label_has-highest-mountain_fscore": 1.0,
  "label_first-product_fscore": 1.0,
  "loss": 1.508404376714126
}