{
    "model_count": 5,
    "em_accuracy_mean": 0.2135678391959799,
    "em_accuracy_std": 0.008937472791090261,
    "loss_mean": 0.0,
    "loss_std": 0.0
}