{
  "accuracy": 0.6481481481481481,
  "macro_fscore": 0.2371998371998372,
  "micro_fscore": 0.6601941747572816,
  "loss": 1.4516598624842507
}