{
  "UAS": 0.7229638921243616,
  "LAS": 0.538527013708449,
  "UEM": 0.059,
  "LEM": 0.004,
  "LOAS": 0.6401756115043455,
  "LOEM": 0.006,
  "loss": 6.354311898350716
}