{
  "UAS": 0.7286533464743302,
  "LAS": 0.5425141116387421,
  "UEM": 0.053,
  "LEM": 0.007,
  "LOAS": 0.6407579965952872,
  "LOEM": 0.009,
  "loss": 6.940469399094582
}