{
  "UAS": 0.721888719648777,
  "LAS": 0.536152674491533,
  "UEM": 0.053,
  "LEM": 0.008,
  "LOAS": 0.6367260998118448,
  "LOEM": 0.011,
  "loss": 6.448602244257927
}