{
    "model_count": 5,
    "UAS_mean": 0.7212794552459457,
    "UAS_std": 0.009119103397018106,
    "LAS_mean": 0.536779858435624,
    "LAS_std": 0.005848352586182896,
    "UEM_mean": 0.0524,
    "UEM_std": 0.004335896677735758,
    "LEM_mean": 0.0064,
    "LEM_std": 0.0018165902124584951,
    "LOAS_mean": 0.6372905653615267,
    "LOAS_std": 0.0031673771314444372,
    "LOEM_mean": 0.008799999999999999,
    "LOEM_std": 0.0017888543819998314,
    "loss_mean": 6.916347500681877,
    "loss_std": 0.5175213378597864
}