{
  "em_accuracy": 0.16751453488372092,
  "loss": 2.334293887365696
}