{
  "em_accuracy": 0.1355377906976744,
  "loss": 2.3883263025172923
}