{
  "em_accuracy": 0.13045058139534885,
  "loss": 2.5253148397734
}