{
  "em_accuracy": 0.15515988372093023,
  "loss": 2.3326001853443854
}