{
  "em_accuracy": 0.13263081395348839,
  "loss": 2.4519423946391705
}