{
  "em_accuracy": 0.16170058139534885,
  "loss": 2.2952230142992596
}