{"model_count": 10, "em_accuracy_mean": 0.14582122093023256, "em_accuracy_std": 0.013962454137331194, "loss_mean": 2.3952616542577743, "loss_std": 0.06775267863516779}