{
    "model_count": 5,
    "UAS_mean": 0.3148879436226271,
    "UAS_std": 0.004425849059812935,
    "LAS_mean": 0.2033902609358136,
    "LAS_std": 0.004098692184760774,
    "UEM_mean": 0.020435510887772193,
    "UEM_std": 0.002183987405428022,
    "LEM_mean": 0.011390284757118927,
    "LEM_std": 0.0007491014999999291,
    "loss_mean": 2.610733952020344,
    "loss_std": 0.030578297513106756
}