{
  "UAS": 0.3112183353437877,
  "LAS": 0.20106659894609866,
  "UEM": 0.021775544388609715,
  "LEM": 0.011725293132328308,
  "loss": 2.5962314793938086
}