{
  "UAS": 0.3175036505618691,
  "LAS": 0.2042410005713923,
  "UEM": 0.018425460636515914,
  "LEM": 0.010050251256281407,
  "loss": 2.5791559909519397
}