{
  "UAS": 0.3149641292616342,
  "LAS": 0.2037330963113453,
  "UEM": 0.020100502512562814,
  "LEM": 0.011725293132328308,
  "loss": 2.6282298690394352
}