{
  "UAS": 0.3100120627261761,
  "LAS": 0.1984635896133579,
  "UEM": 0.023450586264656615,
  "LEM": 0.011725293132328308,
  "loss": 2.6551757988176847
}