{
  "accuracy": 0.7658402203856749,
  "macro_fscore": 0.776749412002016,
  "micro_fscore": 0.7623066104078763,
  "loss": 1.31801771502132
}