{
  "accuracy": 0.7796143250688705,
  "macro_fscore": 0.8111852502986593,
  "micro_fscore": 0.7763713080168776,
  "loss": 1.6507290459197501
}