{
  "accuracy": 0.768595041322314,
  "macro_fscore": 0.8051306994153241,
  "micro_fscore": 0.7661971830985914,
  "loss": 1.28822583867156
}