{
    "model_count": 5,
    "UAS_mean": 0.8101431691337054,
    "UAS_std": 0.013911734215092538,
    "LAS_mean": 0.7150206260616355,
    "LAS_std": 0.014890716640727416,
    "UEM_mean": 0.094,
    "UEM_std": 0.012668859459319929,
    "LEM_mean": 0.024,
    "LEM_std": 0.0010000000000000009,
    "LOAS_mean": 0.8171155868316752,
    "LOAS_std": 0.009707772083580096,
    "LOEM_mean": 0.0426,
    "LOEM_std": 0.008354639429682169,
    "loss_mean": 4.4352760970592495,
    "loss_std": 0.5492386172522495
}