{
  "UAS": 0.8114535306964329,
  "LAS": 0.7091320876809836,
  "UEM": 0.099,
  "LEM": 0.023,
  "LOAS": 0.812383725632937,
  "LOEM": 0.038,
  "loss": 4.6320527121424675
}