{
  "UAS": 0.8130308177626789,
  "LAS": 0.7200113241122705,
  "UEM": 0.088,
  "LEM": 0.024,
  "LOAS": 0.8205128205128205,
  "LOEM": 0.041,
  "loss": 3.980838753283024
}