{
    "model_count": 5,
    "em_accuracy_mean": 0.4647115694489204,
    "em_accuracy_std": 0.005300317178020804,
    "loss_mean": 0.0,
    "loss_std": 0.0
}