{
    "model_count": 10,
    "em_accuracy_mean": 0.5532016348773842,
    "em_accuracy_std": 0.015215814474733448,
    "loss_mean": 1.404857737020306,
    "loss_std": 0.013159136538249263
}