{
  "em_accuracy": 0.5299727520435967,
  "loss": 1.415810838341713
}