{
  "em_accuracy": 0.5640326975476839,
  "loss": 1.385771588138912
}