{
  "em_accuracy": 0.56641689373297,
  "loss": 1.398022519181604
}