{
  "em_accuracy": 0.542574931880109,
  "loss": 1.4196935940695845
}