{
  "em_accuracy": 0.5480245231607629,
  "loss": 1.402315944109274
}