{"model_count": 10, "em_accuracy_mean": 0.8611940298507462, "em_accuracy_std": 0.0013899698897453423, "loss_mean": 1.0102014124046925, "loss_std": 0.00231101615863456}