{
  "em_accuracy": 0.8631234073534765,
  "loss": 1.0099225473958393
}