{
  "em_accuracy": 0.8608178619099623,
  "loss": 1.0098682920369066
}