{
  "em_accuracy": 0.8625166848683412,
  "loss": 1.0100652926652007
}