{
  "em_accuracy": 0.8611818954010436,
  "loss": 1.0117812470872274
}