{
  "accuracy": 0.9065888240200167,
  "macro_fscore": 0.6653295202198606,
  "micro_fscore": 0.9072512647554807,
  "loss": 0.4949131583771668
}