{
  "accuracy": 0.8874061718098415,
  "macro_fscore": 0.6020103260894225,
  "micro_fscore": 0.8885149347917541,
  "loss": 0.4099402652680874
}