{
  "accuracy": 0.9149291075896581,
  "macro_fscore": 0.6383092448864903,
  "micro_fscore": 0.9164556962025315,
  "loss": 0.4979399958249026
}