{
  "accuracy": 0.7777777777777778,
  "macro_fscore": 0.3477599031309462,
  "micro_fscore": 0.7722772277227723,
  "loss": 0.7697147130966187
}