{
  "accuracy": 0.7777777777777778,
  "macro_fscore": 0.3225697128877498,
  "micro_fscore": 0.7722772277227723,
  "loss": 0.7269886992871761
}