{
  "accuracy": 0.9220023282887078,
  "macro_fscore": 0.7425752809824384,
  "micro_fscore": 0.9263406010606954,
  "loss": 0.40834920208349273
}