{
  "accuracy": 0.9254947613504074,
  "macro_fscore": 0.7044991048785344,
  "micro_fscore": 0.928235294117647,
  "loss": 0.44749717547825574
}