{
  "accuracy": 0.9185098952270081,
  "macro_fscore": 0.7139092254869278,
  "micro_fscore": 0.9195537287140341,
  "loss": 0.43836425458667455
}