{
  "accuracy": 0.9266589057043073,
  "macro_fscore": 0.6741642677840848,
  "micro_fscore": 0.9299587992937022,
  "loss": 0.4382747036870569
}