{
    "model_count": 5,
    "em_accuracy_mean": 0.20014357501794688,
    "em_accuracy_std": 0.004326649305184258,
    "loss_mean": 0.0,
    "loss_std": 0.0
}