{
  "accuracy": 0.7823691460055097,
  "macro_fscore": 0.8012139679878334,
  "micro_fscore": 0.7813822284908322,
  "loss": 1.6572667003973671
}