{
  "em_accuracy": 0.5418641390205371,
  "loss": 1.3981316009771476
}