{
  "em_accuracy": 0.5461173897192855,
  "loss": 1.398263046232242
}