{
  "em_accuracy": 0.5470895613075708,
  "loss": 1.3836287181354263
}