{
  "em_accuracy": 0.5433223964029651,
  "loss": 1.3974974288523776
}