{
  "em_accuracy": 0.5360311094908251,
  "loss": 1.39759938693741
}