{
  "em_accuracy": 0.5459958682707498,
  "loss": 1.3838636658724073
}