{
  "em_accuracy": 0.5379754526673958,
  "loss": 1.4094925220730234
}