{
  "em_accuracy": 0.5464819540648924,
  "loss": 1.397578104722847
}