{
  "UAS": 0.6728468190972634,
  "LAS": 0.4662362279350788,
  "UEM": 0.062,
  "LEM": 0.015,
  "LOAS": 0.6008174386920981,
  "LOEM": 0.019,
  "loss": 9.245415568351746
}