{
  "UAS": 0.6906172254472219,
  "LAS": 0.4818741855230423,
  "UEM": 0.062,
  "LEM": 0.009,
  "LOAS": 0.6108281009359081,
  "LOEM": 0.013,
  "loss": 9.849554896354675
}