{
  "UAS": 0.671543655964933,
  "LAS": 0.46315602416775264,
  "UEM": 0.058,
  "LEM": 0.011,
  "LOAS": 0.600462030565099,
  "LOEM": 0.016,
  "loss": 10.591099306941032
}