{
  "UAS": 0.6928089088970502,
  "LAS": 0.49603127591517593,
  "UEM": 0.067,
  "LEM": 0.015,
  "LOAS": 0.6266437625873712,
  "LOEM": 0.02,
  "loss": 8.30974693596363
}