{
    "model_count": 5,
    "UAS_mean": 0.683426134344272,
    "UAS_std": 0.010338413186720649,
    "LAS_mean": 0.48001421632507996,
    "LAS_std": 0.01497358711059679,
    "UEM_mean": 0.061200000000000004,
    "UEM_std": 0.00396232255123179,
    "LEM_mean": 0.0126,
    "LEM_std": 0.0026076809620810596,
    "LOAS_mean": 0.6124274375074044,
    "LOAS_std": 0.012275093896187453,
    "LOEM_mean": 0.0176,
    "LOEM_std": 0.0030495901363953816,
    "loss_mean": 9.042003601789474,
    "loss_std": 1.3200638336271853
}