{
  "UAS": 0.7678666088381283,
  "LAS": 0.5997301334875428,
  "UEM": 0.098,
  "LEM": 0.018,
  "LOAS": 0.7060864536648837,
  "LOEM": 0.027,
  "loss": 8.03076544262114
}