{
  "UAS": 0.7839140282396029,
  "LAS": 0.6103802226398728,
  "UEM": 0.113,
  "LEM": 0.022,
  "LOAS": 0.7102790226977013,
  "LOEM": 0.031,
  "loss": 8.143273681402206
}