{
  "UAS": 0.7699869885788637,
  "LAS": 0.5980916582333381,
  "UEM": 0.11,
  "LEM": 0.02,
  "LOAS": 0.7051708351404752,
  "LOEM": 0.026,
  "loss": 6.632159620523453
}