{
  "UAS": 0.7712881306924968,
  "LAS": 0.601127656498482,
  "UEM": 0.114,
  "LEM": 0.021,
  "LOAS": 0.7051226446918221,
  "LOEM": 0.029,
  "loss": 6.099438399076462
}