{
  "UAS": 0.7744205098549467,
  "LAS": 0.6128379355211797,
  "UEM": 0.112,
  "LEM": 0.023,
  "LOAS": 0.7166401619199074,
  "LOEM": 0.031,
  "loss": 6.330363914370537
}