{"model_count": 10, "em_accuracy_mean": 0.3606604450825556, "em_accuracy_std": 0.011965541957409138, "loss_mean": 1.8293624339444297, "loss_std": 0.030473846967830245}