{
  "em_accuracy": 0.36683417085427134,
  "loss": 1.799252450466156
}