{
  "em_accuracy": 0.3682699210337401,
  "loss": 1.8235089424678257
}