{
  "em_accuracy": 0.36683417085427134,
  "loss": 1.8343252090045383
}