{
  "accuracy": 0.8552036199095022,
  "macro_fscore": 0.7320399063291549,
  "micro_fscore": 0.8516746411483254,
  "loss": 0.7823515812467251
}