{
  "accuracy": 0.8823529411764706,
  "macro_fscore": 0.748069145988704,
  "micro_fscore": 0.8809523809523809,
  "loss": 0.8912312212799277
}