{
  "accuracy": 0.837391304347826,
  "macro_fscore": 0.8381849080780241,
  "micro_fscore": 0.8402745995423341,
  "label_is-member-of_fscore": 0.9696969696969697,
  "label_is-where_fscore": 0.8842105263157894,
  "label_has-child_fscore": 0.9263157894736842,
  "label_headquarters_fscore": 0.9494949494949495,
  "label_invented-when_fscore": 0.99009900990099,
  "label_has-occupation_fscore": 0.9306930693069307,
  "label_org-has-member_fscore": 0.9411764705882353,
  "label_has-sibling_fscore": 0.9504950495049505,
  "label_has-parent_fscore": 0.8913043478260869,
  "label_movie-has-director_fscore": 0.98989898989899,
  "label_birth-place_fscore": 0.5569620253164557,
  "label_won-award_fscore": 0.9583333333333334,
  "label_has-type_fscore": 0.7321428571428572,
  "label_first-product_fscore": 0.853932584269663,
  "label_org-has-founder_fscore": 0.8764044943820225,
  "label_invented-by_fscore": 0.9803921568627451,
  "label_has-spouse_fscore": 0.8275862068965517,
  "label_has-genre_fscore": 0.6410256410256411,
  "label_has-tourist-attraction_fscore": 0.9696969696969697,
  "label_from-country_fscore": 0.0967741935483871,
  "label_has-nationality_fscore": 0.5333333333333334,
  "label_has-highest-mountain_fscore": 0.99009900990099,
  "loss": 0.6990487936159803
}