{
  "accuracy": 0.8382608695652174,
  "macro_fscore": 0.8445776412369038,
  "micro_fscore": 0.8493530499075785,
  "label_is-member-of_fscore": 0.96,
  "label_is-where_fscore": 0.9052631578947369,
  "label_has-child_fscore": 0.9166666666666666,
  "label_headquarters_fscore": 0.9690721649484536,
  "label_invented-when_fscore": 0.9591836734693877,
  "label_org-has-member_fscore": 0.9607843137254902,
  "label_has-occupation_fscore": 0.9215686274509804,
  "label_has-sibling_fscore": 0.94,
  "label_has-parent_fscore": 0.9591836734693877,
  "label_movie-has-director_fscore": 0.98989898989899,
  "label_birth-place_fscore": 0.5333333333333333,
  "label_won-award_fscore": 0.9484536082474226,
  "label_has-type_fscore": 0.7169811320754718,
  "label_first-product_fscore": 0.853932584269663,
  "label_org-has-founder_fscore": 0.9263157894736842,
  "label_has-tourist-attraction_fscore": 0.98,
  "label_has-spouse_fscore": 0.8761904761904761,
  "label_invented-by_fscore": 0.9690721649484536,
  "label_has-genre_fscore": 0.6835443037974683,
  "label_from-country_fscore": 0.0967741935483871,
  "label_has-nationality_fscore": 0.524390243902439,
  "label_has-highest-mountain_fscore": 0.99009900990099,
  "loss": 0.672983844195389
}