{
  "accuracy": 0.8295652173913044,
  "macro_fscore": 0.8430514677993302,
  "micro_fscore": 0.8421541318477251,
  "label_is-member-of_fscore": 0.9174311926605504,
  "label_is-where_fscore": 0.9052631578947369,
  "label_has-child_fscore": 0.9278350515463918,
  "label_headquarters_fscore": 0.9591836734693877,
  "label_invented-when_fscore": 0.9690721649484536,
  "label_has-occupation_fscore": 0.9306930693069307,
  "label_org-has-member_fscore": 1.0,
  "label_has-sibling_fscore": 0.8979591836734694,
  "label_has-parent_fscore": 0.8764044943820225,
  "label_movie-has-director_fscore": 1.0,
  "label_birth-place_fscore": 0.5789473684210525,
  "label_won-award_fscore": 0.9473684210526316,
  "label_has-type_fscore": 0.6862745098039216,
  "label_first-product_fscore": 0.8695652173913043,
  "label_org-has-founder_fscore": 0.9032258064516129,
  "label_invented-by_fscore": 0.9795918367346939,
  "label_has-spouse_fscore": 0.8440366972477064,
  "label_has-genre_fscore": 0.6835443037974683,
  "label_has-tourist-attraction_fscore": 0.9795918367346939,
  "label_from-country_fscore": 0.24390243902439027,
  "label_has-nationality_fscore": 0.4571428571428572,
  "label_has-highest-mountain_fscore": 0.99009900990099,
  "loss": 0.6537620248273015
}