{
    "model_count": 5,
    "accuracy_mean": 0.7262672811059908,
    "accuracy_std": 0.00698882529405675,
    "macro_fscore_mean": 0.6842568073789793,
    "macro_fscore_std": 0.010249130886320927,
    "micro_fscore_mean": 0.7476378925322557,
    "micro_fscore_std": 0.007323354579676725,
    "label_per:date_of_birth_fscore_mean": 0.9846153846153846,
    "label_per:date_of_birth_fscore_std": 0.034401045807689094,
    "label_org:founded_by_fscore_mean": 0.9846153846153846,
    "label_org:founded_by_fscore_std": 0.034401045807689094,
    "label_org:founded_fscore_mean": 1.0,
    "label_org:founded_fscore_std": 0.0,
    "label_per:stateorprovince_of_death_fscore_mean": 0.96,
    "label_per:stateorprovince_of_death_fscore_std": 0.08944271909999157,
    "label_per:age_fscore_mean": 1.0,
    "label_per:age_fscore_std": 0.0,
    "label_org:number_of_employees/members_fscore_mean": 0.9777777777777777,
    "label_org:number_of_employees/members_fscore_std": 0.0496903994999953,
    "label_per:parents_fscore_mean": 0.91,
    "label_per:parents_fscore_std": 0.0319504825211347,
    "label_org:members_fscore_mean": 0.4127272727272727,
    "label_org:members_fscore_std": 0.051264989744987936,
    "label_per:city_of_death_fscore_mean": 0.9333333333333333,
    "label_per:city_of_death_fscore_std": 0.14907119849998599,
    "label_org:stateorprovince_of_headquarters_fscore_mean": 0.8730392156862745,
    "label_org:stateorprovince_of_headquarters_fscore_std": 0.02832270194281497,
    "label_per:employee_of_fscore_mean": 0.24761904761904763,
    "label_per:employee_of_fscore_std": 0.24605734633835838,
    "label_org:member_of_fscore_mean": 0.26666666666666666,
    "label_org:member_of_fscore_std": 0.18066236157232332,
    "label_org:parents_fscore_mean": 0,
    "label_org:parents_fscore_std": 0.0,
    "label_per:title_fscore_mean": 0.923076923076923,
    "label_per:title_fscore_std": 0.0,
    "label_per:spouse_fscore_mean": 0.88,
    "label_per:spouse_fscore_std": 0.1095445115010332,
    "label_per:origin_fscore_mean": 0.5999999999999999,
    "label_per:origin_fscore_std": 0.09128709291752761,
    "label_per:cities_of_residence_fscore_mean": 0.5950980392156863,
    "label_per:cities_of_residence_fscore_std": 0.0749334896684697,
    "label_org:country_of_headquarters_fscore_mean": 0.8054545454545454,
    "label_org:country_of_headquarters_fscore_std": 0.04602670203561713,
    "label_per:date_of_death_fscore_mean": 0.9411764705882353,
    "label_per:date_of_death_fscore_std": 0.0,
    "label_per:other_family_fscore_mean": 0.5238095238095238,
    "label_per:other_family_fscore_std": 0.15703459474134426,
    "label_org:alternate_names_fscore_mean": 0.9272727272727272,
    "label_org:alternate_names_fscore_std": 0.0406557814090871,
    "label_per:stateorprovinces_of_residence_fscore_mean": 0.5904761904761905,
    "label_per:stateorprovinces_of_residence_fscore_std": 0.04259177099999589,
    "label_per:siblings_fscore_mean": 0.8815850815850815,
    "label_per:siblings_fscore_std": 0.044416146902463684,
    "label_org:political/religious_affiliation_fscore_mean": 0.9064285714285715,
    "label_org:political/religious_affiliation_fscore_std": 0.03737791919753446,
    "label_per:children_fscore_mean": 0.44,
    "label_per:children_fscore_std": 0.0547722557505166,
    "label_org:dissolved_fscore_mean": 0,
    "label_org:dissolved_fscore_std": 0.0,
    "label_org:city_of_headquarters_fscore_mean": 0.5142857142857143,
    "label_org:city_of_headquarters_fscore_std": 0.03194382824999703,
    "label_org:website_fscore_mean": 1.0,
    "label_org:website_fscore_std": 0.0,
    "label_per:alternate_names_fscore_mean": 0.33,
    "label_per:alternate_names_fscore_std": 0.053229064742237715,
    "label_per:countries_of_residence_fscore_mean": 0.26431457431457434,
    "label_per:countries_of_residence_fscore_std": 0.06410109806745075,
    "label_org:shareholders_fscore_mean": 0.5666666666666667,
    "label_org:shareholders_fscore_std": 0.09128709291752767,
    "label_per:country_of_birth_fscore_mean": 0.16,
    "label_per:country_of_birth_fscore_std": 0.21908902300206645,
    "label_per:cause_of_death_fscore_mean": 0.75,
    "label_per:cause_of_death_fscore_std": 0.0,
    "label_org:subsidiaries_fscore_mean": 0.41095238095238096,
    "label_org:subsidiaries_fscore_std": 0.2809503631888802,
    "label_per:charges_fscore_mean": 0.9328671328671329,
    "label_per:charges_fscore_std": 0.03817438899008724,
    "label_per:schools_attended_fscore_mean": 0.9411764705882353,
    "label_per:schools_attended_fscore_std": 0.0,
    "label_per:religion_fscore_mean": 0.6833333333333333,
    "label_per:religion_fscore_std": 0.12245134162498843,
    "label_org:top_members/employees_fscore_mean": 0.634313725490196,
    "label_org:top_members/employees_fscore_std": 0.03312905978255533,
    "label_per:city_of_birth_fscore_mean": 0.9333333333333333,
    "label_per:city_of_birth_fscore_std": 0.14907119849998599,
    "loss_mean": 1.153662458062172,
    "loss_std": 0.09577218407591523
}