{
  "accuracy": 0.7962962962962963,
  "macro_fscore": 0.7371273712737128,
  "micro_fscore": 0.816326530612245,
  "label_has-genre_fscore": 0.5,
  "label_has-occupation_fscore": 0.8780487804878048,
  "label_has-type_fscore": 0.8333333333333334,
  "loss": 0.7133565545082092
}