{"model_count": 5, "accuracy_mean": 0.827, "accuracy_std": 0.02659887215654074, "loss_mean": 1.1049447664192744, "loss_std": 0.20378749590974565}