{
  "em_accuracy": 0.5844686648501363,
  "loss": 1.4331264589791712
}