{
  "em_accuracy": 0.5711852861035422,
  "loss": 1.463129977169244
}