{
  "em_accuracy": 0.5899182561307902,
  "loss": 1.4489948652360751
}