{
  "em_accuracy": 0.5803814713896458,
  "loss": 1.4625880634007247
}