{
  "accuracy": 0.8390804597701149,
  "macro_fscore": 0.7055427841634737,
  "micro_fscore": 0.8488372093023254,
  "loss": 0.662333811322848
}