{
  "accuracy": 0.8850574712643678,
  "macro_fscore": 0.805748856919817,
  "micro_fscore": 0.8901734104046243,
  "loss": 0.43979670324673253
}