{
  "accuracy": 0.8735632183908046,
  "macro_fscore": 0.7301602564102564,
  "micro_fscore": 0.8837209302325582,
  "loss": 0.49817654738823575
}