{
  "accuracy": 0.8045977011494253,
  "macro_fscore": 0.6604126984126985,
  "micro_fscore": 0.813953488372093,
  "loss": 0.9757864077885946
}