{
  "accuracy": 0.6251305255830143,
  "macro_fscore": 0.5597409503939283,
  "micro_fscore": 0.6251305255830143,
  "label_located_in_or_next_to_body_of_water_fscore": 0.6511627906976745,
  "label_genre_fscore": 0.2285714285714286,
  "label_writing_system_fscore": 0.9090909090909091,
  "label_spouse_fscore": 0.8506493506493508,
  "label_winner_fscore": 0.8666666666666666,
  "label_league_fscore": 0.09210526315789473,
  "label_educated_at_fscore": 0.8387096774193549,
  "label_discoverer_or_inventor_fscore": 0.5217391304347826,
  "label_color_fscore": 0.8854961832061069,
  "label_child_fscore": 0.8591549295774649,
  "label_named_after_fscore": 0.33333333333333337,
  "label_position_held_fscore": 0.8732394366197184,
  "label_nominated_for_fscore": 0,
  "label_present_in_work_fscore": 0.4210526315789474,
  "label_sport_fscore": 0.2766798418972332,
  "label_owned_by_fscore": 0.2222222222222222,
  "label_director_fscore": 0.8050314465408805,
  "label_award_received_fscore": 0.7307692307692308,
  "label_employer_fscore": 0.22784810126582278,
  "label_subsidiary_fscore": 0.7407407407407408,
  "label_performer_fscore": 0.14012738853503187,
  "label_place_of_death_fscore": 0.6888888888888889,
  "label_contains_administrative_territorial_entity_fscore": 0.6178861788617886,
  "label_capital_fscore": 0.746031746031746,
  "label_mother_fscore": 0.6779661016949153,
  "label_student_of_fscore": 0.4166666666666667,
  "label_creator_fscore": 0.09523809523809523,
  "label_father_fscore": 0.8181818181818181,
  "label_member_of_fscore": 0.7346938775510204,
  "label_publisher_fscore": 0.5333333333333333,
  "label_participant_fscore": 0.5,
  "label_occupation_fscore": 0.3333333333333333,
  "label_capital_of_fscore": 0.8181818181818182,
  "label_original_language_of_film_or_TV_show_fscore": 0.775,
  "label_material_used_fscore": 0.8677248677248677,
  "label_sibling_fscore": 0.5398773006134969,
  "label_tributary_fscore": 0.9090909090909091,
  "label_manner_of_death_fscore": 0,
  "label_continent_fscore": 0.7889908256880734,
  "label_composer_fscore": 0.46557377049180326,
  "label_member_of_political_party_fscore": 0.45945945945945943,
  "label_shares_border_with_fscore": 0.8395061728395062,
  "label_country_of_citizenship_fscore": 0.22222222222222224,
  "label_ethnic_group_fscore": 0,
  "label_screenwriter_fscore": 0.48101265822784806,
  "label_production_company_fscore": 0.5317919075144508,
  "label_place_of_birth_fscore": 0.8852459016393444,
  "label_founded_by_fscore": 0.7333333333333334,
  "label_parent_organization_fscore": 0.6086956521739131,
  "label_member_of_sports_team_fscore": 0.8717948717948718,
  "label_producer_fscore": 0.11267605633802817,
  "loss": 1.5387882285647922
}