{
  "accuracy": 0.7365123564218586,
  "macro_fscore": 0.6552918003814693,
  "micro_fscore": 0.7365123564218586,
  "label_located_in_or_next_to_body_of_water_fscore": 0.7391304347826086,
  "label_genre_fscore": 0.780952380952381,
  "label_writing_system_fscore": 0.8333333333333333,
  "label_spouse_fscore": 0.880794701986755,
  "label_winner_fscore": 0.962962962962963,
  "label_league_fscore": 0.07999999999999999,
  "label_educated_at_fscore": 0.9333333333333333,
  "label_discoverer_or_inventor_fscore": 0.6956521739130435,
  "label_color_fscore": 0.9343065693430657,
  "label_child_fscore": 0.8625,
  "label_named_after_fscore": 0.4285714285714285,
  "label_position_held_fscore": 0.8533333333333334,
  "label_sport_fscore": 0.32950191570881227,
  "label_owned_by_fscore": 0.11111111111111112,
  "label_present_in_work_fscore": 0.42857142857142855,
  "label_nominated_for_fscore": 0,
  "label_director_fscore": 0.8623853211009174,
  "label_award_received_fscore": 0.9010989010989011,
  "label_employer_fscore": 0.8387096774193549,
  "label_subsidiary_fscore": 0.7586206896551724,
  "label_performer_fscore": 0.25510204081632654,
  "label_place_of_death_fscore": 0.775,
  "label_contains_administrative_territorial_entity_fscore": 0.706766917293233,
  "label_capital_fscore": 0.8761904761904762,
  "label_mother_fscore": 0.6973684210526316,
  "label_student_of_fscore": 0.6666666666666666,
  "label_creator_fscore": 0.2857142857142857,
  "label_father_fscore": 0.8442211055276381,
  "label_member_of_fscore": 0.490566037735849,
  "label_publisher_fscore": 0.5714285714285715,
  "label_participant_fscore": 0.26666666666666666,
  "label_occupation_fscore": 0.41666666666666663,
  "label_capital_of_fscore": 0.8695652173913043,
  "label_original_language_of_film_or_TV_show_fscore": 0.88,
  "label_material_used_fscore": 0.9238578680203046,
  "label_sibling_fscore": 0.7210884353741497,
  "label_tributary_fscore": 0.625,
  "label_manner_of_death_fscore": 0.3225806451612903,
  "label_continent_fscore": 0.9108910891089108,
  "label_composer_fscore": 0.4605678233438486,
  "label_member_of_political_party_fscore": 0.9419953596287703,
  "label_shares_border_with_fscore": 0.8831168831168832,
  "label_country_of_citizenship_fscore": 0.5,
  "label_ethnic_group_fscore": 0,
  "label_screenwriter_fscore": 0.6666666666666667,
  "label_production_company_fscore": 0.8181818181818182,
  "label_place_of_birth_fscore": 0.8999999999999999,
  "label_founded_by_fscore": 0.7647058823529411,
  "label_parent_organization_fscore": 0.6666666666666667,
  "label_member_of_sports_team_fscore": 0.8959999999999999,
  "label_producer_fscore": 0.6017699115044248,
  "loss": 0.902525903367334
}