{
  "accuracy": 0.6849982596588932,
  "macro_fscore": 0.6377071250366881,
  "micro_fscore": 0.6849982596588932,
  "label_located_in_or_next_to_body_of_water_fscore": 0.7391304347826086,
  "label_genre_fscore": 0.6323529411764706,
  "label_writing_system_fscore": 0.9090909090909091,
  "label_spouse_fscore": 0.8679245283018868,
  "label_winner_fscore": 0.8387096774193548,
  "label_league_fscore": 0.07329842931937172,
  "label_educated_at_fscore": 0.875,
  "label_discoverer_or_inventor_fscore": 0.64,
  "label_color_fscore": 0.9428571428571428,
  "label_child_fscore": 0.8859934853420196,
  "label_named_after_fscore": 0.625,
  "label_position_held_fscore": 0.8055555555555555,
  "label_sport_fscore": 0.2348178137651822,
  "label_present_in_work_fscore": 0.29411764705882354,
  "label_owned_by_fscore": 0.11111111111111112,
  "label_nominated_for_fscore": 0,
  "label_director_fscore": 0.7968337730870714,
  "label_award_received_fscore": 0.8735632183908046,
  "label_employer_fscore": 0.7222222222222221,
  "label_subsidiary_fscore": 0.8333333333333333,
  "label_performer_fscore": 0.136986301369863,
  "label_place_of_death_fscore": 0.7088607594936709,
  "label_contains_administrative_territorial_entity_fscore": 0.6666666666666666,
  "label_capital_fscore": 0.8543689320388349,
  "label_mother_fscore": 0.7464788732394366,
  "label_student_of_fscore": 0.8333333333333333,
  "label_creator_fscore": 0.3333333333333333,
  "label_father_fscore": 0.7860696517412935,
  "label_member_of_fscore": 0.27906976744186046,
  "label_publisher_fscore": 0.8421052631578948,
  "label_participant_fscore": 0.6666666666666666,
  "label_occupation_fscore": 0.5333333333333333,
  "label_capital_of_fscore": 0.8636363636363636,
  "label_original_language_of_film_or_TV_show_fscore": 0.8620689655172413,
  "label_material_used_fscore": 0.8756756756756757,
  "label_sibling_fscore": 0.75177304964539,
  "label_tributary_fscore": 0.6666666666666666,
  "label_manner_of_death_fscore": 0.07142857142857142,
  "label_continent_fscore": 0.857142857142857,
  "label_composer_fscore": 0.6170798898071626,
  "label_member_of_political_party_fscore": 0.7206703910614525,
  "label_shares_border_with_fscore": 0.8533333333333333,
  "label_country_of_citizenship_fscore": 0.30769230769230765,
  "label_ethnic_group_fscore": 0,
  "label_screenwriter_fscore": 0.3478260869565218,
  "label_production_company_fscore": 0.8256880733944956,
  "label_place_of_birth_fscore": 0.9206349206349206,
  "label_founded_by_fscore": 0.7027027027027026,
  "label_parent_organization_fscore": 0.6923076923076924,
  "label_member_of_sports_team_fscore": 0.9333333333333333,
  "label_producer_fscore": 0.5652173913043479,
  "loss": 1.1289131816476583
}