{
    "model_count": 5,
    "accuracy_mean": 0.6943961016359207,
    "accuracy_std": 0.045236818658405814,
    "macro_fscore_mean": 0.6228520375930372,
    "macro_fscore_std": 0.03767070955536445,
    "micro_fscore_mean": 0.6943961016359207,
    "micro_fscore_std": 0.045236818658405814,
    "label_located_in_or_next_to_body_of_water_fscore_mean": 0.703943377148635,
    "label_located_in_or_next_to_body_of_water_fscore_std": 0.048181862995904344,
    "label_genre_fscore_mean": 0.5287438830954069,
    "label_genre_fscore_std": 0.2109352229797089,
    "label_writing_system_fscore_mean": 0.8787878787878788,
    "label_writing_system_fscore_std": 0.04149413314433079,
    "label_spouse_fscore_mean": 0.8729567442706266,
    "label_spouse_fscore_std": 0.024203749857944185,
    "label_winner_fscore_mean": 0.9188530465949821,
    "label_winner_fscore_std": 0.06120341501667656,
    "label_league_fscore_mean": 0.0870494316152203,
    "label_league_fscore_std": 0.01194698588562903,
    "label_educated_at_fscore_mean": 0.9036021505376344,
    "label_educated_at_fscore_std": 0.05006773652022817,
    "label_discoverer_or_inventor_fscore_mean": 0.6267509881422925,
    "label_discoverer_or_inventor_fscore_std": 0.06367562189730952,
    "label_color_fscore_mean": 0.9055906256978045,
    "label_color_fscore_std": 0.03895772236523526,
    "label_child_fscore_mean": 0.8789241403783543,
    "label_child_fscore_std": 0.017972439428066055,
    "label_named_after_fscore_mean": 0.47738095238095235,
    "label_named_after_fscore_std": 0.10717592082429311,
    "label_position_held_fscore_mean": 0.8615050301810865,
    "label_position_held_fscore_std": 0.03911768277102352,
    "label_present_in_work_fscore_mean": 0.3638527057682156,
    "label_present_in_work_fscore_std": 0.05946799026701127,
    "label_sport_fscore_mean": 0.3844375380366218,
    "label_sport_fscore_std": 0.14653571253060638,
    "label_owned_by_fscore_mean": 0.14222222222222222,
    "label_owned_by_fscore_std": 0.046080980785172705,
    "label_nominated_for_fscore_mean": 0.05714285714285714,
    "label_nominated_for_fscore_std": 0.12777531299998798,
    "label_director_fscore_mean": 0.8075030744875136,
    "label_director_fscore_std": 0.0317575214147514,
    "label_award_received_fscore_mean": 0.8515913205568378,
    "label_award_received_fscore_std": 0.06904334485030288,
    "label_employer_fscore_mean": 0.6229414171741259,
    "label_employer_fscore_std": 0.23239001962985276,
    "label_subsidiary_fscore_mean": 0.729753238460135,
    "label_subsidiary_fscore_std": 0.07698374148404373,
    "label_performer_fscore_mean": 0.23524216575208742,
    "label_performer_fscore_std": 0.09678477272034428,
    "label_place_of_death_fscore_mean": 0.753597548724131,
    "label_place_of_death_fscore_std": 0.05716961830162327,
    "label_contains_administrative_territorial_entity_fscore_mean": 0.6675382706291858,
    "label_contains_administrative_territorial_entity_fscore_std": 0.03395307964770722,
    "label_capital_fscore_mean": 0.8194082792427017,
    "label_capital_fscore_std": 0.05018390167870924,
    "label_mother_fscore_mean": 0.7314105251374404,
    "label_mother_fscore_std": 0.04142739250521622,
    "label_student_of_fscore_mean": 0.5833333333333333,
    "label_student_of_fscore_std": 0.16973754926066725,
    "label_creator_fscore_mean": 0.2114285714285714,
    "label_creator_fscore_std": 0.09837684958946079,
    "label_father_fscore_mean": 0.8329846332117288,
    "label_father_fscore_std": 0.03129295627649093,
    "label_member_of_fscore_mean": 0.4737945665703563,
    "label_member_of_fscore_std": 0.20524319813299707,
    "label_publisher_fscore_mean": 0.5946365914786967,
    "label_publisher_fscore_std": 0.1406780558134998,
    "label_participant_fscore_mean": 0.4572960372960373,
    "label_participant_fscore_std": 0.16744584519502448,
    "label_occupation_fscore_mean": 0.44268716992854923,
    "label_occupation_fscore_std": 0.09601658212246461,
    "label_capital_of_fscore_mean": 0.8708182659153982,
    "label_capital_of_fscore_std": 0.03467103958139612,
    "label_original_language_of_film_or_TV_show_fscore_mean": 0.8774151236984556,
    "label_original_language_of_film_or_TV_show_fscore_std": 0.06708756755387386,
    "label_material_used_fscore_mean": 0.8874956755159801,
    "label_material_used_fscore_std": 0.025221524428907335,
    "label_sibling_fscore_mean": 0.6824822370610872,
    "label_sibling_fscore_std": 0.08253268576959233,
    "label_tributary_fscore_mean": 0.7273310023310023,
    "label_tributary_fscore_std": 0.11469983811331512,
    "label_manner_of_death_fscore_mean": 0.14981078329242956,
    "label_manner_of_death_fscore_std": 0.12419542706014672,
    "label_continent_fscore_mean": 0.8636306367473747,
    "label_continent_fscore_std": 0.046743334991388,
    "label_composer_fscore_mean": 0.5174264579635544,
    "label_composer_fscore_std": 0.10255720644801551,
    "label_member_of_political_party_fscore_mean": 0.7362064333294001,
    "label_member_of_political_party_fscore_std": 0.20597681883818209,
    "label_shares_border_with_fscore_mean": 0.836580884518869,
    "label_shares_border_with_fscore_std": 0.04255456196877936,
    "label_country_of_citizenship_fscore_mean": 0.3636299648064354,
    "label_country_of_citizenship_fscore_std": 0.17244149513851642,
    "label_ethnic_group_fscore_mean": 0,
    "label_ethnic_group_fscore_std": 0.0,
    "label_screenwriter_fscore_mean": 0.5489290921982172,
    "label_screenwriter_fscore_std": 0.1343106020264066,
    "label_production_company_fscore_mean": 0.7512220984659056,
    "label_production_company_fscore_std": 0.124304664439429,
    "label_place_of_birth_fscore_mean": 0.8916523549310434,
    "label_place_of_birth_fscore_std": 0.020064023903638924,
    "label_founded_by_fscore_mean": 0.7258626693920812,
    "label_founded_by_fscore_std": 0.03162947561291971,
    "label_parent_organization_fscore_mean": 0.6297244784201307,
    "label_parent_organization_fscore_std": 0.07143953562901349,
    "label_member_of_sports_team_fscore_mean": 0.8804615519037537,
    "label_member_of_sports_team_fscore_std": 0.035293453879411935,
    "label_producer_fscore_mean": 0.4178838913415553,
    "label_producer_fscore_std": 0.19815031333525623,
    "loss_mean": 1.1339658244864808,
    "loss_std": 0.24784724824022358
}