{"model_count": 3, "em_accuracy_mean": 0.07327733387966946, "em_accuracy_std": 0.004266065137185205, "tp_mean": 5504.333333333333, "tp_std": 255.89320689172922, "fp_mean": 19248, "fp_std": 1236.0982970621712, "fn_mean": 21690.666666666668, "fn_std": 255.89320689172922, "p_mean": 22.271390176322377, "p_std": 1.4513975338878664, "r_mean": 20.24024024024024, "r_std": 0.94095681887012, "f1_mean": 21.199145755299956, "f1_std": 1.0875693709919858, "Macro_f1_mean": 16.135722553599173, "Macro_f1_std": 1.0682510984584042, "Macro_p_mean": 21.811714655407737, "Macro_p_std": 1.3433601880099038, "Macro_r_mean": 14.452593822383328, "Macro_r_std": 0.8813315794335442, "loss_mean": 2.2077847317926103, "loss_std": 0.0244695909816437}