{
  "em_accuracy": 0.07816021307109199,
  "tp": 5795,
  "fp": 18735,
  "fn": 21400,
  "p": 23.624133713819813,
  "r": 21.309064166207023,
  "f1": 22.40695988400193,
  "Macro_f1": 17.359555234947877,
  "Macro_p": 23.293776963085175,
  "Macro_r": 15.469109097511563,
  "loss": 2.188306291247741
}