{"model_count": 10, "em_accuracy_mean": 0.07070272485146487, "em_accuracy_std": 0.002683798056760962, "tp_mean": 6761.6, "tp_std": 316.20499679796336, "fp_mean": 24368.8, "fp_std": 980.8660345723965, "fn_mean": 20433.4, "fn_std": 316.2049967979633, "p_mean": 21.71979632056225, "p_std": 0.5254927321834338, "r_mean": 24.86339400625115, "r_std": 1.1627321081006183, "f1_mean": 23.17729677651976, "f1_std": 0.7147671755981346, "Macro_f1_mean": 17.23286093424515, "Macro_f1_std": 0.6629809322751685, "Macro_p_mean": 21.827421047092557, "Macro_p_std": 0.9866839117430848, "Macro_r_mean": 16.203105437933054, "Macro_r_std": 0.6608643264643848, "loss_mean": 2.680702885317139, "loss_std": 0.0564189127219827}