{
  "em_accuracy": 0.07129686539643516,
  "tp": 6230,
  "fp": 23383,
  "fn": 20965,
  "p": 21.03805760983352,
  "r": 22.90862290862291,
  "f1": 21.933530488663568,
  "Macro_f1": 17.58237279579313,
  "Macro_p": 22.64807086058453,
  "Macro_r": 16.181179298818883,
  "loss": 2.6459728974952634
}