{
    "model_count": 5,
    "UAS_mean": 0.8418911267491709,
    "UAS_std": 0.0033941749864735125,
    "LAS_mean": 0.7952843161045053,
    "LAS_std": 0.00543178703361313,
    "UEM_mean": 0.144,
    "UEM_std": 0.006964194138592052,
    "LEM_mean": 0.072,
    "LEM_std": 0.005147815070493497,
    "LOAS_mean": 0.8845021434926797,
    "LOAS_std": 0.003296361239686169,
    "LOEM_mean": 0.1694,
    "LOEM_std": 0.009449867723941956,
    "loss_mean": 4.46376407435016,
    "loss_std": 0.5640294593256516
}