{
  "UAS": 0.8442530130227291,
  "LAS": 0.7966108549704765,
  "UEM": 0.14,
  "LEM": 0.068,
  "LOAS": 0.8847771576478201,
  "LOEM": 0.161,
  "loss": 4.322076633572578
}