{
  "UAS": 0.8363665776914988,
  "LAS": 0.7856507320229718,
  "UEM": 0.134,
  "LEM": 0.065,
  "LOAS": 0.878751112189598,
  "LOEM": 0.16,
  "loss": 3.712955325368851
}