{
  "UAS": 0.8409366658578015,
  "LAS": 0.7978645959718514,
  "UEM": 0.149,
  "LEM": 0.076,
  "LOAS": 0.8865971042627194,
  "LOEM": 0.183,
  "loss": 4.916035979986191
}