{
  "UAS": 0.8444956725713824,
  "LAS": 0.7985925746178112,
  "UEM": 0.151,
  "LEM": 0.075,
  "LOAS": 0.8865162177465017,
  "LOEM": 0.173,
  "loss": 5.123921230435371
}