{
    "model_count": 3,
    "accuracy_mean": 0.7204783258594918,
    "accuracy_std": 0.027399555724698613,
    "macro_fscore_mean": 0.6949235432323667,
    "macro_fscore_std": 0.026845706970082144,
    "micro_fscore_mean": 0.737545302426532,
    "micro_fscore_std": 0.02849556999399121,
    "label_org:website_fscore_mean": 1.0,
    "label_org:website_fscore_std": 0.0,
    "label_per:country_of_birth_fscore_mean": 0.5222222222222223,
    "label_per:country_of_birth_fscore_std": 0.13471506281091264,
    "label_per:city_of_birth_fscore_mean": 0.4666666666666667,
    "label_per:city_of_birth_fscore_std": 0.17638342073763935,
    "label_per:spouse_fscore_mean": 0.9523809523809523,
    "label_per:spouse_fscore_std": 0.08247860988423228,
    "label_org:members_fscore_mean": 0.4767676767676768,
    "label_org:members_fscore_std": 0.16545935538944054,
    "label_org:shareholders_fscore_mean": 0.3333333333333333,
    "label_org:shareholders_fscore_std": 0.28867513459481287,
    "label_per:date_of_death_fscore_mean": 0.8571428571428571,
    "label_per:date_of_death_fscore_std": 0.0,
    "label_per:siblings_fscore_mean": 0.8023809523809524,
    "label_per:siblings_fscore_std": 0.05361109642475094,
    "label_org:dissolved_fscore_mean": 0,
    "label_org:dissolved_fscore_std": 0.0,
    "label_org:subsidiaries_fscore_mean": 0.8571428571428571,
    "label_org:subsidiaries_fscore_std": 0.0,
    "label_org:member_of_fscore_mean": 0.37777777777777777,
    "label_org:member_of_fscore_std": 0.4018475848894472,
    "label_per:other_family_fscore_mean": 0.4656084656084656,
    "label_per:other_family_fscore_std": 0.19135599280449858,
    "label_per:origin_fscore_mean": 0.7919191919191919,
    "label_per:origin_fscore_std": 0.1214139733439735,
    "label_per:parents_fscore_mean": 0.7643467643467643,
    "label_per:parents_fscore_std": 0.09533197214135841,
    "label_org:alternate_names_fscore_mean": 0.7272727272727272,
    "label_org:alternate_names_fscore_std": 0.0,
    "label_per:stateorprovince_of_birth_fscore_mean": 0.6666666666666666,
    "label_per:stateorprovince_of_birth_fscore_std": 0.0,
    "label_per:alternate_names_fscore_mean": 0.3386243386243386,
    "label_per:alternate_names_fscore_std": 0.09164289987136916,
    "label_org:top_members/employees_fscore_mean": 0.6984126984126984,
    "label_org:top_members/employees_fscore_std": 0.14547859349066156,
    "label_org:number_of_employees/members_fscore_mean": 0.8571428571428571,
    "label_org:number_of_employees/members_fscore_std": 0.0,
    "label_org:stateorprovince_of_headquarters_fscore_mean": 0.6818181818181818,
    "label_org:stateorprovince_of_headquarters_fscore_std": 0.11809437324333256,
    "label_per:age_fscore_mean": 0.9174603174603174,
    "label_per:age_fscore_std": 0.030242156957551784,
    "label_per:city_of_death_fscore_mean": 0.8571428571428571,
    "label_per:city_of_death_fscore_std": 0.0,
    "label_per:charges_fscore_mean": 0.8727272727272728,
    "label_per:charges_fscore_std": 0.06298366572977725,
    "label_per:countries_of_residence_fscore_mean": 0.6126984126984126,
    "label_per:countries_of_residence_fscore_std": 0.04887239466139878,
    "label_per:schools_attended_fscore_mean": 0.8000000000000002,
    "label_per:schools_attended_fscore_std": 0.0,
    "label_org:city_of_headquarters_fscore_mean": 0.5777777777777777,
    "label_org:city_of_headquarters_fscore_std": 0.15396007178390017,
    "label_per:religion_fscore_mean": 1.0,
    "label_per:religion_fscore_std": 0.0,
    "label_org:founded_fscore_mean": 0.9090909090909091,
    "label_org:founded_fscore_std": 0.0,
    "label_per:employee_of_fscore_mean": 0.7023809523809523,
    "label_per:employee_of_fscore_std": 0.18327147998024584,
    "label_per:children_fscore_mean": 0.8055555555555555,
    "label_per:children_fscore_std": 0.17347216662217776,
    "label_org:country_of_headquarters_fscore_mean": 0.36904761904761907,
    "label_org:country_of_headquarters_fscore_std": 0.176174387939866,
    "label_per:cause_of_death_fscore_mean": 0.923076923076923,
    "label_per:cause_of_death_fscore_std": 0.0,
    "label_per:stateorprovinces_of_residence_fscore_mean": 0.6333333333333333,
    "label_per:stateorprovinces_of_residence_fscore_std": 0.32145502536643183,
    "label_per:date_of_birth_fscore_mean": 0.9137529137529137,
    "label_per:date_of_birth_fscore_std": 0.008074828939715029,
    "label_per:cities_of_residence_fscore_mean": 0.3397435897435897,
    "label_per:cities_of_residence_fscore_std": 0.10935078275148705,
    "label_per:stateorprovince_of_death_fscore_mean": 0.8,
    "label_per:stateorprovince_of_death_fscore_std": 0.0,
    "label_per:title_fscore_mean": 0.7710084033613445,
    "label_per:title_fscore_std": 0.07778785118308243,
    "label_org:founded_by_fscore_mean": 0.9333333333333333,
    "label_org:founded_by_fscore_std": 0.11547005383792507,
    "label_org:parents_fscore_mean": 0.5166666666666667,
    "label_org:parents_fscore_std": 0.202072594216369,
    "label_org:political/religious_affiliation_fscore_mean": 0.9045177045177045,
    "label_org:political/religious_affiliation_fscore_std": 0.041347074995451774,
    "loss_mean": 1.1307018051544826,
    "loss_std": 0.04741928888845456
}