{
    "model_count": 5,
    "UAS_mean": 0.9277038335857177,
    "UAS_std": 0.0009701693943890003,
    "LAS_mean": 0.8912967243165697,
    "LAS_std": 0.002785723099070604,
    "UEM_mean": 0.7191141068849302,
    "UEM_std": 0.004367806809837962,
    "LEM_mean": 0.549831487722677,
    "LEM_std": 0.00865965611391669,
    "LOAS_mean": 0.9320793815254642,
    "LOAS_std": 0.002066376033346654,
    "LOEM_mean": 0.5933558016369764,
    "LOEM_std": 0.011502850772474114,
    "loss_mean": 1.7683790617017423,
    "loss_std": 0.21226412068339237
}