{
  "UAS": 0.9273930023113095,
  "LAS": 0.8898541484020085,
  "UEM": 0.718343765045739,
  "LEM": 0.5430909966297545,
  "LOAS": 0.9316569697935762,
  "LOEM": 0.5844968704862783,
  "loss": 1.876124074883186
}