{
  "UAS": 0.9282298557424086,
  "LAS": 0.8953136207858452,
  "UEM": 0.7250842561386616,
  "LEM": 0.5642753972075109,
  "LOAS": 0.9354028851518291,
  "LOEM": 0.6095329802599904,
  "loss": 1.7217352838088713
}