{
    "model_count": 5,
    "UAS_mean": 0.6386506222359354,
    "UAS_std": 0.02374887009724396,
    "LAS_mean": 0.5356474339195721,
    "LAS_std": 0.019178682298860224,
    "UEM_mean": 0.0508,
    "UEM_std": 0.007661592523751181,
    "LEM_mean": 0.0096,
    "LEM_std": 0.002073644135332772,
    "LOAS_mean": 0.6821968528232027,
    "LOAS_std": 0.013017855355454144,
    "LOEM_mean": 0.0134,
    "LOEM_std": 0.003130495168499705,
    "loss_mean": 7.84970300661193,
    "loss_std": 0.5744424193639922
}