{
  "UAS": 0.6576673866090713,
  "LAS": 0.5478761699064075,
  "UEM": 0.06,
  "LEM": 0.009,
  "LOAS": 0.6899105214439988,
  "LOEM": 0.014,
  "loss": 8.063826277852058
}