{
  "UAS": 0.6656381775172272,
  "LAS": 0.5622235935410882,
  "UEM": 0.057,
  "LEM": 0.013,
  "LOAS": 0.7015324488326649,
  "LOEM": 0.018,
  "loss": 7.182917952537537
}