{
  "em_accuracy": 0.18059593023255813,
  "loss": 2.4337386717629985
}