{
  "em_accuracy": 0.16715116279069767,
  "loss": 2.492409643738769
}