{
  "em_accuracy": 0.20457848837209303,
  "loss": 2.2743599116802216
}