{
  "em_accuracy": 0.12681686046511628,
  "loss": 2.547157405420791
}