{
  "em_accuracy": 0.11773255813953488,
  "loss": 2.6391313769096554
}