{"model_count": 10, "em_accuracy_mean": 0.1620639534883721, "em_accuracy_std": 0.025228132351888935, "loss_mean": 2.462458097934723, "loss_std": 0.09622308326088962}