{
    "model_count": 5,
    "em_accuracy_mean": 0.6286615075952995,
    "em_accuracy_std": 0.007970270034556335,
    "loss_mean": 0.0,
    "loss_std": 0.0
}