{
    "model_count": 5,
    "UAS_mean": 0.767673847043516,
    "UAS_std": 0.005297662620499338,
    "LAS_mean": 0.6148330200954171,
    "LAS_std": 0.006458742746497007,
    "UEM_mean": 0.1034,
    "UEM_std": 0.009316651759081696,
    "LEM_mean": 0.0244,
    "LEM_std": 0.004037325847637271,
    "LOAS_mean": 0.7221724254252807,
    "LOAS_std": 0.007017992095746357,
    "LOEM_mean": 0.036000000000000004,
    "LOEM_std": 0.003872983346207417,
    "loss_mean": 6.300187228312568,
    "loss_std": 0.6537285522491801
}