{
  "UAS": 0.7649751819189436,
  "LAS": 0.6058985109151366,
  "UEM": 0.1,
  "LEM": 0.024,
  "LOAS": 0.7137005445520698,
  "LOEM": 0.035,
  "loss": 5.993383511900902
}