{
  "UAS": 0.7664690858271891,
  "LAS": 0.6189099320514674,
  "UEM": 0.104,
  "LEM": 0.029,
  "LOAS": 0.726326442099176,
  "LOEM": 0.039,
  "loss": 6.1638176292181015
}