{
  "UAS": 0.3820322945592924,
  "LAS": 0.2818574514038877,
  "UEM": 0.006,
  "LEM": 0.002,
  "loss": 2.659942290139577
}