{
  "UAS": 0.3803352874627173,
  "LAS": 0.2798518975624807,
  "UEM": 0.006,
  "LEM": 0.002,
  "loss": 2.6607117312295094
}