{
  "UAS": 0.37298159004422504,
  "LAS": 0.27157255990949297,
  "UEM": 0.007,
  "LEM": 0.003,
  "loss": 2.6491451187739297
}