{
    "model_count": 5,
    "UAS_mean": 0.7116590877127186,
    "UAS_std": 0.008734221950319292,
    "LAS_mean": 0.6631569077867892,
    "LAS_std": 0.00594467005612035,
    "UEM_mean": 0.047599999999999996,
    "UEM_std": 0.002966479394838266,
    "LEM_mean": 0.0358,
    "LEM_std": 0.0016431676725154967,
    "LOAS_mean": 0.8283812291969435,
    "LOAS_std": 0.0036025174225561897,
    "LOEM_mean": 0.08159999999999999,
    "LOEM_std": 0.008763560920082658,
    "loss_mean": 6.252079910039901,
    "loss_std": 0.43186604047983634
}