{
  "UAS": 0.7110777741315456,
  "LAS": 0.6642914068726267,
  "UEM": 0.051,
  "LEM": 0.036,
  "LOAS": 0.8267779288359665,
  "LOEM": 0.075,
  "loss": 5.946321368217468
}