{
  "UAS": 0.7031550325816887,
  "LAS": 0.6581501101682996,
  "UEM": 0.048,
  "LEM": 0.037,
  "LOAS": 0.8285124935539825,
  "LOEM": 0.086,
  "loss": 6.1070303320884705
}