{
  "UAS": 0.7093900895410435,
  "LAS": 0.6601190755238854,
  "UEM": 0.043,
  "LEM": 0.033,
  "LOAS": 0.826215367305799,
  "LOEM": 0.075,
  "loss": 7.000042796134949
}