{
  "UAS": 0.5467178068410463,
  "LAS": 0.40643863179074446,
  "UEM": 0.018363939899833055,
  "LEM": 0.011686143572621035,
  "LOAS": 0.6062625754527163,
  "LOEM": 0.018363939899833055,
  "loss": 9.401127488989578
}