{
  "UAS": 0.5638832997987927,
  "LAS": 0.3930457746478873,
  "UEM": 0.025041736227045076,
  "LEM": 0.01335559265442404,
  "LOAS": 0.577024647887324,
  "LOEM": 0.025041736227045076,
  "loss": 9.642259447198166
}