{
  "UAS": 0.5787223340040242,
  "LAS": 0.42259808853118713,
  "UEM": 0.02671118530884808,
  "LEM": 0.01001669449081803,
  "LOAS": 0.6117328973843058,
  "LOEM": 0.015025041736227046,
  "loss": 8.550436710056506
}