{
    "model_count": 5,
    "UAS_mean": 0.29827213822894166,
    "UAS_std": 0.02841359267343839,
    "LAS_mean": 0.2630566697521341,
    "LAS_std": 0.025525201725817792,
    "UEM_mean": 0.0034000000000000002,
    "UEM_std": 0.0005477225575051661,
    "LEM_mean": 0.0012000000000000001,
    "LEM_std": 0.00044721359549995795,
    "LOAS_mean": 0.562871541705235,
    "LOAS_std": 0.011911318661154292,
    "LOEM_mean": 0.0012000000000000001,
    "LOEM_std": 0.00044721359549995795,
    "loss_mean": 14.311133444309235,
    "loss_std": 0.6831541564023393
}