{
  "UAS": 0.2779491926360177,
  "LAS": 0.24524323768384243,
  "UEM": 0.003,
  "LEM": 0.001,
  "LOAS": 0.5501388460351744,
  "LOEM": 0.001,
  "loss": 13.66073402762413
}