{
  "UAS": 0.30618121978813123,
  "LAS": 0.27131543762213306,
  "UEM": 0.004,
  "LEM": 0.001,
  "LOAS": 0.5727141828653708,
  "LOEM": 0.001,
  "loss": 13.991256535053253
}