{
  "UAS": 0.32058006788028387,
  "LAS": 0.2838630052452947,
  "UEM": 0.004,
  "LEM": 0.002,
  "LOAS": 0.570400082279132,
  "LOEM": 0.002,
  "loss": 15.01085513830185
}