{"model_count": 10, "em_accuracy_mean": 0.8498404012767897, "em_accuracy_std": 0.003394034485349454, "loss_mean": 1.1363773249496114, "loss_std": 0.004686982942957631}