{
  "em_accuracy": 0.852485180118559,
  "loss": 1.1395565160838041
}