{
  "em_accuracy": 0.8422252621979024,
  "loss": 1.1448216156526045
}