{
  "em_accuracy": 0.852485180118559,
  "loss": 1.141117234880274
}