{
  "em_accuracy": 0.8499772001823985,
  "loss": 1.1293338274955749
}