{
  "em_accuracy": 0.8488372093023255,
  "loss": 1.1374140043692156
}