{
  "em_accuracy": 0.8527131782945736,
  "loss": 1.1359164426543495
}