{
    "model_count": 5,
    "accuracy_mean": 0.8086599221136547,
    "accuracy_std": 0.009511257736437318,
    "macro_fscore_mean": 0.7674137153933015,
    "macro_fscore_std": 0.015297482157917977,
    "micro_fscore_mean": 0.8086599221136546,
    "micro_fscore_std": 0.009511257736437281,
    "label_material_used_fscore_mean": 0.8799829560488415,
    "label_material_used_fscore_std": 0.036013057079702364,
    "label_genre_fscore_mean": 0.8364163603913782,
    "label_genre_fscore_std": 0.021522915238680218,
    "label_spouse_fscore_mean": 0.8241237495485242,
    "label_spouse_fscore_std": 0.04635758171575871,
    "label_mother_fscore_mean": 0.5392611124014357,
    "label_mother_fscore_std": 0.14294202743275256,
    "label_member_of_sports_team_fscore_mean": 0.944594987249454,
    "label_member_of_sports_team_fscore_std": 0.02619039977415898,
    "label_creator_fscore_mean": 0.8113277520617667,
    "label_creator_fscore_std": 0.03192008638758617,
    "label_capital_of_fscore_mean": 0.9702509702993998,
    "label_capital_of_fscore_std": 0.009052117124030246,
    "label_continent_fscore_mean": 0.9631128230742979,
    "label_continent_fscore_std": 0.014118721860498808,
    "label_present_in_work_fscore_mean": 0.7531373830073511,
    "label_present_in_work_fscore_std": 0.04131358261554617,
    "label_production_company_fscore_mean": 0.7997967736362268,
    "label_production_company_fscore_std": 0.023171812081004075,
    "label_screenwriter_fscore_mean": 0.5981001376390367,
    "label_screenwriter_fscore_std": 0.05047206381020334,
    "label_writing_system_fscore_mean": 0.984292378097893,
    "label_writing_system_fscore_std": 0.010058934891130931,
    "label_located_in_or_next_to_body_of_water_fscore_mean": 0.9246823606311145,
    "label_located_in_or_next_to_body_of_water_fscore_std": 0.015338782465208206,
    "label_director_fscore_mean": 0.6906231160361318,
    "label_director_fscore_std": 0.03391668481898596,
    "label_discoverer_or_inventor_fscore_mean": 0.8878417119844139,
    "label_discoverer_or_inventor_fscore_std": 0.014660088998807868,
    "label_performer_fscore_mean": 0.45761738270021474,
    "label_performer_fscore_std": 0.025764150633156513,
    "label_tributary_fscore_mean": 0.9656044008087579,
    "label_tributary_fscore_std": 0.007197639162363818,
    "label_producer_fscore_mean": 0.6130833776813237,
    "label_producer_fscore_std": 0.04738992585760225,
    "label_student_of_fscore_mean": 0.8208563128614159,
    "label_student_of_fscore_std": 0.045426652421035815,
    "label_place_of_birth_fscore_mean": 0.9110691283598963,
    "label_place_of_birth_fscore_std": 0.04275914154007524,
    "label_publisher_fscore_mean": 0.547121241929426,
    "label_publisher_fscore_std": 0.10015201981550383,
    "label_shares_border_with_fscore_mean": 0.8059608698891995,
    "label_shares_border_with_fscore_std": 0.012282082730375572,
    "label_sport_fscore_mean": 0.6101694609670947,
    "label_sport_fscore_std": 0.10704309786315183,
    "label_nominated_for_fscore_mean": 0.312156862745098,
    "label_nominated_for_fscore_std": 0.34769079494414123,
    "label_composer_fscore_mean": 0.49260404320911705,
    "label_composer_fscore_std": 0.14721336086739567,
    "label_named_after_fscore_mean": 0.3018000030552678,
    "label_named_after_fscore_std": 0.04990768570538735,
    "label_owned_by_fscore_mean": 0.18142832739472958,
    "label_owned_by_fscore_std": 0.025965776936000762,
    "label_founded_by_fscore_mean": 0.7892741866134066,
    "label_founded_by_fscore_std": 0.017834954284015492,
    "label_award_received_fscore_mean": 0.9503887356079511,
    "label_award_received_fscore_std": 0.029656245705842393,
    "label_child_fscore_mean": 0.8920166170966064,
    "label_child_fscore_std": 0.02147086960340702,
    "label_original_language_of_film_or_TV_show_fscore_mean": 0.9246432054862272,
    "label_original_language_of_film_or_TV_show_fscore_std": 0.01152151199166293,
    "label_parent_organization_fscore_mean": 0.7369081277325203,
    "label_parent_organization_fscore_std": 0.0076847115298178765,
    "label_country_of_citizenship_fscore_mean": 0.662953876161197,
    "label_country_of_citizenship_fscore_std": 0.05390486448406519,
    "label_ethnic_group_fscore_mean": 0.596625632410916,
    "label_ethnic_group_fscore_std": 0.06518212794375039,
    "label_position_held_fscore_mean": 0.8339513237569397,
    "label_position_held_fscore_std": 0.0476311052799984,
    "label_color_fscore_mean": 0.9220928948873099,
    "label_color_fscore_std": 0.02018241790528759,
    "label_league_fscore_mean": 0.8162014263511997,
    "label_league_fscore_std": 0.05057930578062662,
    "label_educated_at_fscore_mean": 0.9189231462595029,
    "label_educated_at_fscore_std": 0.0189453935217101,
    "label_member_of_fscore_mean": 0.7681573846926756,
    "label_member_of_fscore_std": 0.023317256266531874,
    "label_capital_fscore_mean": 0.8925539901100311,
    "label_capital_fscore_std": 0.01590506947249543,
    "label_sibling_fscore_mean": 0.7802975192337038,
    "label_sibling_fscore_std": 0.032781977224852196,
    "label_occupation_fscore_mean": 0.7812837206457051,
    "label_occupation_fscore_std": 0.046037968824114275,
    "label_father_fscore_mean": 0.6779813934542233,
    "label_father_fscore_std": 0.029410911274828547,
    "label_member_of_political_party_fscore_mean": 0.9147369226147883,
    "label_member_of_political_party_fscore_std": 0.029437487677732986,
    "label_participant_fscore_mean": 0.9228668351763702,
    "label_participant_fscore_std": 0.015493514301669918,
    "label_employer_fscore_mean": 0.8452885768167367,
    "label_employer_fscore_std": 0.04805548467538136,
    "label_place_of_death_fscore_mean": 0.7890770650527189,
    "label_place_of_death_fscore_std": 0.08528707621020057,
    "label_manner_of_death_fscore_mean": 0.5966943127945916,
    "label_manner_of_death_fscore_std": 0.2035330667044478,
    "label_subsidiary_fscore_mean": 0.8737384247085617,
    "label_subsidiary_fscore_std": 0.029544083824845066,
    "label_winner_fscore_mean": 0.967338265531932,
    "label_winner_fscore_std": 0.01207473772006272,
    "label_contains_administrative_territorial_entity_fscore_mean": 0.8570899181537562,
    "label_contains_administrative_territorial_entity_fscore_std": 0.011909203126990403,
    "loss_mean": 0.7873692427113024,
    "loss_std": 0.063045441058831
}