{
  "accuracy": 0.8222149730875876,
  "macro_fscore": 0.793786166476838,
  "micro_fscore": 0.8222149730875875,
  "label_material_used_fscore": 0.9153846153846154,
  "label_genre_fscore": 0.8038585209003216,
  "label_spouse_fscore": 0.8609271523178808,
  "label_member_of_sports_team_fscore": 0.9752475247524752,
  "label_mother_fscore": 0.5977011494252873,
  "label_creator_fscore": 0.8279569892473119,
  "label_capital_of_fscore": 0.9711538461538463,
  "label_continent_fscore": 0.9761273209549071,
  "label_present_in_work_fscore": 0.7388535031847134,
  "label_production_company_fscore": 0.8222222222222223,
  "label_screenwriter_fscore": 0.5957446808510638,
  "label_located_in_or_next_to_body_of_water_fscore": 0.9079754601226994,
  "label_writing_system_fscore": 0.989247311827957,
  "label_director_fscore": 0.6970387243735762,
  "label_discoverer_or_inventor_fscore": 0.9110320284697508,
  "label_performer_fscore": 0.47120418848167545,
  "label_tributary_fscore": 0.9600000000000001,
  "label_producer_fscore": 0.6136363636363635,
  "label_student_of_fscore": 0.8903225806451613,
  "label_place_of_birth_fscore": 0.9071038251366121,
  "label_publisher_fscore": 0.6363636363636364,
  "label_shares_border_with_fscore": 0.7924528301886792,
  "label_sport_fscore": 0.7053140096618358,
  "label_nominated_for_fscore": 0.8235294117647058,
  "label_composer_fscore": 0.4606060606060607,
  "label_named_after_fscore": 0.358974358974359,
  "label_owned_by_fscore": 0.19047619047619047,
  "label_founded_by_fscore": 0.7986348122866894,
  "label_award_received_fscore": 0.9859154929577464,
  "label_child_fscore": 0.916030534351145,
  "label_original_language_of_film_or_TV_show_fscore": 0.9238329238329238,
  "label_parent_organization_fscore": 0.7353760445682451,
  "label_country_of_citizenship_fscore": 0.75,
  "label_ethnic_group_fscore": 0.6341463414634146,
  "label_position_held_fscore": 0.8413098236775819,
  "label_color_fscore": 0.9454545454545454,
  "label_league_fscore": 0.8520408163265306,
  "label_educated_at_fscore": 0.8939393939393939,
  "label_member_of_fscore": 0.736842105263158,
  "label_capital_fscore": 0.8918918918918919,
  "label_sibling_fscore": 0.8140703517587939,
  "label_occupation_fscore": 0.7192982456140351,
  "label_father_fscore": 0.6591549295774648,
  "label_member_of_political_party_fscore": 0.9129287598944592,
  "label_participant_fscore": 0.91324200913242,
  "label_employer_fscore": 0.7988826815642458,
  "label_place_of_death_fscore": 0.8571428571428571,
  "label_manner_of_death_fscore": 0.7946428571428572,
  "label_subsidiary_fscore": 0.8819875776397516,
  "label_winner_fscore": 0.9504950495049505,
  "label_contains_administrative_territorial_entity_fscore": 0.8753799392097266,
  "loss": 0.7254393196199089
}