{
  "accuracy": 0.8061180525635502,
  "macro_fscore": 0.7640097700451638,
  "micro_fscore": 0.8061180525635502,
  "label_parent_organization_fscore": 0.7361111111111113,
  "label_capital_fscore": 0.8931297709923665,
  "label_member_of_sports_team_fscore": 0.9328214971209213,
  "label_owned_by_fscore": 0.2112676056338028,
  "label_place_of_death_fscore": 0.6445497630331752,
  "label_league_fscore": 0.8824940047961631,
  "label_winner_fscore": 0.9585253456221198,
  "label_occupation_fscore": 0.8014440433212996,
  "label_member_of_political_party_fscore": 0.949238578680203,
  "label_color_fscore": 0.9193154034229828,
  "label_place_of_birth_fscore": 0.9368421052631579,
  "label_creator_fscore": 0.835680751173709,
  "label_spouse_fscore": 0.8196721311475409,
  "label_student_of_fscore": 0.7939698492462312,
  "label_sibling_fscore": 0.7636363636363634,
  "label_director_fscore": 0.7056451612903226,
  "label_writing_system_fscore": 0.9688385269121813,
  "label_composer_fscore": 0.39461883408071746,
  "label_production_company_fscore": 0.8195121951219514,
  "label_screenwriter_fscore": 0.5728643216080402,
  "label_continent_fscore": 0.9452054794520548,
  "label_mother_fscore": 0.5586206896551724,
  "label_nominated_for_fscore": 0.47058823529411764,
  "label_sport_fscore": 0.732283464566929,
  "label_original_language_of_film_or_TV_show_fscore": 0.9174757281553398,
  "label_performer_fscore": 0.41206030150753775,
  "label_ethnic_group_fscore": 0.6126126126126127,
  "label_located_in_or_next_to_body_of_water_fscore": 0.9090909090909091,
  "label_employer_fscore": 0.8579234972677596,
  "label_manner_of_death_fscore": 0.3917525773195877,
  "label_participant_fscore": 0.9328063241106719,
  "label_father_fscore": 0.6716417910447762,
  "label_subsidiary_fscore": 0.9017341040462428,
  "label_member_of_fscore": 0.771186440677966,
  "label_material_used_fscore": 0.8689655172413793,
  "label_educated_at_fscore": 0.9042904290429044,
  "label_named_after_fscore": 0.25806451612903225,
  "label_present_in_work_fscore": 0.7666666666666667,
  "label_publisher_fscore": 0.41304347826086957,
  "label_position_held_fscore": 0.8822055137844611,
  "label_shares_border_with_fscore": 0.8141592920353982,
  "label_capital_of_fscore": 0.962962962962963,
  "label_child_fscore": 0.9030303030303031,
  "label_producer_fscore": 0.6231155778894473,
  "label_tributary_fscore": 0.9615384615384615,
  "label_country_of_citizenship_fscore": 0.6503067484662577,
  "label_contains_administrative_territorial_entity_fscore": 0.8496042216358839,
  "label_discoverer_or_inventor_fscore": 0.8816568047337279,
  "label_genre_fscore": 0.8541666666666667,
  "label_founded_by_fscore": 0.7768115942028986,
  "label_award_received_fscore": 0.96875,
  "loss": 0.8078623502237569
}