{
  "accuracy": 0.8081878975697276,
  "macro_fscore": 0.7573564051092752,
  "micro_fscore": 0.8081878975697275,
  "label_material_used_fscore": 0.8498168498168497,
  "label_genre_fscore": 0.8517350157728706,
  "label_spouse_fscore": 0.8309859154929576,
  "label_mother_fscore": 0.6599326599326599,
  "label_member_of_sports_team_fscore": 0.9095744680851063,
  "label_creator_fscore": 0.7783783783783784,
  "label_capital_of_fscore": 0.9758454106280193,
  "label_continent_fscore": 0.976,
  "label_present_in_work_fscore": 0.6976744186046512,
  "label_production_company_fscore": 0.7816091954022988,
  "label_screenwriter_fscore": 0.5543478260869565,
  "label_writing_system_fscore": 0.989247311827957,
  "label_located_in_or_next_to_body_of_water_fscore": 0.9285714285714285,
  "label_director_fscore": 0.7272727272727273,
  "label_discoverer_or_inventor_fscore": 0.8913857677902621,
  "label_performer_fscore": 0.47398843930635837,
  "label_tributary_fscore": 0.9600000000000001,
  "label_producer_fscore": 0.6557377049180327,
  "label_student_of_fscore": 0.770949720670391,
  "label_place_of_birth_fscore": 0.931216931216931,
  "label_publisher_fscore": 0.4871794871794871,
  "label_shares_border_with_fscore": 0.8173913043478261,
  "label_sport_fscore": 0.5759162303664922,
  "label_nominated_for_fscore": 0,
  "label_composer_fscore": 0.3443708609271523,
  "label_named_after_fscore": 0.27586206896551724,
  "label_owned_by_fscore": 0.16393442622950824,
  "label_founded_by_fscore": 0.784660766961652,
  "label_award_received_fscore": 0.9433962264150945,
  "label_child_fscore": 0.8805970149253731,
  "label_original_language_of_film_or_TV_show_fscore": 0.9447236180904524,
  "label_parent_organization_fscore": 0.7283236994219653,
  "label_country_of_citizenship_fscore": 0.6013986013986015,
  "label_ethnic_group_fscore": 0.6763285024154589,
  "label_position_held_fscore": 0.8354430379746836,
  "label_color_fscore": 0.9051490514905149,
  "label_league_fscore": 0.7568807339449541,
  "label_educated_at_fscore": 0.9365079365079365,
  "label_member_of_fscore": 0.7865168539325842,
  "label_capital_fscore": 0.8959276018099547,
  "label_sibling_fscore": 0.8114285714285714,
  "label_occupation_fscore": 0.7984189723320158,
  "label_father_fscore": 0.7146974063400576,
  "label_member_of_political_party_fscore": 0.923076923076923,
  "label_participant_fscore": 0.938388625592417,
  "label_employer_fscore": 0.8925619834710745,
  "label_place_of_death_fscore": 0.782051282051282,
  "label_manner_of_death_fscore": 0.5464480874316939,
  "label_subsidiary_fscore": 0.8606060606060606,
  "label_winner_fscore": 0.9746192893401016,
  "label_contains_administrative_territorial_entity_fscore": 0.8481012658227848,
  "loss": 0.7319411394710187
}