{
  "UAS": 0.849916262292266,
  "LAS": 0.7715034139219307,
  "UEM": 0.179,
  "LEM": 0.062,
  "LOAS": 0.8518916133465023,
  "LOEM": 0.111,
  "loss": 4.854826241731644
}