{
  "UAS": 0.858046973887769,
  "LAS": 0.7487693966527589,
  "UEM": 0.148,
  "LEM": 0.04,
  "LOAS": 0.8467488631569078,
  "LOEM": 0.077,
  "loss": 4.681527506560087
}