{
  "UAS": 0.8519994374384698,
  "LAS": 0.7458628287468942,
  "UEM": 0.143,
  "LEM": 0.046,
  "LOAS": 0.847498945197131,
  "LOEM": 0.083,
  "loss": 3.0464585130176847
}