{
  "UAS": 0.6996208979978675,
  "LAS": 0.5180073451012913,
  "UEM": 0.078,
  "LEM": 0.019,
  "LOAS": 0.6559056983769695,
  "LOEM": 0.032,
  "loss": 8.321651935577393
}