{
  "UAS": 0.6928089088970502,
  "LAS": 0.5105437744343088,
  "UEM": 0.074,
  "LEM": 0.015,
  "LOAS": 0.6448288117521621,
  "LOEM": 0.027,
  "loss": 9.266343480064755
}