{
    "model_count": 5,
    "em_accuracy_mean": 0.4729564032697548,
    "em_accuracy_std": 0.0035852036422181943,
    "loss_mean": 0.0,
    "loss_std": 0.0
}