{"model_count": 10, "em_accuracy_mean": 0.5127830323875036, "em_accuracy_std": 0.0114234876256148, "loss_mean": 1.525871527684878, "loss_std": 0.01757969362054811}