{
  "em_accuracy": 0.5219260533104041,
  "loss": 1.518708842257931
}