{
  "em_accuracy": 0.5161937517913442,
  "loss": 1.5070981293508452
}