{
  "em_accuracy": 0.5262252794496991,
  "loss": 1.504896075486048
}