{
  "em_accuracy": 0.5018629979936945,
  "loss": 1.527473002808279
}