{
  "em_accuracy": 0.49183147033533964,
  "loss": 1.5404118582538273
}