{
  "em_accuracy": 0.5084551447406134,
  "loss": 1.5662534533570347
}