{
    "model_count": 5,
    "accuracy_mean": 0.7852737140576657,
    "accuracy_std": 0.01624722390383312,
    "macro_fscore_mean": 0.7413269409461107,
    "macro_fscore_std": 0.025016893722286354,
    "micro_fscore_mean": 0.7852737140576657,
    "micro_fscore_std": 0.01624722390383312,
    "label_production_company_fscore_mean": 0.7853328414019517,
    "label_production_company_fscore_std": 0.02478608890964424,
    "label_award_received_fscore_mean": 0.9419003397847218,
    "label_award_received_fscore_std": 0.017144140550793486,
    "label_writing_system_fscore_mean": 0.9894826655166573,
    "label_writing_system_fscore_std": 0.0027586184368328538,
    "label_student_of_fscore_mean": 0.7622422509677467,
    "label_student_of_fscore_std": 0.07501117583507885,
    "label_educated_at_fscore_mean": 0.9186814402821556,
    "label_educated_at_fscore_std": 0.010193552204398857,
    "label_winner_fscore_mean": 0.9656272390092988,
    "label_winner_fscore_std": 0.008560559845171789,
    "label_member_of_sports_team_fscore_mean": 0.8942546722923381,
    "label_member_of_sports_team_fscore_std": 0.04665436598944338,
    "label_contains_administrative_territorial_entity_fscore_mean": 0.8527057588663881,
    "label_contains_administrative_territorial_entity_fscore_std": 0.022625285969746944,
    "label_capital_of_fscore_mean": 0.939181252567441,
    "label_capital_of_fscore_std": 0.012537419923213382,
    "label_color_fscore_mean": 0.89113212514053,
    "label_color_fscore_std": 0.03860598141052932,
    "label_tributary_fscore_mean": 0.959070601825636,
    "label_tributary_fscore_std": 0.013655792997542824,
    "label_present_in_work_fscore_mean": 0.7996866910546542,
    "label_present_in_work_fscore_std": 0.0398476026914928,
    "label_participant_fscore_mean": 0.9293709511513832,
    "label_participant_fscore_std": 0.008509992404682804,
    "label_mother_fscore_mean": 0.46464482612694225,
    "label_mother_fscore_std": 0.12355937573577015,
    "label_genre_fscore_mean": 0.8251332979405394,
    "label_genre_fscore_std": 0.0308824110016104,
    "label_material_used_fscore_mean": 0.8382978916049377,
    "label_material_used_fscore_std": 0.0447307024213246,
    "label_spouse_fscore_mean": 0.8537297698660776,
    "label_spouse_fscore_std": 0.02407989291252981,
    "label_member_of_political_party_fscore_mean": 0.8996148537578442,
    "label_member_of_political_party_fscore_std": 0.10190430493865378,
    "label_father_fscore_mean": 0.639725817028733,
    "label_father_fscore_std": 0.03664759464452902,
    "label_place_of_death_fscore_mean": 0.7355833013662888,
    "label_place_of_death_fscore_std": 0.08512637572384826,
    "label_producer_fscore_mean": 0.5205574600087255,
    "label_producer_fscore_std": 0.1789673257304802,
    "label_located_in_or_next_to_body_of_water_fscore_mean": 0.9339598615319481,
    "label_located_in_or_next_to_body_of_water_fscore_std": 0.014026558922825541,
    "label_screenwriter_fscore_mean": 0.46345116179939627,
    "label_screenwriter_fscore_std": 0.05884371186584717,
    "label_named_after_fscore_mean": 0.28630364354502286,
    "label_named_after_fscore_std": 0.058248425515363335,
    "label_manner_of_death_fscore_mean": 0.5458828538894103,
    "label_manner_of_death_fscore_std": 0.21904114987440546,
    "label_position_held_fscore_mean": 0.8093052871819145,
    "label_position_held_fscore_std": 0.038382260915851174,
    "label_founded_by_fscore_mean": 0.7688642445548226,
    "label_founded_by_fscore_std": 0.020086582834423123,
    "label_child_fscore_mean": 0.8834091576832686,
    "label_child_fscore_std": 0.032600178588974106,
    "label_occupation_fscore_mean": 0.7341900991084583,
    "label_occupation_fscore_std": 0.10972807520622674,
    "label_shares_border_with_fscore_mean": 0.781059316045839,
    "label_shares_border_with_fscore_std": 0.06313599307323209,
    "label_owned_by_fscore_mean": 0.13595720142107062,
    "label_owned_by_fscore_std": 0.04296239164672312,
    "label_ethnic_group_fscore_mean": 0.47034411069673737,
    "label_ethnic_group_fscore_std": 0.15024196839707804,
    "label_sibling_fscore_mean": 0.8434868123781458,
    "label_sibling_fscore_std": 0.024881997492529433,
    "label_nominated_for_fscore_mean": 0.1142857142857143,
    "label_nominated_for_fscore_std": 0.25555062599997597,
    "label_sport_fscore_mean": 0.5937583850633649,
    "label_sport_fscore_std": 0.06561680129835536,
    "label_member_of_fscore_mean": 0.7645429092029612,
    "label_member_of_fscore_std": 0.1614841260031921,
    "label_place_of_birth_fscore_mean": 0.844311151165224,
    "label_place_of_birth_fscore_std": 0.0757221191666883,
    "label_director_fscore_mean": 0.6220110807600207,
    "label_director_fscore_std": 0.07586704359499881,
    "label_performer_fscore_mean": 0.4740836396952277,
    "label_performer_fscore_std": 0.08322029748232515,
    "label_parent_organization_fscore_mean": 0.7501233835309353,
    "label_parent_organization_fscore_std": 0.023150012946190752,
    "label_country_of_citizenship_fscore_mean": 0.6782903336060637,
    "label_country_of_citizenship_fscore_std": 0.08287325310407288,
    "label_subsidiary_fscore_mean": 0.8995517209995412,
    "label_subsidiary_fscore_std": 0.04251619096272531,
    "label_creator_fscore_mean": 0.791963972654332,
    "label_creator_fscore_std": 0.04366135831488753,
    "label_discoverer_or_inventor_fscore_mean": 0.8547390218152146,
    "label_discoverer_or_inventor_fscore_std": 0.03756377869083963,
    "label_composer_fscore_mean": 0.4079932040990632,
    "label_composer_fscore_std": 0.1008233979897639,
    "label_league_fscore_mean": 0.7855647087103527,
    "label_league_fscore_std": 0.054855844974969016,
    "label_capital_fscore_mean": 0.8883381051689077,
    "label_capital_fscore_std": 0.01281153029776735,
    "label_original_language_of_film_or_TV_show_fscore_mean": 0.915310884859286,
    "label_original_language_of_film_or_TV_show_fscore_std": 0.015464106060562274,
    "label_publisher_fscore_mean": 0.551968017811413,
    "label_publisher_fscore_std": 0.13951448837547226,
    "label_continent_fscore_mean": 0.9588712435226238,
    "label_continent_fscore_std": 0.010347012106588706,
    "label_employer_fscore_mean": 0.8497967139043787,
    "label_employer_fscore_std": 0.029330500242093382,
    "loss_mean": 0.8928901270654057,
    "loss_std": 0.09172586249722865
}