{
  "accuracy": 0.7802671262386902,
  "macro_fscore": 0.7411778913418199,
  "micro_fscore": 0.7802671262386902,
  "label_manner_of_death_fscore": 0.6079295154185023,
  "label_contains_administrative_territorial_entity_fscore": 0.8283378746594005,
  "label_writing_system_fscore": 0.9884393063583815,
  "label_genre_fscore": 0.792022792022792,
  "label_named_after_fscore": 0.26666666666666666,
  "label_member_of_political_party_fscore": 0.949238578680203,
  "label_mother_fscore": 0.40613026819923376,
  "label_father_fscore": 0.6033057851239669,
  "label_sibling_fscore": 0.8454545454545455,
  "label_capital_of_fscore": 0.9177489177489178,
  "label_parent_organization_fscore": 0.7799043062200958,
  "label_present_in_work_fscore": 0.8143712574850299,
  "label_original_language_of_film_or_TV_show_fscore": 0.8936170212765957,
  "label_creator_fscore": 0.7713004484304934,
  "label_performer_fscore": 0.40740740740740744,
  "label_place_of_death_fscore": 0.7263157894736842,
  "label_member_of_sports_team_fscore": 0.8425925925925927,
  "label_discoverer_or_inventor_fscore": 0.891566265060241,
  "label_ethnic_group_fscore": 0.3421052631578947,
  "label_child_fscore": 0.9057750759878419,
  "label_shares_border_with_fscore": 0.7346938775510203,
  "label_nominated_for_fscore": 0,
  "label_founded_by_fscore": 0.7654320987654321,
  "label_owned_by_fscore": 0.18072289156626506,
  "label_located_in_or_next_to_body_of_water_fscore": 0.9424083769633508,
  "label_director_fscore": 0.6588235294117646,
  "label_league_fscore": 0.7155963302752294,
  "label_production_company_fscore": 0.8022598870056498,
  "label_participant_fscore": 0.9311740890688259,
  "label_material_used_fscore": 0.7752442996742671,
  "label_producer_fscore": 0.5789473684210527,
  "label_winner_fscore": 0.9674418604651163,
  "label_sport_fscore": 0.5373134328358209,
  "label_place_of_birth_fscore": 0.9021739130434784,
  "label_educated_at_fscore": 0.9288135593220339,
  "label_position_held_fscore": 0.8527131782945736,
  "label_member_of_fscore": 0.8479262672811059,
  "label_award_received_fscore": 0.9393939393939393,
  "label_spouse_fscore": 0.8835616438356164,
  "label_occupation_fscore": 0.7611111111111112,
  "label_continent_fscore": 0.9565217391304348,
  "label_color_fscore": 0.8380462724935732,
  "label_employer_fscore": 0.8409703504043128,
  "label_student_of_fscore": 0.7661691542288558,
  "label_country_of_citizenship_fscore": 0.8125000000000001,
  "label_composer_fscore": 0.34418604651162793,
  "label_publisher_fscore": 0.71875,
  "label_subsidiary_fscore": 0.9182389937106918,
  "label_tributary_fscore": 0.9433962264150942,
  "label_capital_fscore": 0.8695652173913043,
  "label_screenwriter_fscore": 0.5057471264367817,
  "loss": 0.9630952394746859
}