{
  "accuracy": 0.7726554645985926,
  "macro_fscore": 0.7176639505333614,
  "micro_fscore": 0.7726554645985926,
  "label_manner_of_death_fscore": 0.20118343195266272,
  "label_contains_administrative_territorial_entity_fscore": 0.8527918781725888,
  "label_genre_fscore": 0.8238482384823849,
  "label_writing_system_fscore": 0.9912536443148688,
  "label_named_after_fscore": 0.2702702702702703,
  "label_member_of_political_party_fscore": 0.9504950495049505,
  "label_mother_fscore": 0.3063063063063063,
  "label_father_fscore": 0.6226012793176972,
  "label_sibling_fscore": 0.8170212765957447,
  "label_capital_of_fscore": 0.9454545454545454,
  "label_parent_organization_fscore": 0.7238979118329466,
  "label_present_in_work_fscore": 0.7403314917127071,
  "label_original_language_of_film_or_TV_show_fscore": 0.9086538461538461,
  "label_creator_fscore": 0.8040201005025126,
  "label_performer_fscore": 0.39484978540772536,
  "label_place_of_death_fscore": 0.673076923076923,
  "label_member_of_sports_team_fscore": 0.8961538461538461,
  "label_discoverer_or_inventor_fscore": 0.863768115942029,
  "label_ethnic_group_fscore": 0.4624277456647398,
  "label_child_fscore": 0.8598726114649682,
  "label_shares_border_with_fscore": 0.7735849056603773,
  "label_nominated_for_fscore": 0,
  "label_founded_by_fscore": 0.7567567567567567,
  "label_owned_by_fscore": 0.12280701754385966,
  "label_located_in_or_next_to_body_of_water_fscore": 0.9508196721311476,
  "label_director_fscore": 0.7095435684647303,
  "label_league_fscore": 0.8658823529411764,
  "label_production_company_fscore": 0.7510917030567686,
  "label_participant_fscore": 0.9169960474308302,
  "label_material_used_fscore": 0.8246753246753247,
  "label_producer_fscore": 0.6030150753768845,
  "label_winner_fscore": 0.958139534883721,
  "label_sport_fscore": 0.6481481481481481,
  "label_place_of_birth_fscore": 0.861878453038674,
  "label_educated_at_fscore": 0.9097472924187726,
  "label_position_held_fscore": 0.7586206896551724,
  "label_member_of_fscore": 0.8834951456310681,
  "label_award_received_fscore": 0.9135802469135802,
  "label_spouse_fscore": 0.8266666666666667,
  "label_occupation_fscore": 0.5664739884393064,
  "label_continent_fscore": 0.9600000000000001,
  "label_color_fscore": 0.8781725888324874,
  "label_employer_fscore": 0.8439024390243903,
  "label_student_of_fscore": 0.6638655462184874,
  "label_country_of_citizenship_fscore": 0.6699507389162562,
  "label_composer_fscore": 0.2966507177033493,
  "label_publisher_fscore": 0.35789473684210527,
  "label_subsidiary_fscore": 0.8279569892473119,
  "label_tributary_fscore": 0.9803921568627452,
  "label_capital_fscore": 0.8981132075471698,
  "label_screenwriter_fscore": 0.5137614678899082,
  "loss": 0.9551743931316454
}