{
  "accuracy": 0.812754852389496,
  "macro_fscore": 0.7834482586354942,
  "micro_fscore": 0.812754852389496,
  "label_production_company_fscore": 0.7701149425287356,
  "label_award_received_fscore": 0.9536784741144414,
  "label_writing_system_fscore": 0.9893238434163701,
  "label_student_of_fscore": 0.8627450980392157,
  "label_educated_at_fscore": 0.9291338582677166,
  "label_winner_fscore": 0.96,
  "label_member_of_sports_team_fscore": 0.8531855955678671,
  "label_contains_administrative_territorial_entity_fscore": 0.8680351906158358,
  "label_capital_of_fscore": 0.9433962264150944,
  "label_color_fscore": 0.881542699724518,
  "label_tributary_fscore": 0.9600000000000001,
  "label_present_in_work_fscore": 0.7862068965517242,
  "label_participant_fscore": 0.9365853658536586,
  "label_mother_fscore": 0.6166007905138341,
  "label_genre_fscore": 0.8201892744479495,
  "label_material_used_fscore": 0.8285714285714285,
  "label_spouse_fscore": 0.8561151079136692,
  "label_member_of_political_party_fscore": 0.8963585434173669,
  "label_father_fscore": 0.6940874035989716,
  "label_place_of_death_fscore": 0.8309859154929577,
  "label_producer_fscore": 0.6567164179104478,
  "label_located_in_or_next_to_body_of_water_fscore": 0.9349112426035502,
  "label_screenwriter_fscore": 0.49333333333333335,
  "label_named_after_fscore": 0.3428571428571428,
  "label_manner_of_death_fscore": 0.7999999999999999,
  "label_position_held_fscore": 0.8403361344537816,
  "label_founded_by_fscore": 0.802721088435374,
  "label_child_fscore": 0.8380281690140845,
  "label_occupation_fscore": 0.873134328358209,
  "label_shares_border_with_fscore": 0.8380952380952382,
  "label_owned_by_fscore": 0.18181818181818182,
  "label_ethnic_group_fscore": 0.5888324873096447,
  "label_sibling_fscore": 0.837696335078534,
  "label_nominated_for_fscore": 0.5714285714285715,
  "label_sport_fscore": 0.6764705882352942,
  "label_member_of_fscore": 0.7311827956989247,
  "label_place_of_birth_fscore": 0.9112426035502957,
  "label_director_fscore": 0.6521739130434784,
  "label_performer_fscore": 0.5625,
  "label_subsidiary_fscore": 0.9271523178807947,
  "label_parent_organization_fscore": 0.7455012853470436,
  "label_country_of_citizenship_fscore": 0.6542056074766355,
  "label_discoverer_or_inventor_fscore": 0.8621908127208481,
  "label_composer_fscore": 0.5389221556886228,
  "label_creator_fscore": 0.8421052631578947,
  "label_league_fscore": 0.7855421686746988,
  "label_capital_fscore": 0.8826291079812206,
  "label_original_language_of_film_or_TV_show_fscore": 0.9148418491484185,
  "label_publisher_fscore": 0.5679012345679012,
  "label_continent_fscore": 0.967391304347826,
  "label_employer_fscore": 0.8971428571428571,
  "loss": 0.736301462224219
}