{
  "accuracy": 0.7861686511172729,
  "macro_fscore": 0.7330668206001958,
  "micro_fscore": 0.7861686511172729,
  "label_production_company_fscore": 0.8125000000000001,
  "label_award_received_fscore": 0.9562841530054645,
  "label_writing_system_fscore": 0.9928057553956835,
  "label_student_of_fscore": 0.7225130890052356,
  "label_educated_at_fscore": 0.9075630252100839,
  "label_winner_fscore": 0.9795918367346939,
  "label_member_of_sports_team_fscore": 0.9291338582677166,
  "label_contains_administrative_territorial_entity_fscore": 0.8814589665653495,
  "label_capital_of_fscore": 0.9395348837209303,
  "label_color_fscore": 0.9255319148936171,
  "label_tributary_fscore": 0.9591836734693878,
  "label_present_in_work_fscore": 0.8480000000000001,
  "label_participant_fscore": 0.9371980676328503,
  "label_mother_fscore": 0.4363636363636364,
  "label_genre_fscore": 0.8757763975155279,
  "label_material_used_fscore": 0.8787878787878788,
  "label_spouse_fscore": 0.8695652173913043,
  "label_member_of_political_party_fscore": 0.9769820971867007,
  "label_father_fscore": 0.6592797783933518,
  "label_place_of_death_fscore": 0.6354166666666666,
  "label_producer_fscore": 0.2074074074074074,
  "label_located_in_or_next_to_body_of_water_fscore": 0.9142857142857144,
  "label_screenwriter_fscore": 0.42603550295857984,
  "label_named_after_fscore": 0.3448275862068965,
  "label_manner_of_death_fscore": 0.5139664804469274,
  "label_position_held_fscore": 0.7875647668393783,
  "label_founded_by_fscore": 0.7681159420289855,
  "label_child_fscore": 0.9118773946360152,
  "label_occupation_fscore": 0.7346938775510204,
  "label_shares_border_with_fscore": 0.8518518518518519,
  "label_owned_by_fscore": 0.09009009009009009,
  "label_ethnic_group_fscore": 0.30656934306569344,
  "label_sibling_fscore": 0.8333333333333333,
  "label_nominated_for_fscore": 0,
  "label_sport_fscore": 0.53125,
  "label_member_of_fscore": 0.8641975308641976,
  "label_place_of_birth_fscore": 0.7248322147651007,
  "label_director_fscore": 0.568840579710145,
  "label_performer_fscore": 0.5641025641025641,
  "label_parent_organization_fscore": 0.7671957671957671,
  "label_country_of_citizenship_fscore": 0.5847953216374269,
  "label_subsidiary_fscore": 0.9305555555555556,
  "label_creator_fscore": 0.7283236994219653,
  "label_discoverer_or_inventor_fscore": 0.7911392405063291,
  "label_composer_fscore": 0.48520710059171596,
  "label_league_fscore": 0.7625570776255707,
  "label_capital_fscore": 0.8898678414096918,
  "label_original_language_of_film_or_TV_show_fscore": 0.9261083743842364,
  "label_publisher_fscore": 0.6352941176470588,
  "label_continent_fscore": 0.9679144385026738,
  "label_employer_fscore": 0.8501362397820162,
  "loss": 0.9006941821135115
}