{
  "accuracy": 0.9005524861878453,
  "macro_fscore": 0.35006429609750644,
  "micro_fscore": 0.903409090909091,
  "loss": 0.33705419409428333
}