{
  "accuracy": 0.9116022099447514,
  "macro_fscore": 0.28119534697152027,
  "micro_fscore": 0.9173789173789174,
  "loss": 0.30995740725969273
}