{
  "accuracy": 0.9337016574585635,
  "macro_fscore": 0.43144614303285883,
  "micro_fscore": 0.9314285714285714,
  "loss": 0.4209448937926936
}