{
  "accuracy": 0.9808481532147743,
  "macro_fscore": 0.9709606642428734,
  "micro_fscore": 0.9836995038979448,
  "loss": 0.09050758090060022
}