{
  "accuracy": 0.9753761969904241,
  "macro_fscore": 0.9636876956128972,
  "micro_fscore": 0.9808646350106308,
  "loss": 0.08931422330383414
}