{
  "accuracy": 0.9781121751025992,
  "macro_fscore": 0.9690143531679645,
  "micro_fscore": 0.9829787234042554,
  "loss": 0.12785448015363174
}