{
  "accuracy": 0.9753761969904241,
  "macro_fscore": 0.9644418737326058,
  "micro_fscore": 0.9787535410764873,
  "loss": 0.0972222755182251
}