{
    "model_count": 5,
    "UAS_mean": 0.6620850100603622,
    "UAS_std": 0.007765074755702325,
    "LAS_mean": 0.5225729376257545,
    "LAS_std": 0.006667510485392227,
    "UEM_mean": 0.04307178631051753,
    "UEM_std": 0.00274318476212938,
    "LEM_mean": 0.015358931552587647,
    "LEM_std": 0.0018287898414195859,
    "LOAS_mean": 0.6990568410462776,
    "LOAS_std": 0.006315237850953957,
    "LOEM_mean": 0.021035058430717863,
    "LOEM_std": 0.003461843297717483,
    "loss_mean": 6.339096076864945,
    "loss_std": 0.9948062889587559
}