{
  "UAS": 0.6661846076458753,
  "LAS": 0.5325075452716298,
  "UEM": 0.04006677796327212,
  "LEM": 0.015025041736227046,
  "LOAS": 0.7035965794768612,
  "LOEM": 0.02337228714524207,
  "loss": 6.247859728963752
}