{
  "UAS": 0.6620975855130785,
  "LAS": 0.5228244466800804,
  "UEM": 0.04674457429048414,
  "LEM": 0.018363939899833055,
  "LOAS": 0.7008928571428571,
  "LOEM": 0.025041736227045076,
  "loss": 4.6596748326954085
}