{
  "UAS": 0.6644869215291751,
  "LAS": 0.5238933601609658,
  "UEM": 0.041736227045075125,
  "LEM": 0.015025041736227046,
  "LOAS": 0.6996353118712274,
  "LOEM": 0.021702838063439065,
  "loss": 7.157601858440199
}