{
  "accuracy": 0.8882402001668057,
  "macro_fscore": 0.5678802212770875,
  "micro_fscore": 0.8890756302521008,
  "loss": 0.4884596661788722
}