{
  "accuracy": 0.8648874061718098,
  "macro_fscore": 0.6181317624739094,
  "micro_fscore": 0.8657972233908288,
  "loss": 0.5011530941228072
}