{
  "accuracy": 0.8790658882402002,
  "macro_fscore": 0.52835497696713,
  "micro_fscore": 0.8804713804713805,
  "loss": 0.5064222654607147
}