{
  "accuracy": 0.8715596330275229,
  "macro_fscore": 0.5663521918553942,
  "micro_fscore": 0.872895622895623,
  "loss": 0.5183655614281694
}