{
  "accuracy": 0.9032527105921602,
  "macro_fscore": 0.6404837635433458,
  "micro_fscore": 0.9055649241146712,
  "loss": 0.3525407006343206
}