{
    "model_count": 5,
    "UAS_mean": 0.6201278340569223,
    "UAS_std": 0.012314779523710635,
    "LAS_mean": 0.45982875060299083,
    "LAS_std": 0.011178236869629904,
    "UEM_mean": 0.0664,
    "UEM_std": 0.004929503017546496,
    "LEM_mean": 0.0126,
    "LEM_std": 0.00403732584763727,
    "LOAS_mean": 0.5951037144235408,
    "LOAS_std": 0.005431170279858859,
    "LOEM_mean": 0.0148,
    "LOEM_std": 0.00438178046004133,
    "loss_mean": 7.001252278472696,
    "loss_std": 0.8247375889759934
}