{
  "UAS": 0.6207790641582248,
  "LAS": 0.46032320308731306,
  "UEM": 0.064,
  "LEM": 0.011,
  "LOAS": 0.5929208876025085,
  "LOEM": 0.013,
  "loss": 7.60983931273222
}