{
  "UAS": 0.606427882296189,
  "LAS": 0.4539917993246503,
  "UEM": 0.068,
  "LEM": 0.013,
  "LOAS": 0.597684515195369,
  "LOEM": 0.015,
  "loss": 5.647090128489903
}