{
  "UAS": 0.6377834056922335,
  "LAS": 0.4719609261939218,
  "UEM": 0.07,
  "LEM": 0.012,
  "LOAS": 0.5999155812831645,
  "LOEM": 0.016,
  "loss": 7.266148954629898
}