{
  "UAS": 0.61089001447178,
  "LAS": 0.4442836468885673,
  "UEM": 0.059,
  "LEM": 0.008,
  "LOAS": 0.5865894838398457,
  "LOEM": 0.009,
  "loss": 6.834812119603157
}