{
  "UAS": 0.6247588036661843,
  "LAS": 0.4685841775205017,
  "UEM": 0.071,
  "LEM": 0.019,
  "LOAS": 0.5984081041968162,
  "LOEM": 0.021,
  "loss": 7.648370876908302
}