{
    "model_count": 5,
    "UAS_mean": 0.6237400965730626,
    "UAS_std": 0.003541079190385696,
    "LAS_mean": 0.5675870798368572,
    "LAS_std": 0.003349453063122983,
    "UEM_mean": 0.1046,
    "UEM_std": 0.0051283525619832335,
    "LEM_mean": 0.0632,
    "LEM_std": 0.0031144823004794903,
    "loss_mean": 1.5752945470431494,
    "loss_std": 0.006291888034964887
}