{
  "UAS": 0.6233181754254371,
  "LAS": 0.567015142281187,
  "UEM": 0.101,
  "LEM": 0.061,
  "loss": 1.5665356904741317
}