{
  "UAS": 0.6256153016736206,
  "LAS": 0.5681871454690357,
  "UEM": 0.101,
  "LEM": 0.062,
  "loss": 1.579872733070737
}