{
  "UAS": 0.6274905067741784,
  "LAS": 0.5715156345225259,
  "UEM": 0.113,
  "LEM": 0.067,
  "loss": 1.5827132141779339
}