{
  "UAS": 0.6242088978482021,
  "LAS": 0.568843467254231,
  "UEM": 0.106,
  "LEM": 0.066,
  "loss": 1.5741200324088809
}