{
  "UAS": 0.8465238115686864,
  "LAS": 0.7735217073903895,
  "UEM": 0.187,
  "LEM": 0.075,
  "LOAS": 0.8533945978442908,
  "LOEM": 0.119,
  "loss": 4.81562265008688
}