{
  "UAS": 0.8484991626229227,
  "LAS": 0.7716322411645983,
  "UEM": 0.195,
  "LEM": 0.071,
  "LOAS": 0.8503027440202688,
  "LOEM": 0.112,
  "loss": 4.506472773849964
}