{
  "UAS": 0.8471679477820243,
  "LAS": 0.773564649804612,
  "UEM": 0.191,
  "LEM": 0.072,
  "LOAS": 0.853738137158071,
  "LOEM": 0.112,
  "loss": 4.3663965066274
}