{
  "UAS": 0.8448490574140078,
  "LAS": 0.7722763773779362,
  "UEM": 0.189,
  "LEM": 0.072,
  "LOAS": 0.8527934040451755,
  "LOEM": 0.112,
  "loss": 5.2292619571089745
}