{
  "UAS": 0.8499592047064886,
  "LAS": 0.7769141581139691,
  "UEM": 0.194,
  "LEM": 0.074,
  "LOAS": 0.8547687550994116,
  "LOEM": 0.122,
  "loss": 3.7260502614080906
}