{
    "model_count": 5,
    "em_accuracy_mean": 0.7906520747834017,
    "em_accuracy_std": 0.00406387162175457,
    "loss_mean": 0.0,
    "loss_std": 0.0
}