{
  "accuracy": 0.9150174621653085,
  "macro_fscore": 0.6712362614835624,
  "micro_fscore": 0.9182833627278072,
  "loss": 0.4643654968003156
}