{
  "accuracy": 0.9150174621653085,
  "macro_fscore": 0.6544784910132024,
  "micro_fscore": 0.9188235294117647,
  "loss": 0.5148079012158431
}