{
  "accuracy": 0.9068684516880093,
  "macro_fscore": 0.6337242470662858,
  "micro_fscore": 0.9127358490566038,
  "loss": 0.4094147411157825
}