{
  "accuracy": 0.9278230500582072,
  "macro_fscore": 0.6588753392088899,
  "micro_fscore": 0.9295774647887324,
  "loss": 0.35189881033255477
}