{
  "em_accuracy": 0.36611629576453697,
  "loss": 1.8089705113002232
}