{
  "em_accuracy": 0.3341708542713568,
  "loss": 1.8674139840262276
}