{
  "em_accuracy": 0.36001435750179467,
  "loss": 1.8454639233861652
}