{
  "em_accuracy": 0.3592964824120603,
  "loss": 1.8618994433539255
}