{
  "em_accuracy": 0.36719310839913855,
  "loss": 1.8449137483324323
}