{
  "em_accuracy": 0.35534816941852115,
  "loss": 1.8287766075134277
}