{
    "model_count": 5,
    "UAS_mean": 0.9356818362955288,
    "UAS_std": 0.0008029585430624651,
    "LAS_mean": 0.9159241252889136,
    "LAS_std": 0.0011725026018215015,
    "UEM_mean": 0.737217140105922,
    "UEM_std": 0.002623866459978572,
    "LEM_mean": 0.649301877708233,
    "LEM_std": 0.0022736098128295678,
    "LOAS_mean": 0.9532318482505778,
    "LOAS_std": 0.0010564427882125752,
    "LOEM_mean": 0.7132402503610977,
    "LOEM_std": 0.00529172139202081,
    "loss_mean": 1.3212157153256043,
    "loss_std": 0.13339997808775825
}