{
  "UAS": 0.9352833346616721,
  "LAS": 0.9151988523152945,
  "UEM": 0.7404910929224844,
  "LEM": 0.6461242176215696,
  "LOAS": 0.9529369570415239,
  "LOEM": 0.7072701011073664,
  "loss": 1.2626142034865193
}