{
  "UAS": 0.9355622858053718,
  "LAS": 0.9162748067267076,
  "UEM": 0.7361579200770342,
  "LEM": 0.6485315358690419,
  "LOAS": 0.9533753088387662,
  "LOEM": 0.718343765045739,
  "loss": 1.4627207541447065
}