{
    "model_count": 5,
    "em_accuracy_mean": 0.40865577529378044,
    "em_accuracy_std": 0.006744290868317637,
    "loss_mean": 0.0,
    "loss_std": 0.0
}