{"model_count": 10, "em_accuracy_mean": 0.4679020302932646, "em_accuracy_std": 0.0093036562869257, "loss_mean": 1.5163017031458237, "loss_std": 0.011625629993276047}