{
  "em_accuracy": 0.47599097647437966,
  "loss": 1.5073631756084482
}