{
  "em_accuracy": 0.4601998066387367,
  "loss": 1.5248093697213636
}