{
  "em_accuracy": 0.4672897196261682,
  "loss": 1.5280883164749932
}