{
  "em_accuracy": 0.455688043828553,
  "loss": 1.5271332946020304
}