{
  "em_accuracy": 0.4672897196261682,
  "loss": 1.5066301072995687
}