{
  "em_accuracy": 0.47760232033515954,
  "loss": 1.521104877757043
}