{
    "model_count": 5,
    "UAS_mean": 0.6041498993963783,
    "UAS_std": 0.0038549454957929404,
    "LAS_mean": 0.44900653923541245,
    "LAS_std": 0.008330347604430693,
    "UEM_mean": 0.01969949916527546,
    "UEM_std": 0.003211249425988539,
    "LEM_mean": 0.005342237061769616,
    "LEM_std": 0.0007466003263772254,
    "LOAS_mean": 0.642014587525151,
    "LOAS_std": 0.009244625768268969,
    "LOEM_mean": 0.01302170283806344,
    "LOEM_std": 0.0018287898414195867,
    "loss_mean": 8.624477426629317,
    "loss_std": 1.248924834190366
}