{
  "UAS": 0.6055080482897385,
  "LAS": 0.45089285714285715,
  "UEM": 0.02003338898163606,
  "LEM": 0.005008347245409015,
  "LOAS": 0.6410337022132797,
  "LOEM": 0.01001669449081803,
  "loss": 9.782928767957186
}