{
  "UAS": 0.6037474849094567,
  "LAS": 0.4396378269617706,
  "UEM": 0.018363939899833055,
  "LEM": 0.005008347245409015,
  "LOAS": 0.6355005030181087,
  "LOEM": 0.015025041736227046,
  "loss": 9.683949445423327
}