{
    "model_count": 5,
    "em_accuracy_mean": 0.7831281349749202,
    "em_accuracy_std": 0.004220738296169486,
    "loss_mean": 0.0,
    "loss_std": 0.0
}