{"model_count": 3, "em_accuracy_mean": 0.07150174144642492, "em_accuracy_std": 0.00548115231373561, "tp_mean": 5346.666666666667, "tp_std": 375.9685270515783, "fp_mean": 22415.333333333332, "fp_std": 196.21501811363302, "fn_mean": 21848.333333333332, "fn_std": 375.9685270515783, "p_mean": 19.253487102623687, "p_std": 1.224638353681673, "r_mean": 19.660476803333946, "r_std": 1.3824913662495972, "f1_mean": 19.45469683292148, "f1_std": 1.3019817906298958, "Macro_f1_mean": 15.752988082653784, "Macro_f1_std": 0.3039894919211036, "Macro_p_mean": 20.917454679521224, "Macro_p_std": 0.5729775053246954, "Macro_r_mean": 14.330169910634405, "Macro_r_std": 0.3247470749159403, "loss_mean": 2.2746434903053787, "loss_std": 0.04290691115802444}