{
  "em_accuracy": 0.07693095677115346,
  "tp": 5745,
  "fp": 22191,
  "fn": 21450,
  "p": 20.564862542955325,
  "r": 21.125206839492552,
  "f1": 20.84126897752626,
  "Macro_f1": 15.800654459965738,
  "Macro_p": 21.38261413825886,
  "Macro_r": 14.48218212128493,
  "loss": 2.225137146326992
}