{
  "em_accuracy": 0.06597008809670149,
  "tp": 4998,
  "fp": 22555,
  "fn": 22197,
  "p": 18.139585526077017,
  "r": 18.37837837837838,
  "f1": 18.258201212829693,
  "Macro_f1": 15.42798127537573,
  "Macro_p": 20.277415467420326,
  "Macro_r": 13.957297036326295,
  "loss": 2.297710111215345
}