{
  "em_accuracy": 0.0716041794714198,
  "tp": 5297,
  "fp": 22500,
  "fn": 21898,
  "p": 19.056013238838723,
  "r": 19.477845192130907,
  "f1": 19.264620308408496,
  "Macro_f1": 16.030328512619885,
  "Macro_p": 21.092334432884485,
  "Macro_r": 14.551030574291987,
  "loss": 2.3010832133737993
}