{
  "accuracy": 0.8478900883218842,
  "macro_fscore": 0.5214417937328021,
  "micro_fscore": 0.8517412935323382,
  "loss": 0.9086554693931248
}