{
  "accuracy": 0.8537782139352306,
  "macro_fscore": 0.5016302566467286,
  "micro_fscore": 0.856858846918489,
  "loss": 1.0251757001678925
}