,VANILLA,HUJI,HUJI_ENSEMBLE,HUJI_ENSEMBLE-VANILLA
french,39.1,35.8,40.1,1.0
spanish,53.1,49.9,54.2,1.1000000000000014
german,45.7,47.7,56.8,11.099999999999994
korean,11.9,11.6,13.8,1.9000000000000004
hindi,17.3,31.9,40.8,23.499999999999996
indonesian,46.5,,,
thai,23.5,24.7,31.8,8.3
persian,17.9,20.5,22.9,5.0
turkish,17.0,,,
