,VANILLA,HUJI,HUJI_ENSEMBLE,HUJI_ENSEMBLE-VANILLA
french,1.1,0.6,1.7,0.5999999999999999
spanish,0.6,0.4,0.3,-0.3
german,1.2,0.3,0.3,-0.8999999999999999
korean,0.5,0.6,0.5,0.0
hindi,0.5,0.5,0.7,0.19999999999999996
indonesian,0.8,,,
thai,0.7,2.6,1.1,0.40000000000000013
persian,0.4,0.6,0.3,-0.10000000000000003
turkish,0.5,,,
