,VANILLA,HUJI,HUJI_ENSEMBLE,HUJI_ENSEMBLE-VANILLA
french,3.0,0.2,3.8,0.7999999999999998
spanish,4.0,0.4,4.8,0.7999999999999998
german,4.0,2.4,6.3,2.3
korean,0.5,0.3,0.7,0.19999999999999996
hindi,0.2,0.1,0.3,0.09999999999999998
indonesian,2.0,,,
thai,0.4,0.4,0.6,0.19999999999999996
persian,0.9,0.2,1.1,0.20000000000000007
turkish,0.9,,,
