,VANILLA,HUJI,HUJI_ENSEMBLE,HUJI_ENSEMBLE-VANILLA
french,168.4,189.4,178.1,9.699999999999989
spanish,166.4,182.0,174.6,8.199999999999989
german,166.4,186.5,157.5,-8.900000000000006
korean,323.3,304.1,314.6,-8.699999999999989
hindi,297.7,282.8,249.3,-48.39999999999998
indonesian,188.4,,,
thai,253.9,255.6,251.6,-2.3000000000000114
persian,250.1,268.5,248.9,-1.1999999999999886
turkish,282.7,,,
