,VANILLA,HUJI,HUJI_ENSEMBLE,HUJI_ENSEMBLE-VANILLA
french,2.4,1.8,0.6,-1.7999999999999998
spanish,1.3,1.1,0.9,-0.4
german,2.0,2.6,0.6,-1.4
korean,2.9,3.7,2.8,-0.10000000000000009
hindi,3.2,1.3,3.5,0.2999999999999998
indonesian,1.0,,,
thai,1.1,6.8,3.2,2.1
persian,2.2,3.2,1.3,-0.9000000000000001
turkish,1.5,,,
