,VANILLA,HUJI,HUJI_ENSEMBLE,HUJI_ENSEMBLE-VANILLA
french,1.0,0.5,1.6,0.6000000000000001
spanish,0.7,0.4,0.2,-0.49999999999999994
german,1.2,0.4,0.4,-0.7999999999999999
korean,0.5,0.7,0.4,-0.09999999999999998
hindi,0.7,0.6,0.7,0.0
indonesian,0.9,,,
thai,0.9,2.8,1.2,0.29999999999999993
persian,0.5,0.7,0.4,-0.09999999999999998
turkish,0.7,,,
