,VANILLA,HUJI,HUJI_ENSEMBLE,HUJI_ENSEMBLE-VANILLA
french,44.3,41.4,45.4,1.1000000000000014
spanish,59.7,56.5,60.6,0.8999999999999986
german,51.2,53.7,62.4,11.199999999999996
korean,26.4,26.6,28.3,1.9000000000000021
hindi,26.9,41.1,50.4,23.5
indonesian,56.4,,,
thai,35.6,37.7,45.5,9.899999999999999
persian,27.3,29.0,32.4,5.099999999999998
turkish,32.1,,,
