,VANILLA,HUJI,HUJI_ENSEMBLE,HUJI_ENSEMBLE-VANILLA
french,5.9,0.3,7.2,1.2999999999999998
spanish,9.3,0.6,12.1,2.799999999999999
german,6.3,3.7,10.5,4.2
korean,1.3,0.5,1.6,0.30000000000000004
hindi,0.5,0.3,0.9,0.4
indonesian,5.7,,,
thai,2.5,2.3,3.9,1.4
persian,1.3,0.5,2.4,1.0999999999999999
turkish,2.3,,,
