{
  "em_accuracy": 0.592983651226158,
  "loss": 1.5296845160748647
}