{
  "em_accuracy": 0.603542234332425,
  "loss": 1.5312596274458843
}