{
  "em_accuracy": 0.5960490463215259,
  "loss": 1.5356022783595582
}