{
  "em_accuracy": 0.5977520435967303,
  "loss": 1.5235741488311603
}