{
  "em_accuracy": 0.5916212534059946,
  "loss": 1.5239591151475906
}