{
  "em_accuracy": 0.5950272479564033,
  "loss": 1.5255675464868546
}