{
  "em_accuracy": 0.5871934604904632,
  "loss": 1.5635684667074161
}