{
    "model_count": 5,
    "UAS_mean": 0.783924714594261,
    "UAS_std": 0.005868519792732958,
    "LAS_mean": 0.6612465288491206,
    "LAS_std": 0.0025128623102366144,
    "UEM_mean": 0.1396,
    "UEM_std": 0.00433589667773575,
    "LEM_mean": 0.0316,
    "LEM_std": 0.003286335345030996,
    "LOAS_mean": 0.7688470636634783,
    "LOAS_std": 0.001690371275726981,
    "LOEM_mean": 0.0458,
    "LOEM_std": 0.0036331804249169885,
    "loss_mean": 5.362011712789536,
    "loss_std": 0.948186777412426
}