{
  "UAS": 0.7778463437210738,
  "LAS": 0.6579245088964312,
  "UEM": 0.136,
  "LEM": 0.031,
  "LOAS": 0.7679728478864548,
  "LOEM": 0.045,
  "loss": 5.267043545842171
}