{
  "UAS": 0.7849429188522061,
  "LAS": 0.660187185025198,
  "UEM": 0.139,
  "LEM": 0.031,
  "LOAS": 0.7672014810243752,
  "LOEM": 0.047,
  "loss": 6.778718665242195
}