{
  "UAS": 0.7930679831327779,
  "LAS": 0.6648153861976757,
  "UEM": 0.145,
  "LEM": 0.028,
  "LOAS": 0.767715725599095,
  "LOEM": 0.041,
  "loss": 4.756255440413952
}