{
  "UAS": 0.8478979688238073,
  "LAS": 0.7660926697298922,
  "UEM": 0.187,
  "LEM": 0.063,
  "LOAS": 0.8483273929660325,
  "LOEM": 0.113,
  "loss": 4.779295660555363
}