{
  "UAS": 0.8466096963971315,
  "LAS": 0.7629578734916477,
  "UEM": 0.188,
  "LEM": 0.068,
  "LOAS": 0.8437754970584447,
  "LOEM": 0.103,
  "loss": 5.588530592620373
}