{
  "UAS": 0.850646283334049,
  "LAS": 0.7688839266543565,
  "UEM": 0.194,
  "LEM": 0.066,
  "LOAS": 0.8485421050371452,
  "LOEM": 0.106,
  "loss": 3.476557869464159
}