{
  "UAS": 0.8491003564220381,
  "LAS": 0.7706016232232576,
  "UEM": 0.188,
  "LEM": 0.068,
  "LOAS": 0.8503027440202688,
  "LOEM": 0.11,
  "loss": 4.997045233845711
}