{
  "accuracy": 0.89988358556461,
  "macro_fscore": 0.6819992182688503,
  "micro_fscore": 0.9014084507042254,
  "loss": 0.43978017123623026
}