{
  "accuracy": 0.9126891734575088,
  "macro_fscore": 0.6663295159765169,
  "micro_fscore": 0.9174528301886793,
  "loss": 0.45226846438297935
}