{
  "accuracy": 0.89988358556461,
  "macro_fscore": 0.7078454040453599,
  "micro_fscore": 0.9039481437831468,
  "loss": 0.529005003972324
}