{
  "accuracy": 0.9185098952270081,
  "macro_fscore": 0.6844461648469747,
  "micro_fscore": 0.9228958210712184,
  "loss": 0.4149662791320157
}