{
  "accuracy": 0.9161816065192084,
  "macro_fscore": 0.6575755276972163,
  "micro_fscore": 0.9189189189189191,
  "loss": 0.4737048262635384
}