{
  "UAS": 0.7095690350327032,
  "LAS": 0.5261625302392259,
  "UEM": 0.057,
  "LEM": 0.004,
  "LOAS": 0.6245856106083685,
  "LOEM": 0.005,
  "loss": 6.398323446512222
}