{
  "UAS": 0.6963533733536421,
  "LAS": 0.5107965236089956,
  "UEM": 0.051,
  "LEM": 0.004,
  "LOAS": 0.6147298629155094,
  "LOEM": 0.004,
  "loss": 5.308311268687248
}