{
  "UAS": 0.7112713914523788,
  "LAS": 0.5228474151061733,
  "UEM": 0.057,
  "LEM": 0.004,
  "LOAS": 0.6217632828599587,
  "LOEM": 0.006,
  "loss": 5.907840445637703
}