{
    "model_count": 5,
    "UAS_mean": 0.71398620195323,
    "UAS_std": 0.013067089033932854,
    "LAS_mean": 0.5224263058865694,
    "LAS_std": 0.006822278482672196,
    "UEM_mean": 0.0572,
    "UEM_std": 0.004604345773288537,
    "LEM_mean": 0.0042,
    "LEM_std": 0.00044721359549995795,
    "LOAS_mean": 0.6198279724039064,
    "LOAS_std": 0.003885561323883784,
    "LOEM_mean": 0.0048000000000000004,
    "LOEM_std": 0.0008366600265340755,
    "loss_mean": 5.939912578463554,
    "loss_std": 0.43269690853549586
}