{
    "model_count": 5,
    "UAS_mean": 0.5928123492522913,
    "UAS_std": 0.011339627021608987,
    "LAS_mean": 0.4294138929088278,
    "LAS_std": 0.020374336661541214,
    "UEM_mean": 0.0518,
    "UEM_std": 0.006610597552415364,
    "LEM_mean": 0.009,
    "LEM_std": 0.00273861278752583,
    "LOAS_mean": 0.5716594307766522,
    "LOAS_std": 0.015727117660463575,
    "LOEM_mean": 0.012199999999999999,
    "LOEM_std": 0.002588435821108957,
    "loss_mean": 6.951582291722298,
    "loss_std": 0.29728623720234987
}