{
  "UAS": 0.6028702363724071,
  "LAS": 0.4450675349734684,
  "UEM": 0.056,
  "LEM": 0.011,
  "LOAS": 0.581825856246985,
  "LOEM": 0.013,
  "loss": 6.8262789696455
}