{
  "UAS": 0.6013024602026049,
  "LAS": 0.43964061746261457,
  "UEM": 0.057,
  "LEM": 0.011,
  "LOAS": 0.5813434635793536,
  "LOEM": 0.014,
  "loss": 7.084129214286804
}