{
  "UAS": 0.597684515195369,
  "LAS": 0.4448866377231066,
  "UEM": 0.05,
  "LEM": 0.011,
  "LOAS": 0.5826097443318862,
  "LOEM": 0.015,
  "loss": 6.977108716964722
}