{
  "UAS": 0.5857452966714906,
  "LAS": 0.4191389290882779,
  "UEM": 0.055,
  "LEM": 0.006,
  "LOAS": 0.5662083936324168,
  "LOEM": 0.01,
  "loss": 7.334608271718025
}