{
  "UAS": 0.5764592378195852,
  "LAS": 0.3983357452966715,
  "UEM": 0.041,
  "LEM": 0.006,
  "LOAS": 0.5463096960926194,
  "LOEM": 0.009,
  "loss": 6.535786285996437
}