{
    "model_count": 5,
    "accuracy_mean": 0.8433423229876126,
    "accuracy_std": 0.005203267979957633,
    "macro_fscore_mean": 0.5408506192276387,
    "macro_fscore_std": 0.010847116887000227,
    "micro_fscore_mean": 0.6392989756056695,
    "micro_fscore_std": 0.005460112487532758,
    "label_per:stateorprovince_of_death_fscore_mean": 0.6771102108106212,
    "label_per:stateorprovince_of_death_fscore_std": 0.06125882753896076,
    "label_org:number_of_employees/members_fscore_mean": 0.7387222256109629,
    "label_org:number_of_employees/members_fscore_std": 0.0604605301780144,
    "label_per:cause_of_death_fscore_mean": 0.7873112264029771,
    "label_per:cause_of_death_fscore_std": 0.022731882603640095,
    "label_per:country_of_death_fscore_mean": 0,
    "label_per:country_of_death_fscore_std": 0.0,
    "label_per:date_of_birth_fscore_mean": 0.8373645801467071,
    "label_per:date_of_birth_fscore_std": 0.013080795397523744,
    "label_per:parents_fscore_mean": 0.49051210168916104,
    "label_per:parents_fscore_std": 0.02762775964285507,
    "label_per:stateorprovince_of_birth_fscore_mean": 0.5912087912087912,
    "label_per:stateorprovince_of_birth_fscore_std": 0.022183109052952052,
    "label_per:title_fscore_mean": 0.8155501742376405,
    "label_per:title_fscore_std": 0.007453753399189265,
    "label_per:children_fscore_mean": 0.5833248731839723,
    "label_per:children_fscore_std": 0.01708322195126537,
    "label_per:other_family_fscore_mean": 0.15726474028840529,
    "label_per:other_family_fscore_std": 0.09351442727400947,
    "label_per:age_fscore_mean": 0.9050597196519568,
    "label_per:age_fscore_std": 0.003872614098138716,
    "label_org:founded_fscore_mean": 0.7806309252468434,
    "label_org:founded_fscore_std": 0.03379719690822313,
    "label_per:countries_of_residence_fscore_mean": 0.4430858718707609,
    "label_per:countries_of_residence_fscore_std": 0.03383556265154587,
    "label_per:schools_attended_fscore_mean": 0.7011128990790358,
    "label_per:schools_attended_fscore_std": 0.04224320249981154,
    "label_per:religion_fscore_mean": 0.6243191901517687,
    "label_per:religion_fscore_std": 0.010138607175786522,
    "label_org:stateorprovince_of_headquarters_fscore_mean": 0.612244548085542,
    "label_org:stateorprovince_of_headquarters_fscore_std": 0.021395512811025162,
    "label_org:city_of_headquarters_fscore_mean": 0.6029500554743628,
    "label_org:city_of_headquarters_fscore_std": 0.014049031732963256,
    "label_per:city_of_death_fscore_mean": 0.7049461962339095,
    "label_per:city_of_death_fscore_std": 0.012196086861676975,
    "label_per:cities_of_residence_fscore_mean": 0.5068311600526315,
    "label_per:cities_of_residence_fscore_std": 0.02451999992134373,
    "label_per:stateorprovinces_of_residence_fscore_mean": 0.49744485320633586,
    "label_per:stateorprovinces_of_residence_fscore_std": 0.013739583872709014,
    "label_org:country_of_headquarters_fscore_mean": 0.5605719036574781,
    "label_org:country_of_headquarters_fscore_std": 0.03224828726611467,
    "label_org:top_members/employees_fscore_mean": 0.6330376291584736,
    "label_org:top_members/employees_fscore_std": 0.011718490844067167,
    "label_per:origin_fscore_mean": 0.5715142797876508,
    "label_per:origin_fscore_std": 0.024011981282492066,
    "label_per:charges_fscore_mean": 0.7401113115207525,
    "label_per:charges_fscore_std": 0.01848800635453656,
    "label_org:alternate_names_fscore_mean": 0.8178739554293359,
    "label_org:alternate_names_fscore_std": 0.007626358146906372,
    "label_per:city_of_birth_fscore_mean": 0.6750588296362944,
    "label_per:city_of_birth_fscore_std": 0.07562627241495025,
    "label_per:date_of_death_fscore_mean": 0.7044913893825765,
    "label_per:date_of_death_fscore_std": 0.023789999640788526,
    "label_org:political/religious_affiliation_fscore_mean": 0.18314627000225378,
    "label_org:political/religious_affiliation_fscore_std": 0.07350280014130973,
    "label_org:website_fscore_mean": 0.9165306732388961,
    "label_org:website_fscore_std": 0.014862971379657712,
    "label_per:spouse_fscore_mean": 0.6837602687209733,
    "label_per:spouse_fscore_std": 0.017275418026759512,
    "label_per:country_of_birth_fscore_mean": 0.2279840738971174,
    "label_per:country_of_birth_fscore_std": 0.11212358091927303,
    "label_org:subsidiaries_fscore_mean": 0.24651143878904042,
    "label_org:subsidiaries_fscore_std": 0.05496145645879947,
    "label_org:members_fscore_mean": 0.5830065709520412,
    "label_org:members_fscore_std": 0.105075466511643,
    "label_org:shareholders_fscore_mean": 0.18507229294358007,
    "label_org:shareholders_fscore_std": 0.10770693766635082,
    "label_org:dissolved_fscore_mean": 0.21575757575757576,
    "label_org:dissolved_fscore_std": 0.14460611140744364,
    "label_org:founded_by_fscore_mean": 0.5707083017029188,
    "label_org:founded_by_fscore_std": 0.055729802873184645,
    "label_org:parents_fscore_mean": 0.251304757570852,
    "label_org:parents_fscore_std": 0.049918583879200756,
    "label_per:alternate_names_fscore_mean": 0.3079044237209709,
    "label_per:alternate_names_fscore_std": 0.0475096485158412,
    "label_per:siblings_fscore_mean": 0.6739059631146586,
    "label_per:siblings_fscore_std": 0.06805184592010796,
    "label_per:employee_of_fscore_mean": 0.36962913671735753,
    "label_per:employee_of_fscore_std": 0.023828560647338213,
    "label_org:member_of_fscore_mean": 0,
    "label_org:member_of_fscore_std": 0.0,
    "loss_mean": 0.5742362859431853,
    "loss_std": 0.036104549310503185
}