{
  "accuracy": 0.8445399277780318,
  "macro_fscore": 0.5478600583199207,
  "micro_fscore": 0.6460097279769411,
  "label_per:stateorprovince_of_death_fscore": 0.6153846153846153,
  "label_org:number_of_employees/members_fscore": 0.7741935483870968,
  "label_per:cause_of_death_fscore": 0.7530864197530864,
  "label_per:country_of_death_fscore": 0,
  "label_per:date_of_birth_fscore": 0.8169014084507041,
  "label_per:parents_fscore": 0.47540983606557385,
  "label_per:stateorprovince_of_birth_fscore": 0.5769230769230769,
  "label_per:title_fscore": 0.8280450358239508,
  "label_per:children_fscore": 0.5730337078651685,
  "label_per:other_family_fscore": 0.04705882352941176,
  "label_per:age_fscore": 0.905811623246493,
  "label_org:founded_fscore": 0.7671232876712328,
  "label_per:countries_of_residence_fscore": 0.4684317718940937,
  "label_per:schools_attended_fscore": 0.7047619047619048,
  "label_org:stateorprovince_of_headquarters_fscore": 0.6122448979591837,
  "label_org:city_of_headquarters_fscore": 0.5887096774193549,
  "label_per:city_of_death_fscore": 0.7168141592920354,
  "label_per:cities_of_residence_fscore": 0.5423728813559322,
  "label_per:stateorprovinces_of_residence_fscore": 0.5133689839572192,
  "label_org:country_of_headquarters_fscore": 0.5076452599388379,
  "label_org:top_members/employees_fscore": 0.6356340288924559,
  "label_per:origin_fscore": 0.6120689655172412,
  "label_per:charges_fscore": 0.7389162561576355,
  "label_org:alternate_names_fscore": 0.8078541374474053,
  "label_per:city_of_birth_fscore": 0.704225352112676,
  "label_per:date_of_death_fscore": 0.7167919799498748,
  "label_org:political/religious_affiliation_fscore": 0.27586206896551724,
  "label_org:website_fscore": 0.8911917098445596,
  "label_per:spouse_fscore": 0.692063492063492,
  "label_per:country_of_birth_fscore": 0.4,
  "label_org:subsidiaries_fscore": 0.23645320197044334,
  "label_org:members_fscore": 0.6666666666666666,
  "label_org:shareholders_fscore": 0.125,
  "label_org:dissolved_fscore": 0.36363636363636365,
  "label_org:founded_by_fscore": 0.5737704918032787,
  "label_org:parents_fscore": 0.24615384615384617,
  "label_per:alternate_names_fscore": 0.32098765432098764,
  "label_per:siblings_fscore": 0.647887323943662,
  "label_per:employee_of_fscore": 0.40909090909090906,
  "label_org:member_of_fscore": 0,
  "label_per:religion_fscore": 0.6106870229007634,
  "loss": 0.5203115079138014
}