{
  "accuracy": 0.8440371166064817,
  "macro_fscore": 0.5555520447035897,
  "micro_fscore": 0.6361723538560058,
  "label_per:stateorprovince_of_death_fscore": 0.7441860465116279,
  "label_org:number_of_employees/members_fscore": 0.8070175438596491,
  "label_per:cause_of_death_fscore": 0.8075709779179812,
  "label_per:country_of_death_fscore": 0,
  "label_per:date_of_birth_fscore": 0.8529411764705881,
  "label_per:parents_fscore": 0.4752475247524753,
  "label_per:stateorprovince_of_birth_fscore": 0.6153846153846154,
  "label_per:title_fscore": 0.8135964912280702,
  "label_per:children_fscore": 0.588235294117647,
  "label_per:other_family_fscore": 0.2748091603053435,
  "label_per:age_fscore": 0.9010526315789474,
  "label_org:founded_fscore": 0.7435897435897436,
  "label_per:schools_attended_fscore": 0.7346938775510204,
  "label_per:countries_of_residence_fscore": 0.4205607476635514,
  "label_org:stateorprovince_of_headquarters_fscore": 0.6231155778894473,
  "label_org:city_of_headquarters_fscore": 0.5984251968503937,
  "label_per:city_of_death_fscore": 0.7009345794392524,
  "label_per:cities_of_residence_fscore": 0.5074626865671642,
  "label_per:stateorprovinces_of_residence_fscore": 0.5,
  "label_org:country_of_headquarters_fscore": 0.5566037735849058,
  "label_org:top_members/employees_fscore": 0.6212489862124899,
  "label_per:origin_fscore": 0.5607940446650125,
  "label_per:charges_fscore": 0.7177033492822967,
  "label_org:alternate_names_fscore": 0.8258992805755397,
  "label_per:city_of_birth_fscore": 0.5416666666666666,
  "label_per:date_of_death_fscore": 0.6860158311345647,
  "label_org:political/religious_affiliation_fscore": 0.22222222222222224,
  "label_org:website_fscore": 0.9180327868852459,
  "label_per:spouse_fscore": 0.6858974358974358,
  "label_per:country_of_birth_fscore": 0.23076923076923075,
  "label_org:subsidiaries_fscore": 0.28169014084507044,
  "label_org:members_fscore": 0.6298342541436465,
  "label_org:shareholders_fscore": 0.3111111111111111,
  "label_org:dissolved_fscore": 0.3333333333333333,
  "label_org:founded_by_fscore": 0.6527777777777778,
  "label_org:parents_fscore": 0.21153846153846154,
  "label_per:alternate_names_fscore": 0.32183908045977017,
  "label_per:siblings_fscore": 0.7547169811320755,
  "label_per:employee_of_fscore": 0.3680781758957654,
  "label_org:member_of_fscore": 0,
  "label_per:religion_fscore": 0.637037037037037,
  "loss": 0.6106470599893088
}