{
  "accuracy": 0.850985052795173,
  "macro_fscore": 0.5279937566910381,
  "micro_fscore": 0.64377764954799,
  "label_per:stateorprovince_of_death_fscore": 0.6176470588235294,
  "label_org:number_of_employees/members_fscore": 0.7187499999999999,
  "label_per:cause_of_death_fscore": 0.8036809815950919,
  "label_per:country_of_death_fscore": 0,
  "label_per:date_of_birth_fscore": 0.8405797101449276,
  "label_per:parents_fscore": 0.5106382978723404,
  "label_per:stateorprovince_of_birth_fscore": 0.5769230769230769,
  "label_per:title_fscore": 0.8152734778121775,
  "label_per:children_fscore": 0.5764705882352942,
  "label_per:other_family_fscore": 0.09638554216867469,
  "label_per:age_fscore": 0.9090909090909091,
  "label_org:founded_fscore": 0.8354430379746836,
  "label_per:countries_of_residence_fscore": 0.39705882352941174,
  "label_per:schools_attended_fscore": 0.6881720430107526,
  "label_org:stateorprovince_of_headquarters_fscore": 0.6249999999999999,
  "label_org:city_of_headquarters_fscore": 0.5936073059360731,
  "label_per:city_of_death_fscore": 0.6862745098039216,
  "label_per:cities_of_residence_fscore": 0.48170731707317077,
  "label_per:stateorprovinces_of_residence_fscore": 0.5068493150684932,
  "label_org:country_of_headquarters_fscore": 0.5921787709497206,
  "label_org:top_members/employees_fscore": 0.6514486391571556,
  "label_per:origin_fscore": 0.5628997867803838,
  "label_per:charges_fscore": 0.7368421052631577,
  "label_org:alternate_names_fscore": 0.8250728862973761,
  "label_per:city_of_birth_fscore": 0.7297297297297297,
  "label_per:date_of_death_fscore": 0.672316384180791,
  "label_org:political/religious_affiliation_fscore": 0.20000000000000004,
  "label_org:website_fscore": 0.9239130434782609,
  "label_per:spouse_fscore": 0.6930693069306931,
  "label_per:country_of_birth_fscore": 0.09523809523809523,
  "label_org:subsidiaries_fscore": 0.24884792626728108,
  "label_org:members_fscore": 0.46774193548387094,
  "label_org:shareholders_fscore": 0.03333333333333333,
  "label_org:dissolved_fscore": 0.18181818181818182,
  "label_org:founded_by_fscore": 0.5641025641025641,
  "label_org:parents_fscore": 0.2702702702702703,
  "label_per:alternate_names_fscore": 0.22857142857142856,
  "label_per:siblings_fscore": 0.7213114754098361,
  "label_per:employee_of_fscore": 0.351304347826087,
  "label_org:member_of_fscore": 0,
  "label_per:religion_fscore": 0.6181818181818182,
  "loss": 0.5564146423082641
}