{
  "accuracy": 0.8396946564885496,
  "macro_fscore": 0.5370869587557773,
  "micro_fscore": 0.6377046231336572,
  "label_per:stateorprovince_of_death_fscore": 0.7333333333333334,
  "label_org:number_of_employees/members_fscore": 0.7457627118644067,
  "label_per:cause_of_death_fscore": 0.7757575757575758,
  "label_per:country_of_death_fscore": 0,
  "label_per:date_of_birth_fscore": 0.835820895522388,
  "label_per:parents_fscore": 0.46296296296296297,
  "label_per:stateorprovince_of_birth_fscore": 0.6153846153846154,
  "label_per:title_fscore": 0.8126018468223791,
  "label_per:children_fscore": 0.6108374384236454,
  "label_per:other_family_fscore": 0.14,
  "label_per:age_fscore": 0.9010101010101011,
  "label_org:founded_fscore": 0.7792207792207793,
  "label_per:countries_of_residence_fscore": 0.4784313725490196,
  "label_per:schools_attended_fscore": 0.6363636363636364,
  "label_per:religion_fscore": 0.6285714285714287,
  "label_org:stateorprovince_of_headquarters_fscore": 0.6256410256410256,
  "label_org:city_of_headquarters_fscore": 0.6234817813765182,
  "label_per:city_of_death_fscore": 0.7142857142857143,
  "label_per:cities_of_residence_fscore": 0.486322188449848,
  "label_per:stateorprovinces_of_residence_fscore": 0.4805194805194805,
  "label_org:country_of_headquarters_fscore": 0.5766871165644172,
  "label_org:top_members/employees_fscore": 0.6251025430680887,
  "label_per:origin_fscore": 0.5720250521920668,
  "label_per:charges_fscore": 0.7378640776699029,
  "label_org:alternate_names_fscore": 0.8141592920353982,
  "label_per:city_of_birth_fscore": 0.696969696969697,
  "label_per:date_of_death_fscore": 0.7231121281464532,
  "label_org:political/religious_affiliation_fscore": 0.10000000000000002,
  "label_org:website_fscore": 0.9197860962566845,
  "label_per:spouse_fscore": 0.6943620178041543,
  "label_per:country_of_birth_fscore": 0.1739130434782609,
  "label_org:subsidiaries_fscore": 0.3047619047619047,
  "label_org:members_fscore": 0.47154471544715443,
  "label_org:shareholders_fscore": 0.23809523809523808,
  "label_org:dissolved_fscore": 0,
  "label_org:founded_by_fscore": 0.5671641791044776,
  "label_org:parents_fscore": 0.3261802575107296,
  "label_per:alternate_names_fscore": 0.3564356435643564,
  "label_per:siblings_fscore": 0.6666666666666667,
  "label_per:employee_of_fscore": 0.3694267515923567,
  "label_org:member_of_fscore": 0,
  "loss": 0.596298014243373
}