{
  "accuracy": 0.8374548612698267,
  "macro_fscore": 0.5357602776678674,
  "micro_fscore": 0.6328305235137534,
  "label_per:stateorprovince_of_death_fscore": 0.675,
  "label_org:number_of_employees/members_fscore": 0.647887323943662,
  "label_per:cause_of_death_fscore": 0.7964601769911505,
  "label_per:country_of_death_fscore": 0,
  "label_per:date_of_birth_fscore": 0.8405797101449276,
  "label_per:parents_fscore": 0.5283018867924528,
  "label_per:stateorprovince_of_birth_fscore": 0.5714285714285715,
  "label_per:title_fscore": 0.8082340195016252,
  "label_per:children_fscore": 0.5680473372781065,
  "label_per:other_family_fscore": 0.22807017543859648,
  "label_per:age_fscore": 0.9083333333333333,
  "label_org:founded_fscore": 0.7777777777777778,
  "label_per:countries_of_residence_fscore": 0.450946643717728,
  "label_per:schools_attended_fscore": 0.7415730337078651,
  "label_per:religion_fscore": 0.6271186440677965,
  "label_org:stateorprovince_of_headquarters_fscore": 0.5752212389380531,
  "label_org:city_of_headquarters_fscore": 0.6105263157894737,
  "label_per:city_of_death_fscore": 0.7064220183486238,
  "label_per:cities_of_residence_fscore": 0.5162907268170426,
  "label_per:stateorprovinces_of_residence_fscore": 0.4864864864864865,
  "label_org:country_of_headquarters_fscore": 0.5697445972495089,
  "label_org:top_members/employees_fscore": 0.6317539484621779,
  "label_per:origin_fscore": 0.5497835497835497,
  "label_per:charges_fscore": 0.7692307692307694,
  "label_org:alternate_names_fscore": 0.8163841807909604,
  "label_per:city_of_birth_fscore": 0.7027027027027027,
  "label_per:date_of_death_fscore": 0.7242206235011991,
  "label_org:political/religious_affiliation_fscore": 0.11764705882352941,
  "label_org:website_fscore": 0.9297297297297298,
  "label_per:spouse_fscore": 0.6534090909090909,
  "label_per:country_of_birth_fscore": 0.24,
  "label_org:subsidiaries_fscore": 0.16080402010050251,
  "label_org:members_fscore": 0.6792452830188679,
  "label_org:shareholders_fscore": 0.21782178217821782,
  "label_org:dissolved_fscore": 0.2,
  "label_org:founded_by_fscore": 0.4957264957264957,
  "label_org:parents_fscore": 0.2023809523809524,
  "label_per:alternate_names_fscore": 0.3116883116883117,
  "label_per:siblings_fscore": 0.5789473684210527,
  "label_per:employee_of_fscore": 0.35024549918166936,
  "label_org:member_of_fscore": 0,
  "loss": 0.5875102052611791
}