{
    "model_count": 10,
    "em_accuracy_mean": 0.39285714285714285,
    "em_accuracy_std": 0.011125455631535271,
    "loss_mean": 1.8776436942304884,
    "loss_std": 0.02344756353462458
}