{
  "em_accuracy": 0.3854989231873654,
  "loss": 1.8723221233912877
}