{
  "em_accuracy": 0.40344580043072503,
  "loss": 1.8592261958122254
}