{
  "em_accuracy": 0.39806173725771715,
  "loss": 1.922851871081761
}