{
  "em_accuracy": 0.3851399856424982,
  "loss": 1.9019996207101004
}