{
  "em_accuracy": 0.3973438621679828,
  "loss": 1.853450016975403
}