{
  "em_accuracy": 0.37185929648241206,
  "loss": 1.861453971181597
}