{
  "em_accuracy": 0.3930366116295764,
  "loss": 1.8737886139324733
}