{
  "em_accuracy": 0.39662598707824837,
  "loss": 1.8671453768866402
}