{"model_count": 10, "em_accuracy_mean": 0.8537192088338794, "em_accuracy_std": 0.002330776192757599, "loss_mean": 0.9995684577282085, "loss_std": 0.0019721194401078894}