{
  "em_accuracy": 0.8562067710229341,
  "loss": 0.9960634253283803
}