{
  "UAS": 0.6602741448692153,
  "LAS": 0.5267857142857143,
  "UEM": 0.035058430717863104,
  "LEM": 0.01335559265442404,
  "LOAS": 0.7005784708249497,
  "LOEM": 0.02671118530884808,
  "loss": 5.067980182798285
}