{
  "UAS": 0.6719693158953722,
  "LAS": 0.5333249496981891,
  "UEM": 0.041736227045075125,
  "LEM": 0.015025041736227046,
  "LOAS": 0.7010186116700201,
  "LOEM": 0.02337228714524207,
  "loss": 6.27537737394634
}