{
  "UAS": 0.6832872233400402,
  "LAS": 0.5519366197183099,
  "UEM": 0.038397328881469114,
  "LEM": 0.01335559265442404,
  "LOAS": 0.7169894366197183,
  "LOEM": 0.028380634390651086,
  "loss": 7.474254357187371
}