{
  "UAS": 0.6715920523138833,
  "LAS": 0.5344567404426559,
  "UEM": 0.03672787979966611,
  "LEM": 0.01335559265442404,
  "LOAS": 0.6976232394366197,
  "LOEM": 0.021702838063439065,
  "loss": 6.725085208290501
}