{
  "accuracy": 0.8777648428405123,
  "macro_fscore": 0.7020759919289824,
  "micro_fscore": 0.8791079812206573,
  "loss": 0.4990870745990563
}