{
  "accuracy": 0.9045401629802096,
  "macro_fscore": 0.6632431243912883,
  "micro_fscore": 0.9066353493834409,
  "loss": 0.4442112110210238
}