{"model_count": 3, "accuracy_mean": 0.7226277372262774, "accuracy_std": 0.03311595520393236, "macro_fscore_mean": 0.15905699000894116, "macro_fscore_std": 0.08298764162657565, "micro_fscore_mean": 0.31697870776103365, "micro_fscore_std": 0.11825802929415766, "label_org:alternate_names_fscore_mean": 0.34210526315789475, "label_org:alternate_names_fscore_std": 0.15953099543397553, "label_org:members_fscore_mean": 0, "label_org:members_fscore_std": 0.0, "label_per:schools_attended_fscore_mean": 0, "label_per:schools_attended_fscore_std": 0.0, "label_per:alternate_names_fscore_mean": 0.4786324786324786, "label_per:alternate_names_fscore_std": 0.4176680930895937, "label_per:children_fscore_mean": 0, "label_per:children_fscore_std": 0.0, "label_per:siblings_fscore_mean": 0.2222222222222222, "label_per:siblings_fscore_std": 0.3849001794597505, "label_org:member_of_fscore_mean": 0, "label_org:member_of_fscore_std": 0.0, "label_per:date_of_birth_fscore_mean": 0, "label_per:date_of_birth_fscore_std": 0.0, "label_org:dissolved_fscore_mean": 0, "label_org:dissolved_fscore_std": 0.0, "label_per:religion_fscore_mean": 0.41269841269841273, "label_per:religion_fscore_std": 0.13746434980705377, "label_per:date_of_death_fscore_mean": 0.2222222222222222, "label_per:date_of_death_fscore_std": 0.3849001794597505, "label_org:top_members/employees_fscore_mean": 0.1766097661590282, "label_org:top_members/employees_fscore_std": 0.15233500501674174, "label_per:spouse_fscore_mean": 0.09523809523809525, "label_per:spouse_fscore_std": 0.16495721976846453, "label_per:title_fscore_mean": 0.6253343968676242, "label_per:title_fscore_std": 0.1599987189368316, "label_per:origin_fscore_mean": 0.08888888888888889, "label_per:origin_fscore_std": 0.1539600717839002, "label_org:number_of_employees/members_fscore_mean": 0, "label_org:number_of_employees/members_fscore_std": 0.0, "label_per:employee_of_fscore_mean": 0.041666666666666664, "label_per:employee_of_fscore_std": 0.03608439182435161, "label_per:other_family_fscore_mean": 0.1574074074074074, "label_per:other_family_fscore_std": 0.1370245239532291, "loss_mean": 1.2860013838761892, "loss_std": 0.19940621672082778}