{
  "accuracy": 0.7603406326034063,
  "macro_fscore": 0.24862298606376448,
  "micro_fscore": 0.449074074074074,
  "label_org:alternate_names_fscore": 0.5263157894736842,
  "label_per:schools_attended_fscore": 0,
  "label_per:alternate_names_fscore": 0.7692307692307692,
  "label_per:children_fscore": 0,
  "label_per:other_family_fscore": 0.22222222222222224,
  "label_per:siblings_fscore": 0.6666666666666666,
  "label_org:member_of_fscore": 0,
  "label_per:date_of_birth_fscore": 0,
  "label_org:dissolved_fscore": 0,
  "label_per:religion_fscore": 0.5714285714285715,
  "label_per:date_of_death_fscore": 0,
  "label_org:top_members/employees_fscore": 0.33027522935779813,
  "label_per:spouse_fscore": 0.28571428571428575,
  "label_per:title_fscore": 0.7741935483870968,
  "label_per:origin_fscore": 0.26666666666666666,
  "label_org:number_of_employees/members_fscore": 0,
  "label_per:employee_of_fscore": 0.0625,
  "label_org:members_fscore": 0,
  "loss": 1.0708738989554918
}