{
    "model_count": 5,
    "UAS_mean": 0.845692197338009,
    "UAS_std": 0.01570683965665312,
    "LAS_mean": 0.7954570813740337,
    "LAS_std": 0.018654801737106406,
    "UEM_mean": 0.5335580163697641,
    "UEM_std": 0.019826132922908166,
    "LEM_mean": 0.3816080885893115,
    "LEM_std": 0.023723019017732015,
    "LOAS_mean": 0.8772455567067825,
    "LOAS_std": 0.010272209629807502,
    "LOEM_mean": 0.4171401059220029,
    "LOEM_std": 0.027059799112043776,
    "loss_mean": 2.915073044696604,
    "loss_std": 0.38041823824890847
}