{
  "UAS": 0.8370925320793815,
  "LAS": 0.7815812544831434,
  "UEM": 0.5194992778045258,
  "LEM": 0.35243139142994706,
  "LOAS": 0.8691719136048458,
  "LOEM": 0.3837265286470871,
  "loss": 2.909684972035197
}