{
  "UAS": 0.2706825856246985,
  "LAS": 0.11330197780993728,
  "UEM": 0.01,
  "LEM": 0.003,
  "loss": 3.2636109249932423
}