{
  "UAS": 0.2738784370477569,
  "LAS": 0.11710082006753497,
  "UEM": 0.012,
  "LEM": 0.005,
  "loss": 3.259375778455583
}