{
  "UAS": 0.26827062228654125,
  "LAS": 0.1104679208876025,
  "UEM": 0.012,
  "LEM": 0.005,
  "loss": 3.3154790533913507
}