{
  "UAS": 0.5689454349968641,
  "LAS": 0.4176149090583281,
  "UEM": 0.029,
  "LEM": 0.004,
  "LOAS": 0.5547441985485172,
  "LOEM": 0.004,
  "loss": 9.512420922517776
}