{
  "UAS": 0.5497715258489383,
  "LAS": 0.3819998208045874,
  "UEM": 0.028,
  "LEM": 0.002,
  "LOAS": 0.5319415822954933,
  "LOEM": 0.002,
  "loss": 7.259123355150223
}