{
  "UAS": 0.5383030194427023,
  "LAS": 0.40632559806468954,
  "UEM": 0.021,
  "LEM": 0.005,
  "LOAS": 0.555595376758355,
  "LOEM": 0.005,
  "loss": 9.631679147481918
}