{
  "accuracy": 0.855,
  "macro_fscore": 0.8826836600710762,
  "micro_fscore": 0.8431372549019608,
  "label_has-type_fscore": 0.8571428571428572,
  "label_has-genre_fscore": 0.8602150537634408,
  "label_has-occupation_fscore": 0.9306930693069307,
  "loss": 0.6234867463891323
}