{
  "accuracy": 0.7245179063360881,
  "macro_fscore": 0.7773908955413387,
  "micro_fscore": 0.7239436619718311,
  "loss": 0.9203102977379508
}