{
  "accuracy": 0.7300275482093664,
  "macro_fscore": 0.7213685414594532,
  "micro_fscore": 0.7298444130127298,
  "loss": 1.0164060812929403
}