{
  "accuracy": 0.743801652892562,
  "macro_fscore": 0.7795759972793466,
  "micro_fscore": 0.7408450704225352,
  "loss": 0.9086015716842983
}