{
  "accuracy": 0.7630853994490359,
  "macro_fscore": 0.8344945885102135,
  "micro_fscore": 0.76056338028169,
  "loss": 0.9739646296138349
}