{
  "accuracy": 0.9291338582677166,
  "macro_fscore": 0.7426890756302521,
  "micro_fscore": 0.9387755102040816,
  "loss": 0.28864864632487297
}