{
  "accuracy": 0.9291338582677166,
  "macro_fscore": 0.5302050747306222,
  "micro_fscore": 0.9349593495934959,
  "loss": 0.32226875238120556
}