{
  "accuracy": 0.8976377952755905,
  "macro_fscore": 0.4030429490523388,
  "micro_fscore": 0.912,
  "loss": 0.3195510692894459
}