{
  "accuracy": 0.937007874015748,
  "macro_fscore": 0.4612219423824673,
  "micro_fscore": 0.9397590361445783,
  "loss": 0.2777485481929034
}