{"model_count": 5, "accuracy_mean": 0.8798615916955017, "accuracy_std": 0.0125867875924038, "macro_fscore_mean": 0.5971189596626831, "macro_fscore_std": 0.02195641875824769, "micro_fscore_mean": 0.8828752464900215, "micro_fscore_std": 0.011570808169411109, "loss_mean": 0.4901292417382637, "loss_std": 0.052435055857940796}