{
  "accuracy": 0.8782006920415225,
  "macro_fscore": 0.6105041848302909,
  "micro_fscore": 0.8808109052778748,
  "loss": 0.5474503159543479
}