{
  "accuracy": 0.8698961937716263,
  "macro_fscore": 0.6285732849081725,
  "micro_fscore": 0.8707197763801537,
  "loss": 0.5321737815124484
}