{
  "accuracy": 0.9017301038062284,
  "macro_fscore": 0.5869389195656499,
  "micro_fscore": 0.9016736401673641,
  "loss": 0.41537925839465073
}