{
  "accuracy": 0.8754325259515571,
  "macro_fscore": 0.5745202185841133,
  "micro_fscore": 0.8837209302325582,
  "loss": 0.4726365054292338
}