{
    "model_count": 5,
    "em_accuracy_mean": 0.3049584408139868,
    "em_accuracy_std": 0.003850681812136541,
    "loss_mean": 0.0,
    "loss_std": 0.0
}