{
    "model_count": 5,
    "em_accuracy_mean": 0.24379038047379756,
    "em_accuracy_std": 0.011297698208790855,
    "loss_mean": 0.0,
    "loss_std": 0.0
}