{
    "model_count": 5,
    "UAS_mean": 0.5040916530278232,
    "UAS_std": 0.007282162701456138,
    "LAS_mean": 0.4078643669478367,
    "LAS_std": 0.006633497205983311,
    "UEM_mean": 0.0086,
    "UEM_std": 0.003911521443121589,
    "LEM_mean": 0.0032,
    "LEM_std": 0.0016431676725154984,
    "loss_mean": 2.49257676790631,
    "loss_std": 0.035380055082601225
}