{
  "UAS": 0.5060640396155944,
  "LAS": 0.4102983759284905,
  "UEM": 0.011,
  "LEM": 0.004,
  "loss": 2.4623308257451133
}