{
  "UAS": 0.5092114650216123,
  "LAS": 0.41067606697721265,
  "UEM": 0.013,
  "LEM": 0.005,
  "loss": 2.4464342329237194
}