{
  "UAS": 0.4981325275924294,
  "LAS": 0.4011078937429183,
  "UEM": 0.004,
  "LEM": 0.001,
  "loss": 2.5215005950322227
}