{
  "UAS": 0.4949851021864115,
  "LAS": 0.4010239623987578,
  "UEM": 0.01,
  "LEM": 0.004,
  "loss": 2.5163737554398793
}