{
  "UAS": 0.5157813372267789,
  "LAS": 0.44243569373470176,
  "UEM": 0.005,
  "LEM": 0.005,
  "loss": 1.9535199782205006
}