{
  "UAS": 0.4991196805084382,
  "LAS": 0.42375574354790224,
  "UEM": 0.004,
  "LEM": 0.004,
  "loss": 1.9655343615819538
}