{
  "UAS": 0.512045347189419,
  "LAS": 0.43900030059689954,
  "UEM": 0.005,
  "LEM": 0.005,
  "loss": 1.9264819754494562
}