{
    "model_count": 5,
    "UAS_mean": 0.8464465152230859,
    "UAS_std": 0.0022208743879914413,
    "LAS_mean": 0.7777730063984197,
    "LAS_std": 0.0028961466981525965,
    "UEM_mean": 0.185,
    "UEM_std": 0.004949747468305838,
    "LEM_mean": 0.0772,
    "LEM_std": 0.0023874672772626667,
    "LOAS_mean": 0.8586679263108171,
    "LOAS_std": 0.002107987084479593,
    "LOEM_mean": 0.1346,
    "LOEM_std": 0.002073644135332774,
    "loss_mean": 4.535589920729398,
    "loss_std": 0.0870908408142728
}