{
  "UAS": 0.8475973719242496,
  "LAS": 0.7777300639841972,
  "UEM": 0.186,
  "LEM": 0.079,
  "LOAS": 0.8590200541074419,
  "LOEM": 0.136,
  "loss": 4.6046536564826965
}