{
  "UAS": 0.8479409112380298,
  "LAS": 0.7792330484819856,
  "UEM": 0.193,
  "LEM": 0.078,
  "LOAS": 0.8590629965216644,
  "LOEM": 0.132,
  "loss": 4.466841120272875
}