{
  "accuracy": 0.9263157894736842,
  "macro_fscore": 0.5672406126482213,
  "micro_fscore": 0.9297297297297297,
  "loss": 0.4194410131749464
}