{
  "accuracy": 0.9157894736842105,
  "macro_fscore": 0.365024421320875,
  "micro_fscore": 0.921832884097035,
  "loss": 0.5163687878157361
}