{
  "accuracy": 0.8210526315789474,
  "loss": 1.0573690384626389
}