{
    "model_count": 5,
    "em_accuracy_mean": 0.2543604651162791,
    "em_accuracy_std": 0.004398153501784234,
    "loss_mean": 0.0,
    "loss_std": 0.0
}