{"model_count": 10, "em_accuracy_mean": 0.3883345297918162, "em_accuracy_std": 0.011020999871190911, "loss_mean": 2.0240335224015373, "loss_std": 0.01977149586835895}