{
  "em_accuracy": 0.39842067480258436,
  "loss": 2.0295262023380825
}