{
  "em_accuracy": 0.3826274228284279,
  "loss": 2.0133321513448443
}