{
  "em_accuracy": 0.39339554917444364,
  "loss": 2.0206236689431325
}