{
  "em_accuracy": 0.38298636037329503,
  "loss": 2.072306066581181
}