{
  "accuracy": 0.8850574712643678,
  "macro_fscore": 0.6860647081413211,
  "micro_fscore": 0.8901734104046243,
  "loss": 0.31480898677061003
}