{
  "accuracy": 0.8735632183908046,
  "macro_fscore": 0.6927380952380953,
  "micro_fscore": 0.8786127167630059,
  "loss": 0.5133685699353615
}