{
  "accuracy": 0.8850574712643678,
  "macro_fscore": 0.6320766129032258,
  "micro_fscore": 0.8901734104046243,
  "loss": 0.353841207921505
}