{
  "em_accuracy": 0.0388001638001638,
  "tp": 2545,
  "fp": 19170,
  "fn": 21657,
  "p": 11.720009210223347,
  "r": 10.515659862821254,
  "f1": 11.085218982076354,
  "Macro_f1": 6.80862846765876,
  "Macro_p": 9.209670056179169,
  "Macro_r": 6.356832696479187,
  "loss": 3.255924219585675
}