{
  "em_accuracy": 0.03224815724815725,
  "tp": 2254,
  "fp": 19141,
  "fn": 21948,
  "p": 10.535171769104931,
  "r": 9.313279894223617,
  "f1": 9.886615347500932,
  "Macro_f1": 6.230354062042337,
  "Macro_p": 8.30940890923039,
  "Macro_r": 5.755890675291618,
  "loss": 3.3577275217652516
}