{
  "em_accuracy": 0.038288288288288286,
  "tp": 2489,
  "fp": 18725,
  "fn": 21713,
  "p": 11.732817950410107,
  "r": 10.284274026939922,
  "f1": 10.960894838823323,
  "Macro_f1": 6.404206489540331,
  "Macro_p": 8.77616235003439,
  "Macro_r": 5.865940307965956,
  "loss": 3.285845195017938
}