{
  "em_accuracy": 0.035728910728910726,
  "tp": 2291,
  "fp": 17330,
  "fn": 21911,
  "p": 11.676265226033332,
  "r": 9.466159821502355,
  "f1": 10.455696780229559,
  "Macro_f1": 6.6434981061236185,
  "Macro_p": 9.198056355582127,
  "Macro_r": 5.988383982686322,
  "loss": 3.3368432482799024
}