{
  "em_accuracy": 0.03419328419328419,
  "tp": 2444,
  "fp": 18587,
  "fn": 21758,
  "p": 11.620940516380582,
  "r": 10.098338980249567,
  "f1": 10.806269758804413,
  "Macro_f1": 6.977839922721936,
  "Macro_p": 9.492409830543556,
  "Macro_r": 6.346392269204561,
  "loss": 3.257470846566358
}