{
  "em_accuracy": 0.03624078624078624,
  "tp": 2460,
  "fp": 17879,
  "fn": 21742,
  "p": 12.094989920841732,
  "r": 10.164449219072804,
  "f1": 11.046002559439618,
  "Macro_f1": 6.44591068307753,
  "Macro_p": 8.762642742550367,
  "Macro_r": 5.826993117913084,
  "loss": 3.3579834346490287
}