{
  "em_accuracy": 0.03368140868140868,
  "tp": 2226,
  "fp": 17493,
  "fn": 21976,
  "p": 11.288604898828542,
  "r": 9.197586976282953,
  "f1": 10.136381229935568,
  "Macro_f1": 6.2625078814071475,
  "Macro_p": 8.951501990994105,
  "Macro_r": 5.571572059475844,
  "loss": 3.156938279123821
}