{
  "accuracy": 0.8304347826086956,
  "loss": 0.7771002689583434
}