{
  "accuracy": 0.8295652173913044,
  "loss": 1.1461543075080651
}