{
  "accuracy": 0.831304347826087,
  "loss": 0.8346688867443137
}