{"model_count": 3, "accuracy_mean": 0.8982456140350877, "accuracy_std": 0.01324532357065048, "loss_mean": 0.6693683043122292, "loss_std": 0.08782883539803318}