{
  "accuracy": 0.9105263157894737,
  "loss": 0.5873693724473318
}