{
  "em_accuracy": 0.521457765667575,
  "loss": 1.4344151288918827
}