{
  "em_accuracy": 0.513283378746594,
  "loss": 1.439780497032663
}