{
  "em_accuracy": 0.47990463215258855,
  "loss": 1.4609448469203452
}