{
  "em_accuracy": 0.5177111716621253,
  "loss": 1.435001143294832
}