{
  "em_accuracy": 0.5057901907356949,
  "loss": 1.440816519053086
}