{
  "em_accuracy": 0.48637602179836514,
  "loss": 1.4606563772844232
}