{
    "model_count": 5,
    "em_accuracy_mean": 0.7873233014135886,
    "em_accuracy_std": 0.004208404142691115,
    "loss_mean": 0.0,
    "loss_std": 0.0
}