{
  "accuracy": 0.8597285067873304,
  "macro_fscore": 0.6907998600306123,
  "micro_fscore": 0.8551068883610452,
  "loss": 0.6018158495426178
}