{
  "accuracy": 0.8506787330316742,
  "macro_fscore": 0.6527504367557891,
  "micro_fscore": 0.8530805687203792,
  "loss": 0.5124845859993782
}