{
  "accuracy": 0.8552036199095022,
  "macro_fscore": 0.6609112024443833,
  "micro_fscore": 0.855791962174941,
  "loss": 0.5439498738518783
}