{
  "accuracy": 0.8506787330316742,
  "macro_fscore": 0.6899945465162857,
  "micro_fscore": 0.850356294536817,
  "loss": 0.7840689314263207
}