{
  "accuracy": 0.7592592592592593,
  "macro_fscore": 0.24367753746016677,
  "micro_fscore": 0.7647058823529411,
  "loss": 0.7841055244207382
}