{
  "accuracy": 0.7037037037037037,
  "macro_fscore": 0.26660406421693394,
  "micro_fscore": 0.7184466019417476,
  "loss": 0.9711384922266006
}