{
  "accuracy": 0.6811695092238078,
  "macro_fscore": 0.6134947106419704,
  "micro_fscore": 0.6811695092238078,
  "label_mother_fscore": 0.6369426751592356,
  "label_contains_administrative_territorial_entity_fscore": 0.6277372262773723,
  "label_nominated_for_fscore": 0.2857142857142857,
  "label_creator_fscore": 0.125,
  "label_place_of_death_fscore": 0.7666666666666667,
  "label_continent_fscore": 0.8070175438596492,
  "label_color_fscore": 0.9130434782608696,
  "label_subsidiary_fscore": 0.787878787878788,
  "label_manner_of_death_fscore": 0,
  "label_owned_by_fscore": 0.15384615384615385,
  "label_original_language_of_film_or_TV_show_fscore": 0.7142857142857143,
  "label_place_of_birth_fscore": 0.7547169811320755,
  "label_present_in_work_fscore": 0.38888888888888895,
  "label_material_used_fscore": 0.9025641025641026,
  "label_educated_at_fscore": 0.9333333333333333,
  "label_occupation_fscore": 0.4666666666666667,
  "label_genre_fscore": 0.6222222222222222,
  "label_founded_by_fscore": 0.75,
  "label_spouse_fscore": 0.8235294117647058,
  "label_producer_fscore": 0.19753086419753085,
  "label_production_company_fscore": 0.6666666666666667,
  "label_screenwriter_fscore": 0.5555555555555556,
  "label_capital_of_fscore": 0.8372093023255814,
  "label_ethnic_group_fscore": 0,
  "label_sport_fscore": 0.39560439560439564,
  "label_student_of_fscore": 0.8000000000000002,
  "label_employer_fscore": 0.4122137404580153,
  "label_named_after_fscore": 0.33333333333333337,
  "label_child_fscore": 0.803370786516854,
  "label_parent_organization_fscore": 0.5217391304347826,
  "label_member_of_fscore": 0.6415094339622641,
  "label_capital_fscore": 0.8200000000000001,
  "label_composer_fscore": 0,
  "label_shares_border_with_fscore": 0.8192771084337349,
  "label_publisher_fscore": 0.6666666666666666,
  "label_award_received_fscore": 0.8735632183908046,
  "label_member_of_political_party_fscore": 0.8155844155844156,
  "label_position_held_fscore": 0.8378378378378379,
  "label_winner_fscore": 0.8666666666666666,
  "label_director_fscore": 0.841648590021692,
  "label_located_in_or_next_to_body_of_water_fscore": 0.7391304347826086,
  "label_participant_fscore": 0.6666666666666666,
  "label_father_fscore": 0.7932960893854749,
  "label_league_fscore": 0.0945945945945946,
  "label_tributary_fscore": 0.7692307692307693,
  "label_discoverer_or_inventor_fscore": 0.7499999999999999,
  "label_writing_system_fscore": 0.9090909090909091,
  "label_sibling_fscore": 0.6557377049180328,
  "label_member_of_sports_team_fscore": 0.7671232876712328,
  "label_country_of_citizenship_fscore": 0.4615384615384615,
  "label_performer_fscore": 0.5157894736842105,
  "loss": 1.3097329682774015
}