{
  "accuracy": 0.5959038508707383,
  "macro_fscore": 0.5356086630225244,
  "micro_fscore": 0.5959038508707383,
  "label_mother_fscore": 0.5564304461942258,
  "label_contains_administrative_territorial_entity_fscore": 0.5826086956521738,
  "label_nominated_for_fscore": 0,
  "label_creator_fscore": 0.48,
  "label_place_of_death_fscore": 0.5153374233128835,
  "label_color_fscore": 0.9130434782608695,
  "label_continent_fscore": 0.43983402489626555,
  "label_subsidiary_fscore": 0.723404255319149,
  "label_manner_of_death_fscore": 0,
  "label_owned_by_fscore": 0.06451612903225806,
  "label_original_language_of_film_or_TV_show_fscore": 0.8355263157894737,
  "label_place_of_birth_fscore": 0.3968253968253968,
  "label_present_in_work_fscore": 0.4210526315789474,
  "label_material_used_fscore": 0.9117647058823529,
  "label_educated_at_fscore": 0.6029411764705882,
  "label_occupation_fscore": 0.547486033519553,
  "label_genre_fscore": 0.39999999999999997,
  "label_founded_by_fscore": 0.7843137254901962,
  "label_spouse_fscore": 0.6417322834645669,
  "label_producer_fscore": 0.43718592964824127,
  "label_production_company_fscore": 0.8814317673378076,
  "label_screenwriter_fscore": 0.6031746031746033,
  "label_capital_of_fscore": 0.7230769230769231,
  "label_ethnic_group_fscore": 0.24999999999999997,
  "label_sport_fscore": 0.3443328550932568,
  "label_student_of_fscore": 0.16774193548387095,
  "label_employer_fscore": 0.5217391304347827,
  "label_named_after_fscore": 0.2545454545454546,
  "label_child_fscore": 0.7577720207253885,
  "label_parent_organization_fscore": 0.5714285714285714,
  "label_member_of_fscore": 0.2695035460992908,
  "label_capital_fscore": 0.7692307692307692,
  "label_composer_fscore": 0.3434343434343434,
  "label_shares_border_with_fscore": 0.6666666666666666,
  "label_publisher_fscore": 0.4444444444444445,
  "label_award_received_fscore": 0.8447653429602887,
  "label_member_of_political_party_fscore": 0.4744744744744745,
  "label_position_held_fscore": 0.855721393034826,
  "label_winner_fscore": 0.823529411764706,
  "label_director_fscore": 0.7521367521367521,
  "label_located_in_or_next_to_body_of_water_fscore": 0.5,
  "label_father_fscore": 0.630071599045346,
  "label_participant_fscore": 0.7222222222222222,
  "label_league_fscore": 0.13705583756345177,
  "label_tributary_fscore": 0.7435897435897436,
  "label_discoverer_or_inventor_fscore": 0.6969696969696971,
  "label_writing_system_fscore": 0.9,
  "label_sibling_fscore": 0.3824451410658307,
  "label_member_of_sports_team_fscore": 0.7816901408450705,
  "label_country_of_citizenship_fscore": 0.04545454545454545,
  "label_performer_fscore": 0.2033898305084746,
  "loss": 1.8782502905995238
}