{
  "accuracy": 0.6237429482462595,
  "macro_fscore": 0.5513454106317525,
  "micro_fscore": 0.6237429482462595,
  "label_student_of_fscore": 0.15384615384615383,
  "label_league_fscore": 0.07803468208092486,
  "label_subsidiary_fscore": 0.6521739130434783,
  "label_parent_organization_fscore": 0.4666666666666667,
  "label_producer_fscore": 0.23423423423423423,
  "label_child_fscore": 0.710502283105023,
  "label_country_of_citizenship_fscore": 0.16216216216216217,
  "label_occupation_fscore": 0.3655913978494624,
  "label_member_of_sports_team_fscore": 0.8068965517241379,
  "label_production_company_fscore": 0.8995433789954337,
  "label_color_fscore": 0.9469964664310954,
  "label_shares_border_with_fscore": 0.7513227513227513,
  "label_nominated_for_fscore": 0,
  "label_publisher_fscore": 0.6666666666666666,
  "label_located_in_or_next_to_body_of_water_fscore": 0.4794520547945206,
  "label_original_language_of_film_or_TV_show_fscore": 0.8819444444444444,
  "label_director_fscore": 0.69296875,
  "label_capital_fscore": 0.8699763593380615,
  "label_member_of_political_party_fscore": 0.8913043478260869,
  "label_founded_by_fscore": 0.5347593582887701,
  "label_contains_administrative_territorial_entity_fscore": 0.6578073089700996,
  "label_member_of_fscore": 0.609271523178808,
  "label_continent_fscore": 0.7000000000000001,
  "label_winner_fscore": 0.6567164179104478,
  "label_sport_fscore": 0.23547400611620797,
  "label_material_used_fscore": 0.9378238341968913,
  "label_named_after_fscore": 0.2181818181818182,
  "label_writing_system_fscore": 0.6896551724137931,
  "label_screenwriter_fscore": 0.15873015873015872,
  "label_place_of_birth_fscore": 0.7955801104972374,
  "label_composer_fscore": 0.1550802139037433,
  "label_creator_fscore": 0.23255813953488372,
  "label_capital_of_fscore": 0.8633093525179856,
  "label_educated_at_fscore": 0.8950276243093923,
  "label_present_in_work_fscore": 0.5,
  "label_position_held_fscore": 0.8449197860962566,
  "label_manner_of_death_fscore": 0,
  "label_ethnic_group_fscore": 0.2,
  "label_performer_fscore": 0.2710027100271003,
  "label_father_fscore": 0.6943674976915973,
  "label_discoverer_or_inventor_fscore": 0.6666666666666666,
  "label_place_of_death_fscore": 0.7532467532467533,
  "label_owned_by_fscore": 0.05405405405405405,
  "label_mother_fscore": 0.5651438240270727,
  "label_award_received_fscore": 0.8708487084870848,
  "label_sibling_fscore": 0.5379310344827586,
  "label_tributary_fscore": 0.5309734513274337,
  "label_employer_fscore": 0.5391304347826087,
  "label_genre_fscore": 0.5371428571428571,
  "label_spouse_fscore": 0.6642201834862386,
  "label_participant_fscore": 0.8387096774193548,
  "loss": 1.5966315632941677
}