{
  "accuracy": 0.6637660981552385,
  "macro_fscore": 0.5794214283214453,
  "micro_fscore": 0.6637660981552385,
  "label_mother_fscore": 0.7123287671232876,
  "label_contains_administrative_territorial_entity_fscore": 0.6206896551724138,
  "label_nominated_for_fscore": 0,
  "label_creator_fscore": 0.25,
  "label_place_of_death_fscore": 0.8181818181818182,
  "label_continent_fscore": 0.8761904761904762,
  "label_color_fscore": 0.876923076923077,
  "label_subsidiary_fscore": 0.7407407407407408,
  "label_manner_of_death_fscore": 0,
  "label_owned_by_fscore": 0.10526315789473685,
  "label_original_language_of_film_or_TV_show_fscore": 0.7672955974842767,
  "label_place_of_birth_fscore": 0.5607476635514019,
  "label_present_in_work_fscore": 0.4761904761904762,
  "label_material_used_fscore": 0.8465608465608465,
  "label_educated_at_fscore": 0.7857142857142857,
  "label_genre_fscore": 0.6666666666666667,
  "label_occupation_fscore": 0.3870967741935484,
  "label_founded_by_fscore": 0.787878787878788,
  "label_spouse_fscore": 0.8924050632911392,
  "label_producer_fscore": 0.38709677419354843,
  "label_production_company_fscore": 0.5176470588235295,
  "label_screenwriter_fscore": 0.4489795918367347,
  "label_capital_of_fscore": 0.7843137254901961,
  "label_ethnic_group_fscore": 0,
  "label_sport_fscore": 0.4931506849315068,
  "label_student_of_fscore": 0.37037037037037035,
  "label_employer_fscore": 0.7499999999999999,
  "label_named_after_fscore": 0.41666666666666663,
  "label_child_fscore": 0.8633540372670808,
  "label_parent_organization_fscore": 0.5,
  "label_member_of_fscore": 0.6530612244897959,
  "label_capital_fscore": 0.8648648648648648,
  "label_composer_fscore": 0.45051194539249145,
  "label_shares_border_with_fscore": 0.904109589041096,
  "label_publisher_fscore": 0.6666666666666666,
  "label_award_received_fscore": 0.8045977011494252,
  "label_member_of_political_party_fscore": 0.7608695652173912,
  "label_position_held_fscore": 0.4230769230769231,
  "label_winner_fscore": 0.8125000000000001,
  "label_director_fscore": 0.777639751552795,
  "label_located_in_or_next_to_body_of_water_fscore": 0.7111111111111111,
  "label_father_fscore": 0.837696335078534,
  "label_participant_fscore": 0.23529411764705882,
  "label_league_fscore": 0.11382113821138212,
  "label_tributary_fscore": 0.5882352941176471,
  "label_discoverer_or_inventor_fscore": 0.631578947368421,
  "label_writing_system_fscore": 0.888888888888889,
  "label_sibling_fscore": 0.6666666666666667,
  "label_member_of_sports_team_fscore": 0.8141592920353983,
  "label_country_of_citizenship_fscore": 0.05555555555555555,
  "label_performer_fscore": 0.1871345029239766,
  "loss": 1.3525659292936325
}