{
  "em_accuracy": 0.34709260588657576,
  "loss": 1.8467904475757053
}