{
  "em_accuracy": 0.3725771715721464,
  "loss": 1.8585445649283272
}