{
  "em_accuracy": 0.3460157932519742,
  "loss": 1.84880562714168
}