{
  "em_accuracy": 0.38047379755922467,
  "loss": 1.8696266160692487
}