{
  "em_accuracy": 0.3786791098348887,
  "loss": 1.8170576075145177
}