{
    "model_count": 5,
    "UAS_mean": 0.8566988124651311,
    "UAS_std": 0.007298457063647334,
    "LAS_mean": 0.8231688849924285,
    "LAS_std": 0.007269165726902837,
    "UEM_mean": 0.4703899855560905,
    "UEM_std": 0.03919273802876203,
    "LEM_mean": 0.406259027443428,
    "LEM_std": 0.029824331736426013,
    "LOAS_mean": 0.9145453096357695,
    "LOAS_std": 0.002421139302448098,
    "LOEM_mean": 0.5763119884448724,
    "LOEM_std": 0.005965099515341276,
    "loss_mean": 2.795317981071825,
    "loss_std": 0.19278020451608416
}