{
  "UAS": 0.856220610504503,
  "LAS": 0.8241810791424244,
  "UEM": 0.4925373134328358,
  "LEM": 0.4232065479056331,
  "LOAS": 0.9148003506814378,
  "LOEM": 0.5743861338468945,
  "loss": 3.1269529407341348
}