{
  "UAS": 0.8544273531521479,
  "LAS": 0.8216306686857416,
  "UEM": 0.4655753490611459,
  "LEM": 0.4039480019258546,
  "LOAS": 0.914282298557424,
  "LOEM": 0.5840154068367838,
  "loss": 2.782230678317234
}