{
  "UAS": 0.8496453335458676,
  "LAS": 0.8164899976089902,
  "UEM": 0.4102070293692826,
  "LEM": 0.36157920077034184,
  "LOAS": 0.9151988523152945,
  "LOEM": 0.5806451612903226,
  "loss": 2.717029026144099
}