{
  "accuracy": 0.9310344827586207,
  "macro_fscore": 0.8147089947089946,
  "micro_fscore": 0.9364161849710984,
  "loss": 0.3636807358513276
}