{
  "accuracy": 0.8620689655172413,
  "macro_fscore": 0.7591724137931035,
  "micro_fscore": 0.8771929824561403,
  "loss": 0.5142310134445628
}