{
  "accuracy": 0.8735632183908046,
  "macro_fscore": 0.6536419157827065,
  "micro_fscore": 0.8837209302325582,
  "loss": 0.47180866946776706
}