{
  "accuracy": 0.8850574712643678,
  "macro_fscore": 0.713690114783011,
  "micro_fscore": 0.9005847953216374,
  "loss": 0.6307663582265377
}