{
    "model_count": 5,
    "em_accuracy_mean": 0.5673219465033839,
    "em_accuracy_std": 0.01206809419838756,
    "loss_mean": 0.0,
    "loss_std": 0.0
}