{
    "model_count": 5,
    "UAS_mean": 0.6834947713363212,
    "UAS_std": 0.015716493101576898,
    "LAS_mean": 0.5634234494723146,
    "LAS_std": 0.01224002295942379,
    "UEM_mean": 0.0446,
    "UEM_std": 0.011148990985734986,
    "LEM_mean": 0.0134,
    "LEM_std": 0.002302172886644268,
    "LOAS_mean": 0.7142691918461761,
    "LOAS_std": 0.004777834491692918,
    "LOEM_mean": 0.026,
    "LOEM_std": 0.00474341649025257,
    "loss_mean": 7.9607846438884735,
    "loss_std": 0.7786309558742038
}