{
  "UAS": 0.6739916148619344,
  "LAS": 0.5544311117536505,
  "UEM": 0.043,
  "LEM": 0.014,
  "LOAS": 0.7103754035950075,
  "LOEM": 0.022,
  "loss": 8.436677813529968
}