{
  "UAS": 0.6626668594284613,
  "LAS": 0.5475398775962604,
  "UEM": 0.032,
  "LEM": 0.011,
  "LOAS": 0.7080140716110067,
  "LOEM": 0.02,
  "loss": 6.9919357895851135
}