{
  "UAS": 0.6965929352802275,
  "LAS": 0.5752975760204327,
  "UEM": 0.06,
  "LEM": 0.015,
  "LOAS": 0.7164474001252952,
  "LOEM": 0.031,
  "loss": 8.572115018963814
}