{
    "model_count": 5,
    "UAS_mean": 0.5790003776910487,
    "UAS_std": 0.009509462036665679,
    "LAS_mean": 0.4491501951403752,
    "LAS_std": 0.007361920050148675,
    "UEM_mean": 0.0144,
    "UEM_std": 0.0013416407864998742,
    "LEM_mean": 0.0014,
    "LEM_std": 0.0008944271909999159,
    "LOAS_mean": 0.6295857988165681,
    "LOAS_std": 0.00907141173476732,
    "LOEM_mean": 0.0024000000000000002,
    "LOEM_std": 0.001140175425099138,
    "loss_mean": 8.939355617761612,
    "loss_std": 1.5167286657751624
}