{
  "UAS": 0.569012547735952,
  "LAS": 0.4496621763397541,
  "UEM": 0.013,
  "LEM": 0.0,
  "LOAS": 0.629569012547736,
  "LOEM": 0.001,
  "loss": 8.325333252549171
}