{
  "UAS": 0.5842880523731587,
  "LAS": 0.454572159973142,
  "UEM": 0.015,
  "LEM": 0.002,
  "LOAS": 0.6331780603466365,
  "LOEM": 0.003,
  "loss": 11.633165895938873
}