{
  "UAS": 0.5763145746779135,
  "LAS": 0.44307356582315666,
  "UEM": 0.013,
  "LEM": 0.002,
  "LOAS": 0.6219732259012128,
  "LOEM": 0.002,
  "loss": 8.139836475253105
}