{
  "UAS": 0.572705526879013,
  "LAS": 0.4405556254983424,
  "UEM": 0.015,
  "LEM": 0.001,
  "LOAS": 0.620420496034244,
  "LOEM": 0.002,
  "loss": 8.533156245946884
}