{
    "model_count": 5,
    "em_accuracy_mean": 0.45626812761843377,
    "em_accuracy_std": 0.011713926830185725,
    "loss_mean": 0.0,
    "loss_std": 0.0
}