{"model_count": 5, "accuracy_mean": 0.8160000000000001, "accuracy_std": 0.026076809620810566, "loss_mean": 0.8827817291021347, "loss_std": 0.14135462240465055}