{
  "UAS": 0.6405306841046278,
  "LAS": 0.4903169014084507,
  "UEM": 0.02671118530884808,
  "LEM": 0.01001669449081803,
  "LOAS": 0.6642354124748491,
  "LOEM": 0.018363939899833055,
  "loss": 7.41015070363095
}