{
  "UAS": 0.6329854124748491,
  "LAS": 0.488682092555332,
  "UEM": 0.028380634390651086,
  "LEM": 0.011686143572621035,
  "LOAS": 0.6680080482897385,
  "LOEM": 0.01669449081803005,
  "loss": 7.959652649728875
}