{
  "UAS": 0.6317907444668008,
  "LAS": 0.48553822937625757,
  "UEM": 0.035058430717863104,
  "LEM": 0.011686143572621035,
  "LOAS": 0.6609029175050302,
  "LOEM": 0.02003338898163606,
  "loss": 7.586651300129137
}