{
    "model_count": 5,
    "accuracy_mean": 0.8579130434782609,
    "accuracy_std": 0.012921165649395973,
    "macro_fscore_mean": 0.8603678206177954,
    "macro_fscore_std": 0.01045834444435601,
    "micro_fscore_mean": 0.8577705556613688,
    "micro_fscore_std": 0.01148856268545094,
    "label_won-award_fscore_mean": 0.9530746896696823,
    "label_won-award_fscore_std": 0.01507155323323466,
    "label_has-nationality_fscore_mean": 0.4838941599952421,
    "label_has-nationality_fscore_std": 0.13868229182663772,
    "label_has-genre_fscore_mean": 0.7536571504494883,
    "label_has-genre_fscore_std": 0.05055751885378858,
    "label_has-sibling_fscore_mean": 0.9330834879406308,
    "label_has-sibling_fscore_std": 0.013422735668171142,
    "label_is-where_fscore_mean": 0.9075708624533041,
    "label_is-where_fscore_std": 0.033157810791654224,
    "label_from-country_fscore_mean": 0.3388667439590013,
    "label_from-country_fscore_std": 0.11477806807795353,
    "label_org-has-founder_fscore_mean": 0.8800073580120025,
    "label_org-has-founder_fscore_std": 0.04450275065269477,
    "label_has-parent_fscore_mean": 0.9218045846050834,
    "label_has-parent_fscore_std": 0.02154051196234567,
    "label_has-tourist-attraction_fscore_mean": 0.9725007423819305,
    "label_has-tourist-attraction_fscore_std": 0.018245913026388068,
    "label_is-member-of_fscore_mean": 0.9681529551013354,
    "label_is-member-of_fscore_std": 0.015068353843877525,
    "label_org-has-member_fscore_mean": 0.9531650485436892,
    "label_org-has-member_fscore_std": 0.00382085401980549,
    "label_invented-by_fscore_mean": 0.993939393939394,
    "label_invented-by_fscore_std": 0.005532551085910744,
    "label_has-highest-mountain_fscore_mean": 0.980313725490196,
    "label_has-highest-mountain_fscore_std": 0.00017537788058820823,
    "label_movie-has-director_fscore_mean": 0.9898165326736755,
    "label_movie-has-director_fscore_std": 0.01020418574478017,
    "label_first-product_fscore_mean": 0.9354027156384993,
    "label_first-product_fscore_std": 0.03197280154272824,
    "label_has-child_fscore_mean": 0.9170036375917703,
    "label_has-child_fscore_std": 0.012788576307690286,
    "label_has-type_fscore_mean": 0.7228874272828277,
    "label_has-type_fscore_std": 0.03333930451576274,
    "label_birth-place_fscore_mean": 0.5777135932879494,
    "label_birth-place_fscore_std": 0.028577373790304374,
    "label_invented-when_fscore_mean": 0.986216268685692,
    "label_invented-when_fscore_std": 0.0053166623714343015,
    "label_has-occupation_fscore_mean": 0.9381386138613861,
    "label_has-occupation_fscore_std": 0.004162185938316394,
    "label_headquarters_fscore_mean": 0.9400754043422618,
    "label_headquarters_fscore_std": 0.016728167199791956,
    "label_has-spouse_fscore_mean": 0.8808069576864549,
    "label_has-spouse_fscore_std": 0.0234607745582909,
    "loss_mean": 0.8305667976034682,
    "loss_std": 0.16657519502231463
}