{
  "accuracy": 0.8556521739130435,
  "macro_fscore": 0.8605120597704634,
  "micro_fscore": 0.8571428571428572,
  "label_won-award_fscore": 0.94,
  "label_has-nationality_fscore": 0.5298013245033113,
  "label_has-genre_fscore": 0.7000000000000001,
  "label_has-sibling_fscore": 0.9090909090909091,
  "label_is-where_fscore": 0.9361702127659575,
  "label_org-has-founder_fscore": 0.8372093023255813,
  "label_from-country_fscore": 0.273972602739726,
  "label_has-parent_fscore": 0.94,
  "label_has-tourist-attraction_fscore": 0.9702970297029702,
  "label_is-member-of_fscore": 0.9702970297029702,
  "label_org-has-member_fscore": 0.96,
  "label_invented-by_fscore": 0.98989898989899,
  "label_has-highest-mountain_fscore": 0.9803921568627451,
  "label_movie-has-director_fscore": 0.9795918367346939,
  "label_first-product_fscore": 0.9696969696969697,
  "label_has-child_fscore": 0.9166666666666666,
  "label_has-type_fscore": 0.7289719626168225,
  "label_birth-place_fscore": 0.605263157894737,
  "label_invented-when_fscore": 0.99009900990099,
  "label_has-occupation_fscore": 0.94,
  "label_headquarters_fscore": 0.96,
  "label_has-spouse_fscore": 0.9038461538461539,
  "loss": 0.9044385835166193
}