{
  "accuracy": 0.8686956521739131,
  "macro_fscore": 0.8652789659188432,
  "micro_fscore": 0.867183934276586,
  "label_won-award_fscore": 0.9690721649484536,
  "label_has-nationality_fscore": 0.5477707006369427,
  "label_has-genre_fscore": 0.725,
  "label_has-sibling_fscore": 0.9387755102040817,
  "label_is-where_fscore": 0.9263157894736842,
  "label_from-country_fscore": 0.23529411764705882,
  "label_org-has-founder_fscore": 0.9361702127659575,
  "label_has-parent_fscore": 0.9423076923076924,
  "label_has-tourist-attraction_fscore": 0.98,
  "label_org-has-member_fscore": 0.9514563106796116,
  "label_is-member-of_fscore": 0.970873786407767,
  "label_invented-by_fscore": 1.0,
  "label_has-highest-mountain_fscore": 0.9803921568627451,
  "label_movie-has-director_fscore": 1.0,
  "label_first-product_fscore": 0.9591836734693877,
  "label_has-child_fscore": 0.9183673469387755,
  "label_has-type_fscore": 0.7115384615384615,
  "label_birth-place_fscore": 0.5925925925925926,
  "label_invented-when_fscore": 0.99009900990099,
  "label_has-occupation_fscore": 0.94,
  "label_headquarters_fscore": 0.9320388349514563,
  "label_has-spouse_fscore": 0.888888888888889,
  "loss": 0.9904598721651483
}