{
  "accuracy": 0.8365217391304348,
  "macro_fscore": 0.8422645192550872,
  "micro_fscore": 0.838268792710706,
  "label_won-award_fscore": 0.9387755102040817,
  "label_has-nationality_fscore": 0.23684210526315788,
  "label_has-genre_fscore": 0.7710843373493975,
  "label_has-sibling_fscore": 0.9387755102040817,
  "label_is-where_fscore": 0.8514851485148515,
  "label_org-has-founder_fscore": 0.8764044943820225,
  "label_from-country_fscore": 0.4832214765100672,
  "label_has-parent_fscore": 0.9052631578947369,
  "label_has-tourist-attraction_fscore": 0.9423076923076924,
  "label_org-has-member_fscore": 0.9514563106796116,
  "label_is-member-of_fscore": 0.96,
  "label_invented-by_fscore": 0.98989898989899,
  "label_has-highest-mountain_fscore": 0.98,
  "label_movie-has-director_fscore": 0.9795918367346939,
  "label_first-product_fscore": 0.8932038834951457,
  "label_has-child_fscore": 0.8958333333333334,
  "label_has-type_fscore": 0.7216494845360825,
  "label_birth-place_fscore": 0.5301204819277109,
  "label_invented-when_fscore": 0.9803921568627451,
  "label_has-occupation_fscore": 0.94,
  "label_headquarters_fscore": 0.9166666666666666,
  "label_has-spouse_fscore": 0.8468468468468469,
  "loss": 0.552691065085431
}