{
  "UAS": 0.75382096069869,
  "LAS": 0.5609534206695779,
  "UEM": 0.078,
  "LEM": 0.008,
  "LOAS": 0.6456513828238719,
  "LOEM": 0.008,
  "loss": 5.463930308818817
}