{
  "UAS": 0.7373544395924309,
  "LAS": 0.5573144104803494,
  "UEM": 0.076,
  "LEM": 0.004,
  "LOAS": 0.6468340611353712,
  "LOEM": 0.006,
  "loss": 6.3320727944374084
}