{
  "UAS": 0.7293486171761281,
  "LAS": 0.5474890829694323,
  "UEM": 0.076,
  "LEM": 0.006,
  "LOAS": 0.6427401746724891,
  "LOEM": 0.008,
  "loss": 5.581481337547302
}