{
    "model_count": 5,
    "UAS_mean": 0.7460698689956332,
    "UAS_std": 0.013548656083561147,
    "LAS_mean": 0.5595524017467249,
    "LAS_std": 0.010161492062670849,
    "UEM_mean": 0.0776,
    "UEM_std": 0.005176871642217913,
    "LEM_mean": 0.006,
    "LEM_std": 0.001414213562373095,
    "LOAS_mean": 0.6504730713245997,
    "LOAS_std": 0.0076837745385432065,
    "LOEM_mean": 0.0072,
    "LOEM_std": 0.0010954451150103322,
    "loss_mean": 5.456160166859627,
    "loss_std": 0.7672471715416623
}