{
  "accuracy": 0.9226519337016574,
  "macro_fscore": 0.3355692223588902,
  "micro_fscore": 0.9261363636363636,
  "loss": 0.3423517004897197
}