{
  "accuracy": 0.9392265193370166,
  "macro_fscore": 0.39508886067914945,
  "micro_fscore": 0.9431818181818182,
  "loss": 0.256817108951509
}