{
    "model_count": 5,
    "UAS_mean": 0.7475013252373379,
    "UAS_std": 0.010118938561782614,
    "LAS_mean": 0.5998265143848489,
    "LAS_std": 0.012664510419004491,
    "UEM_mean": 0.09,
    "UEM_std": 0.0069641941385920605,
    "LEM_mean": 0.0202,
    "LEM_std": 0.002588435821108957,
    "LOAS_mean": 0.7175654185340465,
    "LOAS_std": 0.010629867034851337,
    "LOEM_mean": 0.035,
    "LOEM_std": 0.0027386127875258293,
    "loss_mean": 6.839185845851898,
    "loss_std": 0.31546198515174806
}