{
  "UAS": 0.7492169052093876,
  "LAS": 0.6000674666281143,
  "UEM": 0.092,
  "LEM": 0.024,
  "LOAS": 0.7177003517902751,
  "LOEM": 0.038,
  "loss": 6.81104177236557
}