{
    "model_count": 5,
    "UAS_mean": 0.7642523251891475,
    "UAS_std": 0.002263669062996116,
    "LAS_mean": 0.5998361524745796,
    "LAS_std": 0.0028896995788174123,
    "UEM_mean": 0.0964,
    "UEM_std": 0.0023021728866442696,
    "LEM_mean": 0.0202,
    "LEM_std": 0.001923538406167135,
    "LOAS_mean": 0.7109247747096525,
    "LOAS_std": 0.00436257993605289,
    "LOEM_mean": 0.0294,
    "LOEM_std": 0.002509980079602227,
    "loss_mean": 7.589991602301597,
    "loss_std": 0.6959119710701969
}