{
  "UAS": 0.7672401330056383,
  "LAS": 0.5965977543250928,
  "UEM": 0.1,
  "LEM": 0.018,
  "LOAS": 0.7065201677027613,
  "LOEM": 0.027,
  "loss": 7.52982984483242
}