{
  "UAS": 0.7638186111512698,
  "LAS": 0.599248229001012,
  "UEM": 0.097,
  "LEM": 0.019,
  "LOAS": 0.709507975519252,
  "LOEM": 0.027,
  "loss": 7.684832647442818
}