{
  "UAS": 0.7634812780106983,
  "LAS": 0.6044046070068912,
  "UEM": 0.096,
  "LEM": 0.02,
  "LOAS": 0.7171702568550913,
  "LOEM": 0.032,
  "loss": 6.455832287669182
}