{
  "UAS": 0.7655052768541275,
  "LAS": 0.598621753168522,
  "UEM": 0.095,
  "LEM": 0.021,
  "LOAS": 0.7079176907137006,
  "LOEM": 0.029,
  "loss": 8.269758746027946
}