{
  "UAS": 0.6591292812349252,
  "LAS": 0.4693077665219489,
  "UEM": 0.058,
  "LEM": 0.013,
  "LOAS": 0.58634828750603,
  "LOEM": 0.014,
  "loss": 5.587134167551994
}