{
  "UAS": 0.6389290882778582,
  "LAS": 0.4467559093101785,
  "UEM": 0.061,
  "LEM": 0.01,
  "LOAS": 0.5777255185721177,
  "LOEM": 0.012,
  "loss": 7.355019614100456
}