{
  "UAS": 0.6465870718765074,
  "LAS": 0.45742884708152437,
  "UEM": 0.06,
  "LEM": 0.014,
  "LOAS": 0.5759768451519537,
  "LOEM": 0.015,
  "loss": 7.7034958600997925
}