{
  "UAS": 0.6376628075253257,
  "LAS": 0.4477809937288953,
  "UEM": 0.062,
  "LEM": 0.011,
  "LOAS": 0.5760371442354076,
  "LOEM": 0.011,
  "loss": 6.961330711841583
}