{
  "accuracy": 0.7796143250688705,
  "macro_fscore": 0.8017117485646225,
  "micro_fscore": 0.7785613540197461,
  "loss": 1.0616310303625853
}