{
  "accuracy": 0.7796143250688705,
  "macro_fscore": 0.749112832264618,
  "micro_fscore": 0.7813822284908322,
  "loss": 1.4268559444209803
}