{
  "accuracy": 0.7851239669421488,
  "macro_fscore": 0.8031603860403062,
  "micro_fscore": 0.7808988764044944,
  "loss": 1.3703005987664927
}