{
  "accuracy": 0.9564012365419465,
  "macro_fscore": 0.8281995793378198,
  "micro_fscore": 0.8829937629937631,
  "label_per:countries_of_residence_fscore": 0.7928730512249444,
  "label_per:spouse_fscore": 0.8859649122807017,
  "label_per:parents_fscore": 0.8055555555555556,
  "label_org:member_of_fscore": 0.8444444444444444,
  "label_org:alternate_names_fscore": 0.9065155807365439,
  "label_org:stateorprovince_of_headquarters_fscore": 0.8851063829787236,
  "label_per:employee_of_fscore": 0.9093406593406593,
  "label_per:country_of_birth_fscore": 0.64,
  "label_per:date_of_death_fscore": 0.8091603053435114,
  "label_org:website_fscore": 0.9894736842105264,
  "label_org:dissolved_fscore": 0.8695652173913043,
  "label_per:origin_fscore": 0.8137931034482757,
  "label_per:children_fscore": 0.8191489361702129,
  "label_per:age_fscore": 0.9470752089136489,
  "label_per:country_of_death_fscore": 0,
  "label_org:shareholders_fscore": 0.78125,
  "label_per:stateorprovince_of_birth_fscore": 0.7741935483870968,
  "label_org:city_of_headquarters_fscore": 0.8963585434173671,
  "label_per:stateorprovince_of_death_fscore": 0.7666666666666666,
  "label_per:stateorprovinces_of_residence_fscore": 0.8767123287671234,
  "label_org:members_fscore": 0.779874213836478,
  "label_org:subsidiaries_fscore": 0.8582375478927203,
  "label_per:alternate_names_fscore": 0.8378378378378379,
  "label_org:political/religious_affiliation_fscore": 0.8764044943820225,
  "label_per:religion_fscore": 0.888888888888889,
  "label_org:parents_fscore": 0.8038585209003216,
  "label_per:city_of_birth_fscore": 0.8301886792452831,
  "label_per:date_of_birth_fscore": 0.9166666666666667,
  "label_per:cities_of_residence_fscore": 0.8856304985337242,
  "label_per:cause_of_death_fscore": 0.9375,
  "label_org:top_members/employees_fscore": 0.9054441260744986,
  "label_org:country_of_headquarters_fscore": 0.8732394366197184,
  "label_per:charges_fscore": 0.9642857142857143,
  "label_per:schools_attended_fscore": 0.8873239436619719,
  "label_org:founded_fscore": 0.88659793814433,
  "label_per:city_of_death_fscore": 0.8571428571428571,
  "label_per:siblings_fscore": 0.7555555555555556,
  "label_org:number_of_employees/members_fscore": 0.888888888888889,
  "label_org:founded_by_fscore": 0.6666666666666666,
  "label_per:other_family_fscore": 0.7083333333333334,
  "label_per:title_fscore": 0.9344188150158299,
  "loss": 0.13974693463731402
}