{
  "accuracy": 0.9632235369363608,
  "macro_fscore": 0.8737696968253207,
  "micro_fscore": 0.9006983478112758,
  "label_per:countries_of_residence_fscore": 0.8558139534883721,
  "label_per:parents_fscore": 0.8188976377952757,
  "label_per:spouse_fscore": 0.8755364806866952,
  "label_org:member_of_fscore": 0.853658536585366,
  "label_org:alternate_names_fscore": 0.9351851851851852,
  "label_org:stateorprovince_of_headquarters_fscore": 0.9244444444444444,
  "label_per:employee_of_fscore": 0.924686192468619,
  "label_per:country_of_birth_fscore": 0.8571428571428571,
  "label_per:date_of_death_fscore": 0.8148148148148149,
  "label_org:website_fscore": 0.989247311827957,
  "label_org:dissolved_fscore": 0.8695652173913043,
  "label_per:origin_fscore": 0.8750000000000001,
  "label_per:children_fscore": 0.8114285714285715,
  "label_per:age_fscore": 0.9392265193370165,
  "label_per:country_of_death_fscore": 0.8,
  "label_org:shareholders_fscore": 0.7878787878787878,
  "label_per:stateorprovince_of_birth_fscore": 0.8275862068965517,
  "label_org:city_of_headquarters_fscore": 0.895774647887324,
  "label_per:stateorprovince_of_death_fscore": 0.7936507936507937,
  "label_per:stateorprovinces_of_residence_fscore": 0.8857142857142856,
  "label_org:members_fscore": 0.8533333333333334,
  "label_org:subsidiaries_fscore": 0.8301886792452831,
  "label_per:alternate_names_fscore": 0.8536585365853658,
  "label_org:political/religious_affiliation_fscore": 0.8666666666666667,
  "label_per:religion_fscore": 0.9795918367346939,
  "label_org:parents_fscore": 0.8676470588235293,
  "label_per:city_of_birth_fscore": 0.8301886792452831,
  "label_per:date_of_birth_fscore": 0.9189189189189189,
  "label_per:cities_of_residence_fscore": 0.8753623188405798,
  "label_per:cause_of_death_fscore": 0.9583333333333334,
  "label_org:top_members/employees_fscore": 0.9151963574274332,
  "label_org:country_of_headquarters_fscore": 0.8753056234718826,
  "label_per:charges_fscore": 0.9259259259259259,
  "label_per:schools_attended_fscore": 0.9315068493150686,
  "label_org:founded_fscore": 0.9347826086956522,
  "label_per:city_of_death_fscore": 0.8235294117647058,
  "label_org:number_of_employees/members_fscore": 0.9090909090909091,
  "label_per:siblings_fscore": 0.8553459119496855,
  "label_org:founded_by_fscore": 0.8224299065420562,
  "label_per:other_family_fscore": 0.7272727272727273,
  "label_per:title_fscore": 0.935029532030895,
  "loss": 0.12829344153870062
}