{
  "accuracy": 0.9428632341967808,
  "macro_fscore": 0.7631197880189655,
  "micro_fscore": 0.8416206261510129,
  "label_per:countries_of_residence_fscore": 0.6961770623742455,
  "label_per:parents_fscore": 0.8251748251748252,
  "label_per:spouse_fscore": 0.8063241106719368,
  "label_org:member_of_fscore": 0.3548387096774194,
  "label_org:alternate_names_fscore": 0.8575305291723202,
  "label_org:stateorprovince_of_headquarters_fscore": 0.8899082568807338,
  "label_per:employee_of_fscore": 0.8803701255783212,
  "label_per:country_of_birth_fscore": 0.35294117647058826,
  "label_per:date_of_death_fscore": 0.7647058823529412,
  "label_org:website_fscore": 0.968421052631579,
  "label_org:dissolved_fscore": 0.8571428571428572,
  "label_per:origin_fscore": 0.7812499999999999,
  "label_per:children_fscore": 0.7906976744186046,
  "label_per:age_fscore": 0.9421487603305785,
  "label_per:country_of_death_fscore": 0,
  "label_org:shareholders_fscore": 0.42857142857142855,
  "label_per:stateorprovince_of_birth_fscore": 0.6923076923076923,
  "label_org:city_of_headquarters_fscore": 0.8284023668639053,
  "label_per:stateorprovince_of_death_fscore": 0.7457627118644068,
  "label_per:stateorprovinces_of_residence_fscore": 0.8113207547169813,
  "label_org:members_fscore": 0.6242038216560509,
  "label_org:subsidiaries_fscore": 0.6261682242990655,
  "label_per:alternate_names_fscore": 0.8108108108108107,
  "label_org:political/religious_affiliation_fscore": 0.8470588235294118,
  "label_per:religion_fscore": 0.9090909090909091,
  "label_org:parents_fscore": 0.611260053619303,
  "label_per:city_of_birth_fscore": 0.8163265306122449,
  "label_per:date_of_birth_fscore": 0.9189189189189189,
  "label_per:cities_of_residence_fscore": 0.8411764705882354,
  "label_per:cause_of_death_fscore": 0.9292929292929293,
  "label_org:top_members/employees_fscore": 0.8969696969696971,
  "label_org:country_of_headquarters_fscore": 0.8,
  "label_per:charges_fscore": 0.9285714285714286,
  "label_per:schools_attended_fscore": 0.8827586206896552,
  "label_org:founded_fscore": 0.9130434782608695,
  "label_per:city_of_death_fscore": 0.7951807228915664,
  "label_org:number_of_employees/members_fscore": 0.8405797101449275,
  "label_per:siblings_fscore": 0.7721518987341772,
  "label_org:founded_by_fscore": 0.7017543859649124,
  "label_per:other_family_fscore": 0.6165413533834586,
  "label_per:title_fscore": 0.9320565435476517,
  "loss": 0.17559082221002606
}