{"model_count": 10, "em_accuracy_mean": 0.5846389645776566, "em_accuracy_std": 0.006639991010719659, "loss_mean": 1.4683475059011708, "loss_std": 0.013742358502714873}