{
  "em_accuracy": 0.5882152588555858,
  "loss": 1.4879345848508503
}