{
  "em_accuracy": 0.5875340599455041,
  "loss": 1.4677166605125302
}