{
  "em_accuracy": 0.5868528610354223,
  "loss": 1.4423392936587334
}