{
  "em_accuracy": 0.5793596730245232,
  "loss": 1.469363490200561
}