{
  "em_accuracy": 0.5762942779291553,
  "loss": 1.4721984905393228
}