{"model_count": 10, "em_accuracy_mean": 0.5611923187159644, "em_accuracy_std": 0.010551691623788082, "loss_mean": 1.5686851272299953, "loss_std": 0.014908651400537239}