{
  "em_accuracy": 0.5583261679564345,
  "loss": 1.5751123931854283
}