{
  "em_accuracy": 0.5505875609057036,
  "loss": 1.5882736586000277
}