{
  "em_accuracy": 0.5594726282602465,
  "loss": 1.5753952975142491
}