{
  "em_accuracy": 0.5686443106907423,
  "loss": 1.571967390029942
}