{
  "em_accuracy": 0.5680710805388364,
  "loss": 1.5578483871129005
}