{
  "em_accuracy": 0.5755230725136142,
  "loss": 1.5504251876378168
}