{
  "em_accuracy": 0.5437087990828318,
  "loss": 1.582774815494067
}