{
  "accuracy": 0.7962962962962963,
  "macro_fscore": 0.3105081506742119,
  "micro_fscore": 0.792079207920792,
  "loss": 0.6071251388639212
}