{
  "accuracy": 0.8703703703703703,
  "macro_fscore": 0.7838127120767006,
  "micro_fscore": 0.8686868686868686,
  "loss": 0.3886871114373207
}