{
    "model_count": 5,
    "UAS_mean": 0.5997817785051828,
    "UAS_std": 0.015380988463662171,
    "LAS_mean": 0.4327835830290822,
    "LAS_std": 0.014258679311409879,
    "UEM_mean": 0.0176,
    "UEM_std": 0.00403732584763727,
    "LEM_mean": 0.0016,
    "LEM_std": 0.0005477225575051661,
    "LOAS_mean": 0.5961559444374501,
    "LOAS_std": 0.009645597706010025,
    "LOEM_mean": 0.0022,
    "LOEM_std": 0.0008366600265340755,
    "loss_mean": 8.525819230079652,
    "loss_std": 1.3810348002759385
}