{
  "UAS": 0.6182802467581519,
  "LAS": 0.44076545385874355,
  "UEM": 0.022,
  "LEM": 0.002,
  "LOAS": 0.5898694867598304,
  "LOEM": 0.003,
  "loss": 6.224074140191078
}