{
  "UAS": 0.5922195643963238,
  "LAS": 0.4273784044651475,
  "UEM": 0.017,
  "LEM": 0.002,
  "LOAS": 0.5857988165680473,
  "LOEM": 0.002,
  "loss": 9.475846856832504
}