{
  "UAS": 0.5985983465525201,
  "LAS": 0.4321624910822947,
  "UEM": 0.016,
  "LEM": 0.001,
  "LOAS": 0.6041797809391918,
  "LOEM": 0.002,
  "loss": 9.533537119626999
}