{
  "UAS": 0.5791262747072894,
  "LAS": 0.41285828192538504,
  "UEM": 0.012,
  "LEM": 0.001,
  "LOAS": 0.5925972554450459,
  "LOEM": 0.001,
  "loss": 8.277234703302383
}