{
  "em_accuracy": 0.8392612859097127,
  "loss": 1.1422916056893089
}