{
  "em_accuracy": 0.8483812129502964,
  "loss": 1.1378921833905307
}