{
  "em_accuracy": 0.8461012311901505,
  "loss": 1.140276760188016
}