{
    "model_count": 5,
    "UAS_mean": 0.5438475993002009,
    "UAS_std": 0.021372312581541424,
    "LAS_mean": 0.3888550508650295,
    "LAS_std": 0.0140502044316715,
    "UEM_mean": 0.03579676674364896,
    "UEM_std": 0.0048306006150928135,
    "LEM_mean": 0.003926096997690531,
    "LEM_std": 0.0017512414420442382,
    "LOAS_mean": 0.5833214540270848,
    "LOAS_std": 0.009808828819543876,
    "LOEM_mean": 0.005773672055427252,
    "LOEM_std": 0.002582064639145254,
    "loss_mean": 9.8873722417014,
    "loss_std": 1.4286405389983203
}