{
  "UAS": 0.5689107756107044,
  "LAS": 0.405948292619711,
  "UEM": 0.04157043879907621,
  "LEM": 0.006928406466512702,
  "LOAS": 0.5891919911877146,
  "LOEM": 0.009237875288683603,
  "loss": 10.675973279135567
}