{
  "UAS": 0.563727078338625,
  "LAS": 0.40115337264303763,
  "UEM": 0.04041570438799076,
  "LEM": 0.003464203233256351,
  "LOAS": 0.5942460960279919,
  "LOEM": 0.006928406466512702,
  "loss": 7.749538966587612
}