{
  "UAS": 0.5284131406725847,
  "LAS": 0.3824920624635521,
  "UEM": 0.03117782909930716,
  "LEM": 0.003464203233256351,
  "LOAS": 0.5847210522905463,
  "LOEM": 0.005773672055427252,
  "loss": 10.074409178325109
}