{
  "accuracy": 0.8686058174523571,
  "macro_fscore": 0.8822689815665945,
  "micro_fscore": 0.8737558931377686,
  "label_has-edu_fscore": 0.7407407407407407,
  "label_org-has-member_fscore": 0.9690721649484536,
  "label_has-spouse_fscore": 0.9702970297029702,
  "label_has-occupation_fscore": 0.9158878504672898,
  "label_birth-place_fscore": 0.8067226890756302,
  "label_has-child_fscore": 0.8421052631578948,
  "label_has-genre_fscore": 1.0,
  "label_has-author_fscore": 0.9484536082474226,
  "label_has-parent_fscore": 0.923076923076923,
  "label_from-country_fscore": 0.888888888888889,
  "label_is-where_fscore": 0.9038461538461539,
  "label_org-has-founder_fscore": 0.6942148760330579,
  "label_has-population_fscore": 0.9795918367346939,
  "label_has-type_fscore": 0.9462365591397849,
  "label_event-year_fscore": 0.96,
  "label_movie-has-director_fscore": 0.9292929292929293,
  "label_headquarters_fscore": 0.9263157894736842,
  "label_org-leader_fscore": 0.5,
  "label_is-member-of_fscore": 0.9183673469387755,
  "loss": 0.5519199387303421
}