{
  "accuracy": 0.8733031674208145,
  "macro_fscore": 0.6612738937217115,
  "micro_fscore": 0.8687350835322196,
  "loss": 0.5205201533223901
}