{
  "accuracy": 0.8823529411764706,
  "macro_fscore": 0.7500825554926644,
  "micro_fscore": 0.8788598574821853,
  "loss": 0.6119382200496537
}