{
  "accuracy": 0.8642533936651584,
  "macro_fscore": 0.7225182668375267,
  "micro_fscore": 0.8612440191387559,
  "loss": 0.6271649515921516
}