{
    "model_count": 5,
    "UAS_mean": 0.6527858176555716,
    "UAS_std": 0.004253415454186448,
    "LAS_mean": 0.47714664737095996,
    "LAS_std": 0.005681728934348554,
    "UEM_mean": 0.0706,
    "UEM_std": 0.004827007354458865,
    "LEM_mean": 0.015799999999999998,
    "LEM_std": 0.0013038404810405294,
    "LOAS_mean": 0.596044380125422,
    "LOAS_std": 0.0050107050805621185,
    "LOEM_mean": 0.0184,
    "LOEM_std": 0.002073644135332771,
    "loss_mean": 7.100149993764029,
    "loss_std": 0.9284027742190605
}