{
  "UAS": 0.6528581765557163,
  "LAS": 0.47889532079112396,
  "UEM": 0.072,
  "LEM": 0.018,
  "LOAS": 0.600337674867342,
  "LOEM": 0.022,
  "loss": 6.137874096632004
}