{
  "UAS": 0.6506874095513748,
  "LAS": 0.48402074288470814,
  "UEM": 0.069,
  "LEM": 0.016,
  "LOAS": 0.6009406657018813,
  "LOEM": 0.017,
  "loss": 8.449575945734978
}