{
  "UAS": 0.6594307766521948,
  "LAS": 0.47545827303424987,
  "UEM": 0.074,
  "LEM": 0.015,
  "LOAS": 0.5932223830197781,
  "LOEM": 0.017,
  "loss": 7.590135627322727
}