{
  "UAS": 0.6479136517124939,
  "LAS": 0.4685841775205017,
  "UEM": 0.063,
  "LEM": 0.015,
  "LOAS": 0.5890014471780028,
  "LOEM": 0.018,
  "loss": 6.856559216976166
}