{
  "UAS": 0.6530390738060782,
  "LAS": 0.4787747226242161,
  "UEM": 0.075,
  "LEM": 0.015,
  "LOAS": 0.5967197298601061,
  "LOEM": 0.018,
  "loss": 6.466605082154274
}