{
  "UAS": 0.7191683449828219,
  "LAS": 0.5231607629427792,
  "UEM": 0.07,
  "LEM": 0.017,
  "LOAS": 0.6477313114559886,
  "LOEM": 0.026,
  "loss": 8.536053031682968
}