{
  "UAS": 0.7169174268451606,
  "LAS": 0.5146309678947992,
  "UEM": 0.07,
  "LEM": 0.018,
  "LOAS": 0.6400308020376733,
  "LOEM": 0.024,
  "loss": 8.584717094898224
}