{
  "UAS": 0.716147375903329,
  "LAS": 0.5104253050586424,
  "UEM": 0.079,
  "LEM": 0.016,
  "LOAS": 0.6363582513920152,
  "LOEM": 0.021,
  "loss": 8.236174310956683
}