{
  "accuracy": 0.9274395329441201,
  "macro_fscore": 0.6762307270743501,
  "micro_fscore": 0.9276094276094277,
  "loss": 0.5061827362250187
}