{
  "accuracy": 0.9249374478732277,
  "macro_fscore": 0.6297814054436954,
  "micro_fscore": 0.9277566539923954,
  "loss": 0.32537911989726126
}