{"model_count": 5, "accuracy_mean": 0.8048000000000001, "accuracy_std": 0.027914154115788622, "loss_mean": 1.4833386831916868, "loss_std": 0.35684464182985853}