{
  "accuracy": 0.896551724137931,
  "macro_fscore": 0.7780645161290323,
  "micro_fscore": 0.9017341040462429,
  "loss": 0.2805746654048562
}