{
  "accuracy": 0.8850574712643678,
  "macro_fscore": 0.7507941712204008,
  "micro_fscore": 0.9005847953216374,
  "loss": 0.7330985851585865
}