{
  "UAS": 0.1831825105277305,
  "LAS": 0.1348445479795717,
  "UEM": 0.0,
  "LEM": 0.0,
  "LOAS": 0.40847594301585877,
  "LOEM": 0.0,
  "loss": 13.384786128997803
}