{
  "UAS": 0.20186363229101334,
  "LAS": 0.14537227846967118,
  "UEM": 0.0,
  "LEM": 0.0,
  "LOAS": 0.4090583281068005,
  "LOEM": 0.0,
  "loss": 13.673585414886475
}