{
    "model_count": 5,
    "UAS_mean": 0.8471891935614333,
    "UAS_std": 0.001408157354278491,
    "LAS_mean": 0.7945644261101674,
    "LAS_std": 0.0029007431729908438,
    "UEM_mean": 0.1564,
    "UEM_std": 0.0035071355833500395,
    "LEM_mean": 0.0762,
    "LEM_std": 0.003768288736283358,
    "LOAS_mean": 0.8822615869934481,
    "LOAS_std": 0.002871670686983144,
    "LOEM_mean": 0.16040000000000001,
    "LOEM_std": 0.0053197744313081595,
    "loss_mean": 4.40225265756959,
    "loss_std": 0.5616103758732209
}