{
  "UAS": 0.8473671438971123,
  "LAS": 0.7939011566771819,
  "UEM": 0.157,
  "LEM": 0.077,
  "LOAS": 0.8824314486775054,
  "LOEM": 0.153,
  "loss": 4.259138718247414
}