{
  "UAS": 0.8482164523173987,
  "LAS": 0.7971366173258918,
  "UEM": 0.156,
  "LEM": 0.076,
  "LOAS": 0.8845749413572758,
  "LOEM": 0.165,
  "loss": 3.596924312412739
}