{
  "UAS": 0.8483782253498342,
  "LAS": 0.7979859257461781,
  "UEM": 0.162,
  "LEM": 0.082,
  "LOAS": 0.8852624767451266,
  "LOEM": 0.166,
  "loss": 4.292523815518334
}