{
  "UAS": 0.8471244843484591,
  "LAS": 0.791312788158214,
  "UEM": 0.153,
  "LEM": 0.074,
  "LOAS": 0.8781849065760737,
  "LOEM": 0.16,
  "loss": 5.033038832247257
}