{
    "model_count": 5,
    "em_accuracy_mean": 0.8347469220246237,
    "em_accuracy_std": 0.001662980622782552,
    "loss_mean": 0.0,
    "loss_std": 0.0
}