{
    "model_count": 5,
    "UAS_mean": 0.5481759865223871,
    "UAS_std": 0.009073784081609686,
    "LAS_mean": 0.38538197369273636,
    "LAS_std": 0.011986914660694532,
    "UEM_mean": 0.03510392609699769,
    "UEM_std": 0.0070049657681769545,
    "LEM_mean": 0.003926096997690531,
    "LEM_std": 0.001316599798035956,
    "LOAS_mean": 0.5764530551415797,
    "LOAS_std": 0.017822293120753625,
    "LOEM_mean": 0.007159353348729793,
    "LOEM_std": 0.0018974222546368341,
    "loss_mean": 9.337542049606125,
    "loss_std": 1.3810353833918065
}