{
  "UAS": 0.5458433227499514,
  "LAS": 0.3885829067582453,
  "UEM": 0.03348729792147806,
  "LEM": 0.004618937644341801,
  "LOAS": 0.5823235923022095,
  "LOEM": 0.008083140877598153,
  "loss": 8.91915224279676
}