{
  "UAS": 0.556340309725912,
  "LAS": 0.39655284131406726,
  "UEM": 0.03926096997690531,
  "LEM": 0.003464203233256351,
  "LOAS": 0.5963843711527247,
  "LOEM": 0.009237875288683603,
  "loss": 7.546670947756086
}