{
  "UAS": 0.533920819024169,
  "LAS": 0.36668178578371025,
  "UEM": 0.028868360277136258,
  "LEM": 0.0023094688221709007,
  "LOAS": 0.5482407827382881,
  "LOEM": 0.004618937644341801,
  "loss": 10.88904315775091
}