{
  "UAS": 0.849186629787633,
  "LAS": 0.7781632366040035,
  "UEM": 0.145,
  "LEM": 0.065,
  "LOAS": 0.8790023908865032,
  "LOEM": 0.137,
  "loss": 4.588772018750508
}