{
  "UAS": 0.856265529042239,
  "LAS": 0.7800384417045615,
  "UEM": 0.151,
  "LEM": 0.065,
  "LOAS": 0.8781116684637382,
  "LOEM": 0.146,
  "loss": 4.066113322973251
}