{
    "model_count": 5,
    "em_accuracy_mean": 0.827359781121751,
    "em_accuracy_std": 0.0014898594849707617,
    "loss_mean": 0.0,
    "loss_std": 0.0
}