{
    "model_count": 5,
    "UAS_mean": 0.0009888332691567192,
    "UAS_std": 0.0007327393399103729,
    "LAS_mean": 0.0001509433962264151,
    "LAS_std": 0.00026283532084961467,
    "UEM_mean": 0.0,
    "UEM_std": 0.0,
    "LEM_mean": 0.0,
    "LEM_std": 0.0,
    "LOAS_mean": 0.0782564497497112,
    "LOAS_std": 0.0006264437056942274,
    "LOEM_mean": 0.0,
    "LOEM_std": 0.0,
    "loss_mean": 16.845438766479493,
    "loss_std": 5.852408421192845
}