{
  "UAS": 0.0002464381979206777,
  "LAS": 0.0,
  "UEM": 0.0,
  "LEM": 0.0,
  "LOAS": 0.07758182518290335,
  "LOEM": 0.0,
  "loss": 12.555835819244384
}