{
  "UAS": 0.0017558721601848286,
  "LAS": 9.241432422025415e-05,
  "UEM": 0.0,
  "LEM": 0.0,
  "LOAS": 0.07813631112822488,
  "LOEM": 0.0,
  "loss": 13.981099176406861
}