{
  "UAS": 0.001031959953792838,
  "LAS": 4.620716211012707e-05,
  "UEM": 0.0,
  "LEM": 0.0,
  "LOAS": 0.07813631112822488,
  "LOEM": 0.0,
  "loss": 15.597171147664389
}