{
  "UAS": 0.9394676018171675,
  "LAS": 0.9203395233920459,
  "UEM": 0.7563793933558016,
  "LEM": 0.666345690900337,
  "LOAS": 0.9556069179883637,
  "LOEM": 0.7241213288396726,
  "loss": 1.0203921186501073
}