{
  "UAS": 0.9391089503466964,
  "LAS": 0.921535028293616,
  "UEM": 0.7510832932113626,
  "LEM": 0.6620125180548868,
  "LOAS": 0.9564836215828485,
  "LOEM": 0.7270101107366393,
  "loss": 1.4879473403762744
}