{
  "UAS": 0.9392285008368534,
  "LAS": 0.9216147286203873,
  "UEM": 0.7587867116032739,
  "LEM": 0.6711603273952816,
  "LOAS": 0.9570813740336336,
  "LOEM": 0.7284545016851228,
  "loss": 1.4158961160978598
}