{
  "UAS": 0.9398262532876385,
  "LAS": 0.9213756276400733,
  "UEM": 0.7481945113143957,
  "LEM": 0.6581608088589311,
  "LOAS": 0.9557264684785207,
  "LOEM": 0.718343765045739,
  "loss": 1.3218060406256487
}