{
  "UAS": 0.9412210090061369,
  "LAS": 0.9228500836853432,
  "UEM": 0.757823784304285,
  "LEM": 0.6586422725084257,
  "LOAS": 0.9555670678249781,
  "LOEM": 0.7188252286952335,
  "loss": 1.4503532905953502
}