{
  "accuracy": 0.8835855646100116,
  "macro_fscore": 0.67781946712665,
  "micro_fscore": 0.8849765258215962,
  "loss": 0.5252664902299229
}