{
  "accuracy": 0.8777648428405123,
  "macro_fscore": 0.5882566383979992,
  "micro_fscore": 0.8796241926012918,
  "loss": 0.43277383661242547
}