{
  "accuracy": 0.8957464553794829,
  "macro_fscore": 0.579936881815923,
  "micro_fscore": 0.8973927670311185,
  "loss": 0.38349029593169687
}