{
  "accuracy": 0.8940783986655546,
  "macro_fscore": 0.6124774151889736,
  "micro_fscore": 0.8949579831932774,
  "loss": 0.3852045549452305
}