{
    "model_count": 5,
    "UAS_mean": 0.7828448009873495,
    "UAS_std": 0.002162702620623883,
    "LAS_mean": 0.6628921114882238,
    "LAS_std": 0.003935331996818516,
    "UEM_mean": 0.1318,
    "UEM_std": 0.002167948338867882,
    "LEM_mean": 0.033800000000000004,
    "LEM_std": 0.0016431676725154976,
    "LOAS_mean": 0.7688984881209503,
    "LOAS_std": 0.004031657788028642,
    "LOEM_mean": 0.048799999999999996,
    "LOEM_std": 0.0022803508501982746,
    "loss_mean": 5.267559561464521,
    "loss_std": 0.42126571475278607
}