{
  "UAS": 0.7836058829579348,
  "LAS": 0.6591586958757585,
  "UEM": 0.135,
  "LEM": 0.033,
  "LOAS": 0.765607322842744,
  "LOEM": 0.047,
  "loss": 4.983010075986385
}