{
  "UAS": 0.7835544585004628,
  "LAS": 0.6642497171654839,
  "UEM": 0.13,
  "LEM": 0.033,
  "LOAS": 0.7700298261853338,
  "LOEM": 0.046,
  "loss": 5.002717457711697
}