{
  "accuracy": 0.7796143250688705,
  "macro_fscore": 0.8162262518628721,
  "micro_fscore": 0.7763713080168776,
  "loss": 0.874149963259697
}