{
  "accuracy": 0.7713498622589532,
  "macro_fscore": 0.7947902870428788,
  "micro_fscore": 0.770098730606488,
  "loss": 1.1921492154183595
}