{
    "model_count": 5,
    "UAS_mean": 0.6672786720321932,
    "UAS_std": 0.008914457168137229,
    "LAS_mean": 0.49689386317907447,
    "LAS_std": 0.004700595896234025,
    "UEM_mean": 0.04340567612687813,
    "UEM_std": 0.002891570630332016,
    "LEM_mean": 0.014691151919866445,
    "LEM_std": 0.0013967613130785898,
    "LOAS_mean": 0.6579225352112676,
    "LOAS_std": 0.002027535838514518,
    "LOEM_mean": 0.019031719532554257,
    "LOEM_std": 0.002239800979131676,
    "loss_mean": 7.061500755109285,
    "loss_std": 0.9084813175321969
}