{
  "UAS": 0.653169014084507,
  "LAS": 0.49063128772635817,
  "UEM": 0.041736227045075125,
  "LEM": 0.01669449081803005,
  "LOAS": 0.6600855130784709,
  "LOEM": 0.021702838063439065,
  "loss": 7.72783236754568
}