{
  "UAS": 0.6741700201207244,
  "LAS": 0.4969818913480885,
  "UEM": 0.04340567612687813,
  "LEM": 0.01335559265442404,
  "LOAS": 0.6576332997987927,
  "LOEM": 0.01669449081803005,
  "loss": 6.782192355708072
}