{
  "UAS": 0.6643611670020121,
  "LAS": 0.494341046277666,
  "UEM": 0.041736227045075125,
  "LEM": 0.015025041736227046,
  "LOAS": 0.6552439637826962,
  "LOEM": 0.02003338898163606,
  "loss": 6.977640051590769
}