{
  "accuracy": 0.8684516880093132,
  "macro_fscore": 0.5919949034226509,
  "micro_fscore": 0.8717647058823528,
  "loss": 0.6165123111568391
}