{
  "accuracy": 0.9068684516880093,
  "macro_fscore": 0.6819156307734696,
  "micro_fscore": 0.90951821386604,
  "loss": 0.4622115542146343
}