{
  "accuracy": 0.8952270081490105,
  "macro_fscore": 0.6552011842294931,
  "micro_fscore": 0.897240164415737,
  "loss": 0.5138681872437397
}