{
  "accuracy": 0.9185098952270081,
  "macro_fscore": 0.7469117522283826,
  "micro_fscore": 0.9212690951821386,
  "loss": 0.35867529091666694
}