{
    "model_count": 5,
    "UAS_mean": 0.1909674075034018,
    "UAS_std": 0.010636787810403567,
    "LAS_mean": 0.12990345363830752,
    "LAS_std": 0.007359207222042173,
    "UEM_mean": 0.004849884526558892,
    "UEM_std": 0.0012649481697578895,
    "LEM_mean": 0.0,
    "LEM_std": 0.0,
    "LOAS_mean": 0.43750404976349383,
    "LOAS_std": 0.009351218727614758,
    "LOEM_mean": 0.0,
    "LOEM_std": 0.0,
    "loss_mean": 19.533799832207816,
    "loss_std": 2.0229769561149817
}