{
  "UAS": 0.1931575196008553,
  "LAS": 0.13030519017689368,
  "UEM": 0.003464203233256351,
  "LEM": 0.0,
  "LOAS": 0.43795762327480076,
  "LOEM": 0.0,
  "loss": 18.68682394708906
}