{
  "UAS": 0.20138663902028123,
  "LAS": 0.13412816691505217,
  "UEM": 0.004618937644341801,
  "LEM": 0.0,
  "LOAS": 0.44631633512602864,
  "LOEM": 0.0,
  "loss": 22.256943498338973
}