{
  "UAS": 0.1872610639538651,
  "LAS": 0.12823171126806193,
  "UEM": 0.006928406466512702,
  "LEM": 0.0,
  "LOAS": 0.4423637659560682,
  "LOEM": 0.0,
  "loss": 17.23277657372611
}