{
  "UAS": 0.1984708093047366,
  "LAS": 0.1382103285168146,
  "UEM": 0.004618937644341801,
  "LEM": 0.0,
  "LOAS": 0.4390591589451176,
  "LOEM": 0.0,
  "loss": 20.94035996709551
}