{
    "model_count": 5,
    "em_accuracy_mean": 0.22282842785355347,
    "em_accuracy_std": 0.01641800890136822,
    "loss_mean": 0.0,
    "loss_std": 0.0
}