{
    "model_count": 5,
    "em_accuracy_mean": 0.24264178033022255,
    "em_accuracy_std": 0.022382569389969475,
    "loss_mean": 0.0,
    "loss_std": 0.0
}