{
  "accuracy": 0.855,
  "macro_fscore": 0.8487716925850801,
  "micro_fscore": 0.8266666666666667,
  "label_has-occupation_fscore": 0.9411764705882353,
  "label_has-genre_fscore": 0.7816091954022989,
  "label_has-type_fscore": 0.8235294117647058,
  "loss": 0.5709253280208662
}