{
  "accuracy": 0.855,
  "macro_fscore": 0.876866096866097,
  "micro_fscore": 0.8376623376623378,
  "label_has-occupation_fscore": 0.94,
  "label_has-genre_fscore": 0.8444444444444444,
  "label_has-type_fscore": 0.8461538461538461,
  "loss": 0.5507564863476616
}