{
  "accuracy": 0.82,
  "macro_fscore": 0.822494616482925,
  "micro_fscore": 0.7894736842105264,
  "label_has-occupation_fscore": 0.9306930693069307,
  "label_has-genre_fscore": 0.7708333333333333,
  "label_has-type_fscore": 0.7659574468085107,
  "loss": 0.9617168542284232
}