{
    "model_count": 5,
    "UAS_mean": 0.7662474097633849,
    "UAS_std": 0.004145863256475297,
    "LAS_mean": 0.6080478049250638,
    "LAS_std": 0.007150364896707059,
    "UEM_mean": 0.1084,
    "UEM_std": 0.00795612971236643,
    "LEM_mean": 0.0226,
    "LEM_std": 0.0027928480087537895,
    "LOAS_mean": 0.7150016866657029,
    "LOAS_std": 0.0061085076751773845,
    "LOEM_mean": 0.0326,
    "LOEM_std": 0.00461519230368573,
    "loss_mean": 6.787301050150205,
    "loss_std": 0.5747438536100782
}