{
  "UAS": 0.7643005156378005,
  "LAS": 0.6016095609850127,
  "UEM": 0.097,
  "LEM": 0.018,
  "LOAS": 0.7098934991084767,
  "LOEM": 0.027,
  "loss": 7.264456756531247
}