{
  "UAS": 0.7607826128861259,
  "LAS": 0.6052238446339936,
  "UEM": 0.106,
  "LEM": 0.025,
  "LOAS": 0.7120138788492121,
  "LOEM": 0.033,
  "loss": 7.494533821940422
}