{
  "UAS": 0.7671919425569852,
  "LAS": 0.6088863187316274,
  "UEM": 0.11,
  "LEM": 0.024,
  "LOAS": 0.7153390198062743,
  "LOEM": 0.036,
  "loss": 6.196379601955414
}