{
  "UAS": 0.772059177870946,
  "LAS": 0.6199701219218351,
  "UEM": 0.119,
  "LEM": 0.024,
  "LOAS": 0.7253626331261144,
  "LOEM": 0.038,
  "loss": 6.675197586417198
}