{
  "UAS": 0.7669027998650667,
  "LAS": 0.6045491783528505,
  "UEM": 0.11,
  "LEM": 0.022,
  "LOAS": 0.7123994024384367,
  "LOEM": 0.029,
  "loss": 6.305937483906746
}