{
  "UAS": 0.6438736131210806,
  "LAS": 0.43174143753014954,
  "UEM": 0.076,
  "LEM": 0.012,
  "LOAS": 0.551857211770381,
  "LOEM": 0.012,
  "loss": 9.284243881702423
}