{
  "UAS": 0.6607573564881813,
  "LAS": 0.4579112397491558,
  "UEM": 0.071,
  "LEM": 0.012,
  "LOAS": 0.5737457790641582,
  "LOEM": 0.014,
  "loss": 7.991275429725647
}