{
  "UAS": 0.6432103232030874,
  "LAS": 0.44729860106126385,
  "UEM": 0.073,
  "LEM": 0.014,
  "LOAS": 0.5676555716353111,
  "LOEM": 0.015,
  "loss": 7.825277112424374
}