{"model_count": 10, "em_accuracy_mean": 0.5458910731550113, "em_accuracy_std": 0.013526290901533183, "loss_mean": 1.5393371064638355, "loss_std": 0.026880929482931026}