{
  "em_accuracy": 0.5623590074121818,
  "loss": 1.4964572879456983
}