{
  "em_accuracy": 0.5568804382855301,
  "loss": 1.5366616574759335
}