{
  "em_accuracy": 0.5591363196906219,
  "loss": 1.4990307393762254
}