{
  "em_accuracy": 0.5446342249436029,
  "loss": 1.543481341342336
}