{
  "em_accuracy": 0.5472123751208507,
  "loss": 1.550246303228988
}