{"model_count": 5, "accuracy_mean": 0.8597285067873304, "accuracy_std": 0.008465288205370923, "macro_fscore_mean": 0.6546691807240341, "macro_fscore_std": 0.05245319180054601, "micro_fscore_mean": 0.8591679160840732, "micro_fscore_std": 0.007949891415504062, "loss_mean": 0.6273856469296983, "loss_std": 0.024943026588987578}