{
  "accuracy": 0.8687782805429864,
  "macro_fscore": 0.7189659198404045,
  "micro_fscore": 0.8646080760095013,
  "loss": 0.6086025461554527
}