{
  "accuracy": 0.8461538461538461,
  "macro_fscore": 0.6019696183905333,
  "micro_fscore": 0.845605700712589,
  "loss": 0.5983671067016465
}