{
  "accuracy": 0.8597285067873304,
  "macro_fscore": 0.6922857099327688,
  "micro_fscore": 0.8605200945626479,
  "loss": 0.6362014934420586
}