{
  "accuracy": 0.8597285067873304,
  "macro_fscore": 0.6029695511014933,
  "micro_fscore": 0.8598574821852731,
  "loss": 0.6619794135913253
}