{
  "accuracy": 0.8754365541327125,
  "macro_fscore": 0.5874221721316691,
  "micro_fscore": 0.8762463343108504,
  "loss": 0.5322150320021642
}