{
  "accuracy": 0.8963911525029103,
  "macro_fscore": 0.6512268116951677,
  "micro_fscore": 0.8989424206815513,
  "loss": 0.5389556971861532
}