{
  "accuracy": 0.829923273657289,
  "macro_fscore": 0.6495867931044825,
  "micro_fscore": 0.8311855670103093,
  "loss": 0.8788638168147632
}