{
  "accuracy": 0.8286445012787724,
  "macro_fscore": 0.6600414520762427,
  "micro_fscore": 0.8287007110536523,
  "loss": 0.9767254231763738
}