{
  "accuracy": 0.8324808184143222,
  "macro_fscore": 0.6617018840975065,
  "micro_fscore": 0.8320413436692505,
  "loss": 0.9739578008100542
}