{
  "accuracy": 0.840153452685422,
  "macro_fscore": 0.6442309239638677,
  "micro_fscore": 0.8399999999999999,
  "loss": 0.8080705504636375
}