{
  "accuracy": 0.908256880733945,
  "macro_fscore": 0.6101206051655064,
  "micro_fscore": 0.9082491582491582,
  "loss": 0.4127124915691093
}