{
  "accuracy": 0.9057547956630525,
  "macro_fscore": 0.6011980066826215,
  "micro_fscore": 0.9060261272650654,
  "loss": 0.6909832219560242
}