{
    "model_count": 5,
    "UAS_mean": 0.5396701498174493,
    "UAS_std": 0.012897444575802275,
    "LAS_mean": 0.4193042091569097,
    "LAS_std": 0.015399846443753694,
    "UEM_mean": 0.007,
    "UEM_std": 0.001414213562373095,
    "LEM_mean": 0.0022,
    "LEM_std": 0.00044721359549995795,
    "LOAS_mean": 0.5993789080532125,
    "LOAS_std": 0.020444920006984217,
    "LOEM_mean": 0.0032,
    "LOEM_std": 0.00044721359549995795,
    "loss_mean": 10.143483066558838,
    "loss_std": 1.4584888803921545
}