{
  "UAS": 0.5350203533509589,
  "LAS": 0.41155734609089767,
  "UEM": 0.008,
  "LEM": 0.002,
  "LOAS": 0.602459188383902,
  "LOEM": 0.003,
  "loss": 11.787417262792587
}