{
  "UAS": 0.8336255678648282,
  "LAS": 0.7844903164102973,
  "UEM": 0.5132402503610978,
  "LEM": 0.38757823784304285,
  "LOAS": 0.8742328843548258,
  "LOEM": 0.4260953298025999,
  "loss": 3.201102484476108
}