{
  "UAS": 0.8563800111580457,
  "LAS": 0.8042559974495895,
  "UEM": 0.5522388059701493,
  "LEM": 0.39913336543091,
  "LOAS": 0.8824420180122738,
  "LOEM": 0.4362060664419836,
  "loss": 2.449060511040912
}