{
  "UAS": 0.8537100502112058,
  "LAS": 0.8018649876464493,
  "UEM": 0.5334617236398652,
  "LEM": 0.3755416466056813,
  "LOAS": 0.8799713078823623,
  "LOEM": 0.41357727491574386,
  "loss": 2.4963596335970437
}