{
  "accuracy": 0.9794801641586868,
  "macro_fscore": 0.9715753616168737,
  "micro_fscore": 0.9836995038979448,
  "loss": 0.10102179244273904
}