{
  "accuracy": 0.9794801641586868,
  "macro_fscore": 0.9735985560450426,
  "micro_fscore": 0.9844192634560905,
  "loss": 0.10867054672606806
}