{
  "accuracy": 0.9822161422708618,
  "macro_fscore": 0.9761877026425256,
  "micro_fscore": 0.984375,
  "loss": 0.09764416907597953
}