{
  "accuracy": 0.9408023309526348,
  "macro_fscore": 0.7306175628849452,
  "micro_fscore": 0.8352644836272041,
  "label_per:employee_of_fscore": 0.8645763842561708,
  "label_org:political/religious_affiliation_fscore": 0.7912087912087913,
  "label_per:parents_fscore": 0.8079470198675496,
  "label_org:city_of_headquarters_fscore": 0.8603988603988605,
  "label_per:country_of_birth_fscore": 0.2857142857142857,
  "label_org:alternate_names_fscore": 0.8717201166180758,
  "label_org:subsidiaries_fscore": 0.6855123674911661,
  "label_org:website_fscore": 0.989247311827957,
  "label_org:member_of_fscore": 0.12,
  "label_org:country_of_headquarters_fscore": 0.7672955974842768,
  "label_org:members_fscore": 0.5694444444444443,
  "label_org:founded_fscore": 0.9148936170212767,
  "label_per:city_of_birth_fscore": 0.7692307692307693,
  "label_per:religion_fscore": 0.851851851851852,
  "label_org:dissolved_fscore": 0.7058823529411764,
  "label_per:title_fscore": 0.9309123117803366,
  "label_per:country_of_death_fscore": 0,
  "label_per:alternate_names_fscore": 0.813953488372093,
  "label_org:shareholders_fscore": 0.4193548387096774,
  "label_per:spouse_fscore": 0.8484848484848484,
  "label_per:cities_of_residence_fscore": 0.7999999999999999,
  "label_per:countries_of_residence_fscore": 0.6909090909090909,
  "label_per:charges_fscore": 0.8813559322033898,
  "label_org:number_of_employees/members_fscore": 0.8,
  "label_per:other_family_fscore": 0.48543689320388345,
  "label_per:cause_of_death_fscore": 0.9375,
  "label_org:top_members/employees_fscore": 0.8771138669673054,
  "label_per:schools_attended_fscore": 0.9142857142857144,
  "label_per:city_of_death_fscore": 0.7901234567901235,
  "label_per:date_of_death_fscore": 0.8524590163934426,
  "label_per:siblings_fscore": 0.7468354430379747,
  "label_org:founded_by_fscore": 0.7843137254901961,
  "label_per:stateorprovinces_of_residence_fscore": 0.8224299065420562,
  "label_per:age_fscore": 0.9550561797752809,
  "label_org:parents_fscore": 0.5837320574162679,
  "label_per:origin_fscore": 0.6816720257234726,
  "label_per:stateorprovince_of_death_fscore": 0.68,
  "label_org:stateorprovince_of_headquarters_fscore": 0.8405797101449276,
  "label_per:children_fscore": 0.7657142857142858,
  "label_per:date_of_birth_fscore": 0.9315068493150684,
  "label_per:stateorprovince_of_birth_fscore": 0.2666666666666667,
  "loss": 0.18146405137059846
}