{
  "accuracy": 0.9938528230821163,
  "macro_fscore": 0.9632130823650362,
  "micro_fscore": 0.981174633469246,
  "label_per:employee_of_fscore": 0.9893541518807665,
  "label_org:political/religious_affiliation_fscore": 0.975609756097561,
  "label_per:parents_fscore": 0.948905109489051,
  "label_org:city_of_headquarters_fscore": 0.979591836734694,
  "label_per:country_of_birth_fscore": 0.9090909090909091,
  "label_org:alternate_names_fscore": 0.9938837920489296,
  "label_org:subsidiaries_fscore": 0.9763779527559054,
  "label_org:website_fscore": 1.0,
  "label_org:member_of_fscore": 0.9782608695652174,
  "label_org:country_of_headquarters_fscore": 0.9874055415617129,
  "label_org:founded_fscore": 1.0,
  "label_per:city_of_birth_fscore": 0.88,
  "label_per:religion_fscore": 1.0,
  "label_org:dissolved_fscore": 1.0,
  "label_per:title_fscore": 0.9911090313523632,
  "label_per:country_of_death_fscore": 0.8,
  "label_per:alternate_names_fscore": 0.975,
  "label_org:shareholders_fscore": 0.9487179487179489,
  "label_per:date_of_birth_fscore": 0.9859154929577464,
  "label_per:spouse_fscore": 0.9785407725321889,
  "label_per:cities_of_residence_fscore": 0.9698795180722891,
  "label_per:countries_of_residence_fscore": 0.9491525423728813,
  "label_per:charges_fscore": 0.9811320754716981,
  "label_org:number_of_employees/members_fscore": 0.935064935064935,
  "label_per:other_family_fscore": 0.9559748427672956,
  "label_per:cause_of_death_fscore": 0.9896907216494846,
  "label_org:top_members/employees_fscore": 0.9964412811387899,
  "label_per:schools_attended_fscore": 0.9793103448275862,
  "label_per:city_of_death_fscore": 0.9599999999999999,
  "label_per:date_of_death_fscore": 0.9411764705882353,
  "label_per:siblings_fscore": 0.979591836734694,
  "label_org:founded_by_fscore": 0.98,
  "label_per:stateorprovinces_of_residence_fscore": 0.98,
  "label_per:age_fscore": 0.9857549857549858,
  "label_org:parents_fscore": 0.953405017921147,
  "label_per:origin_fscore": 0.9552238805970149,
  "label_per:stateorprovince_of_death_fscore": 0.9122807017543859,
  "label_org:stateorprovince_of_headquarters_fscore": 0.9955555555555555,
  "label_per:children_fscore": 0.9518072289156626,
  "label_org:members_fscore": 0.9536423841059603,
  "label_per:stateorprovince_of_birth_fscore": 0.888888888888889,
  "loss": 0.01896369893080525
}