{
  "accuracy": 0.9449596702554809,
  "macro_fscore": 0.7327131499420442,
  "micro_fscore": 0.8448793887887373,
  "label_per:employee_of_fscore": 0.8784053156146179,
  "label_org:political/religious_affiliation_fscore": 0.7857142857142856,
  "label_per:parents_fscore": 0.8175182481751825,
  "label_org:city_of_headquarters_fscore": 0.8505747126436782,
  "label_per:country_of_birth_fscore": 0.4,
  "label_org:alternate_names_fscore": 0.8472906403940887,
  "label_org:subsidiaries_fscore": 0.7177700348432055,
  "label_org:website_fscore": 0.9894736842105264,
  "label_org:member_of_fscore": 0.16,
  "label_org:country_of_headquarters_fscore": 0.8058252427184466,
  "label_org:founded_fscore": 0.8514851485148515,
  "label_per:city_of_birth_fscore": 0.7777777777777778,
  "label_per:religion_fscore": 0.8695652173913043,
  "label_org:dissolved_fscore": 0,
  "label_per:title_fscore": 0.9364791288566243,
  "label_per:country_of_death_fscore": 0,
  "label_per:alternate_names_fscore": 0.823529411764706,
  "label_org:shareholders_fscore": 0.27999999999999997,
  "label_per:date_of_birth_fscore": 0.9315068493150684,
  "label_per:spouse_fscore": 0.853448275862069,
  "label_per:cities_of_residence_fscore": 0.8435754189944134,
  "label_per:countries_of_residence_fscore": 0.7227272727272728,
  "label_per:charges_fscore": 0.9629629629629629,
  "label_org:number_of_employees/members_fscore": 0.8266666666666665,
  "label_per:cause_of_death_fscore": 0.9583333333333334,
  "label_per:other_family_fscore": 0.4814814814814815,
  "label_org:top_members/employees_fscore": 0.8873239436619719,
  "label_per:schools_attended_fscore": 0.8707482993197279,
  "label_per:city_of_death_fscore": 0.8000000000000002,
  "label_per:date_of_death_fscore": 0.8412698412698413,
  "label_per:siblings_fscore": 0.7393939393939394,
  "label_org:founded_by_fscore": 0.7747747747747747,
  "label_per:stateorprovinces_of_residence_fscore": 0.858085808580858,
  "label_per:age_fscore": 0.9398907103825136,
  "label_org:parents_fscore": 0.5972850678733032,
  "label_per:stateorprovince_of_death_fscore": 0.7333333333333334,
  "label_per:origin_fscore": 0.7424242424242424,
  "label_org:stateorprovince_of_headquarters_fscore": 0.8458498023715416,
  "label_per:children_fscore": 0.8176100628930819,
  "label_org:members_fscore": 0.4878048780487805,
  "label_per:stateorprovince_of_birth_fscore": 0.7333333333333334,
  "loss": 0.16961835431556613
}