{
  "em_accuracy": 0.17805232558139536,
  "loss": 2.2498316016308095
}