{
  "em_accuracy": 0.16824127906976744,
  "loss": 2.325081873078679
}