{
  "em_accuracy": 0.17078488372093023,
  "loss": 2.3641930617565334
}