{
  "em_accuracy": 0.14207848837209303,
  "loss": 2.5128401476283404
}