{"model_count": 10, "em_accuracy_mean": 0.15875726744186047, "em_accuracy_std": 0.015669021501049214, "loss_mean": 2.3676275616468385, "loss_std": 0.08117058431719458}