{
  "accuracy": 0.9712722298221614,
  "macro_fscore": 0.9559616847553322,
  "micro_fscore": 0.9751596877217884,
  "loss": 0.14273308808080162
}