{
  "accuracy": 0.9685362517099864,
  "macro_fscore": 0.9535989796609301,
  "micro_fscore": 0.9730113636363636,
  "loss": 0.18502342229729277
}