{
  "accuracy": 0.9685362517099864,
  "macro_fscore": 0.9411372920879074,
  "micro_fscore": 0.9723991507430998,
  "loss": 0.1785636831077484
}