{
    "model_count": 5,
    "UAS_mean": 0.844826777928836,
    "UAS_std": 0.003087155174525037,
    "LAS_mean": 0.7666776053630866,
    "LAS_std": 0.006033073534304189,
    "UEM_mean": 0.1502,
    "UEM_std": 0.00420713679359253,
    "LEM_mean": 0.0658,
    "LEM_std": 0.006180614856144977,
    "LOAS_mean": 0.86877314706296,
    "LOAS_std": 0.005768865897281745,
    "LOEM_mean": 0.1256,
    "LOEM_std": 0.01197079780131633,
    "loss_mean": 4.004929798096418,
    "loss_std": 0.5518245896956118
}