{
  "UAS": 0.8428578125732502,
  "LAS": 0.7723501007922742,
  "UEM": 0.153,
  "LEM": 0.076,
  "LOAS": 0.8752988608129014,
  "LOEM": 0.144,
  "loss": 3.781956799328327
}