{
  "UAS": 0.8435141343584455,
  "LAS": 0.7564577375650462,
  "UEM": 0.146,
  "LEM": 0.062,
  "LOAS": 0.8596877783507572,
  "LOEM": 0.117,
  "loss": 3.5798979476094246
}