{
  "UAS": 0.8490459894050911,
  "LAS": 0.7693497726313816,
  "UEM": 0.156,
  "LEM": 0.066,
  "LOAS": 0.8700482865313394,
  "LOEM": 0.13,
  "loss": 3.8836014717817307
}