{
  "UAS": 0.7172992056487202,
  "LAS": 0.5141218005295676,
  "UEM": 0.054,
  "LEM": 0.006,
  "LOAS": 0.6058252427184466,
  "LOEM": 0.006,
  "loss": 6.508548945188522
}