{
  "UAS": 0.7412180052956752,
  "LAS": 0.5342453662842013,
  "UEM": 0.05,
  "LEM": 0.008,
  "LOAS": 0.6249779346866725,
  "LOEM": 0.01,
  "loss": 4.731921464204788
}