{
  "UAS": 0.7485436893203884,
  "LAS": 0.5433362753751103,
  "UEM": 0.06,
  "LEM": 0.008,
  "LOAS": 0.6312444836716682,
  "LOEM": 0.014,
  "loss": 5.879323333501816
}