{
    "model_count": 5,
    "UAS_mean": 0.7370344218887908,
    "UAS_std": 0.01291220206621583,
    "LAS_mean": 0.5271844660194175,
    "LAS_std": 0.015741092031533968,
    "UEM_mean": 0.0584,
    "UEM_std": 0.006387487769068525,
    "LEM_mean": 0.0068000000000000005,
    "LEM_std": 0.0017888543819998318,
    "LOAS_mean": 0.6163812886142983,
    "LOAS_std": 0.015177420106517904,
    "LOEM_mean": 0.0092,
    "LOEM_std": 0.003346640106136302,
    "loss_mean": 5.879831755161286,
    "loss_std": 0.6951552085697634
}