{"model_count": 10, "em_accuracy_mean": 0.37333094041636755, "em_accuracy_std": 0.010621492373346262, "loss_mean": 1.977298406294414, "loss_std": 0.020233430891414814}