{
  "em_accuracy": 0.3786791098348887,
  "loss": 1.98114047731672
}