{
  "em_accuracy": 0.35678391959798994,
  "loss": 1.9977302306038993
}