{
  "em_accuracy": 0.3503230437903805,
  "loss": 1.9533958421434674
}