{
  "em_accuracy": 0.3765254845656856,
  "loss": 1.9537870390074594
}