{
  "em_accuracy": 0.37903804737975594,
  "loss": 1.9598119694846017
}