{
  "em_accuracy": 0.3793969849246231,
  "loss": 2.005849700995854
}