{
  "accuracy": 0.8160919540229885,
  "macro_fscore": 0.558169934640523,
  "micro_fscore": 0.8208092485549133,
  "loss": 0.5872597197691599
}