{
  "accuracy": 0.8045977011494253,
  "macro_fscore": 0.610113229064842,
  "micro_fscore": 0.813953488372093,
  "loss": 0.5911476636926333
}