{
  "accuracy": 0.8275862068965517,
  "macro_fscore": 0.6793682795698924,
  "micro_fscore": 0.8372093023255814,
  "loss": 0.7223059566070636
}