{"model_count": 10, "em_accuracy_mean": 0.5626168224299065, "em_accuracy_std": 0.006134968241980423, "loss_mean": 1.5302246644939344, "loss_std": 0.007916494325992953}