{
  "em_accuracy": 0.5610699323235578,
  "loss": 1.5413287404886227
}