{
  "em_accuracy": 0.5662262326780535,
  "loss": 1.5207849925326318
}