{
  "em_accuracy": 0.5523686754753464,
  "loss": 1.5246287191037051
}