{
  "em_accuracy": 0.5678375765388334,
  "loss": 1.5362616421021138
}