{
  "em_accuracy": 0.5568804382855301,
  "loss": 1.532320957208417
}