{
  "em_accuracy": 0.5617144698678698,
  "loss": 1.516420582520593
}