{
  "accuracy": 0.8868778280542986,
  "macro_fscore": 0.7085833879263201,
  "micro_fscore": 0.8878281622911695,
  "loss": 0.6014208077852216
}