{
  "accuracy": 0.8687782805429864,
  "macro_fscore": 0.6844230338518797,
  "micro_fscore": 0.8646080760095013,
  "loss": 0.6169127292731511
}