{
  "UAS": 0.5377437957623274,
  "LAS": 0.3914987364737899,
  "UEM": 0.03233256351039261,
  "LEM": 0.003464203233256351,
  "LOAS": 0.5897103609149226,
  "LOEM": 0.004618937644341801,
  "loss": 8.40541296345847
}