{
  "UAS": 0.5592561394414566,
  "LAS": 0.40180133480204755,
  "UEM": 0.03117782909930716,
  "LEM": 0.005773672055427252,
  "LOAS": 0.5876368820060909,
  "LOEM": 0.006928406466512702,
  "loss": 6.945458957127163
}