{
  "UAS": 0.5516749821810406,
  "LAS": 0.39350741916672066,
  "UEM": 0.04387990762124711,
  "LEM": 0.003464203233256351,
  "LOAS": 0.5825179809499125,
  "LOEM": 0.005773672055427252,
  "loss": 6.843464868409293
}