{
  "UAS": 0.5470096546361692,
  "LAS": 0.39318343808721573,
  "UEM": 0.03464203233256351,
  "LEM": 0.004618937644341801,
  "LOAS": 0.5740296766668826,
  "LOEM": 0.008083140877598153,
  "loss": 9.903740440096174
}