{
  "UAS": 0.28135552339604436,
  "LAS": 0.13579353593825375,
  "UEM": 0.011,
  "LEM": 0.003,
  "loss": 3.1170116416991704
}