{
  "UAS": 0.2683309213699952,
  "LAS": 0.11969368065605403,
  "UEM": 0.005,
  "LEM": 0.002,
  "loss": 3.0963079513065397
}