{
  "UAS": 0.26543656536420646,
  "LAS": 0.11957308248914617,
  "UEM": 0.01,
  "LEM": 0.003,
  "loss": 3.112380128058176
}