{
  "accuracy": 0.7777777777777778,
  "macro_fscore": 0.3763313317023748,
  "micro_fscore": 0.78,
  "loss": 1.2252818644046783
}