{
  "accuracy": 0.8518518518518519,
  "macro_fscore": 0.5878595340575254,
  "micro_fscore": 0.8514851485148515,
  "loss": 0.6018609814345837
}