{
  "UAS": 0.8567851990155309,
  "LAS": 0.8389629126707969,
  "UEM": 0.6425974025974026,
  "LEM": 0.5922077922077922,
  "loss": 1.032681228700748
}