{
  "UAS": 0.8563608588644658,
  "LAS": 0.8384537044895188,
  "UEM": 0.6374025974025974,
  "LEM": 0.587012987012987,
  "loss": 1.036491692558793
}