{
  "accuracy": 0.9212598425196851,
  "macro_fscore": 0.6117238128903028,
  "micro_fscore": 0.9268292682926829,
  "loss": 0.3618085477501154
}