{
  "UAS": 0.6451255361187412,
  "LAS": 0.4716399209676642,
  "UEM": 0.04,
  "LEM": 0.008,
  "LOAS": 0.6107657462290974,
  "LOEM": 0.011,
  "loss": 8.087669551372528
}