{
  "UAS": 0.6655100958989928,
  "LAS": 0.4913016240181196,
  "UEM": 0.049,
  "LEM": 0.007,
  "LOAS": 0.629897354344369,
  "LOEM": 0.011,
  "loss": 6.839753106236458
}