{
  "UAS": 0.6561611488602959,
  "LAS": 0.5005541901595104,
  "UEM": 0.04,
  "LEM": 0.009,
  "LOAS": 0.6455110597079659,
  "LOEM": 0.015,
  "loss": 7.2324080765247345
}