{
  "UAS": 0.6360035211267606,
  "LAS": 0.49390090543259557,
  "UEM": 0.0333889816360601,
  "LEM": 0.015025041736227046,
  "LOAS": 0.6690769617706237,
  "LOEM": 0.02003338898163606,
  "loss": 8.055810602087723
}