{
  "UAS": 0.6394617706237424,
  "LAS": 0.4840291750503018,
  "UEM": 0.03005008347245409,
  "LEM": 0.01669449081803005,
  "LOAS": 0.6576332997987927,
  "LOEM": 0.02003338898163606,
  "loss": 5.689316046865363
}