{
  "UAS": 0.642354124748491,
  "LAS": 0.4904426559356137,
  "UEM": 0.03005008347245409,
  "LEM": 0.015025041736227046,
  "LOAS": 0.6629778672032193,
  "LOEM": 0.018363939899833055,
  "loss": 5.925155282020569
}