{
    "model_count": 5,
    "em_accuracy_mean": 0.7672138622891017,
    "em_accuracy_std": 0.007184656295754102,
    "loss_mean": 0.0,
    "loss_std": 0.0
}