{
    "model_count": 5,
    "UAS_mean": 0.5190176893669409,
    "UAS_std": 0.01979818661135951,
    "LAS_mean": 0.3586859327415279,
    "LAS_std": 0.020420247560336398,
    "UEM_mean": 0.02678983833718245,
    "UEM_std": 0.004427318594152612,
    "LEM_mean": 0.0016166281755196305,
    "LEM_std": 0.0006324740848789446,
    "LOAS_mean": 0.5490183373291,
    "LOAS_std": 0.021546714814589165,
    "LOEM_mean": 0.003002309468822171,
    "LOEM_std": 0.0010328258556581015,
    "loss_mean": 11.475501117954007,
    "loss_std": 1.7463860988616995
}