{
  "UAS": 0.5242013866390203,
  "LAS": 0.36940322685155186,
  "UEM": 0.028868360277136258,
  "LEM": 0.0011547344110854503,
  "LOAS": 0.5631439123955161,
  "LOEM": 0.0023094688221709007,
  "loss": 8.764588049479894
}