{
  "UAS": 0.5205727985485648,
  "LAS": 0.360850126352621,
  "UEM": 0.03002309468822171,
  "LEM": 0.0011547344110854503,
  "LOAS": 0.556664290805417,
  "LOEM": 0.0023094688221709007,
  "loss": 10.96063951083592
}