{
  "UAS": 0.518888096935139,
  "LAS": 0.35203784099008617,
  "UEM": 0.025404157043879907,
  "LEM": 0.0023094688221709007,
  "LOAS": 0.5398820708870602,
  "LOEM": 0.003464203233256351,
  "loss": 12.19926381111145
}