{
  "UAS": 0.48817469059806906,
  "LAS": 0.32832242597032335,
  "UEM": 0.019630484988452657,
  "LEM": 0.0011547344110854503,
  "LOAS": 0.5159074710036934,
  "LOEM": 0.0023094688221709007,
  "loss": 13.408951637961648
}