{
    "model_count": 5,
    "accuracy_mean": 0.8592410119840213,
    "accuracy_std": 0.005173706579851394,
    "macro_fscore_mean": 0.4693552861414942,
    "macro_fscore_std": 0.019129460998565787,
    "micro_fscore_mean": 0.6231407728294343,
    "micro_fscore_std": 0.004510192323546499,
    "label_per:schools_attended_fscore_mean": 0.6523386878551573,
    "label_per:schools_attended_fscore_std": 0.028399574652769984,
    "label_per:children_fscore_mean": 0.33334887334887336,
    "label_per:children_fscore_std": 0.056640698277318186,
    "label_per:city_of_birth_fscore_mean": 0.4444444444444445,
    "label_per:city_of_birth_fscore_std": 0.06804138174397716,
    "label_per:date_of_death_fscore_mean": 0.5322720152586671,
    "label_per:date_of_death_fscore_std": 0.026405672263195252,
    "label_per:siblings_fscore_mean": 0.6215560272281769,
    "label_per:siblings_fscore_std": 0.06926244418693103,
    "label_org:political/religious_affiliation_fscore_mean": 0.374047619047619,
    "label_org:political/religious_affiliation_fscore_std": 0.07170778760163422,
    "label_org:city_of_headquarters_fscore_mean": 0.6392649003514879,
    "label_org:city_of_headquarters_fscore_std": 0.02269911918172489,
    "label_org:alternate_names_fscore_mean": 0.8024156203479252,
    "label_org:alternate_names_fscore_std": 0.015560028141568889,
    "label_per:stateorprovinces_of_residence_fscore_mean": 0.5089689440993789,
    "label_per:stateorprovinces_of_residence_fscore_std": 0.02569258243343926,
    "label_per:title_fscore_mean": 0.81807676604856,
    "label_per:title_fscore_std": 0.010227404518267454,
    "label_org:parents_fscore_mean": 0.28128905453689723,
    "label_org:parents_fscore_std": 0.11839935552108277,
    "label_org:shareholders_fscore_mean": 0,
    "label_org:shareholders_fscore_std": 0.0,
    "label_per:cause_of_death_fscore_mean": 0.3279320859320859,
    "label_per:cause_of_death_fscore_std": 0.07310664042242142,
    "label_org:members_fscore_mean": 0.1742326638878363,
    "label_org:members_fscore_std": 0.1342031120555211,
    "label_per:cities_of_residence_fscore_mean": 0.5690246130556208,
    "label_per:cities_of_residence_fscore_std": 0.02255544753339105,
    "label_org:stateorprovince_of_headquarters_fscore_mean": 0.6708939529818945,
    "label_org:stateorprovince_of_headquarters_fscore_std": 0.03294180336619571,
    "label_org:website_fscore_mean": 0.7576619606808286,
    "label_org:website_fscore_std": 0.03553419192181623,
    "label_org:number_of_employees/members_fscore_mean": 0.6478431372549021,
    "label_org:number_of_employees/members_fscore_std": 0.06622692339634371,
    "label_per:age_fscore_mean": 0.903689478098784,
    "label_per:age_fscore_std": 0.01461169142684941,
    "label_per:countries_of_residence_fscore_mean": 0.3564858612289029,
    "label_per:countries_of_residence_fscore_std": 0.042747831960615955,
    "label_per:stateorprovince_of_birth_fscore_mean": 0.379047619047619,
    "label_per:stateorprovince_of_birth_fscore_std": 0.04333071682315171,
    "label_per:parents_fscore_mean": 0.6088613242398409,
    "label_per:parents_fscore_std": 0.029295729218348023,
    "label_org:founded_by_fscore_mean": 0.48338524241785225,
    "label_org:founded_by_fscore_std": 0.14927847361249605,
    "label_per:spouse_fscore_mean": 0.59605117110657,
    "label_per:spouse_fscore_std": 0.03408674020119315,
    "label_per:city_of_death_fscore_mean": 0.3600805860805861,
    "label_per:city_of_death_fscore_std": 0.09583547642028123,
    "label_per:date_of_birth_fscore_mean": 0.7970588235294118,
    "label_per:date_of_birth_fscore_std": 0.08584381689821338,
    "label_org:member_of_fscore_mean": 0.057491554974392504,
    "label_org:member_of_fscore_std": 0.0528811625265857,
    "label_per:country_of_death_fscore_mean": 0,
    "label_per:country_of_death_fscore_std": 0.0,
    "label_per:charges_fscore_mean": 0.7468667640902432,
    "label_per:charges_fscore_std": 0.024548936631514508,
    "label_org:founded_fscore_mean": 0.8020331607180922,
    "label_org:founded_fscore_std": 0.015893540061822118,
    "label_org:subsidiaries_fscore_mean": 0.3457739234931977,
    "label_org:subsidiaries_fscore_std": 0.09444343972618784,
    "label_per:employee_of_fscore_mean": 0.3665084398834509,
    "label_per:employee_of_fscore_std": 0.0655146650983173,
    "label_per:origin_fscore_mean": 0.6070708078459423,
    "label_per:origin_fscore_std": 0.01593127449081915,
    "label_per:alternate_names_fscore_mean": 0.3053590332567662,
    "label_per:alternate_names_fscore_std": 0.04150086290606838,
    "label_org:country_of_headquarters_fscore_mean": 0.5086519746027536,
    "label_org:country_of_headquarters_fscore_std": 0.09801062556335276,
    "label_per:other_family_fscore_mean": 0.3252479917396378,
    "label_per:other_family_fscore_std": 0.07187048439369136,
    "label_org:dissolved_fscore_mean": 0.16666666666666666,
    "label_org:dissolved_fscore_std": 0.23570226039551584,
    "label_org:top_members/employees_fscore_mean": 0.6641299228199143,
    "label_org:top_members/employees_fscore_std": 0.03082382605511801,
    "label_per:stateorprovince_of_death_fscore_mean": 0.19174603174603175,
    "label_per:stateorprovince_of_death_fscore_std": 0.03630724687110044,
    "label_per:country_of_birth_fscore_mean": 0,
    "label_per:country_of_birth_fscore_std": 0.0,
    "label_per:religion_fscore_mean": 0.5157489878542509,
    "label_per:religion_fscore_std": 0.07279206487929164,
    "loss_mean": 0.5558854148655431,
    "loss_std": 0.09572130983532973
}