{
  "accuracy": 0.8585885486018642,
  "macro_fscore": 0.4619394054680014,
  "micro_fscore": 0.6229863692688972,
  "label_per:schools_attended_fscore": 0.6415094339622641,
  "label_per:children_fscore": 0.2857142857142857,
  "label_per:city_of_birth_fscore": 0.5,
  "label_per:date_of_death_fscore": 0.5185185185185185,
  "label_per:siblings_fscore": 0.6464646464646464,
  "label_org:political/religious_affiliation_fscore": 0.47619047619047616,
  "label_org:city_of_headquarters_fscore": 0.6447368421052632,
  "label_org:alternate_names_fscore": 0.7868131868131869,
  "label_per:stateorprovinces_of_residence_fscore": 0.5,
  "label_per:title_fscore": 0.8151950718685832,
  "label_org:parents_fscore": 0.38961038961038963,
  "label_org:shareholders_fscore": 0,
  "label_per:cause_of_death_fscore": 0.25,
  "label_org:members_fscore": 0.06896551724137931,
  "label_per:cities_of_residence_fscore": 0.5788113695090439,
  "label_org:stateorprovince_of_headquarters_fscore": 0.6779661016949153,
  "label_org:website_fscore": 0.7307692307692307,
  "label_org:number_of_employees/members_fscore": 0.6666666666666667,
  "label_per:age_fscore": 0.9226932668329177,
  "label_per:countries_of_residence_fscore": 0.42172523961661346,
  "label_per:stateorprovince_of_birth_fscore": 0.3333333333333333,
  "label_per:parents_fscore": 0.6143790849673202,
  "label_org:founded_by_fscore": 0.5217391304347826,
  "label_per:spouse_fscore": 0.5365853658536586,
  "label_per:city_of_death_fscore": 0.2857142857142857,
  "label_per:date_of_birth_fscore": 0.7058823529411765,
  "label_org:member_of_fscore": 0.09523809523809525,
  "label_per:country_of_death_fscore": 0,
  "label_per:charges_fscore": 0.7076923076923076,
  "label_org:founded_fscore": 0.7945205479452055,
  "label_org:subsidiaries_fscore": 0.2028985507246377,
  "label_per:employee_of_fscore": 0.44690265486725667,
  "label_per:origin_fscore": 0.6352941176470588,
  "label_per:alternate_names_fscore": 0.33333333333333337,
  "label_org:country_of_headquarters_fscore": 0.5631067961165048,
  "label_per:other_family_fscore": 0.36065573770491804,
  "label_org:dissolved_fscore": 0,
  "label_org:top_members/employees_fscore": 0.6683608640406608,
  "label_per:stateorprovince_of_death_fscore": 0.19047619047619047,
  "label_per:country_of_birth_fscore": 0,
  "label_per:religion_fscore": 0.4210526315789473,
  "loss": 0.6427967043101519
}