{
  "accuracy": 0.8651797603195739,
  "macro_fscore": 0.46494752150261837,
  "micro_fscore": 0.6293706293706293,
  "label_per:schools_attended_fscore": 0.6769230769230768,
  "label_per:children_fscore": 0.3384615384615385,
  "label_per:city_of_birth_fscore": 0.4444444444444445,
  "label_per:date_of_death_fscore": 0.5376344086021506,
  "label_per:siblings_fscore": 0.6262626262626263,
  "label_org:political/religious_affiliation_fscore": 0.4,
  "label_org:city_of_headquarters_fscore": 0.6547619047619048,
  "label_org:alternate_names_fscore": 0.7906976744186046,
  "label_per:stateorprovinces_of_residence_fscore": 0.47826086956521735,
  "label_per:title_fscore": 0.8082340195016251,
  "label_org:parents_fscore": 0.2191780821917808,
  "label_org:shareholders_fscore": 0,
  "label_per:cause_of_death_fscore": 0.3076923076923077,
  "label_org:members_fscore": 0.23076923076923075,
  "label_per:cities_of_residence_fscore": 0.5975308641975308,
  "label_org:stateorprovince_of_headquarters_fscore": 0.6956521739130436,
  "label_org:website_fscore": 0.7169811320754716,
  "label_org:number_of_employees/members_fscore": 0.7058823529411765,
  "label_per:age_fscore": 0.9023746701846964,
  "label_per:countries_of_residence_fscore": 0.36947791164658633,
  "label_per:stateorprovince_of_birth_fscore": 0.39999999999999997,
  "label_per:parents_fscore": 0.5571428571428572,
  "label_org:founded_by_fscore": 0.32989690721649484,
  "label_per:spouse_fscore": 0.6187050359712231,
  "label_per:city_of_death_fscore": 0.2857142857142857,
  "label_per:date_of_birth_fscore": 0.8750000000000001,
  "label_org:member_of_fscore": 0,
  "label_per:country_of_death_fscore": 0,
  "label_per:charges_fscore": 0.7707317073170732,
  "label_org:founded_fscore": 0.8266666666666665,
  "label_per:origin_fscore": 0.6036036036036035,
  "label_per:employee_of_fscore": 0.42424242424242425,
  "label_org:subsidiaries_fscore": 0.38202247191011235,
  "label_per:alternate_names_fscore": 0.3529411764705882,
  "label_org:country_of_headquarters_fscore": 0.5581395348837208,
  "label_per:other_family_fscore": 0.22535211267605634,
  "label_org:dissolved_fscore": 0,
  "label_org:top_members/employees_fscore": 0.703851261620186,
  "label_per:stateorprovince_of_death_fscore": 0.19047619047619047,
  "label_per:country_of_birth_fscore": 0,
  "label_per:religion_fscore": 0.4571428571428571,
  "loss": 0.45568770436615674
}