{
    "model_count": 3,
    "em_accuracy_mean": 0.803921568627451,
    "em_accuracy_std": 0.004760741682129771,
    "loss_mean": 0.0,
    "loss_std": 0.0
}