{
    "model_count": 3,
    "accuracy_mean": 0.8333333333333334,
    "accuracy_std": 0.018518518518518545,
    "macro_fscore_mean": 0.7684563473085712,
    "macro_fscore_std": 0.020586457433931928,
    "micro_fscore_mean": 0.8371503817048371,
    "micro_fscore_std": 0.012530152940400545,
    "label_has-genre_fscore_mean": 0.5476190476190477,
    "label_has-genre_fscore_std": 0.04123930494211617,
    "label_has-occupation_fscore_mean": 0.8780487804878048,
    "label_has-occupation_fscore_std": 0.0,
    "label_has-type_fscore_mean": 0.879701213818861,
    "label_has-type_fscore_std": 0.022410457466545523,
    "loss_mean": 0.7352069595945068,
    "loss_std": 0.1518412390849226
}