{"model_count": 10, "em_accuracy_mean": 0.5199770707939237, "em_accuracy_std": 0.005619410000872436, "loss_mean": 1.513384113382531, "loss_std": 0.011590867177766665}