{
  "em_accuracy": 0.5242189739180281,
  "loss": 1.517824301980946
}