{
  "em_accuracy": 0.5107480653482374,
  "loss": 1.5227170839701614
}