{
  "em_accuracy": 0.5196331327027802,
  "loss": 1.5116594752220258
}