{
  "em_accuracy": 0.5141874462596733,
  "loss": 1.532071455156422
}