{
  "UAS": 0.36006546644844517,
  "LAS": 0.2537664190692014,
  "UEM": 0.003,
  "LEM": 0.001,
  "loss": 2.968513390374562
}