{
  "UAS": 0.36531117545847497,
  "LAS": 0.2551512862478493,
  "UEM": 0.007,
  "LEM": 0.003,
  "loss": 2.9649776352776422
}