{
  "UAS": 0.3703890217801838,
  "LAS": 0.261613999748206,
  "UEM": 0.006,
  "LEM": 0.002,
  "loss": 2.884113588030376
}