{
  "accuracy": 0.9529411764705882,
  "macro_fscore": 0.6386808036322952,
  "micro_fscore": 0.9552760307477288,
  "loss": 0.2691241143793277
}