{
  "accuracy": 0.8871972318339101,
  "macro_fscore": 0.5925945524082065,
  "micro_fscore": 0.8906797477224947,
  "loss": 0.43533309714889135
}