{
  "accuracy": 0.884272997032641,
  "macro_fscore": 0.5608188048731286,
  "micro_fscore": 0.88955223880597,
  "loss": 0.5596162222738547
}