{
  "accuracy": 0.8961424332344213,
  "macro_fscore": 0.6285740911724681,
  "micro_fscore": 0.9001490312965722,
  "loss": 0.43786161740056495
}