{
  "accuracy": 0.8753709198813057,
  "macro_fscore": 0.5938033733082824,
  "micro_fscore": 0.8845577211394303,
  "loss": 0.4431145650768568
}