{
  "accuracy": 0.8783382789317508,
  "macro_fscore": 0.5595419095694624,
  "micro_fscore": 0.8796433878157504,
  "loss": 0.6699187929149378
}