{
    "model_count": 5,
    "UAS_mean": 0.6434356136820926,
    "UAS_std": 0.011897551344658202,
    "LAS_mean": 0.5041624748490946,
    "LAS_std": 0.01029781010577237,
    "UEM_mean": 0.0343906510851419,
    "UEM_std": 0.0025318448894996832,
    "LEM_mean": 0.012020033388981636,
    "LEM_std": 0.0007466003263772254,
    "LOAS_mean": 0.6837273641851107,
    "LOAS_std": 0.008305988942167285,
    "LOEM_mean": 0.024040066777963272,
    "LOEM_std": 0.005091135453080769,
    "loss_mean": 7.011380170520983,
    "loss_std": 1.088577607866279
}