{
  "UAS": 0.6452464788732394,
  "LAS": 0.508614185110664,
  "UEM": 0.0333889816360601,
  "LEM": 0.011686143572621035,
  "LOAS": 0.6938506036217303,
  "LOEM": 0.02003338898163606,
  "loss": 6.414756022001567
}