{
  "UAS": 0.6484532193158954,
  "LAS": 0.5105633802816901,
  "UEM": 0.03171953255425709,
  "LEM": 0.011686143572621035,
  "LOAS": 0.6856136820925554,
  "LOEM": 0.021702838063439065,
  "loss": 8.95174106798674
}