{
  "UAS": 0.6234280684104627,
  "LAS": 0.4864185110663984,
  "UEM": 0.0333889816360601,
  "LEM": 0.011686143572621035,
  "LOAS": 0.6744844064386318,
  "LOEM": 0.02003338898163606,
  "loss": 6.611230699639571
}