{
  "UAS": 0.6449949698189135,
  "LAS": 0.5111292756539235,
  "UEM": 0.038397328881469114,
  "LEM": 0.011686143572621035,
  "LOAS": 0.6886946680080482,
  "LOEM": 0.03171953255425709,
  "loss": 6.622490004489296
}