{
  "UAS": 0.6550553319919518,
  "LAS": 0.5040870221327968,
  "UEM": 0.035058430717863104,
  "LEM": 0.01335559265442404,
  "LOAS": 0.6759934607645876,
  "LOEM": 0.02671118530884808,
  "loss": 6.456683058487742
}