{
    "model_count": 5,
    "em_accuracy_mean": 0.5965843023255814,
    "em_accuracy_std": 0.008748895327394344,
    "loss_mean": 0.0,
    "loss_std": 0.0
}