{
  "UAS": 0.6022318214542837,
  "LAS": 0.4801501594158182,
  "UEM": 0.097,
  "LEM": 0.029,
  "loss": 2.0729887390893604
}