{
  "UAS": 0.6214645685488018,
  "LAS": 0.49773732387123315,
  "UEM": 0.091,
  "LEM": 0.025,
  "loss": 2.076399498515659
}