{
  "accuracy": 0.9337016574585635,
  "macro_fscore": 0.34504165745041665,
  "micro_fscore": 0.9401709401709402,
  "loss": 0.28963887815674144
}