{
  "accuracy": 0.9281767955801105,
  "macro_fscore": 0.4480029195896354,
  "micro_fscore": 0.9318181818181819,
  "loss": 0.44064047932624817
}