{
    "model_count": 5,
    "accuracy_mean": 0.8469565217391305,
    "accuracy_std": 0.003984848430396382,
    "macro_fscore_mean": 0.8537010904703374,
    "macro_fscore_std": 0.004377150132756436,
    "micro_fscore_mean": 0.8495317301349297,
    "micro_fscore_std": 0.003986686163148596,
    "label_invented-by_fscore_mean": 0.988078431372549,
    "label_invented-by_fscore_std": 0.010884030960541207,
    "label_org-has-founder_fscore_mean": 0.876462809186518,
    "label_org-has-founder_fscore_std": 0.049966591356214805,
    "label_has-nationality_fscore_mean": 0.474421766748527,
    "label_has-nationality_fscore_std": 0.02505842411880028,
    "label_is-where_fscore_mean": 0.879885097147343,
    "label_is-where_fscore_std": 0.012957802424908746,
    "label_has-tourist-attraction_fscore_mean": 0.9759575712673307,
    "label_has-tourist-attraction_fscore_std": 0.011298208713806657,
    "label_org-has-member_fscore_mean": 0.9516034793304924,
    "label_org-has-member_fscore_std": 0.00990660851706436,
    "label_won-award_fscore_mean": 0.9606511676835683,
    "label_won-award_fscore_std": 0.004721858808489679,
    "label_movie-has-director_fscore_mean": 0.993939393939394,
    "label_movie-has-director_fscore_std": 0.005532551085910744,
    "label_has-genre_fscore_mean": 0.741933634069883,
    "label_has-genre_fscore_std": 0.053806409044729976,
    "label_has-highest-mountain_fscore_mean": 0.986138613861386,
    "label_has-highest-mountain_fscore_std": 0.008855714762375412,
    "label_first-product_fscore_mean": 0.9348808770820156,
    "label_first-product_fscore_std": 0.029776009880536098,
    "label_has-spouse_fscore_mean": 0.8605496397377264,
    "label_has-spouse_fscore_std": 0.02287944274347007,
    "label_headquarters_fscore_mean": 0.9431326897995922,
    "label_headquarters_fscore_std": 0.023621825490460442,
    "label_from-country_fscore_mean": 0.31277780584044335,
    "label_from-country_fscore_std": 0.05364188540971535,
    "label_invented-when_fscore_mean": 0.9881568627450981,
    "label_invented-when_fscore_std": 0.010812441037968207,
    "label_has-occupation_fscore_mean": 0.9341723113487819,
    "label_has-occupation_fscore_std": 0.008434261705823499,
    "label_is-member-of_fscore_mean": 0.9646647931497889,
    "label_is-member-of_fscore_std": 0.009009231913280277,
    "label_has-child_fscore_mean": 0.9057794850564104,
    "label_has-child_fscore_std": 0.015036064396331731,
    "label_has-parent_fscore_mean": 0.9135624295489513,
    "label_has-parent_fscore_std": 0.00510536733841893,
    "label_has-type_fscore_mean": 0.7025996447559965,
    "label_has-type_fscore_std": 0.0277102852814233,
    "label_has-sibling_fscore_mean": 0.9170062657116674,
    "label_has-sibling_fscore_std": 0.022799961542794515,
    "label_birth-place_fscore_mean": 0.5750692209639577,
    "label_birth-place_fscore_std": 0.01423402862885827,
    "loss_mean": 0.7405430763102938,
    "loss_std": 0.12709300950474267
}