{
  "accuracy": 0.8460869565217392,
  "macro_fscore": 0.8559117174858344,
  "micro_fscore": 0.8505747126436781,
  "label_invented-by_fscore": 0.98,
  "label_org-has-founder_fscore": 0.8409090909090909,
  "label_has-nationality_fscore": 0.5072463768115942,
  "label_is-where_fscore": 0.8749999999999999,
  "label_has-tourist-attraction_fscore": 0.98989898989899,
  "label_org-has-member_fscore": 0.9411764705882353,
  "label_won-award_fscore": 0.9591836734693877,
  "label_movie-has-director_fscore": 0.98989898989899,
  "label_has-genre_fscore": 0.7816091954022989,
  "label_has-highest-mountain_fscore": 0.99009900990099,
  "label_first-product_fscore": 0.924731182795699,
  "label_has-spouse_fscore": 0.8703703703703703,
  "label_headquarters_fscore": 0.9702970297029702,
  "label_from-country_fscore": 0.3076923076923077,
  "label_invented-when_fscore": 0.98,
  "label_has-occupation_fscore": 0.94,
  "label_is-member-of_fscore": 0.9607843137254902,
  "label_has-child_fscore": 0.9183673469387755,
  "label_has-parent_fscore": 0.9052631578947369,
  "label_has-type_fscore": 0.702127659574468,
  "label_has-sibling_fscore": 0.9278350515463918,
  "label_birth-place_fscore": 0.5675675675675675,
  "loss": 0.7105671769111521
}