{
  "accuracy": 0.8460869565217392,
  "macro_fscore": 0.8545857422160896,
  "micro_fscore": 0.8487626031164069,
  "label_invented-by_fscore": 1.0,
  "label_org-has-founder_fscore": 0.813953488372093,
  "label_has-nationality_fscore": 0.44800000000000006,
  "label_is-where_fscore": 0.8865979381443299,
  "label_has-tourist-attraction_fscore": 0.98,
  "label_org-has-member_fscore": 0.9514563106796116,
  "label_won-award_fscore": 0.9583333333333334,
  "label_movie-has-director_fscore": 1.0,
  "label_has-genre_fscore": 0.7073170731707317,
  "label_has-highest-mountain_fscore": 0.99009900990099,
  "label_first-product_fscore": 0.96,
  "label_has-spouse_fscore": 0.8411214953271027,
  "label_headquarters_fscore": 0.96,
  "label_from-country_fscore": 0.4042553191489362,
  "label_invented-when_fscore": 1.0,
  "label_has-occupation_fscore": 0.94,
  "label_is-member-of_fscore": 0.9504950495049505,
  "label_has-child_fscore": 0.9072164948453608,
  "label_has-parent_fscore": 0.9183673469387755,
  "label_has-type_fscore": 0.673469387755102,
  "label_has-sibling_fscore": 0.9387755102040817,
  "label_birth-place_fscore": 0.5714285714285713,
  "loss": 0.6725526278993735
}