{
  "accuracy": 0.8443478260869566,
  "macro_fscore": 0.8499290457419505,
  "micro_fscore": 0.845766590389016,
  "label_invented-by_fscore": 0.98,
  "label_org-has-founder_fscore": 0.8764044943820225,
  "label_has-nationality_fscore": 0.4671532846715328,
  "label_is-where_fscore": 0.8599999999999999,
  "label_has-tourist-attraction_fscore": 0.96,
  "label_org-has-member_fscore": 0.9615384615384615,
  "label_won-award_fscore": 0.9583333333333334,
  "label_movie-has-director_fscore": 0.98989898989899,
  "label_has-genre_fscore": 0.7586206896551725,
  "label_has-highest-mountain_fscore": 0.9702970297029702,
  "label_first-product_fscore": 0.94,
  "label_has-spouse_fscore": 0.8347826086956522,
  "label_headquarters_fscore": 0.9387755102040817,
  "label_from-country_fscore": 0.26966292134831465,
  "label_invented-when_fscore": 1.0,
  "label_has-occupation_fscore": 0.9292929292929293,
  "label_is-member-of_fscore": 0.9702970297029702,
  "label_has-child_fscore": 0.8817204301075269,
  "label_has-parent_fscore": 0.9148936170212766,
  "label_has-type_fscore": 0.7474747474747474,
  "label_has-sibling_fscore": 0.9292929292929293,
  "label_birth-place_fscore": 0.5599999999999999,
  "loss": 0.8127011381374258
}