{
  "UAS": 0.804092857720618,
  "LAS": 0.7290706139286581,
  "UEM": 0.04,
  "LEM": 0.013,
  "LOAS": 0.8466796085092615,
  "LOEM": 0.092,
  "loss": 5.180970191955566
}