{
  "UAS": 0.8009787268462347,
  "LAS": 0.7304456847043598,
  "UEM": 0.022,
  "LEM": 0.007,
  "LOAS": 0.8538380651945321,
  "LOEM": 0.102,
  "loss": 5.161608785390854
}