{
  "UAS": 0.8044972903017067,
  "LAS": 0.7280595324759362,
  "UEM": 0.03,
  "LEM": 0.011,
  "LOAS": 0.8484995551241608,
  "LOEM": 0.091,
  "loss": 5.843119479715824
}