{"model_count": 10, "em_accuracy_mean": 0.5450272479564032, "em_accuracy_std": 0.011808321074390856, "loss_mean": 1.4193367561244445, "loss_std": 0.01496248941753985}