{
  "em_accuracy": 0.5524523160762943,
  "loss": 1.414616034730621
}