{
  "em_accuracy": 0.5289509536784741,
  "loss": 1.4480412790308828
}