{
  "em_accuracy": 0.5527929155313351,
  "loss": 1.4137580320239067
}