{
  "em_accuracy": 0.5466621253405994,
  "loss": 1.42399638340525
}