{
  "em_accuracy": 0.5303133514986376,
  "loss": 1.430814324837664
}