{
  "accuracy": 0.7382920110192838,
  "macro_fscore": 0.7731959775338617,
  "micro_fscore": 0.7359550561797754,
  "loss": 1.4826267724451812
}