{
  "accuracy": 0.7493112947658402,
  "macro_fscore": 0.8121153717978907,
  "micro_fscore": 0.7482419127988749,
  "loss": 1.2985477343849514
}