{
  "accuracy": 0.7575757575757576,
  "macro_fscore": 0.7744002044063009,
  "micro_fscore": 0.7556179775280899,
  "loss": 1.1897140550224676
}