{
  "accuracy": 0.7382920110192838,
  "macro_fscore": 0.7799596934339168,
  "micro_fscore": 0.7377279102384292,
  "loss": 0.9865211144737576
}