{
  "accuracy": 0.7713498622589532,
  "macro_fscore": 0.827576632308816,
  "micro_fscore": 0.770745428973277,
  "label_has-occupation_fscore": 0.9894736842105264,
  "label_birth-place_fscore": 0.6153846153846153,
  "label_headquarters_fscore": 0.761904761904762,
  "label_org-has-member_fscore": 1.0,
  "label_won-award_fscore": 1.0,
  "label_first-product_fscore": 0.6666666666666666,
  "label_invented-by_fscore": 1.0,
  "label_has-nationality_fscore": 0.1846153846153846,
  "label_org-has-founder_fscore": 0.8571428571428571,
  "label_has-child_fscore": 0.9600000000000001,
  "label_movie-has-director_fscore": 1.0,
  "label_has-spouse_fscore": 0.9411764705882353,
  "label_has-parent_fscore": 1.0,
  "label_has-tourist-attraction_fscore": 1.0,
  "label_is-member-of_fscore": 0.9310344827586207,
  "label_has-type_fscore": 0.6666666666666667,
  "label_from-country_fscore": 0.3235294117647059,
  "label_has-sibling_fscore": 0.9090909090909091,
  "label_is-where_fscore": 0.6,
  "label_has-highest-mountain_fscore": 1.0,
  "label_has-genre_fscore": 0.7999999999999999,
  "label_invented-when_fscore": 1.0,
  "loss": 1.2261037946395252
}