{
  "accuracy": 0.7658402203856749,
  "macro_fscore": 0.8190623776414316,
  "micro_fscore": 0.7623066104078763,
  "label_has-occupation_fscore": 0.9947643979057591,
  "label_birth-place_fscore": 0.5974025974025974,
  "label_headquarters_fscore": 0.8571428571428572,
  "label_org-has-member_fscore": 1.0,
  "label_won-award_fscore": 0.923076923076923,
  "label_first-product_fscore": 1.0,
  "label_invented-by_fscore": 1.0,
  "label_has-nationality_fscore": 0.21875,
  "label_org-has-founder_fscore": 0.6666666666666666,
  "label_has-child_fscore": 0.9090909090909091,
  "label_movie-has-director_fscore": 1.0,
  "label_has-spouse_fscore": 0.6086956521739131,
  "label_has-parent_fscore": 0.846153846153846,
  "label_has-tourist-attraction_fscore": 1.0,
  "label_is-member-of_fscore": 0.9818181818181818,
  "label_has-type_fscore": 0.787878787878788,
  "label_from-country_fscore": 0.3188405797101449,
  "label_has-sibling_fscore": 0.9090909090909091,
  "label_is-where_fscore": 0.6,
  "label_has-highest-mountain_fscore": 1.0,
  "label_has-genre_fscore": 0.7999999999999999,
  "label_invented-when_fscore": 1.0,
  "loss": 1.076856074773747
}