{
  "accuracy": 0.586,
  "macro_fscore": 0.541869220695947,
  "micro_fscore": 0.617737003058104,
  "label_org:founded_fscore": 0.7777777777777778,
  "label_per:stateorprovinces_of_residence_fscore": 0.30769230769230765,
  "label_per:siblings_fscore": 0.7272727272727272,
  "label_org:parents_fscore": 0.25,
  "label_per:title_fscore": 0.7333333333333334,
  "label_per:religion_fscore": 0.2857142857142857,
  "label_per:charges_fscore": 0.8750000000000001,
  "label_per:spouse_fscore": 0.8235294117647058,
  "label_per:cause_of_death_fscore": 0.9565217391304348,
  "label_org:website_fscore": 1.0,
  "label_per:countries_of_residence_fscore": 0.5217391304347826,
  "label_org:number_of_employees/members_fscore": 0.7499999999999999,
  "label_per:schools_attended_fscore": 0.888888888888889,
  "label_org:top_members/employees_fscore": 0.7407407407407407,
  "label_org:shareholders_fscore": 0.19999999999999998,
  "label_per:other_family_fscore": 0.15384615384615385,
  "label_org:stateorprovince_of_headquarters_fscore": 0.14285714285714288,
  "label_per:stateorprovince_of_death_fscore": 0.6666666666666665,
  "label_org:subsidiaries_fscore": 0.625,
  "label_per:origin_fscore": 0.36363636363636365,
  "label_org:city_of_headquarters_fscore": 0.5882352941176471,
  "label_org:dissolved_fscore": 0,
  "label_per:children_fscore": 0.6666666666666666,
  "label_org:member_of_fscore": 0,
  "label_org:country_of_headquarters_fscore": 0.5714285714285715,
  "label_per:country_of_birth_fscore": 0.25,
  "label_per:city_of_death_fscore": 0.823529411764706,
  "label_org:members_fscore": 0,
  "label_per:parents_fscore": 0.7692307692307693,
  "label_per:date_of_death_fscore": 0.5882352941176471,
  "label_per:age_fscore": 0.962962962962963,
  "label_per:stateorprovince_of_birth_fscore": 0,
  "label_per:alternate_names_fscore": 0.4615384615384615,
  "label_per:cities_of_residence_fscore": 0.45454545454545453,
  "label_per:date_of_birth_fscore": 0.9523809523809523,
  "label_per:employee_of_fscore": 0.3529411764705882,
  "label_org:political/religious_affiliation_fscore": 0.5,
  "label_org:alternate_names_fscore": 0.7999999999999999,
  "label_org:founded_by_fscore": 0.5714285714285715,
  "label_per:city_of_birth_fscore": 0.5714285714285715,
  "loss": 1.5393466483801603
}