{
    "model_count": 5,
    "accuracy_mean": 0.612,
    "accuracy_std": 0.05192301994298869,
    "macro_fscore_mean": 0.5981739399417526,
    "macro_fscore_std": 0.0703381000161333,
    "micro_fscore_mean": 0.6508501130285319,
    "micro_fscore_std": 0.053231708790519174,
    "label_org:founded_fscore_mean": 0.72953216374269,
    "label_org:founded_fscore_std": 0.0989721271023413,
    "label_per:stateorprovinces_of_residence_fscore_mean": 0.35888111888111884,
    "label_per:stateorprovinces_of_residence_fscore_std": 0.11063812259282108,
    "label_per:siblings_fscore_mean": 0.7145675239792887,
    "label_per:siblings_fscore_std": 0.06999807536124836,
    "label_org:parents_fscore_mean": 0.3955844155844156,
    "label_org:parents_fscore_std": 0.19039454911118955,
    "label_per:title_fscore_mean": 0.7468091168091168,
    "label_per:title_fscore_std": 0.05418047676335719,
    "label_per:religion_fscore_mean": 0.4380952380952381,
    "label_per:religion_fscore_std": 0.2086562123829204,
    "label_per:charges_fscore_mean": 0.7190394899218429,
    "label_per:charges_fscore_std": 0.23306589103961367,
    "label_per:spouse_fscore_mean": 0.8613691090471276,
    "label_per:spouse_fscore_std": 0.05578697881054995,
    "label_per:cause_of_death_fscore_mean": 0.9565217391304348,
    "label_per:cause_of_death_fscore_std": 0.0,
    "label_org:website_fscore_mean": 1.0,
    "label_org:website_fscore_std": 0.0,
    "label_per:countries_of_residence_fscore_mean": 0.5572111721916819,
    "label_per:countries_of_residence_fscore_std": 0.025277328389564827,
    "label_org:number_of_employees/members_fscore_mean": 0.7627450980392156,
    "label_org:number_of_employees/members_fscore_std": 0.065087259915489,
    "label_per:schools_attended_fscore_mean": 0.8512698412698413,
    "label_per:schools_attended_fscore_std": 0.07363779305072712,
    "label_org:top_members/employees_fscore_mean": 0.739994301994302,
    "label_org:top_members/employees_fscore_std": 0.060322024179256355,
    "label_org:shareholders_fscore_mean": 0.38593406593406593,
    "label_org:shareholders_fscore_std": 0.2569906565629986,
    "label_per:other_family_fscore_mean": 0.22174667437825332,
    "label_per:other_family_fscore_std": 0.19802766703166563,
    "label_org:stateorprovince_of_headquarters_fscore_mean": 0.386577964519141,
    "label_org:stateorprovince_of_headquarters_fscore_std": 0.1438790302661038,
    "label_per:stateorprovince_of_death_fscore_mean": 0.7825396825396825,
    "label_per:stateorprovince_of_death_fscore_std": 0.09002778048893116,
    "label_org:subsidiaries_fscore_mean": 0.6141375291375292,
    "label_org:subsidiaries_fscore_std": 0.15825181735089636,
    "label_per:origin_fscore_mean": 0.2632034632034632,
    "label_per:origin_fscore_std": 0.08289110749715277,
    "label_org:city_of_headquarters_fscore_mean": 0.6310528559249786,
    "label_org:city_of_headquarters_fscore_std": 0.03502325032970741,
    "label_org:dissolved_fscore_mean": 0,
    "label_org:dissolved_fscore_std": 0.0,
    "label_per:children_fscore_mean": 0.701032301032301,
    "label_per:children_fscore_std": 0.11788550427754187,
    "label_org:member_of_fscore_mean": 0.14285714285714285,
    "label_org:member_of_fscore_std": 0.20203050891044214,
    "label_org:country_of_headquarters_fscore_mean": 0.46026473526473527,
    "label_org:country_of_headquarters_fscore_std": 0.17104884814108154,
    "label_per:country_of_birth_fscore_mean": 0.4677777777777778,
    "label_per:country_of_birth_fscore_std": 0.14446581038560774,
    "label_per:city_of_death_fscore_mean": 0.9331269349845202,
    "label_per:city_of_death_fscore_std": 0.06536834803015705,
    "label_org:members_fscore_mean": 0.18614718614718614,
    "label_org:members_fscore_std": 0.2550073848488856,
    "label_per:parents_fscore_mean": 0.837018456583674,
    "label_per:parents_fscore_std": 0.056974342867532175,
    "label_per:date_of_death_fscore_mean": 0.6024089635854342,
    "label_per:date_of_death_fscore_std": 0.17369246256009122,
    "label_per:age_fscore_mean": 0.9623931623931624,
    "label_per:age_fscore_std": 0.027207604299289645,
    "label_per:stateorprovince_of_birth_fscore_mean": 0.64,
    "label_per:stateorprovince_of_birth_fscore_std": 0.35777087639996635,
    "label_per:alternate_names_fscore_mean": 0.5054945054945055,
    "label_per:alternate_names_fscore_std": 0.0601892920335348,
    "label_per:cities_of_residence_fscore_mean": 0.48467192937781167,
    "label_per:cities_of_residence_fscore_std": 0.10087879497787554,
    "label_per:date_of_birth_fscore_mean": 0.9809523809523809,
    "label_per:date_of_birth_fscore_std": 0.02608202654786508,
    "label_per:employee_of_fscore_mean": 0.4381320949432404,
    "label_per:employee_of_fscore_std": 0.13014278116330613,
    "label_org:political/religious_affiliation_fscore_mean": 0.34499484004127967,
    "label_org:political/religious_affiliation_fscore_std": 0.11620657790519336,
    "label_org:alternate_names_fscore_mean": 0.7253416149068324,
    "label_org:alternate_names_fscore_std": 0.19380096314876108,
    "label_org:founded_by_fscore_mean": 0.5465201465201466,
    "label_org:founded_by_fscore_std": 0.08677531205764712,
    "label_per:city_of_birth_fscore_mean": 0.8510108604845448,
    "label_per:city_of_birth_fscore_std": 0.15856425837598764,
    "loss_mean": 1.691709321178496,
    "loss_std": 0.1054526254317765
}