{"model_count": 10, "em_accuracy_mean": 0.39655419956927496, "em_accuracy_std": 0.010671712157583226, "loss_mean": 1.9623527130399432, "loss_std": 0.029338545795868396}