{
  "em_accuracy": 0.3740129217516152,
  "loss": 1.9894530844688416
}