{
  "em_accuracy": 0.41277817659727206,
  "loss": 1.922972206047603
}