{
  "em_accuracy": 0.3973438621679828,
  "loss": 1.9811601744379317
}