{
  "em_accuracy": 0.4048815506101938,
  "loss": 1.9674647041729518
}