{
  "em_accuracy": 0.3948312993539124,
  "loss": 1.927660027572087
}