{
  "em_accuracy": 0.39662598707824837,
  "loss": 1.9992621551241194
}