{
    "model_count": 5,
    "UAS_mean": 0.9156770542759225,
    "UAS_std": 0.0012337471571222355,
    "LAS_mean": 0.8749900374591536,
    "LAS_std": 0.0009522438148839096,
    "UEM_mean": 0.6965816080885894,
    "UEM_std": 0.004996562855703258,
    "LEM_mean": 0.5173808377467501,
    "LEM_std": 0.00664175570709998,
    "LOAS_mean": 0.9217183390451901,
    "LOAS_std": 0.0014127430919595573,
    "LOEM_mean": 0.5540683678382282,
    "LOEM_std": 0.005311397350224963,
    "loss_mean": 2.2240034537124322,
    "loss_std": 0.3421132885751233
}