{
  "UAS": 0.9161552562365506,
  "LAS": 0.8764644935044233,
  "UEM": 0.6942705825710159,
  "LEM": 0.5247953779489648,
  "LOAS": 0.9236470869530565,
  "LOEM": 0.561386615310544,
  "loss": 2.214046842452192
}