{
  "UAS": 0.9161154060731649,
  "LAS": 0.8738742328843548,
  "UEM": 0.6894559460760713,
  "LEM": 0.5098700048146365,
  "LOAS": 0.9198613214314179,
  "LOEM": 0.5507944150216658,
  "loss": 2.7381010721509274
}