{
  "UAS": 0.9140033474137244,
  "LAS": 0.8747907866422252,
  "UEM": 0.6971593644679827,
  "LEM": 0.5204622051035147,
  "LOAS": 0.9216944289471587,
  "LOEM": 0.5546461242176216,
  "loss": 2.3219457275732145
}