{
  "UAS": 0.9149199011715948,
  "LAS": 0.8751892882760819,
  "UEM": 0.699566682715455,
  "LEM": 0.5209436687530091,
  "LOAS": 0.9223320315613294,
  "LOEM": 0.556090515166105,
  "loss": 2.003353621931228
}