{
  "UAS": 0.9171913604845779,
  "LAS": 0.8746313859886825,
  "UEM": 0.7024554646124218,
  "LEM": 0.5108329321136255,
  "LOAS": 0.9210568263329879,
  "LOEM": 0.5474241694752047,
  "loss": 1.842570004454599
}