{
  "accuracy": 0.937007874015748,
  "macro_fscore": 0.46744505494505495,
  "micro_fscore": 0.9435483870967742,
  "loss": 0.33412110099743586
}