{
  "accuracy": 0.9291338582677166,
  "macro_fscore": 0.6080705705705706,
  "micro_fscore": 0.9274193548387096,
  "loss": 0.30900568002834916
}