{
  "accuracy": 0.952755905511811,
  "macro_fscore": 0.5424423427907749,
  "micro_fscore": 0.9558232931726908,
  "loss": 0.24333733183539152
}