{
  "accuracy": 0.9291338582677166,
  "macro_fscore": 0.4656075808249721,
  "micro_fscore": 0.9311740890688259,
  "loss": 0.24539747089147568
}