{
  "accuracy": 0.9291338582677166,
  "macro_fscore": 0.41391941391941395,
  "micro_fscore": 0.931726907630522,
  "loss": 0.28575568832457066
}