{
  "accuracy": 0.9432525951557094,
  "macro_fscore": 0.5763153193025735,
  "micro_fscore": 0.9434752267969295,
  "loss": 0.34705087172563426
}