{
  "accuracy": 0.9494809688581315,
  "macro_fscore": 0.6302354300508701,
  "micro_fscore": 0.9540834209603924,
  "loss": 0.2787927373115403
}