{
  "accuracy": 0.9058823529411765,
  "macro_fscore": 0.5684705996392038,
  "micro_fscore": 0.906108202443281,
  "loss": 0.39838941412992906
}