{
    "model_count": 5,
    "UAS_mean": 0.6509768451519536,
    "UAS_std": 0.014911952365816994,
    "LAS_mean": 0.4483960443801254,
    "LAS_std": 0.006284917669953536,
    "UEM_mean": 0.075,
    "UEM_std": 0.005099019513592784,
    "LEM_mean": 0.011,
    "LEM_std": 0.0018708286933869704,
    "LOAS_mean": 0.5675229136517125,
    "LOAS_std": 0.00740248307860044,
    "LOEM_mean": 0.012199999999999999,
    "LOEM_std": 0.0021679483388678798,
    "loss_mean": 7.359400399029255,
    "loss_std": 1.057779245055748
}