{
  "UAS": 0.644356005788712,
  "LAS": 0.4548962855764592,
  "UEM": 0.068,
  "LEM": 0.012,
  "LOAS": 0.578328509406657,
  "LOEM": 0.013,
  "loss": 6.625481255352497
}