{
    "model_count": 5,
    "UAS_mean": 0.26594307766521946,
    "UAS_std": 0.006525770628241484,
    "LAS_mean": 0.11587071876507476,
    "LAS_std": 0.005941005257052383,
    "UEM_mean": 0.0052,
    "UEM_std": 0.0017888543819998318,
    "LEM_mean": 0.0026,
    "LEM_std": 0.0008944271909999159,
    "loss_mean": 3.0411515890605867,
    "loss_std": 0.037211788772581675
}