{
  "UAS": 0.2670646406174626,
  "LAS": 0.11493005306319344,
  "UEM": 0.007,
  "LEM": 0.002,
  "loss": 3.0566003795654053
}