{
  "UAS": 0.2630246020260492,
  "LAS": 0.11408586589483839,
  "UEM": 0.005,
  "LEM": 0.004,
  "loss": 3.0030962966737293
}