{
  "UAS": 0.2767727930535456,
  "LAS": 0.12608538350217077,
  "UEM": 0.007,
  "LEM": 0.002,
  "loss": 3.0335055457221136
}