{
  "UAS": 0.26031114327062227,
  "LAS": 0.11058851905451036,
  "UEM": 0.004,
  "LEM": 0.002,
  "loss": 3.097118578259907
}