{
  "accuracy": 0.9794801641586868,
  "macro_fscore": 0.9710084539680826,
  "micro_fscore": 0.9836763662171752,
  "loss": 0.11655995514782895
}