{
  "accuracy": 0.9822161422708618,
  "macro_fscore": 0.9737295970671691,
  "micro_fscore": 0.9858156028368794,
  "loss": 0.10410443367088548
}