{
  "accuracy": 0.9822161422708618,
  "macro_fscore": 0.9750261341740518,
  "micro_fscore": 0.9872340425531915,
  "loss": 0.09082109744699467
}