{
  "accuracy": 0.9849521203830369,
  "macro_fscore": 0.9803275696050748,
  "micro_fscore": 0.9872340425531915,
  "loss": 0.06787761449674651
}