{
  "accuracy": 0.6367713004484304,
  "macro_fscore": 0.6111149596018016,
  "micro_fscore": 0.6591549295774648,
  "label_per:city_of_birth_fscore": 0.4,
  "label_per:date_of_death_fscore": 0.6666666666666666,
  "label_org:parents_fscore": 0,
  "label_per:religion_fscore": 1.0,
  "label_org:founded_by_fscore": 0.9090909090909091,
  "label_org:alternate_names_fscore": 0.7692307692307693,
  "label_per:cause_of_death_fscore": 0.923076923076923,
  "label_per:stateorprovince_of_death_fscore": 0.5,
  "label_per:employee_of_fscore": 0.22222222222222224,
  "label_org:shareholders_fscore": 0.3333333333333333,
  "label_org:member_of_fscore": 0.5714285714285715,
  "label_per:siblings_fscore": 0.5714285714285715,
  "label_org:website_fscore": 1.0,
  "label_per:country_of_birth_fscore": 0.6666666666666666,
  "label_org:founded_fscore": 0.8,
  "label_per:stateorprovince_of_birth_fscore": 0,
  "label_per:date_of_birth_fscore": 1.0,
  "label_per:charges_fscore": 0.9090909090909091,
  "label_per:city_of_death_fscore": 0.8571428571428571,
  "label_org:dissolved_fscore": 0,
  "label_per:stateorprovinces_of_residence_fscore": 0.5,
  "label_per:parents_fscore": 0.7692307692307693,
  "label_org:top_members/employees_fscore": 0.8,
  "label_per:title_fscore": 0.631578947368421,
  "label_org:country_of_headquarters_fscore": 0.4444444444444445,
  "label_per:schools_attended_fscore": 0.888888888888889,
  "label_org:members_fscore": 0.6666666666666665,
  "label_org:number_of_employees/members_fscore": 0.8571428571428571,
  "label_per:cities_of_residence_fscore": 0.5454545454545454,
  "label_per:spouse_fscore": 0.8571428571428571,
  "label_per:countries_of_residence_fscore": 0.5,
  "label_org:city_of_headquarters_fscore": 0.5714285714285715,
  "label_per:age_fscore": 0.9473684210526316,
  "label_per:children_fscore": 0.8,
  "label_per:origin_fscore": 0.25,
  "label_per:other_family_fscore": 0,
  "label_org:subsidiaries_fscore": 0.4444444444444444,
  "label_org:political/religious_affiliation_fscore": 0.7999999999999999,
  "label_org:stateorprovince_of_headquarters_fscore": 0.5714285714285715,
  "label_per:alternate_names_fscore": 0.5,
  "loss": 1.2652410566806793
}