{
  "accuracy": 0.8333333333333334,
  "macro_fscore": 0.44253193960511034,
  "micro_fscore": 0.8543689320388349,
  "loss": 1.0793879138571876
}