{
  "accuracy": 0.8148148148148148,
  "macro_fscore": 0.37670068027210885,
  "micro_fscore": 0.8349514563106797,
  "loss": 1.204276293516159
}