{
  "accuracy": 0.7222222222222222,
  "macro_fscore": 0.26675289480167524,
  "micro_fscore": 0.7378640776699028,
  "loss": 1.2317789793014526
}