{
  "accuracy": 0.9315789473684211,
  "loss": 0.40008088930820424
}