{
  "accuracy": 0.9157894736842105,
  "loss": 0.4993917942047119
}