{
  "accuracy": 0.9210526315789473,
  "loss": 0.44255120392578345
}