{
    "model_count": 5,
    "em_accuracy_mean": 0.560812117305833,
    "em_accuracy_std": 0.016307882556321488,
    "loss_mean": 0.0,
    "loss_std": 0.0
}