{
    "model_count": 5,
    "UAS_mean": 0.74424365090839,
    "UAS_std": 0.010084327804243549,
    "LAS_mean": 0.5859283889933016,
    "LAS_std": 0.010208336421854656,
    "UEM_mean": 0.051199999999999996,
    "UEM_std": 0.017725687574816382,
    "LEM_mean": 0.0084,
    "LEM_std": 0.0031304951684997056,
    "LOAS_mean": 0.7137776492699147,
    "LOAS_std": 0.0056162654843313516,
    "LOEM_mean": 0.027800000000000002,
    "LOEM_std": 0.0038987177379235854,
    "loss_mean": 7.638104635477066,
    "loss_std": 0.6665987332554458
}