{
  "UAS": 0.746421859187509,
  "LAS": 0.5853211893402728,
  "UEM": 0.06,
  "LEM": 0.009,
  "LOAS": 0.7121102597465182,
  "LOEM": 0.024,
  "loss": 6.929462820291519
}