{
  "UAS": 0.7523492843718375,
  "LAS": 0.5934653751626427,
  "UEM": 0.073,
  "LEM": 0.011,
  "LOAS": 0.7148571153197436,
  "LOEM": 0.032,
  "loss": 7.6076396852731705
}