{
  "UAS": 0.7268565370343598,
  "LAS": 0.5689846272468797,
  "UEM": 0.025,
  "LEM": 0.003,
  "LOAS": 0.7070984530865982,
  "LOEM": 0.026,
  "loss": 8.16671435534954
}