{
  "accuracy": 0.8491048593350383,
  "macro_fscore": 0.7177068081178207,
  "micro_fscore": 0.8488372093023255,
  "loss": 1.1518916548514853
}