{
  "accuracy": 0.8312020460358056,
  "macro_fscore": 0.7281486874500948,
  "micro_fscore": 0.836150845253576,
  "loss": 0.8985907048063011
}