{
  "accuracy": 0.8235294117647058,
  "macro_fscore": 0.6774926419588917,
  "micro_fscore": 0.8256642903434868,
  "loss": 1.173987969452021
}