{
  "accuracy": 0.8375959079283888,
  "macro_fscore": 0.6459147581939578,
  "micro_fscore": 0.8415584415584416,
  "loss": 0.9608064309066656
}