{
    "model_count": 5,
    "em_accuracy_mean": 0.4724114441416894,
    "em_accuracy_std": 0.01907661030645837,
    "loss_mean": 0.0,
    "loss_std": 0.0
}