{
    "model_count": 5,
    "UAS_mean": 0.6071761299257208,
    "UAS_std": 0.009850345391582697,
    "LAS_mean": 0.4990641655126107,
    "LAS_std": 0.0111044372006652,
    "UEM_mean": 0.018,
    "UEM_std": 0.003937003937005906,
    "LEM_mean": 0.0048000000000000004,
    "LEM_std": 0.0010954451150103322,
    "LOAS_mean": 0.6629485081203575,
    "LOAS_std": 0.0066979368736378355,
    "LOEM_mean": 0.007,
    "LOEM_std": 0.001414213562373095,
    "loss_mean": 9.11531408727169,
    "loss_std": 1.0088866659035542
}