{
  "UAS": 0.5914222166267993,
  "LAS": 0.4826891602669017,
  "UEM": 0.014,
  "LEM": 0.005,
  "LOAS": 0.654748415795879,
  "LOEM": 0.006,
  "loss": 10.00390961766243
}