{
  "UAS": 0.6042637122833522,
  "LAS": 0.49326450963112173,
  "UEM": 0.018,
  "LEM": 0.005,
  "LOAS": 0.6656594905367409,
  "LOEM": 0.008,
  "loss": 8.28098751604557
}