{
    "model_count": 5,
    "UAS_mean": 0.761283793552118,
    "UAS_std": 0.007057112367803175,
    "LAS_mean": 0.6090019758083948,
    "LAS_std": 0.00910395253010949,
    "UEM_mean": 0.099,
    "UEM_std": 0.004743416490252567,
    "LEM_mean": 0.0206,
    "LEM_std": 0.003361547262794322,
    "LOAS_mean": 0.7186256084044143,
    "LOAS_std": 0.00803245302294964,
    "LOEM_mean": 0.032,
    "LOEM_std": 0.003391164991562633,
    "loss_mean": 5.796981403751979,
    "loss_std": 0.48948107148946934
}