{
  "UAS": 0.7586140426967375,
  "LAS": 0.6132716495590574,
  "UEM": 0.098,
  "LEM": 0.023,
  "LOAS": 0.7245433954990121,
  "LOEM": 0.032,
  "loss": 5.4442243576049805
}