{
  "UAS": 0.7515782371933882,
  "LAS": 0.5935617560599489,
  "UEM": 0.095,
  "LEM": 0.016,
  "LOAS": 0.7051708351404752,
  "LOEM": 0.03,
  "loss": 6.640993761637854
}