{
  "UAS": 0.763963182497229,
  "LAS": 0.6141872680834659,
  "UEM": 0.096,
  "LEM": 0.018,
  "LOAS": 0.7236277769746037,
  "LOEM": 0.028,
  "loss": 5.798811689019203
}