{
  "accuracy": 0.7407407407407407,
  "macro_fscore": 0.24234693877551022,
  "micro_fscore": 0.76,
  "loss": 0.9121564403176308
}