{
  "accuracy": 0.7592592592592593,
  "macro_fscore": 0.3912867274569402,
  "micro_fscore": 0.7524752475247525,
  "loss": 0.91907699406147
}