{
  "accuracy": 0.8888888888888888,
  "macro_fscore": 0.4651851851851852,
  "micro_fscore": 0.9019607843137256,
  "loss": 0.5448253527283669
}