{
  "accuracy": 0.7962962962962963,
  "macro_fscore": 0.49297480620155043,
  "micro_fscore": 0.792079207920792,
  "loss": 0.9346373453736305
}