{
  "accuracy": 0.7777777777777778,
  "macro_fscore": 0.40554172888667656,
  "micro_fscore": 0.7722772277227723,
  "loss": 0.9857077300548553
}