{
  "accuracy": 0.8527968596663396,
  "macro_fscore": 0.5077987181535983,
  "micro_fscore": 0.8574267262791854,
  "loss": 0.6016748059482779
}