{
  "accuracy": 0.8439646712463199,
  "macro_fscore": 0.49589501613480746,
  "micro_fscore": 0.8491786958685914,
  "loss": 0.8006341536092805
}