{
  "accuracy": 0.8420019627085378,
  "macro_fscore": 0.5054992211044006,
  "micro_fscore": 0.8472222222222221,
  "loss": 0.6569569838466123
}