{
  "accuracy": 0.832579185520362,
  "macro_fscore": 0.6865936327505853,
  "micro_fscore": 0.8398058252427184,
  "loss": 0.8920304463910205
}