{
  "UAS": 0.6961852861035422,
  "LAS": 0.5109584172491412,
  "UEM": 0.072,
  "LEM": 0.02,
  "LOAS": 0.6505153417841488,
  "LOEM": 0.03,
  "loss": 6.673606410622597
}