{
  "UAS": 0.6999763061248667,
  "LAS": 0.5116692335031394,
  "UEM": 0.074,
  "LEM": 0.016,
  "LOAS": 0.6514630967894799,
  "LOEM": 0.025,
  "loss": 8.764186397194862
}