{
    "model_count": 5,
    "accuracy_mean": 0.852,
    "accuracy_std": 0.004321660396448391,
    "macro_fscore_mean": 0.8557756116563238,
    "macro_fscore_std": 0.0014212319023823112,
    "micro_fscore_mean": 0.8539776072486933,
    "micro_fscore_std": 0.002235855246607558,
    "label_first-product_fscore_mean": 0.9249420006516781,
    "label_first-product_fscore_std": 0.03651908744072053,
    "label_has-occupation_fscore_mean": 0.9338442380320506,
    "label_has-occupation_fscore_std": 0.005739269589849278,
    "label_has-tourist-attraction_fscore_mean": 0.9711916138205223,
    "label_has-tourist-attraction_fscore_std": 0.020769064401194515,
    "label_org-has-member_fscore_mean": 0.9494003426613363,
    "label_org-has-member_fscore_std": 0.004597284248429002,
    "label_has-spouse_fscore_mean": 0.8530750878576966,
    "label_has-spouse_fscore_std": 0.015382754782002886,
    "label_has-sibling_fscore_mean": 0.9311053391053391,
    "label_has-sibling_fscore_std": 0.019646305985637744,
    "label_from-country_fscore_mean": 0.2636066489280138,
    "label_from-country_fscore_std": 0.08429896164596826,
    "label_has-parent_fscore_mean": 0.8994081715508969,
    "label_has-parent_fscore_std": 0.0323076166842049,
    "label_is-member-of_fscore_mean": 0.9646598908627848,
    "label_is-member-of_fscore_std": 0.011382193614478283,
    "label_is-where_fscore_mean": 0.9017854407899547,
    "label_is-where_fscore_std": 0.01280668063960811,
    "label_birth-place_fscore_mean": 0.5692249269717624,
    "label_birth-place_fscore_std": 0.0163733509941479,
    "label_has-child_fscore_mean": 0.9213316562258504,
    "label_has-child_fscore_std": 0.01638284549218639,
    "label_headquarters_fscore_mean": 0.9457105018924371,
    "label_headquarters_fscore_std": 0.015053939303245447,
    "label_org-has-founder_fscore_mean": 0.8979642305822926,
    "label_org-has-founder_fscore_std": 0.041617189067551866,
    "label_invented-when_fscore_mean": 0.988157639293341,
    "label_invented-when_fscore_std": 0.004341036648223202,
    "label_has-type_fscore_mean": 0.7214132584394412,
    "label_has-type_fscore_std": 0.022560981789738255,
    "label_has-highest-mountain_fscore_mean": 0.982333527470394,
    "label_has-highest-mountain_fscore_std": 0.004341036648223202,
    "label_movie-has-director_fscore_mean": 0.9857349000206143,
    "label_movie-has-director_fscore_std": 0.009138440807128034,
    "label_has-genre_fscore_mean": 0.7432658505663534,
    "label_has-genre_fscore_std": 0.050318580207462056,
    "label_has-nationality_fscore_mean": 0.5200006330981819,
    "label_has-nationality_fscore_std": 0.029380669171622922,
    "label_invented-by_fscore_mean": 0.9941747572815534,
    "label_invented-by_fscore_std": 0.013025638703882264,
    "label_won-award_fscore_mean": 0.9647328003366296,
    "label_won-award_fscore_std": 0.009519461404041992,
    "loss_mean": 0.8580856543333438,
    "loss_std": 0.19094345072799035
}