{
  "accuracy": 0.8539130434782609,
  "macro_fscore": 0.8536596929716851,
  "micro_fscore": 0.8549199084668191,
  "label_has-occupation_fscore": 0.9306930693069307,
  "label_first-product_fscore": 0.9494949494949495,
  "label_invented-by_fscore": 1.0,
  "label_has-tourist-attraction_fscore": 0.9702970297029702,
  "label_org-has-member_fscore": 0.9411764705882353,
  "label_has-spouse_fscore": 0.8468468468468469,
  "label_has-sibling_fscore": 0.9292929292929293,
  "label_from-country_fscore": 0.13559322033898308,
  "label_has-parent_fscore": 0.9032258064516129,
  "label_is-member-of_fscore": 0.9615384615384615,
  "label_is-where_fscore": 0.8936170212765958,
  "label_birth-place_fscore": 0.5599999999999999,
  "label_has-child_fscore": 0.9473684210526316,
  "label_org-has-founder_fscore": 0.8636363636363636,
  "label_invented-when_fscore": 0.99009900990099,
  "label_has-type_fscore": 0.7234042553191491,
  "label_has-highest-mountain_fscore": 0.9803921568627451,
  "label_movie-has-director_fscore": 1.0,
  "label_has-genre_fscore": 0.7906976744186047,
  "label_has-nationality_fscore": 0.5348837209302325,
  "label_headquarters_fscore": 0.9591836734693877,
  "label_won-award_fscore": 0.9690721649484536,
  "loss": 1.157796298219182
}