{
  "accuracy": 0.8539130434782609,
  "macro_fscore": 0.8570751538214111,
  "micro_fscore": 0.854404381560931,
  "label_first-product_fscore": 0.94,
  "label_has-occupation_fscore": 0.9278350515463918,
  "label_invented-by_fscore": 1.0,
  "label_has-tourist-attraction_fscore": 0.9795918367346939,
  "label_org-has-member_fscore": 0.9514563106796116,
  "label_has-spouse_fscore": 0.8727272727272728,
  "label_has-sibling_fscore": 0.96,
  "label_from-country_fscore": 0.24615384615384614,
  "label_has-parent_fscore": 0.9052631578947369,
  "label_is-member-of_fscore": 0.9803921568627451,
  "label_is-where_fscore": 0.9072164948453608,
  "label_birth-place_fscore": 0.5822784810126583,
  "label_has-child_fscore": 0.9166666666666666,
  "label_org-has-founder_fscore": 0.8764044943820225,
  "label_invented-when_fscore": 0.9803921568627451,
  "label_has-type_fscore": 0.7115384615384615,
  "label_has-highest-mountain_fscore": 0.9803921568627451,
  "label_movie-has-director_fscore": 0.9795918367346939,
  "label_has-genre_fscore": 0.7317073170731707,
  "label_has-nationality_fscore": 0.5398773006134969,
  "label_headquarters_fscore": 0.9278350515463918,
  "label_won-award_fscore": 0.9583333333333334,
  "loss": 0.8657968059544348
}