{
  "UAS": 0.5867530597552196,
  "LAS": 0.46744831842024065,
  "UEM": 0.076,
  "LEM": 0.016,
  "loss": 2.057875708928184
}