{
  "UAS": 0.5791936645068394,
  "LAS": 0.4636429085673146,
  "UEM": 0.072,
  "LEM": 0.019,
  "loss": 2.0634041759702892
}