{
  "UAS": 0.5779080530700401,
  "LAS": 0.46086598786382804,
  "UEM": 0.074,
  "LEM": 0.015,
  "loss": 2.082795674838717
}