{
  "UAS": 0.5864959374678597,
  "LAS": 0.46791113853748845,
  "UEM": 0.069,
  "LEM": 0.016,
  "loss": 2.0792697573465015
}