{
  "accuracy": 0.8361138370951914,
  "macro_fscore": 0.5143060939161057,
  "micro_fscore": 0.8443113772455089,
  "loss": 0.7599267204350326
}