{
  "accuracy": 0.8616290480863592,
  "macro_fscore": 0.5130488629426625,
  "micro_fscore": 0.8658051689860834,
  "loss": 0.6887555666035041
}