{
  "accuracy": 0.8488714425907753,
  "macro_fscore": 0.5599089425446501,
  "micro_fscore": 0.8551518168242909,
  "loss": 0.7505934505679761
}