{"model_count": 10, "em_accuracy_mean": 0.37893036611629577, "em_accuracy_std": 0.008347902703509394, "loss_mean": 1.832818414892469, "loss_std": 0.016960077786098857}