{
  "em_accuracy": 0.36252692031586503,
  "loss": 1.8358954225267683
}