{
  "em_accuracy": 0.3840631730078966,
  "loss": 1.8431124223981585
}