{
  "em_accuracy": 0.37796123474515436,
  "loss": 1.8159055757522582
}