{
  "em_accuracy": 0.37903804737975594,
  "loss": 1.836268196105957
}