{
  "accuracy": 0.3643724696356275,
  "macro_fscore": 0.3812741462694987,
  "micro_fscore": 0.39502332814930013,
  "label_org:top_members/employees_fscore": 0.3157894736842105,
  "label_per:stateorprovinces_of_residence_fscore": 0.45454545454545453,
  "label_org:founded_by_fscore": 0.33333333333333337,
  "label_org:stateorprovince_of_headquarters_fscore": 0.5909090909090909,
  "label_org:alternate_names_fscore": 0.3333333333333333,
  "label_org:country_of_headquarters_fscore": 0.44000000000000006,
  "label_per:cities_of_residence_fscore": 0.42105263157894735,
  "label_org:city_of_headquarters_fscore": 0.6000000000000001,
  "label_per:spouse_fscore": 0.7692307692307693,
  "label_per:countries_of_residence_fscore": 0.47887323943661975,
  "label_per:origin_fscore": 0.3333333333333333,
  "label_org:subsidiaries_fscore": 0.0689655172413793,
  "label_per:alternate_names_fscore": 0,
  "label_per:employee_of_fscore": 0.19801980198019803,
  "label_per:country_of_birth_fscore": 0.1904761904761905,
  "label_org:founded_fscore": 0.5217391304347825,
  "label_per:title_fscore": 0.7333333333333334,
  "label_org:members_fscore": 0.07999999999999999,
  "loss": 2.8114864633929346
}