{
  "accuracy": 0.4048582995951417,
  "macro_fscore": 0.43132344431758673,
  "micro_fscore": 0.4484848484848485,
  "label_org:top_members/employees_fscore": 0.32,
  "label_per:stateorprovinces_of_residence_fscore": 0.41025641025641024,
  "label_org:founded_by_fscore": 0.588235294117647,
  "label_org:stateorprovince_of_headquarters_fscore": 0.5625,
  "label_org:alternate_names_fscore": 0.2608695652173913,
  "label_org:country_of_headquarters_fscore": 0.6785714285714286,
  "label_per:cities_of_residence_fscore": 0.48648648648648646,
  "label_org:city_of_headquarters_fscore": 0.6301369863013699,
  "label_per:spouse_fscore": 0.9333333333333333,
  "label_per:countries_of_residence_fscore": 0.4242424242424243,
  "label_per:origin_fscore": 0,
  "label_org:subsidiaries_fscore": 0.06666666666666667,
  "label_per:alternate_names_fscore": 0,
  "label_per:employee_of_fscore": 0.29629629629629634,
  "label_per:country_of_birth_fscore": 0.4166666666666667,
  "label_org:founded_fscore": 0.7857142857142857,
  "label_per:title_fscore": 0.7499999999999999,
  "label_org:members_fscore": 0.15384615384615385,
  "loss": 2.632844171216411
}