{
    "model_count": 5,
    "em_accuracy_mean": 0.4758720930232558,
    "em_accuracy_std": 0.014328107670446262,
    "loss_mean": 0.0,
    "loss_std": 0.0
}