{
    "model_count": 5,
    "UAS_mean": 0.848596618943622,
    "UAS_std": 0.0026035848035337737,
    "LAS_mean": 0.7891935614333091,
    "LAS_std": 0.00355355648800132,
    "UEM_mean": 0.1542,
    "UEM_std": 0.005357238094391554,
    "LEM_mean": 0.0674,
    "LEM_std": 0.005594640292279745,
    "LOAS_mean": 0.8762598074900915,
    "LOAS_std": 0.004626609739600811,
    "LOEM_mean": 0.1444,
    "LOEM_std": 0.015453155017665489,
    "loss_mean": 4.734012577647254,
    "loss_std": 0.338640842228983
}