{
  "UAS": 0.8478524629944189,
  "LAS": 0.7858529483135162,
  "UEM": 0.155,
  "LEM": 0.065,
  "LOAS": 0.8723206341502872,
  "LOEM": 0.138,
  "loss": 4.544072084128857
}