{
  "UAS": 0.8472053708646768,
  "LAS": 0.7898972741244035,
  "UEM": 0.158,
  "LEM": 0.07,
  "LOAS": 0.8770120520909165,
  "LOEM": 0.15,
  "loss": 5.12493203935169
}