{
  "accuracy": 0.9161816065192084,
  "macro_fscore": 0.6405194836049141,
  "micro_fscore": 0.9194591416813639,
  "loss": 0.48123540620629984
}