{
  "accuracy": 0.9150174621653085,
  "macro_fscore": 0.6920474075528273,
  "micro_fscore": 0.9182833627278072,
  "loss": 0.401882977190393
}