{
  "accuracy": 0.8952270081490105,
  "macro_fscore": 0.5945299953187387,
  "micro_fscore": 0.8967136150234741,
  "loss": 0.5600440891355026
}