{
  "accuracy": 0.8975552968568102,
  "macro_fscore": 0.6530957120086605,
  "micro_fscore": 0.9006466784244561,
  "loss": 0.4317130599757312
}