{
  "accuracy": 0.624,
  "macro_fscore": 0.6161567142512592,
  "micro_fscore": 0.6626506024096386,
  "label_per:children_fscore": 0.7692307692307693,
  "label_per:title_fscore": 0.8,
  "label_per:employee_of_fscore": 0.47619047619047616,
  "label_per:cities_of_residence_fscore": 0.4210526315789474,
  "label_org:alternate_names_fscore": 0.7368421052631579,
  "label_per:alternate_names_fscore": 0.5714285714285715,
  "label_per:origin_fscore": 0.14285714285714288,
  "label_per:stateorprovince_of_birth_fscore": 0.8,
  "label_per:charges_fscore": 0.8750000000000001,
  "label_org:founded_by_fscore": 0.888888888888889,
  "label_org:stateorprovince_of_headquarters_fscore": 0.5263157894736842,
  "label_per:religion_fscore": 0.2857142857142857,
  "label_per:stateorprovince_of_death_fscore": 0.4,
  "label_org:shareholders_fscore": 0.46153846153846156,
  "label_per:other_family_fscore": 0.375,
  "label_per:cause_of_death_fscore": 0.9565217391304348,
  "label_org:parents_fscore": 0.4615384615384615,
  "label_per:age_fscore": 0.962962962962963,
  "label_per:city_of_birth_fscore": 0.9473684210526316,
  "label_org:subsidiaries_fscore": 0.7058823529411765,
  "label_org:country_of_headquarters_fscore": 0.5333333333333333,
  "label_org:members_fscore": 0.11764705882352941,
  "label_per:date_of_death_fscore": 0.6666666666666666,
  "label_per:stateorprovinces_of_residence_fscore": 0.5333333333333333,
  "label_org:political/religious_affiliation_fscore": 0.33333333333333337,
  "label_org:top_members/employees_fscore": 0.7272727272727272,
  "label_per:countries_of_residence_fscore": 0.43478260869565216,
  "label_per:spouse_fscore": 0.8235294117647058,
  "label_org:city_of_headquarters_fscore": 0.5555555555555556,
  "label_per:city_of_death_fscore": 0.8888888888888888,
  "label_per:parents_fscore": 0.8148148148148148,
  "label_per:siblings_fscore": 0.7777777777777777,
  "label_org:founded_fscore": 0.625,
  "label_org:website_fscore": 1.0,
  "label_per:date_of_birth_fscore": 1.0,
  "label_per:schools_attended_fscore": 0.888888888888889,
  "label_org:member_of_fscore": 0.16666666666666669,
  "label_org:number_of_employees/members_fscore": 0.7499999999999999,
  "label_per:country_of_birth_fscore": 0.4444444444444445,
  "label_org:dissolved_fscore": 0,
  "loss": 1.3746808674186468
}