{
  "accuracy": 0.62,
  "macro_fscore": 0.6144979012458653,
  "micro_fscore": 0.6586466165413534,
  "label_per:children_fscore": 0.4,
  "label_per:title_fscore": 0.75,
  "label_per:employee_of_fscore": 0.4,
  "label_per:cities_of_residence_fscore": 0.47058823529411764,
  "label_org:alternate_names_fscore": 0.8571428571428572,
  "label_per:alternate_names_fscore": 0.5714285714285715,
  "label_per:origin_fscore": 0.37499999999999994,
  "label_per:stateorprovince_of_birth_fscore": 0.8,
  "label_per:charges_fscore": 0.19999999999999998,
  "label_org:founded_by_fscore": 0.5714285714285715,
  "label_org:stateorprovince_of_headquarters_fscore": 0.5,
  "label_per:religion_fscore": 0.5,
  "label_per:stateorprovince_of_death_fscore": 0.8,
  "label_org:shareholders_fscore": 0.5,
  "label_per:other_family_fscore": 0.2857142857142857,
  "label_per:cause_of_death_fscore": 0.9090909090909091,
  "label_org:parents_fscore": 0.42857142857142855,
  "label_per:age_fscore": 0.9285714285714286,
  "label_per:city_of_birth_fscore": 0.8421052631578948,
  "label_org:subsidiaries_fscore": 0.8571428571428571,
  "label_org:country_of_headquarters_fscore": 0.30769230769230765,
  "label_org:members_fscore": 0.2857142857142857,
  "label_per:date_of_death_fscore": 0.6666666666666666,
  "label_per:stateorprovinces_of_residence_fscore": 0.5,
  "label_org:political/religious_affiliation_fscore": 0.6363636363636364,
  "label_org:top_members/employees_fscore": 0.6666666666666666,
  "label_per:countries_of_residence_fscore": 0.45454545454545453,
  "label_per:spouse_fscore": 0.888888888888889,
  "label_org:city_of_headquarters_fscore": 0.5217391304347826,
  "label_per:parents_fscore": 0.8,
  "label_per:siblings_fscore": 0.8181818181818182,
  "label_org:founded_fscore": 0.8421052631578948,
  "label_per:city_of_death_fscore": 0.9411764705882353,
  "label_org:website_fscore": 1.0,
  "label_per:date_of_birth_fscore": 0.9523809523809523,
  "label_per:schools_attended_fscore": 0.888888888888889,
  "label_org:member_of_fscore": 0.16666666666666669,
  "label_org:number_of_employees/members_fscore": 0.7499999999999999,
  "label_per:country_of_birth_fscore": 0.5454545454545454,
  "label_org:dissolved_fscore": 0,
  "loss": 1.5568105950951576
}