{
    "model_count": 5,
    "accuracy_mean": 0.6412,
    "accuracy_std": 0.029785902705810326,
    "macro_fscore_mean": 0.6417811122439976,
    "macro_fscore_std": 0.03518999914061861,
    "micro_fscore_mean": 0.6809664921524113,
    "micro_fscore_std": 0.03128364194307625,
    "label_per:children_fscore_mean": 0.712967032967033,
    "label_per:children_fscore_std": 0.179047379243618,
    "label_per:title_fscore_mean": 0.7722073578595318,
    "label_per:title_fscore_std": 0.0561320699338982,
    "label_per:employee_of_fscore_mean": 0.5272049689440993,
    "label_per:employee_of_fscore_std": 0.1002730648453935,
    "label_per:cities_of_residence_fscore_mean": 0.4652906776745786,
    "label_per:cities_of_residence_fscore_std": 0.081362294259746,
    "label_org:alternate_names_fscore_mean": 0.7412059560666372,
    "label_org:alternate_names_fscore_std": 0.1181713822563592,
    "label_per:alternate_names_fscore_mean": 0.5494505494505495,
    "label_per:alternate_names_fscore_std": 0.04914435115384158,
    "label_per:origin_fscore_mean": 0.32111528822055135,
    "label_per:origin_fscore_std": 0.1160328092514517,
    "label_per:stateorprovince_of_birth_fscore_mean": 0.8,
    "label_per:stateorprovince_of_birth_fscore_std": 0.0,
    "label_per:charges_fscore_mean": 0.65,
    "label_per:charges_fscore_std": 0.295275295275443,
    "label_org:founded_by_fscore_mean": 0.7567693744164332,
    "label_org:founded_by_fscore_std": 0.11869638874387174,
    "label_org:stateorprovince_of_headquarters_fscore_mean": 0.5006965944272446,
    "label_org:stateorprovince_of_headquarters_fscore_std": 0.09286167919322105,
    "label_per:religion_fscore_mean": 0.47714285714285715,
    "label_per:religion_fscore_std": 0.11544059343335385,
    "label_per:stateorprovince_of_death_fscore_mean": 0.7606349206349207,
    "label_per:stateorprovince_of_death_fscore_std": 0.20413463660394834,
    "label_org:shareholders_fscore_mean": 0.5753846153846154,
    "label_org:shareholders_fscore_std": 0.13818348148824816,
    "label_per:other_family_fscore_mean": 0.2879120879120879,
    "label_per:other_family_fscore_std": 0.09298446145054255,
    "label_per:cause_of_death_fscore_mean": 0.939064558629776,
    "label_per:cause_of_death_fscore_std": 0.024053818221686157,
    "label_org:parents_fscore_mean": 0.471986836692719,
    "label_org:parents_fscore_std": 0.08867369714494473,
    "label_per:age_fscore_mean": 0.9566137566137567,
    "label_per:age_fscore_std": 0.029731024544097977,
    "label_per:city_of_birth_fscore_mean": 0.9029239766081872,
    "label_per:city_of_birth_fscore_std": 0.04484278248580307,
    "label_org:subsidiaries_fscore_mean": 0.6229835523953171,
    "label_org:subsidiaries_fscore_std": 0.24015945926792825,
    "label_org:country_of_headquarters_fscore_mean": 0.5144236156000862,
    "label_org:country_of_headquarters_fscore_std": 0.11730590880003305,
    "label_org:members_fscore_mean": 0.4017631779984721,
    "label_org:members_fscore_std": 0.19334288756695728,
    "label_per:date_of_death_fscore_mean": 0.7340350877192983,
    "label_per:date_of_death_fscore_std": 0.06668513133027147,
    "label_per:stateorprovinces_of_residence_fscore_mean": 0.5852380952380952,
    "label_per:stateorprovinces_of_residence_fscore_std": 0.09680848147847275,
    "label_org:political/religious_affiliation_fscore_mean": 0.4448165869218501,
    "label_org:political/religious_affiliation_fscore_std": 0.12762957970598976,
    "label_org:top_members/employees_fscore_mean": 0.7082424242424242,
    "label_org:top_members/employees_fscore_std": 0.025782875275731563,
    "label_per:countries_of_residence_fscore_mean": 0.5249555597381684,
    "label_per:countries_of_residence_fscore_std": 0.10015436014801003,
    "label_per:spouse_fscore_mean": 0.8744410044719643,
    "label_per:spouse_fscore_std": 0.05224909415807935,
    "label_org:city_of_headquarters_fscore_mean": 0.5437922705314009,
    "label_org:city_of_headquarters_fscore_std": 0.10882666554140996,
    "label_per:city_of_death_fscore_mean": 0.9319573443412452,
    "label_per:city_of_death_fscore_std": 0.024224832335486172,
    "label_per:siblings_fscore_mean": 0.7759239453357101,
    "label_per:siblings_fscore_std": 0.04265583863987511,
    "label_org:founded_fscore_mean": 0.7280185758513932,
    "label_org:founded_fscore_std": 0.10925567576420488,
    "label_per:parents_fscore_mean": 0.8088888888888889,
    "label_per:parents_fscore_std": 0.008114408259335744,
    "label_org:website_fscore_mean": 0.9846153846153846,
    "label_org:website_fscore_std": 0.034401045807689094,
    "label_per:date_of_birth_fscore_mean": 0.9714285714285714,
    "label_per:date_of_birth_fscore_std": 0.02608202654786508,
    "label_per:schools_attended_fscore_mean": 0.8882783882783883,
    "label_per:schools_attended_fscore_std": 0.029151004606381793,
    "label_org:member_of_fscore_mean": 0.1948717948717949,
    "label_org:member_of_fscore_std": 0.0630685839807633,
    "label_org:number_of_employees/members_fscore_mean": 0.7480392156862744,
    "label_org:number_of_employees/members_fscore_std": 0.05552430878291812,
    "label_per:country_of_birth_fscore_mean": 0.515959595959596,
    "label_per:country_of_birth_fscore_std": 0.06897740100055189,
    "label_org:dissolved_fscore_mean": 0,
    "label_org:dissolved_fscore_std": 0.0,
    "loss_mean": 1.563272492401302,
    "loss_std": 0.17718440191648552
}