{
    "model_count": 5,
    "em_accuracy_mean": 0.37507267441860465,
    "em_accuracy_std": 0.005255722305745511,
    "loss_mean": 0.0,
    "loss_std": 0.0
}