{
  "em_accuracy": 0.18931686046511628,
  "loss": 2.3901058470093925
}