{
  "em_accuracy": 0.1257267441860465,
  "loss": 2.5865717939166135
}