{
  "em_accuracy": 0.17986918604651161,
  "loss": 2.413924369008042
}