{
  "em_accuracy": 0.1925872093023256,
  "loss": 2.3430527483308037
}