{"model_count": 10, "em_accuracy_mean": 0.17252906976744187, "em_accuracy_std": 0.02915634314067556, "loss_mean": 2.4025616408780563, "loss_std": 0.09214345744232494}