{"model_count": 5, "accuracy_mean": 0.822, "accuracy_std": 0.020796634343085398, "loss_mean": 0.9678823760577611, "loss_std": 0.23288628394678387}