{
    "model_count": 5,
    "accuracy_mean": 0.7253456221198157,
    "accuracy_std": 0.024515089545198907,
    "macro_fscore_mean": 0.6961936923475385,
    "macro_fscore_std": 0.0285721812153544,
    "micro_fscore_mean": 0.7512762239411822,
    "micro_fscore_std": 0.025953484442611034,
    "label_per:siblings_fscore_mean": 0.8846153846153846,
    "label_per:siblings_fscore_std": 0.07530346233635081,
    "label_org:country_of_headquarters_fscore_mean": 0.8351515151515151,
    "label_org:country_of_headquarters_fscore_std": 0.148277529974426,
    "label_org:political/religious_affiliation_fscore_mean": 0.9483333333333334,
    "label_org:political/religious_affiliation_fscore_std": 0.05283622494715782,
    "label_org:number_of_employees/members_fscore_mean": 0.9333333333333333,
    "label_org:number_of_employees/members_fscore_std": 0.06085806194501842,
    "label_per:religion_fscore_mean": 0.7634920634920636,
    "label_per:religion_fscore_std": 0.12424501147852603,
    "label_per:stateorprovinces_of_residence_fscore_mean": 0.5753968253968255,
    "label_per:stateorprovinces_of_residence_fscore_std": 0.2479761873010793,
    "label_per:employee_of_fscore_mean": 0.4680952380952381,
    "label_per:employee_of_fscore_std": 0.1911861767885203,
    "label_per:cause_of_death_fscore_mean": 0.7992063492063493,
    "label_per:cause_of_death_fscore_std": 0.06830701150401565,
    "label_org:top_members/employees_fscore_mean": 0.6676470588235295,
    "label_org:top_members/employees_fscore_std": 0.05720821357213783,
    "label_per:origin_fscore_mean": 0.5662337662337662,
    "label_per:origin_fscore_std": 0.16536569885801997,
    "label_per:title_fscore_mean": 0.8871794871794871,
    "label_per:title_fscore_std": 0.04915458849405332,
    "label_per:alternate_names_fscore_mean": 0.3504761904761905,
    "label_per:alternate_names_fscore_std": 0.04921146926767167,
    "label_per:parents_fscore_mean": 0.91,
    "label_per:parents_fscore_std": 0.0319504825211347,
    "label_per:city_of_death_fscore_mean": 1.0,
    "label_per:city_of_death_fscore_std": 0.0,
    "label_org:city_of_headquarters_fscore_mean": 0.47777777777777775,
    "label_org:city_of_headquarters_fscore_std": 0.030429030972509243,
    "label_per:cities_of_residence_fscore_mean": 0.6269607843137255,
    "label_per:cities_of_residence_fscore_std": 0.03923100191120953,
    "label_per:country_of_birth_fscore_mean": 0.4,
    "label_per:country_of_birth_fscore_std": 0.22360679774997896,
    "label_per:schools_attended_fscore_mean": 0.9411764705882353,
    "label_per:schools_attended_fscore_std": 0.0,
    "label_org:founded_fscore_mean": 0.9428571428571428,
    "label_org:founded_fscore_std": 0.07824607964359519,
    "label_per:age_fscore_mean": 1.0,
    "label_per:age_fscore_std": 0.0,
    "label_per:date_of_birth_fscore_mean": 0.9846153846153846,
    "label_per:date_of_birth_fscore_std": 0.034401045807689094,
    "label_per:spouse_fscore_mean": 0.88,
    "label_per:spouse_fscore_std": 0.1095445115010332,
    "label_per:city_of_birth_fscore_mean": 0.96,
    "label_per:city_of_birth_fscore_std": 0.08944271909999157,
    "label_org:shareholders_fscore_mean": 0.4944444444444444,
    "label_org:shareholders_fscore_std": 0.1761207498238595,
    "label_org:stateorprovince_of_headquarters_fscore_mean": 0.8758169934640524,
    "label_org:stateorprovince_of_headquarters_fscore_std": 0.02922964676470313,
    "label_per:charges_fscore_mean": 0.9149184149184149,
    "label_per:charges_fscore_std": 0.059223058349242415,
    "label_org:dissolved_fscore_mean": 0,
    "label_org:dissolved_fscore_std": 0.0,
    "label_org:member_of_fscore_mean": 0.2506493506493507,
    "label_org:member_of_fscore_std": 0.1817949892443496,
    "label_per:stateorprovince_of_death_fscore_mean": 1.0,
    "label_per:stateorprovince_of_death_fscore_std": 0.0,
    "label_org:subsidiaries_fscore_mean": 0.5942857142857143,
    "label_org:subsidiaries_fscore_std": 0.11617486233887163,
    "label_per:date_of_death_fscore_mean": 0.9411764705882353,
    "label_per:date_of_death_fscore_std": 0.0,
    "label_org:website_fscore_mean": 1.0,
    "label_org:website_fscore_std": 0.0,
    "label_per:other_family_fscore_mean": 0.3476190476190476,
    "label_per:other_family_fscore_std": 0.2517512359597391,
    "label_org:parents_fscore_mean": 0,
    "label_org:parents_fscore_std": 0.0,
    "label_per:countries_of_residence_fscore_mean": 0.23492063492063495,
    "label_per:countries_of_residence_fscore_std": 0.15967969955503863,
    "label_org:alternate_names_fscore_mean": 0.9090909090909091,
    "label_org:alternate_names_fscore_std": 0.0,
    "label_per:children_fscore_mean": 0.49333333333333335,
    "label_per:children_fscore_std": 0.16055459438389724,
    "label_org:members_fscore_mean": 0.34426573426573426,
    "label_org:members_fscore_std": 0.06482955002171009,
    "label_org:founded_by_fscore_mean": 0.9484848484848485,
    "label_org:founded_by_fscore_std": 0.07545393695750746,
    "loss_mean": 1.156147478999836,
    "loss_std": 0.15041997340537838
}