{
    "model_count": 5,
    "UAS_mean": 0.6552062374245472,
    "UAS_std": 0.0040782098154652086,
    "LAS_mean": 0.5234154929577465,
    "LAS_std": 0.006012033157232878,
    "UEM_mean": 0.041736227045075125,
    "UEM_std": 0.002891570630332016,
    "LEM_mean": 0.014023372287145243,
    "LEM_std": 0.0009143949207097934,
    "LOAS_mean": 0.7008299798792756,
    "LOAS_std": 0.007826262047946167,
    "LOEM_mean": 0.02337228714524207,
    "LOEM_std": 0.002044649200987628,
    "loss_mean": 6.284031687284771,
    "loss_std": 0.3280961131288835
}