{
  "UAS": 0.6513455734406438,
  "LAS": 0.5197434607645876,
  "UEM": 0.04006677796327212,
  "LEM": 0.015025041736227046,
  "LOAS": 0.7010186116700201,
  "LOEM": 0.021702838063439065,
  "loss": 5.866110425246389
}