{
  "UAS": 0.650213782696177,
  "LAS": 0.5209381287726358,
  "UEM": 0.041736227045075125,
  "LEM": 0.015025041736227046,
  "LOAS": 0.7009557344064387,
  "LOEM": 0.02671118530884808,
  "loss": 6.489899183574476
}