{
  "UAS": 0.6581363179074446,
  "LAS": 0.5182344064386318,
  "UEM": 0.04006677796327212,
  "LEM": 0.01335559265442404,
  "LOAS": 0.6910211267605634,
  "LOEM": 0.02337228714524207,
  "loss": 6.01901556316175
}