{
  "UAS": 0.658702213279678,
  "LAS": 0.5331991951710262,
  "UEM": 0.04674457429048414,
  "LEM": 0.01335559265442404,
  "LOAS": 0.7127766599597586,
  "LOEM": 0.02337228714524207,
  "loss": 6.401081562042236
}