{
  "accuracy": 0.9274395329441201,
  "macro_fscore": 0.6412136797585269,
  "micro_fscore": 0.9280605805637357,
  "loss": 0.3471205625295018
}