{
  "accuracy": 0.9065888240200167,
  "macro_fscore": 0.6618827210956929,
  "micro_fscore": 0.9061052631578949,
  "loss": 0.6288391637507206
}