{
  "accuracy": 0.9115929941618015,
  "macro_fscore": 0.6544441342075613,
  "micro_fscore": 0.9142374313476975,
  "loss": 0.47797712712548673
}