{"model_count": 10, "em_accuracy_mean": 0.51185949081534, "em_accuracy_std": 0.016868512001009545, "loss_mean": 1.5955508642589924, "loss_std": 0.02355379190279861}