{
  "em_accuracy": 0.48308088946181116,
  "loss": 1.6389091107034193
}