{
  "em_accuracy": 0.5014502094747019,
  "loss": 1.584387550034474
}