{
  "em_accuracy": 0.5223976796648405,
  "loss": 1.593490924417358
}