{
  "em_accuracy": 0.5136964228166291,
  "loss": 1.5873367688090532
}