{
  "em_accuracy": 0.5207863358040606,
  "loss": 1.5616972096187551
}