{
  "em_accuracy": 0.5314212052852079,
  "loss": 1.58567105740616
}