{"model_count": 5, "accuracy_mean": 0.8119999999999999, "accuracy_std": 0.028284271247461874, "loss_mean": 1.0748798971064388, "loss_std": 0.17551906317526975}