{
    "model_count": 5,
    "em_accuracy_mean": 0.5200272479564033,
    "em_accuracy_std": 0.004943974437101264,
    "loss_mean": 0.0,
    "loss_std": 0.0
}