{
  "accuracy": 0.3441295546558704,
  "macro_fscore": 0.37531328395172786,
  "micro_fscore": 0.3615257048092869,
  "label_org:country_of_headquarters_fscore": 0.2631578947368421,
  "label_per:employee_of_fscore": 0.18181818181818182,
  "label_per:cities_of_residence_fscore": 0.45,
  "label_org:subsidiaries_fscore": 0.35000000000000003,
  "label_org:top_members/employees_fscore": 0.380952380952381,
  "label_org:members_fscore": 0.07999999999999999,
  "label_per:countries_of_residence_fscore": 0.32,
  "label_per:spouse_fscore": 0.9333333333333333,
  "label_per:title_fscore": 0.7333333333333334,
  "label_per:alternate_names_fscore": 0,
  "label_org:founded_by_fscore": 0.33333333333333337,
  "label_per:stateorprovinces_of_residence_fscore": 0.2857142857142857,
  "label_org:stateorprovince_of_headquarters_fscore": 0.4864864864864864,
  "label_org:alternate_names_fscore": 0.4347826086956522,
  "label_org:city_of_headquarters_fscore": 0.5000000000000001,
  "label_per:origin_fscore": 0.16666666666666666,
  "label_org:founded_fscore": 0.5833333333333334,
  "label_per:country_of_birth_fscore": 0.2727272727272727,
  "loss": 3.305895105484993
}