{
  "accuracy": 0.4149797570850202,
  "macro_fscore": 0.4068600644769521,
  "micro_fscore": 0.44947209653092,
  "label_org:country_of_headquarters_fscore": 0.52,
  "label_per:employee_of_fscore": 0.31858407079646023,
  "label_per:cities_of_residence_fscore": 0.5833333333333334,
  "label_org:subsidiaries_fscore": 0.34285714285714286,
  "label_org:top_members/employees_fscore": 0.3157894736842105,
  "label_org:members_fscore": 0.15384615384615385,
  "label_per:countries_of_residence_fscore": 0.3870967741935484,
  "label_per:spouse_fscore": 0.9333333333333333,
  "label_per:title_fscore": 0.7058823529411765,
  "label_per:alternate_names_fscore": 0,
  "label_org:founded_by_fscore": 0.18181818181818182,
  "label_per:stateorprovinces_of_residence_fscore": 0.45,
  "label_org:stateorprovince_of_headquarters_fscore": 0.5142857142857143,
  "label_org:alternate_names_fscore": 0.2857142857142857,
  "label_org:city_of_headquarters_fscore": 0.6744186046511628,
  "label_per:origin_fscore": 0,
  "label_org:founded_fscore": 0.6086956521739131,
  "label_per:country_of_birth_fscore": 0.34782608695652173,
  "loss": 2.5970163345336914
}