{
  "accuracy": 0.3481781376518219,
  "macro_fscore": 0.3546696866827153,
  "micro_fscore": 0.37499999999999994,
  "label_org:country_of_headquarters_fscore": 0.43478260869565216,
  "label_per:employee_of_fscore": 0.26,
  "label_per:cities_of_residence_fscore": 0.43243243243243246,
  "label_org:subsidiaries_fscore": 0.06666666666666667,
  "label_org:top_members/employees_fscore": 0.33333333333333337,
  "label_org:members_fscore": 0.07999999999999999,
  "label_per:countries_of_residence_fscore": 0.3773584905660377,
  "label_per:spouse_fscore": 0.7692307692307693,
  "label_per:title_fscore": 0.6428571428571429,
  "label_per:alternate_names_fscore": 0.22222222222222224,
  "label_org:founded_by_fscore": 0.18181818181818182,
  "label_per:stateorprovinces_of_residence_fscore": 0.33333333333333337,
  "label_org:stateorprovince_of_headquarters_fscore": 0.6363636363636365,
  "label_org:alternate_names_fscore": 0.19047619047619047,
  "label_org:city_of_headquarters_fscore": 0.6075949367088607,
  "label_per:origin_fscore": 0.14285714285714288,
  "label_org:founded_fscore": 0.4,
  "label_per:country_of_birth_fscore": 0.2727272727272727,
  "loss": 3.1218598388856456
}