{
    "model_count": 5,
    "UAS_mean": 0.5966075492764203,
    "UAS_std": 0.007006683590730638,
    "LAS_mean": 0.5310946021385322,
    "LAS_std": 0.006353489456642243,
    "UEM_mean": 0.093,
    "UEM_std": 0.004472135954999583,
    "LEM_mean": 0.0398,
    "LEM_std": 0.0039623225512317875,
    "loss_mean": 1.6637383888638209,
    "loss_std": 0.012917012818481581
}