{
  "UAS": 0.5927341435135484,
  "LAS": 0.5281058101086443,
  "UEM": 0.094,
  "LEM": 0.039,
  "loss": 1.6756160637689015
}