{
  "UAS": 0.5990896208184824,
  "LAS": 0.533945978442908,
  "UEM": 0.098,
  "LEM": 0.044,
  "loss": 1.6732167838111756
}