{
  "em_accuracy": 0.6703146374829001,
  "loss": 1.2482887480475686
}