{
  "em_accuracy": 0.6757865937072504,
  "loss": 1.2448614484613592
}