{
  "em_accuracy": 0.6678066575467396,
  "loss": 1.2421893774379384
}