{
  "em_accuracy": 0.673734610123119,
  "loss": 1.247162479053844
}