{
  "em_accuracy": 0.6764705882352942,
  "loss": 1.2559275202317672
}