{
  "em_accuracy": 0.6655266757865937,
  "loss": 1.252802052714608
}