{
  "em_accuracy": 0.6778385772913816,
  "loss": 1.2457399153709412
}