{
  "accuracy": 0.8333333333333334,
  "macro_fscore": 0.7688734030197445,
  "micro_fscore": 0.8282828282828283,
  "label_has-genre_fscore": 0.5714285714285715,
  "label_has-occupation_fscore": 0.8780487804878048,
  "label_has-type_fscore": 0.8571428571428572,
  "loss": 0.922321692109108
}