{
  "accuracy": 0.8518518518518519,
  "macro_fscore": 0.5823693379790941,
  "micro_fscore": 0.8484848484848485,
  "loss": 0.6358704883605242
}