{
  "accuracy": 0.8518518518518519,
  "macro_fscore": 0.7764924506387921,
  "micro_fscore": 0.8571428571428572,
  "loss": 0.5502888262271881
}