{
  "accuracy": 0.8148148148148148,
  "macro_fscore": 0.4470383275261324,
  "micro_fscore": 0.82,
  "loss": 1.073614940047264
}