{
  "accuracy": 0.7548209366391184,
  "macro_fscore": 0.7745616494506329,
  "micro_fscore": 0.752808988764045,
  "loss": 0.9538824357416319
}