{
  "accuracy": 0.7520661157024794,
  "macro_fscore": 0.7543436459006324,
  "micro_fscore": 0.7517531556802244,
  "loss": 1.383777810179669
}