{
  "accuracy": 0.7575757575757576,
  "macro_fscore": 0.825053333603901,
  "micro_fscore": 0.7538677918424753,
  "loss": 1.1059788011986276
}