{
  "UAS": 0.749305617776185,
  "LAS": 0.5526386524504973,
  "UEM": 0.074,
  "LEM": 0.008,
  "LOAS": 0.6413403816862289,
  "LOEM": 0.009,
  "loss": 5.407007187604904
}