{
  "UAS": 0.7644028312875191,
  "LAS": 0.5712301765074814,
  "UEM": 0.077,
  "LEM": 0.006,
  "LOAS": 0.6575127676731476,
  "LOEM": 0.008,
  "loss": 5.580235734581947
}