{
  "UAS": 0.7430337783352746,
  "LAS": 0.5512946868560165,
  "UEM": 0.079,
  "LEM": 0.007,
  "LOAS": 0.6515545202042827,
  "LOEM": 0.008,
  "loss": 4.1737333089113235
}