{
  "UAS": 0.7319684616073828,
  "LAS": 0.5489203476391005,
  "UEM": 0.064,
  "LEM": 0.005,
  "LOAS": 0.6399964160917481,
  "LOEM": 0.007,
  "loss": 6.24874210357666
}