{
  "UAS": 0.765167943713556,
  "LAS": 0.6188135511541613,
  "UEM": 0.099,
  "LEM": 0.018,
  "LOAS": 0.7277721555587683,
  "LOEM": 0.028,
  "loss": 6.391311943531036
}