{
  "UAS": 0.7679629897354344,
  "LAS": 0.6279697363982458,
  "UEM": 0.111,
  "LEM": 0.019,
  "LOAS": 0.7375066261866898,
  "LOEM": 0.033,
  "loss": 6.179391413927078
}