{
  "UAS": 0.7638668015999229,
  "LAS": 0.6311984964580021,
  "UEM": 0.101,
  "LEM": 0.023,
  "LOAS": 0.740108910413956,
  "LOEM": 0.039,
  "loss": 6.467675760388374
}