{
  "UAS": 0.7655534673027806,
  "LAS": 0.6194400269866512,
  "UEM": 0.112,
  "LEM": 0.017,
  "LOAS": 0.725748156715339,
  "LOEM": 0.022,
  "loss": 8.782199949026108
}