{
  "em_accuracy": 0.12863372093023256,
  "loss": 2.4347065666387246
}