{
  "em_accuracy": 0.1769622093023256,
  "loss": 2.2772628969924393
}