{
  "em_accuracy": 0.11446220930232558,
  "loss": 2.5513388874918914
}