{
  "em_accuracy": 0.15007267441860464,
  "loss": 2.3394775106463324
}