{
    "model_count": 10,
    "em_accuracy_mean": 0.13826308139534885,
    "em_accuracy_std": 0.01932621121304227,
    "loss_mean": 2.43977196438368,
    "loss_std": 0.08811394567456755
}