{
  "UAS": 0.26754703328509405,
  "LAS": 0.12463820549927641,
  "UEM": 0.013,
  "LEM": 0.007,
  "loss": 3.221299697482397
}