{
  "UAS": 0.27038109020742884,
  "LAS": 0.12349252291365172,
  "UEM": 0.013,
  "LEM": 0.004,
  "loss": 3.28780854694427
}