{
  "UAS": 0.2774963820549928,
  "LAS": 0.127653159671973,
  "UEM": 0.012,
  "LEM": 0.005,
  "loss": 3.221921640729147
}