{
  "UAS": 0.27285335262904004,
  "LAS": 0.12590448625180897,
  "UEM": 0.016,
  "LEM": 0.005,
  "loss": 3.2788101642850846
}