{
    "model_count": 5,
    "em_accuracy_mean": 0.3409156976744186,
    "em_accuracy_std": 0.010406662087616807,
    "loss_mean": 0.0,
    "loss_std": 0.0
}