{"model_count": 10, "em_accuracy_mean": 0.7897856817145463, "em_accuracy_std": 0.004219164274747516, "loss_mean": 1.1467257860790598, "loss_std": 0.0048619407784612845}