{
  "em_accuracy": 0.7909256725946192,
  "loss": 1.1478766072880138
}