{
  "em_accuracy": 0.7986776105791153,
  "loss": 1.1375311916524713
}