{
  "em_accuracy": 0.791609667122663,
  "loss": 1.1441977990757335
}