{
  "em_accuracy": 0.782717738258094,
  "loss": 1.1561577127196572
}