{
  "em_accuracy": 0.7884176926584587,
  "loss": 1.1486215808174827
}