{
  "em_accuracy": 0.7863657090743275,
  "loss": 1.1467289892109958
}