{
  "em_accuracy": 0.7900136798905609,
  "loss": 1.146153372634541
}