{
    "model_count": 5,
    "em_accuracy_mean": 0.44989231873653984,
    "em_accuracy_std": 0.015859597641345688,
    "loss_mean": 0.0,
    "loss_std": 0.0
}