{"model_count": 10, "em_accuracy_mean": 0.8509575923392613, "em_accuracy_std": 0.00289007611644158, "loss_mean": 1.1616959429654208, "loss_std": 0.0037742186711513}