{
  "em_accuracy": 0.8467852257181943,
  "loss": 1.1577163056893782
}