{
  "em_accuracy": 0.8495212038303693,
  "loss": 1.1640575033968146
}