{
  "em_accuracy": 0.8538531691746466,
  "loss": 1.166862421469255
}