{
    "model_count": 5,
    "UAS_mean": 0.5773217508078392,
    "UAS_std": 0.004514675506303444,
    "LAS_mean": 0.4678920642914096,
    "LAS_std": 0.0036091209940979324,
    "UEM_mean": 0.0136,
    "UEM_std": 0.0013416407864998735,
    "LEM_mean": 0.0054,
    "LEM_std": 0.001140175425099138,
    "LOAS_mean": 0.619010449452348,
    "LOAS_std": 0.00479728391972234,
    "LOEM_mean": 0.0064,
    "LOEM_std": 0.001140175425099138,
    "loss_mean": 11.331907993555069,
    "loss_std": 1.2515001056524597
}