{
  "UAS": 0.5732510806160561,
  "LAS": 0.4664064794997692,
  "UEM": 0.012,
  "LEM": 0.007,
  "LOAS": 0.6224768139661757,
  "LOEM": 0.008,
  "loss": 10.539388567209244
}