{
  "UAS": 0.5784128582819253,
  "LAS": 0.4664484451718494,
  "UEM": 0.015,
  "LEM": 0.005,
  "LOAS": 0.6166016198749423,
  "LOEM": 0.005,
  "loss": 10.652424544095993
}