{"model_count": 3, "accuracy_mean": 0.7388483373884834, "accuracy_std": 0.009757671869842617, "macro_fscore_mean": 0.18892138279819673, "macro_fscore_std": 0.03420903976894102, "micro_fscore_mean": 0.3997824261704206, "micro_fscore_std": 0.029970758552605333, "label_per:religion_fscore_mean": 0.5515873015873016, "label_per:religion_fscore_std": 0.2090407490645384, "label_per:other_family_fscore_mean": 0.08333333333333333, "label_per:other_family_fscore_std": 0.14433756729740646, "label_per:siblings_fscore_mean": 0.12121212121212122, "label_per:siblings_fscore_std": 0.2099455524325912, "label_per:children_fscore_mean": 0, "label_per:children_fscore_std": 0.0, "label_org:members_fscore_mean": 0, "label_org:members_fscore_std": 0.0, "label_per:spouse_fscore_mean": 0.09523809523809525, "label_per:spouse_fscore_std": 0.16495721976846453, "label_per:origin_fscore_mean": 0.20971055088702148, "label_per:origin_fscore_std": 0.1241327306384435, "label_per:title_fscore_mean": 0.7498548940286694, "label_per:title_fscore_std": 0.09318442147789464, "label_per:date_of_birth_fscore_mean": 0, "label_per:date_of_birth_fscore_std": 0.0, "label_per:employee_of_fscore_mean": 0.07826492226771863, "label_per:employee_of_fscore_std": 0.034619721871434174, "label_org:alternate_names_fscore_mean": 0.43664717348927873, "label_org:alternate_names_fscore_std": 0.013505269454728151, "label_per:schools_attended_fscore_mean": 0, "label_per:schools_attended_fscore_std": 0.0, "label_per:date_of_death_fscore_mean": 0.3888888888888889, "label_per:date_of_death_fscore_std": 0.3469443332443555, "label_org:top_members/employees_fscore_mean": 0.25605953258821207, "label_org:top_members/employees_fscore_std": 0.08119305007153196, "label_org:number_of_employees/members_fscore_mean": 0, "label_org:number_of_employees/members_fscore_std": 0.0, "label_per:alternate_names_fscore_mean": 0.39057239057239057, "label_per:alternate_names_fscore_std": 0.36661703942939255, "label_org:member_of_fscore_mean": 0.0392156862745098, "label_org:member_of_fscore_std": 0.06792356108113244, "label_org:dissolved_fscore_mean": 0, "label_org:dissolved_fscore_std": 0.0, "loss_mean": 1.2283744096564941, "loss_std": 0.07470243722720084}