{
  "accuracy": 0.7481751824817519,
  "macro_fscore": 0.22287780663751336,
  "micro_fscore": 0.4343675417661098,
  "label_per:siblings_fscore": 0,
  "label_per:schools_attended_fscore": 0,
  "label_org:top_members/employees_fscore": 0.19354838709677422,
  "label_org:dissolved_fscore": 0,
  "label_per:date_of_death_fscore": 0.6666666666666666,
  "label_per:alternate_names_fscore": 0.7272727272727273,
  "label_per:date_of_birth_fscore": 0,
  "label_org:members_fscore": 0,
  "label_per:spouse_fscore": 0.28571428571428575,
  "label_org:alternate_names_fscore": 0.4444444444444445,
  "label_org:member_of_fscore": 0.11764705882352941,
  "label_org:number_of_employees/members_fscore": 0,
  "label_per:children_fscore": 0,
  "label_per:employee_of_fscore": 0.06451612903225806,
  "label_per:origin_fscore": 0.13333333333333333,
  "label_per:title_fscore": 0.8072289156626505,
  "label_per:other_family_fscore": 0,
  "label_per:religion_fscore": 0.5714285714285715,
  "loss": 1.2197285062418535
}