{
  "UAS": 0.7329540363766688,
  "LAS": 0.5465460084221844,
  "UEM": 0.064,
  "LEM": 0.007,
  "LOAS": 0.6386524504972673,
  "LOEM": 0.009,
  "loss": 5.412393018603325
}