{
  "UAS": 0.7399874563211182,
  "LAS": 0.5511602902965684,
  "UEM": 0.068,
  "LEM": 0.007,
  "LOAS": 0.6402652092106442,
  "LOEM": 0.01,
  "loss": 5.9063960313797
}