{
  "UAS": 0.733357226055013,
  "LAS": 0.5542066123107249,
  "UEM": 0.064,
  "LEM": 0.01,
  "LOAS": 0.6470746348893468,
  "LOEM": 0.012,
  "loss": 4.238258002296327
}