{
    "model_count": 5,
    "UAS_mean": 0.7351223008690978,
    "UAS_std": 0.0028883276707762757,
    "LAS_mean": 0.5532210375414389,
    "LAS_std": 0.0048858484465633375,
    "UEM_mean": 0.0662,
    "UEM_std": 0.005674504383644443,
    "LEM_mean": 0.0078000000000000005,
    "LEM_std": 0.0013038404810405298,
    "LOAS_mean": 0.6450228474151062,
    "LOAS_std": 0.005415141868150465,
    "LOEM_mean": 0.0104,
    "LOEM_std": 0.0011401754250991382,
    "loss_mean": 5.430816268542456,
    "loss_std": 0.7219193490590885
}