{
  "UAS": 0.8597672750458277,
  "LAS": 0.8269705905794213,
  "UEM": 0.5835339431872894,
  "LEM": 0.49350024073182475,
  "LOAS": 0.9067506176775325,
  "LOEM": 0.5536831969186327,
  "loss": 2.896164387057965
}