{
  "accuracy": 0.89988358556461,
  "macro_fscore": 0.6730077172784682,
  "micro_fscore": 0.9035294117647059,
  "loss": 0.44291422645889084
}