{
  "accuracy": 0.9150174621653085,
  "macro_fscore": 0.7182111378534883,
  "micro_fscore": 0.9181871689228959,
  "loss": 0.43170269838150555
}