{
  "accuracy": 0.8905704307334109,
  "macro_fscore": 0.690780340152927,
  "micro_fscore": 0.8941176470588236,
  "loss": 0.48341418115456625
}