{
  "accuracy": 0.9057043073341094,
  "macro_fscore": 0.6804212619224101,
  "micro_fscore": 0.9126328217237308,
  "loss": 0.43541491555946843
}