{
  "accuracy": 0.9291338582677166,
  "macro_fscore": 0.7394724220623502,
  "micro_fscore": 0.9387755102040816,
  "loss": 0.3455127952620387
}