{
  "accuracy": 0.8976377952755905,
  "macro_fscore": 0.362962962962963,
  "micro_fscore": 0.9112903225806451,
  "loss": 0.35624460713006556
}