{
  "accuracy": 0.9291338582677166,
  "macro_fscore": 0.6189075630252101,
  "micro_fscore": 0.9349593495934959,
  "loss": 0.30703561450354755
}