{
  "UAS": 0.7750951761360898,
  "LAS": 0.6131270782130982,
  "UEM": 0.118,
  "LEM": 0.024,
  "LOAS": 0.7184232085200714,
  "LOEM": 0.032,
  "loss": 5.592090725898743
}