{
  "UAS": 0.7813599344609898,
  "LAS": 0.6160185051322827,
  "UEM": 0.114,
  "LEM": 0.023,
  "LOAS": 0.7163028287793359,
  "LOEM": 0.034,
  "loss": 6.609961733222008
}