{
    "model_count": 5,
    "em_accuracy_mean": 0.3348092643051771,
    "em_accuracy_std": 0.009815530279965646,
    "loss_mean": 0.0,
    "loss_std": 0.0
}