{
    "model_count": 5,
    "UAS_mean": 0.8488635444471406,
    "UAS_std": 0.0010878409493094582,
    "LAS_mean": 0.790989242093343,
    "LAS_std": 0.0023594404060941795,
    "UEM_mean": 0.1556,
    "UEM_std": 0.005941380311005185,
    "LEM_mean": 0.07,
    "LEM_std": 0.0037416573867739373,
    "LOAS_mean": 0.8782334384858044,
    "LOAS_std": 0.0023653947519357023,
    "LOEM_mean": 0.15059999999999998,
    "LOEM_std": 0.004505552130427528,
    "loss_mean": 4.708913014084101,
    "loss_std": 0.4657735535310653
}