{
  "UAS": 0.8495510798349915,
  "LAS": 0.7937393836447464,
  "UEM": 0.154,
  "LEM": 0.073,
  "LOAS": 0.8808946048693683,
  "LOEM": 0.151,
  "loss": 5.133083499968052
}