{
  "accuracy": 0.8330434782608696,
  "loss": 0.9477909546759393
}