{
  "accuracy": 0.8347826086956521,
  "loss": 1.0717655999792948
}