{
  "accuracy": 0.8460869565217392,
  "loss": 0.6926086627774768
}