{
  "accuracy": 0.896551724137931,
  "macro_fscore": 0.7441326725123905,
  "micro_fscore": 0.9017341040462429,
  "loss": 0.48274526806684054
}