{
  "accuracy": 0.8735632183908046,
  "macro_fscore": 0.6413169858107177,
  "micro_fscore": 0.8786127167630059,
  "loss": 0.33658021688461304
}