{
  "accuracy": 0.8850574712643678,
  "macro_fscore": 0.776497175141243,
  "micro_fscore": 0.8953488372093024,
  "loss": 0.5836124871857464
}