{"model_count": 10, "em_accuracy_mean": 0.5317292502126626, "em_accuracy_std": 0.0075758549844461625, "loss_mean": 1.4894104023350097, "loss_std": 0.011646940678744699}