{
  "em_accuracy": 0.5214485356665451,
  "loss": 1.485492937194491
}