{
  "em_accuracy": 0.5259448292623649,
  "loss": 1.507055573093081
}