{
  "em_accuracy": 0.5424717462632155,
  "loss": 1.4746457772347534
}