{
  "em_accuracy": 0.5331145947259691,
  "loss": 1.5059110583610904
}