{
  "accuracy": 0.8888888888888888,
  "macro_fscore": 0.7908514249977664,
  "micro_fscore": 0.88,
  "label_has-genre_fscore": 0.5714285714285715,
  "label_has-occupation_fscore": 0.8780487804878048,
  "label_has-type_fscore": 0.923076923076923,
  "loss": 0.3333005215972662
}