{
  "UAS": 0.5125267531159512,
  "LAS": 0.3900709219858156,
  "UEM": 0.005,
  "LEM": 0.0,
  "LOAS": 0.5955768181627429,
  "LOEM": 0.001,
  "loss": 10.60102578997612
}