{
  "UAS": 0.48936170212765956,
  "LAS": 0.3631289605103026,
  "UEM": 0.004,
  "LEM": 0.002,
  "LOAS": 0.548952956481598,
  "LOEM": 0.002,
  "loss": 8.111315280199051
}