{
  "accuracy": 0.8148148148148148,
  "macro_fscore": 0.3552772808586762,
  "micro_fscore": 0.8235294117647058,
  "loss": 0.8220660388469696
}