{
  "UAS": 0.6032088861462511,
  "LAS": 0.4779389077445233,
  "UEM": 0.079,
  "LEM": 0.018,
  "loss": 2.0743911020339483
}