{
  "UAS": 0.6010490589324282,
  "LAS": 0.4792759436387946,
  "UEM": 0.085,
  "LEM": 0.02,
  "loss": 2.080675096738906
}