{"model_count": 3, "accuracy_mean": 0.9210526315789473, "accuracy_std": 0.009116056881941424, "macro_fscore_mean": 0.4206098127201292, "macro_fscore_std": 0.03948306354575115, "micro_fscore_mean": 0.9272237196765498, "micro_fscore_std": 0.00933720111896966, "loss_mean": 0.42275070069445064, "loss_std": 0.04245782159759745}