{
  "accuracy": 0.9263157894736842,
  "macro_fscore": 0.43215512868368416,
  "micro_fscore": 0.9326145552560646,
  "loss": 0.4084988737643774
}