{"root": 1.0, "punct": 0.7830882352941176, "nmod": 0.9410903411586705, "amod": 0.9942307692307693, "nummod": 0.4886964448495898, "flat": 1.0, "ccomp": 0.9889322916666666, "nsubj": 0.725767401642888, "case": 0.0007764080909895798, "obj": 0.9748315601902131, "iobj": 0.9956942347480848, "nmod:poss": 0.9993940956555369, "det": 0.0008878366380585972, "cc": 0.031291645310097385, "cop": 0.11150652431791222, "mark": 0.025008269930532585, "xcomp": 0.9976072466245086, "advmod": 0.7157586642719351, "acl": 1.0, "compound": 1.0, "appos": 1.0, "aux": 0.014547973675095255, "discourse": 0.4418604651162791, "dep": 0.7777777777777778}