{"root": 1.0, "nsubj": 0.5865595325054784, "flat": 1.0, "punct": 0.683572710951526, "appos": 1.0, "amod": 0.9987654320987654, "case": 0.0062397372742200325, "nmod": 0.9887429643527205, "obl": 0.8828967642526965, "acl:relcl": 0.9968652037617555, "obj": 0.9424364123159303, "obl:tmod": 0.8251748251748252, "mark": 0.00816326530612245, "advmod": 0.5, "acl": 0.8823529411764706, "compound:prt": 0.005235602094240838, "parataxis": 1.0, "xcomp": 0.8314606741573034, "fixed": 1.0, "ccomp": 0.9965156794425087, "cop": 0.01282051282051282, "det": 0.0035842293906810036, "advcl": 0.8544303797468354, "nsubj:pass": 0.6737588652482269, "dislocated": 0.0, "cc": 0.007680491551459293, "conj": 1.0, "dep": 0.8780487804878049, "nummod": 0.23529411764705882, "csubj": 1.0, "aux": 0.0, "goeswith": 1.0, "expl": 0.0, "csubj:pass": 1.0, "vocative": 1.0, "iobj": 1.0, "orphan": 1.0, "cc:preconj": 0.0, "discourse": 0.0, "compound": 1.0}