{"amod": 0.0191562634524322, "nsubj": 0.2672709313810935, "root": 1.0, "xcomp": 0.9295212765957447, "case": 0.0020313734341496446, "obl": 0.6305340829234013, "nmod": 0.9894551124240932, "appos": 1.0, "flat:foreign": 1.0, "obj": 0.7786079433739678, "punct": 0.539906195036154, "fixed": 1.0, "flat": 1.0, "cc": 0.003763171098845961, "conj": 1.0, "mark": 0.00036036036036036037, "advcl": 0.6383792048929664, "iobj": 0.6619656236227413, "det": 0.03702993092862625, "parataxis": 0.7624362244897959, "flat:name": 1.0, "acl:relcl": 0.9995159728944821, "advmod": 0.1535056517271362, "nummod:gov": 0.02244668911335578, "cop": 0.2717391304347826, "ccomp": 0.9776234567901234, "nummod": 0.055671537926235214, "nsubj:pass": 0.38461538461538464, "acl": 0.7817213842058562, "expl": 0.07653061224489796, "obl:agent": 0.895, "csubj": 0.8573155985489722, "discourse": 0.6802973977695167, "aux": 0.28205128205128205, "aux:pass": 0.009009009009009009, "orphan": 0.6422018348623854, "compound": 0.0037243947858473, "vocative": 0.4838709677419355, "dislocated": 0.07692307692307693, "list": 0.9964705882352941, "dep": 0.5185645763012968, "reparandum": 0.0, "csubj:pass": 1.0, "goeswith": 1.0}