{"advmod": 0.22162380503568063, "amod": 0.021053317690001305, "root": 1.0, "punct": 0.5719840970428626, "conj": 1.0, "det": 0.0021315560359062113, "nmod": 0.7966126802291131, "parataxis": 0.9436325678496869, "nsubj": 0.26239372138652717, "iobj": 0.40089285714285716, "obj": 0.5442121087877545, "compound:prt": 0.9830258302583026, "nsubj:pass": 0.02339572192513369, "case": 0.003491147447543728, "obl": 0.3966017917825147, "appos": 1.0, "flat": 1.0, "cc": 0.017658930373360242, "aux": 0.3488827910623285, "cop": 0.17796365734064032, "mark": 0.06738245094409478, "acl": 0.964170692431562, "advcl": 0.7005516154452325, "aux:pass": 0.3347839602113771, "nummod": 0.026755852842809364, "det:poss": 0.0, "acl:relcl": 1.0, "dep": 0.3123359580052493, "ccomp": 0.8218954248366013, "xcomp": 0.6540993417115499, "discourse": 0.6666666666666666, "compound": 0.06529209621993128, "csubj": 0.7023809523809523, "expl": 0.450402144772118, "fixed": 1.0, "expl:pv": 0.7205882352941176, "csubj:pass": 0.8478260869565217, "vocative": 1.0, "nmod:poss": 0.0, "orphan": 0.7692307692307693, "reparandum": 0.0, "obl:agent": 0.0, "goeswith": 1.0}