{"case": 0.21819117257292528, "obl": 0.09777392935743406, "det": 0.0014040393131007668, "nmod": 0.9634194975165863, "amod": 0.9500614401572868, "nsubj": 0.0045774072257642635, "cc": 0.005404562698123993, "conj": 1.0, "punct": 0.9577365873234844, "advmod": 0.04841645431379687, "appos": 1.0, "compound:lvc": 0.0005750431282346176, "root": 1.0, "flat:name": 1.0, "obj": 0.004483063980518043, "xcomp": 0.038348082595870206, "ccomp": 0.9926914521766762, "obl:arg": 0.14464921790305096, "nummod": 0.027219175299614057, "mark": 0.0007406721599851866, "acl": 0.9995566884628172, "cop": 0.9987849331713244, "aux:pass": 1.0, "nsubj:pass": 0.002105263157894737, "aux": 0.4924640427181121, "dep": 0.945078847199565, "advcl": 0.5463836477987422, "parataxis": 1.0, "flat:num": 1.0, "csubj": 0.992, "goeswith": 1.0, "fixed": 1.0, "vocative": 0.0, "compound": 1.0, "iobj": 0.0}