{"det": 0.0, "nsubj": 0.02770676021166538, "amod": 0.6987233563916541, "aux:tense": 0.001488095238095238, "root": 1.0, "advmod": 0.32696629213483147, "xcomp": 0.9974817426340972, "case": 7.783161130893313e-05, "obl:mod": 0.770650136946807, "mark": 0.002537212449255751, "obj": 0.8517130620985011, "ccomp": 0.9992553983618764, "punct": 0.5985848693824185, "cop": 0.015553712152633762, "obl:arg": 0.9884062019835173, "nmod": 0.9781818181818182, "fixed": 1.0, "cc": 0.0, "conj": 1.0, "expl:subj": 0.0532994923857868, "advcl:cleft": 1.0, "acl": 0.9891655140617797, "nsubj:pass": 0.023234484867013145, "aux:pass": 0.000657030223390276, "advcl": 0.6630323679727428, "obl:agent": 1.0, "expl:pass": 0.0, "acl:relcl": 1.0, "appos": 1.0, "iobj": 0.33949579831932775, "parataxis": 0.9609120521172638, "flat:name": 1.0, "nummod": 0.0015862944162436548, "obj:lvc": 1.0, "expl:pv": 0.0, "orphan": 0.7821229050279329, "nsubj:caus": 0.008403361344537815, "obj:agent": 0.7263157894736842, "aux:caus": 0.0, "expl": 0.0, "flat:foreign": 1.0, "csubj": 0.8734939759036144, "csubj:pass": 1.0, "goeswith": 1.0, "dislocated": 0.1, "dep:comp": 0.6470588235294118, "discourse": 0.1794871794871795, "iobj:agent": 0.0, "obl": 0.9230769230769231, "reparandum": 0.15789473684210525, "dep": 1.0, "vocative": 0.36363636363636365, "flat": 1.0, "compound": 0.0}