{"root": 1.0, "nmod": 0.9764694940476191, "det": 0.1693885301936954, "cop": 0.001652892561983471, "nsubj": 0.8678926627885156, "ccomp": 0.936231884057971, "mark": 0.004876349703935911, "advcl": 0.7483811285846439, "xcomp": 0.9755412991178829, "case": 0.0018312223409125592, "obl": 0.9118236472945892, "advmod": 0.7257491112239716, "punct": 0.5359448030269308, "parataxis": 0.9387755102040817, "orphan": 0.875, "mark:prt": 0.004674717569146864, "cc": 0.0012779552715654952, "conj": 1.0, "amod": 0.947603121516165, "csubj:cleft": 1.0, "obl:prep": 0.9837662337662337, "obj": 0.5484800838574424, "xcomp:pred": 0.9964580873671782, "nmod:poss": 0.0011682242990654205, "csubj:cop": 1.0, "acl": 1.0, "compound": 1.0, "nummod": 0.02888086642599278, "acl:relcl": 0.9994428969359331, "fixed": 1.0, "flat:name": 1.0, "obl:tmod": 0.8253205128205128, "appos": 1.0, "list": 0.6129032258064516, "dislocated": 0.9148936170212766, "flat:foreign": 1.0, "flat": 1.0, "goeswith": 1.0, "case:voc": 0.0, "vocative": 0.7333333333333333, "discourse": 0.5, "compound:prt": 1.0}