{"nsubj": 0.01483404413128129, "iobj": 0.012987012987012988, "obj": 0.03032508491023775, "advmod": 0.0035918367346938775, "dep": 0.1739874500855676, "obl": 0.0069965017491254375, "advcl": 0.011548064918851436, "det:poss": 0.00989010989010989, "conj": 1.0, "punct": 0.8361728226795693, "flat": 1.0, "acl:relcl": 0.0026513477684489617, "root": 1.0, "nmod": 0.041228779304769606, "appos": 0.6654578422484134, "case": 0.9888220120378332, "nummod": 0.24645892351274787, "nsubj:pass": 0.002638522427440633, "det": 0.04081632653061224, "amod": 0.026929982046678635, "ccomp": 0.017777777777777778, "cop": 0.9714285714285714, "mark": 1.0, "cc": 0.20833333333333334, "fixed": 1.0, "csubj": 0.16666666666666666, "aux": 0.8666666666666667, "acl": 0.25}