{"nsubj": 0.2678723146012866, "case": 0.0020683949255377826, "nmod": 0.9058563029701459, "root": 1.0, "obl": 0.6880462362559909, "obj": 0.8387701843092481, "cc": 0.013071111644082024, "conj": 1.0, "obl:arg": 0.8520220588235294, "punct": 0.5401100554576329, "amod": 0.35045674368619023, "acl:relcl": 0.9959294436906377, "nummod:gov": 0.021965317919075144, "advcl": 0.6419711699631244, "fixed": 1.0, "acl": 0.5772336545975515, "expl:pv": 0.8085063495263052, "advmod": 0.24417403283205144, "nummod": 0.004574565416285453, "nmod:arg": 0.9797966101694915, "det:numgov": 0.05578512396694215, "obl:agent": 0.969939879759519, "iobj": 0.8291247389405734, "parataxis:insert": 0.24591057797164667, "advmod:emph": 0.18909873296677027, "mark": 0.01948368241597662, "ccomp": 0.9925571504518873, "det": 0.07155425219941348, "aux:pass": 0.19646017699115045, "nsubj:pass": 0.17966903073286053, "xcomp": 0.9814366424535916, "ccomp:obj": 0.9985294117647059, "appos": 1.0, "det:nummod": 0.012987012987012988, "det:poss": 0.019075568598679385, "obl:cmpr": 0.9429347826086957, "flat": 1.0, "aux:clitic": 0.9114735002912056, "advmod:neg": 0.0015883100381194409, "advmod:arg": 0.6111111111111112, "cop": 0.1703515766582095, "xcomp:pred": 0.887905604719764, "aux:cnd": 0.7790927021696252, "aux": 0.1739606126914661, "cc:preconj": 0.0, "advcl:relcl": 0.967741935483871, "amod:flat": 0.5397574123989218, "advcl:cmpr": 0.9602649006622517, "csubj": 0.9550561797752809, "aux:imp": 0.024390243902439025, "ccomp:cleft": 0.9896373056994818, "discourse:intj": 0.1875, "nmod:poss": 0.6888888888888889, "nmod:flat": 0.9956458635703919, "vocative": 0.5781990521327014, "parataxis:obj": 0.34225844004656575, "xcomp:subj": 0.7647058823529411, "xcomp:cleft": 1.0, "list": 0.11538461538461539, "discourse:emo": 1.0, "orphan": 0.4852941176470588, "csubj:pass": 1.0, "nmod:pred": 1.0, "flat:foreign": 1.0, "dep": 0.6666666666666666, "nummod:flat": 0.0, "obl:orphan": 1.0}