{"root": 1.0, "discourse": 0.84, "punct": 0.9265341400172861, "obl": 0.0, "obl:tmod": 0.03488372093023256, "case": 1.0, "nsubj": 0.0011682242990654205, "det": 0.03937007874015748, "advcl": 0.0, "nmod:poss": 0.0, "obj": 0.00554016620498615, "compound:svc": 0.0, "nmod": 0.07547169811320754, "nummod": 0.05084745762711865, "advmod": 0.049019607843137254, "conj": 1.0, "nsubj:nc": 0.0, "cc": 0.36363636363636365, "compound": 0.0, "amod": 0.016666666666666666, "vocative": 0.0, "parataxis": 0.6363636363636364, "obl:cmp": 0.0, "compound:lvc": 0.0, "ccomp": 0.04225352112676056, "mark": 0.9767441860465116, "iobj": 0.0, "xcomp": 0.3333333333333333, "acl:relcl": 0.07692307692307693, "csubj": 0.0, "acl": 0.0, "flat": 1.0, "orphan": 0.25, "advcl:cond": 0.0, "compound:redup": 0.0, "dislocated": 0.0, "obl:cau": 0.0, "list": 0.0, "nmod:tmod": 0.0}