{"punct": 0.4742647058823529, "mark": 0.0, "fixed": 1.0, "csubj": 0.0, "compound:prt": 1.0, "xcomp": 0.9807692307692307, "obj": 0.9192618223760092, "amod": 0.9113149847094801, "cop": 0.0, "advcl": 0.8387096774193549, "nsubj": 0.0006165228113440197, "advmod": 0.5062866722548198, "aux": 0.21959095801937567, "acl:relcl": 0.99836867862969, "case": 0.00870285951098218, "obl": 0.8662420382165605, "det": 0.5883777239709443, "ccomp": 0.8909090909090909, "flat:name": 1.0, "appos": 1.0, "acl": 0.9989743589743589, "nmod:poss": 1.0, "root": 1.0, "cc": 0.006462035541195477, "compound": 0.9955242966751918, "discourse": 1.0, "conj": 1.0, "clf": 1.0, "reparandum": 0.0, "nummod": 0.33064516129032256, "nmod": 0.9664694280078896, "dep": 0.9829059829059829, "aux:pass": 0.0, "obl:tmod": 0.6507936507936508, "nsubj:pass": 0.0, "obl:poss": 1.0, "vocative": 0.0, "iobj": 1.0, "cc:preconj": 0.0, "parataxis": 1.0, "goeswith": 1.0, "dislocated": 0.0}