{"nsubj": 0.079983423124741, "compound": 0.9291174426685198, "punct": 0.7584419431279621, "nmod": 0.043281121187139324, "case": 0.9735049205147616, "obl": 0.055970149253731345, "nmod:poss": 0.0034231921266581087, "amod": 0.022288898414059153, "obj": 0.048771676300578035, "advmod": 0.10252365930599369, "nummod": 0.009615384615384616, "det": 0.009419152276295133, "root": 1.0, "cop": 1.0, "flat": 1.0, "conj": 1.0, "acl": 0.006153846153846154, "cc": 0.10237659963436929, "compound:lvc": 1.0, "discourse": 0.5058823529411764, "compound:redup": 0.9926470588235294, "appos": 1.0, "mark": 0.9574468085106383, "advmod:emph": 0.8912, "csubj": 0.0, "aux": 0.975, "aux:q": 1.0, "fixed": 1.0, "parataxis": 0.9, "ccomp": 0.03225806451612903, "advcl": 0.0, "dep": 1.0, "vocative": 0.0}