{
  "UAS": 0.5503790578630208,
  "LAS": 0.39136914404198797,
  "UEM": 0.03348729792147806,
  "LEM": 0.003464203233256351,
  "LOAS": 0.5781118382686451,
  "LOEM": 0.005773672055427252,
  "loss": 7.860309481620789
}