{
    "model_count": 5,
    "UAS_mean": 0.8432328535933618,
    "UAS_std": 0.003947685322874429,
    "LAS_mean": 0.7720313159251794,
    "LAS_std": 0.004065672132707053,
    "UEM_mean": 0.1504,
    "UEM_std": 0.0021908902300206666,
    "LEM_mean": 0.0698,
    "LEM_std": 0.004086563348340507,
    "LOAS_mean": 0.8787117340959167,
    "LOAS_std": 0.003391024695046995,
    "LOEM_mean": 0.1548,
    "LOEM_std": 0.009909591313470006,
    "loss_mean": 3.675175065547228,
    "loss_std": 0.4028299554625095
}