{
  "UAS": 0.8399981247948994,
  "LAS": 0.7730533027049834,
  "UEM": 0.149,
  "LEM": 0.076,
  "LOAS": 0.8832216023627584,
  "LOEM": 0.167,
  "loss": 3.738607347011566
}