{
  "UAS": 0.8499835919553701,
  "LAS": 0.778678918006657,
  "UEM": 0.149,
  "LEM": 0.069,
  "LOAS": 0.8814401575172285,
  "LOEM": 0.162,
  "loss": 3.0497766099870205
}