{
    "model_count": 5,
    "em_accuracy_mean": 0.2982770997846375,
    "em_accuracy_std": 0.006329932551524912,
    "loss_mean": 0.0,
    "loss_std": 0.0
}