{"model_count": 10, "em_accuracy_mean": 0.8158718602111394, "em_accuracy_std": 0.006742164468285459, "loss_mean": 1.0181132919797602, "loss_std": 0.0035907596387169762}