{
  "em_accuracy": 0.8016017473607572,
  "loss": 1.0247256433547929
}