{
  "em_accuracy": 0.8137361970634631,
  "loss": 1.021265108687009
}