{
  "em_accuracy": 0.8153136755248149,
  "loss": 1.0156250475913056
}