{
  "em_accuracy": 0.8208955223880597,
  "loss": 1.0151138031898543
}