{
  "em_accuracy": 0.8162844315010315,
  "loss": 1.0177546063827914
}