{
  "em_accuracy": 0.8077903167091373,
  "loss": 1.0176764250725738
}