{
  "UAS": 0.8497874350495985,
  "LAS": 0.774294670846395,
  "UEM": 0.198,
  "LEM": 0.068,
  "LOAS": 0.8533516554300683,
  "LOEM": 0.111,
  "loss": 5.167335584759712
}