{
  "UAS": 0.8492721260789281,
  "LAS": 0.768926869068579,
  "UEM": 0.195,
  "LEM": 0.064,
  "LOAS": 0.8492291836647057,
  "LOEM": 0.107,
  "loss": 4.359461389482021
}