{
  "UAS": 0.26988123714801293,
  "LAS": 0.17101011372697134,
  "UEM": 0.005,
  "LEM": 0.003,
  "loss": 3.0014335692874967
}