{
  "UAS": 0.2769734357295732,
  "LAS": 0.17889966007805616,
  "UEM": 0.001,
  "LEM": 0.001,
  "loss": 2.984501668385097
}