{
  "UAS": 0.27260900583322845,
  "LAS": 0.17529061227915566,
  "UEM": 0.005,
  "LEM": 0.003,
  "loss": 2.997552678698585
}