{
    "model_count": 5,
    "em_accuracy_mean": 0.7881896944824441,
    "em_accuracy_std": 0.004476551280454114,
    "loss_mean": 0.0,
    "loss_std": 0.0
}