{
  "accuracy": 0.6738600765750087,
  "macro_fscore": 0.6183450483150448,
  "micro_fscore": 0.6738600765750087,
  "label_ethnic_group_fscore": 0,
  "label_student_of_fscore": 0.5555555555555556,
  "label_continent_fscore": 0.8543689320388349,
  "label_owned_by_fscore": 0.125,
  "label_award_received_fscore": 0.8764044943820224,
  "label_color_fscore": 0.8951048951048951,
  "label_capital_fscore": 0.8600000000000001,
  "label_place_of_birth_fscore": 0.8666666666666666,
  "label_nominated_for_fscore": 0,
  "label_country_of_citizenship_fscore": 0.4615384615384615,
  "label_father_fscore": 0.7999999999999999,
  "label_present_in_work_fscore": 0.1875,
  "label_occupation_fscore": 0.46153846153846156,
  "label_writing_system_fscore": 0.9090909090909091,
  "label_tributary_fscore": 0.7142857142857143,
  "label_member_of_political_party_fscore": 0.7688172043010753,
  "label_producer_fscore": 0.4210526315789474,
  "label_screenwriter_fscore": 0.5333333333333333,
  "label_spouse_fscore": 0.863905325443787,
  "label_employer_fscore": 0.4642857142857143,
  "label_sport_fscore": 0.32950191570881227,
  "label_member_of_sports_team_fscore": 0.7848101265822786,
  "label_capital_of_fscore": 0.8695652173913043,
  "label_member_of_fscore": 0.5151515151515151,
  "label_educated_at_fscore": 0.9142857142857143,
  "label_original_language_of_film_or_TV_show_fscore": 0.9518716577540107,
  "label_league_fscore": 0.0915032679738562,
  "label_founded_by_fscore": 0.6666666666666667,
  "label_participant_fscore": 0.7499999999999999,
  "label_located_in_or_next_to_body_of_water_fscore": 0.8163265306122449,
  "label_production_company_fscore": 0.8936170212765957,
  "label_position_held_fscore": 0.7951807228915663,
  "label_material_used_fscore": 0.8648648648648648,
  "label_sibling_fscore": 0.6567164179104478,
  "label_winner_fscore": 1.0,
  "label_shares_border_with_fscore": 0.8045977011494253,
  "label_subsidiary_fscore": 0.8461538461538461,
  "label_publisher_fscore": 0.18181818181818182,
  "label_discoverer_or_inventor_fscore": 0.6666666666666666,
  "label_contains_administrative_territorial_entity_fscore": 0.6857142857142857,
  "label_parent_organization_fscore": 0.72,
  "label_composer_fscore": 0.30434782608695654,
  "label_child_fscore": 0.8571428571428571,
  "label_manner_of_death_fscore": 0.36363636363636365,
  "label_mother_fscore": 0.752,
  "label_performer_fscore": 0.07843137254901962,
  "label_creator_fscore": 0.20689655172413793,
  "label_named_after_fscore": 0.4285714285714285,
  "label_director_fscore": 0.7187187187187187,
  "label_genre_fscore": 0.5494505494505494,
  "label_place_of_death_fscore": 0.8529411764705883,
  "loss": 1.1952099338173867
}