{
  "accuracy": 0.6474068917507831,
  "macro_fscore": 0.602508811425243,
  "micro_fscore": 0.6474068917507831,
  "label_ethnic_group_fscore": 0,
  "label_student_of_fscore": 0.3333333333333333,
  "label_continent_fscore": 0.8070175438596492,
  "label_owned_by_fscore": 0.10526315789473685,
  "label_award_received_fscore": 0.8372093023255814,
  "label_color_fscore": 0.9420289855072463,
  "label_capital_fscore": 0.897196261682243,
  "label_place_of_birth_fscore": 0.75,
  "label_nominated_for_fscore": 0,
  "label_country_of_citizenship_fscore": 0.2608695652173913,
  "label_father_fscore": 0.7955801104972374,
  "label_present_in_work_fscore": 0.48000000000000004,
  "label_occupation_fscore": 0.5,
  "label_writing_system_fscore": 0.9090909090909091,
  "label_tributary_fscore": 0.7692307692307693,
  "label_member_of_political_party_fscore": 0.4749163879598663,
  "label_producer_fscore": 0.40566037735849053,
  "label_screenwriter_fscore": 0.35200000000000004,
  "label_spouse_fscore": 0.8373333333333334,
  "label_employer_fscore": 0.45378151260504207,
  "label_sport_fscore": 0.24193548387096775,
  "label_member_of_sports_team_fscore": 0.7572815533980581,
  "label_capital_of_fscore": 0.9130434782608695,
  "label_member_of_fscore": 0.20987654320987653,
  "label_educated_at_fscore": 0.8666666666666666,
  "label_original_language_of_film_or_TV_show_fscore": 0.7975460122699386,
  "label_league_fscore": 0.07865168539325842,
  "label_founded_by_fscore": 0.7222222222222223,
  "label_participant_fscore": 0.8,
  "label_located_in_or_next_to_body_of_water_fscore": 0.7111111111111111,
  "label_production_company_fscore": 0.7031250000000001,
  "label_position_held_fscore": 0.8219178082191781,
  "label_material_used_fscore": 0.9166666666666666,
  "label_sibling_fscore": 0.6608695652173914,
  "label_winner_fscore": 0.8387096774193548,
  "label_shares_border_with_fscore": 0.88,
  "label_subsidiary_fscore": 0.8571428571428571,
  "label_publisher_fscore": 0.5714285714285715,
  "label_discoverer_or_inventor_fscore": 0.4444444444444444,
  "label_contains_administrative_territorial_entity_fscore": 0.6901408450704225,
  "label_parent_organization_fscore": 0.72,
  "label_composer_fscore": 0.49367088607594933,
  "label_child_fscore": 0.8932038834951456,
  "label_manner_of_death_fscore": 0.4117647058823529,
  "label_mother_fscore": 0.7611940298507462,
  "label_performer_fscore": 0.015267175572519083,
  "label_creator_fscore": 0.2222222222222222,
  "label_named_after_fscore": 0.4285714285714285,
  "label_director_fscore": 0.8221649484536082,
  "label_genre_fscore": 0.7540983606557378,
  "label_place_of_death_fscore": 0.8125,
  "loss": 1.2893853180938297
}