{
  "accuracy": 0.7145840584754611,
  "macro_fscore": 0.6029542196283725,
  "micro_fscore": 0.7145840584754611,
  "label_ethnic_group_fscore": 0,
  "label_student_of_fscore": 0.27777777777777773,
  "label_continent_fscore": 0.8823529411764706,
  "label_owned_by_fscore": 0.11111111111111112,
  "label_award_received_fscore": 0.8045977011494252,
  "label_color_fscore": 0.9503546099290779,
  "label_capital_fscore": 0.8712871287128713,
  "label_place_of_birth_fscore": 0.8888888888888888,
  "label_nominated_for_fscore": 0,
  "label_country_of_citizenship_fscore": 0.18181818181818182,
  "label_father_fscore": 0.7214611872146119,
  "label_present_in_work_fscore": 0.4615384615384615,
  "label_occupation_fscore": 0.4642857142857143,
  "label_writing_system_fscore": 0.7142857142857143,
  "label_tributary_fscore": 0.625,
  "label_member_of_political_party_fscore": 0.9565217391304348,
  "label_producer_fscore": 0.4714285714285714,
  "label_screenwriter_fscore": 0.2837837837837838,
  "label_spouse_fscore": 0.903225806451613,
  "label_employer_fscore": 0.5714285714285714,
  "label_sport_fscore": 0.6202531645569621,
  "label_member_of_sports_team_fscore": 0.7012987012987013,
  "label_capital_of_fscore": 0.8076923076923077,
  "label_member_of_fscore": 0.6451612903225806,
  "label_educated_at_fscore": 0.7857142857142857,
  "label_original_language_of_film_or_TV_show_fscore": 0.7354838709677418,
  "label_league_fscore": 0.18666666666666665,
  "label_founded_by_fscore": 0.7741935483870969,
  "label_participant_fscore": 0.42857142857142855,
  "label_located_in_or_next_to_body_of_water_fscore": 0.5853658536585366,
  "label_production_company_fscore": 0.5487804878048781,
  "label_position_held_fscore": 0.8450704225352113,
  "label_material_used_fscore": 0.91005291005291,
  "label_sibling_fscore": 0.7419354838709677,
  "label_winner_fscore": 0.896551724137931,
  "label_shares_border_with_fscore": 0.7216494845360826,
  "label_subsidiary_fscore": 0.8461538461538461,
  "label_publisher_fscore": 0.6,
  "label_discoverer_or_inventor_fscore": 0.6666666666666666,
  "label_contains_administrative_territorial_entity_fscore": 0.7230769230769231,
  "label_parent_organization_fscore": 0.6666666666666666,
  "label_composer_fscore": 0.5942857142857143,
  "label_child_fscore": 0.8532423208191127,
  "label_manner_of_death_fscore": 0,
  "label_mother_fscore": 0.7328244274809161,
  "label_performer_fscore": 0,
  "label_creator_fscore": 0.39999999999999997,
  "label_named_after_fscore": 0.4,
  "label_director_fscore": 0.8316062176165804,
  "label_genre_fscore": 0.6736842105263158,
  "label_place_of_death_fscore": 0.6868686868686867,
  "loss": 1.1967438538869222
}