{
    "model_count": 5,
    "accuracy_mean": 0.6906369648451096,
    "accuracy_std": 0.03108290142851698,
    "macro_fscore_mean": 0.6203152724264733,
    "macro_fscore_std": 0.02260520723712222,
    "micro_fscore_mean": 0.6906369648451096,
    "micro_fscore_std": 0.031082901428516947,
    "label_ethnic_group_fscore_mean": 0,
    "label_ethnic_group_fscore_std": 0.0,
    "label_student_of_fscore_mean": 0.4074074074074074,
    "label_student_of_fscore_std": 0.11638708416644943,
    "label_continent_fscore_mean": 0.8550297924050021,
    "label_continent_fscore_std": 0.030961268735334477,
    "label_owned_by_fscore_mean": 0.12963849016480597,
    "label_owned_by_fscore_std": 0.030426846702110575,
    "label_award_received_fscore_mean": 0.8438405811312207,
    "label_award_received_fscore_std": 0.026251626356996006,
    "label_color_fscore_mean": 0.9229444875110279,
    "label_color_fscore_std": 0.024469428059523672,
    "label_capital_fscore_mean": 0.8844210118492282,
    "label_capital_fscore_std": 0.02285555440533955,
    "label_place_of_birth_fscore_mean": 0.8760866731834474,
    "label_place_of_birth_fscore_std": 0.07695180222692485,
    "label_nominated_for_fscore_mean": 0,
    "label_nominated_for_fscore_std": 0.0,
    "label_country_of_citizenship_fscore_mean": 0.2623837032532685,
    "label_country_of_citizenship_fscore_std": 0.13654399503840478,
    "label_father_fscore_mean": 0.7842917936789161,
    "label_father_fscore_std": 0.04153723770744966,
    "label_present_in_work_fscore_mean": 0.37514102564102564,
    "label_present_in_work_fscore_std": 0.1382309362944831,
    "label_occupation_fscore_mean": 0.5219941034575181,
    "label_occupation_fscore_std": 0.07216532778701457,
    "label_writing_system_fscore_mean": 0.854978354978355,
    "label_writing_system_fscore_std": 0.08521653543302823,
    "label_tributary_fscore_mean": 0.75503663003663,
    "label_tributary_fscore_std": 0.0880800535983434,
    "label_member_of_political_party_fscore_mean": 0.8198102024908999,
    "label_member_of_political_party_fscore_std": 0.2091425538984689,
    "label_producer_fscore_mean": 0.4359138575130083,
    "label_producer_fscore_std": 0.027016002496689926,
    "label_screenwriter_fscore_mean": 0.44212743468309973,
    "label_screenwriter_fscore_std": 0.11810789972610714,
    "label_spouse_fscore_mean": 0.8607840515368753,
    "label_spouse_fscore_std": 0.025820226950904378,
    "label_employer_fscore_mean": 0.5653056276410374,
    "label_employer_fscore_std": 0.10898930952403242,
    "label_sport_fscore_mean": 0.40820963177341246,
    "label_sport_fscore_std": 0.14447042273538188,
    "label_member_of_sports_team_fscore_mean": 0.8086780762558076,
    "label_member_of_sports_team_fscore_std": 0.08862984720502498,
    "label_capital_of_fscore_mean": 0.8516549719107264,
    "label_capital_of_fscore_std": 0.041427890032341055,
    "label_member_of_fscore_mean": 0.5283968440957688,
    "label_member_of_fscore_std": 0.24983620220022254,
    "label_educated_at_fscore_mean": 0.8663505747126437,
    "label_educated_at_fscore_std": 0.061977829815068206,
    "label_original_language_of_film_or_TV_show_fscore_mean": 0.8382497692761826,
    "label_original_language_of_film_or_TV_show_fscore_std": 0.08217711001687843,
    "label_league_fscore_mean": 0.11166043623950461,
    "label_league_fscore_std": 0.04290840643171489,
    "label_founded_by_fscore_mean": 0.7448028673835126,
    "label_founded_by_fscore_std": 0.06482155898161052,
    "label_participant_fscore_mean": 0.5719047619047619,
    "label_participant_fscore_std": 0.24554072866452642,
    "label_located_in_or_next_to_body_of_water_fscore_mean": 0.734085521771414,
    "label_located_in_or_next_to_body_of_water_fscore_std": 0.09184273871266127,
    "label_production_company_fscore_mean": 0.6723004219182922,
    "label_production_company_fscore_std": 0.1527590079052922,
    "label_position_held_fscore_mean": 0.8327719549803989,
    "label_position_held_fscore_std": 0.02523011269781348,
    "label_material_used_fscore_mean": 0.8955121912564565,
    "label_material_used_fscore_std": 0.02096247346186341,
    "label_sibling_fscore_mean": 0.6764651357294962,
    "label_sibling_fscore_std": 0.04785567285998349,
    "label_winner_fscore_mean": 0.895266566025743,
    "label_winner_fscore_std": 0.07437900206565266,
    "label_shares_border_with_fscore_mean": 0.8297095820646379,
    "label_shares_border_with_fscore_std": 0.07030816741968142,
    "label_subsidiary_fscore_mean": 0.8516483516483516,
    "label_subsidiary_fscore_std": 0.04883623306217363,
    "label_publisher_fscore_mean": 0.5595382395382396,
    "label_publisher_fscore_std": 0.22558588830320725,
    "label_discoverer_or_inventor_fscore_mean": 0.6533910533910534,
    "label_discoverer_or_inventor_fscore_std": 0.12373853065732048,
    "label_contains_administrative_territorial_entity_fscore_mean": 0.7168869531169236,
    "label_contains_administrative_territorial_entity_fscore_std": 0.04578011975001383,
    "label_parent_organization_fscore_mean": 0.6986666666666667,
    "label_parent_organization_fscore_std": 0.029211869733608866,
    "label_composer_fscore_mean": 0.4334752869655554,
    "label_composer_fscore_std": 0.14907875255301542,
    "label_child_fscore_mean": 0.8735112683241429,
    "label_child_fscore_std": 0.01770577485047988,
    "label_manner_of_death_fscore_mean": 0.24919786096256685,
    "label_manner_of_death_fscore_std": 0.23061710453948128,
    "label_mother_fscore_mean": 0.7337198204985905,
    "label_mother_fscore_std": 0.02424307319853559,
    "label_performer_fscore_mean": 0.07207304295764107,
    "label_performer_fscore_std": 0.1134934583523721,
    "label_creator_fscore_mean": 0.31471264367816093,
    "label_creator_fscore_std": 0.10547455013860817,
    "label_named_after_fscore_mean": 0.36571428571428566,
    "label_named_after_fscore_std": 0.1251937274297522,
    "label_director_fscore_mean": 0.7729030402489206,
    "label_director_fscore_std": 0.05188384881212185,
    "label_genre_fscore_mean": 0.6890215486292801,
    "label_genre_fscore_std": 0.0987163321375395,
    "label_place_of_death_fscore_mean": 0.7884642955482266,
    "label_place_of_death_fscore_std": 0.06237743682060607,
    "loss_mean": 1.2078776946994993,
    "loss_std": 0.09341482635556046
}