{
  "UAS": 0.8346287628290463,
  "LAS": 0.7513204792373427,
  "UEM": 0.153,
  "LEM": 0.046,
  "LOAS": 0.8384935801090737,
  "LOEM": 0.077,
  "loss": 4.974898084998131
}