{
  "UAS": 0.8449349422424529,
  "LAS": 0.7578047837849444,
  "UEM": 0.168,
  "LEM": 0.046,
  "LOAS": 0.8408983553055353,
  "LOEM": 0.088,
  "loss": 4.1541653871536255
}