{"model_count": 10, "em_accuracy_mean": 0.856497997815799, "em_accuracy_std": 0.009144363280528511, "loss_mean": 1.0124998468645783, "loss_std": 0.002357526764268376}