{
  "em_accuracy": 0.8331513165877927,
  "loss": 1.01066366646641
}