{
  "em_accuracy": 0.858148282975367,
  "loss": 1.0152840095666027
}