{
  "em_accuracy": 0.8617886178861789,
  "loss": 1.0131742517615474
}