{
  "em_accuracy": 0.864094163329693,
  "loss": 1.0102378481118255
}