{
  "em_accuracy": 0.8619099623832059,
  "loss": 1.008035805913829
}