{
  "em_accuracy": 0.849896857177527,
  "loss": 1.014612044705901
}