{
  "accuracy": 0.9699042407660738,
  "macro_fscore": 0.951026433106333,
  "micro_fscore": 0.9737774627923458,
  "loss": 0.1884493422906456
}