{
  "accuracy": 0.9740082079343365,
  "macro_fscore": 0.9603513135872558,
  "micro_fscore": 0.9773371104815863,
  "loss": 0.14787655931381186
}