{
    "model_count": 5,
    "UAS_mean": 0.6916692378895403,
    "UAS_std": 0.02028016569774642,
    "LAS_mean": 0.5688470636634784,
    "LAS_std": 0.012469312272291236,
    "UEM_mean": 0.0684,
    "UEM_std": 0.012680693987317889,
    "LEM_mean": 0.0128,
    "LEM_std": 0.00216794833886788,
    "LOAS_mean": 0.6934793787925537,
    "LOAS_std": 0.006844438812109143,
    "LOEM_mean": 0.0168,
    "LOEM_std": 0.004024922359499622,
    "loss_mean": 6.83671797811985,
    "loss_std": 0.9382717334575852
}