{
  "UAS": 0.7258562172169084,
  "LAS": 0.5900442250334259,
  "UEM": 0.081,
  "LEM": 0.016,
  "LOAS": 0.7046179162809832,
  "LOEM": 0.021,
  "loss": 5.753944665193558
}