{
  "UAS": 0.6938187802118687,
  "LAS": 0.5694230175871644,
  "UEM": 0.067,
  "LEM": 0.014,
  "LOAS": 0.6923788954026535,
  "LOEM": 0.021,
  "loss": 8.071187421679497
}