{
  "UAS": 0.6841509822071378,
  "LAS": 0.5611951043916487,
  "UEM": 0.081,
  "LEM": 0.011,
  "LOAS": 0.6877506942301759,
  "LOEM": 0.015,
  "loss": 7.449558958411217
}