{
    "model_count": 5,
    "UAS_mean": 0.855374806619474,
    "UAS_std": 0.003451822977436324,
    "LAS_mean": 0.7826731048708453,
    "LAS_std": 0.0044877041212570395,
    "UEM_mean": 0.15059999999999998,
    "UEM_std": 0.0035071355833500395,
    "LEM_mean": 0.0682,
    "LEM_std": 0.0034205262752974113,
    "LOAS_mean": 0.8811963808541559,
    "LOAS_std": 0.0028387455966558386,
    "LOEM_mean": 0.1494,
    "LOEM_std": 0.006148170459575764,
    "loss_mean": 3.8640276320278644,
    "loss_std": 0.6944822842120877
}