{
  "UAS": 0.8579063335052272,
  "LAS": 0.7843514134358446,
  "UEM": 0.152,
  "LEM": 0.065,
  "LOAS": 0.8819558389198818,
  "LOEM": 0.15,
  "loss": 3.5322230868041515
}