{
  "UAS": 0.8547653649617927,
  "LAS": 0.7840232525432469,
  "UEM": 0.147,
  "LEM": 0.067,
  "LOAS": 0.8833153626177863,
  "LOEM": 0.159,
  "loss": 3.3749538734555244
}