{
  "UAS": 0.8598752988608129,
  "LAS": 0.7882424640195022,
  "UEM": 0.155,
  "LEM": 0.074,
  "LOAS": 0.8836904036378979,
  "LOEM": 0.15,
  "loss": 3.6939730159938335
}