{
  "UAS": 0.8521869579485256,
  "LAS": 0.7803666025971591,
  "UEM": 0.147,
  "LEM": 0.067,
  "LOAS": 0.8803150344568937,
  "LOEM": 0.144,
  "loss": 3.6314684823155403
}