{
  "em_accuracy": 0.5282697547683923,
  "loss": 1.4458892368104146
}