{
  "em_accuracy": 0.5473433242506812,
  "loss": 1.4297965628945308
}