{
  "em_accuracy": 0.5507493188010899,
  "loss": 1.4093467732486518
}