{
  "em_accuracy": 0.5619891008174387,
  "loss": 1.412283626911433
}