{
  "em_accuracy": 0.5439373297002725,
  "loss": 1.4376729817494103
}