{
  "em_accuracy": 0.5388283378746594,
  "loss": 1.4294463007346443
}