{
  "em_accuracy": 0.5548365122615804,
  "loss": 1.4212838388655498
}