{
  "em_accuracy": 0.5568801089918256,
  "loss": 1.4113707914948463
}