{
  "accuracy": 0.84,
  "macro_fscore": 0.8417308202953584,
  "micro_fscore": 0.8400365630712979,
  "label_invented-when_fscore": 0.98989898989899,
  "label_has-parent_fscore": 0.8723404255319149,
  "label_movie-has-director_fscore": 1.0,
  "label_has-type_fscore": 0.7169811320754718,
  "label_is-where_fscore": 0.9072164948453608,
  "label_invented-by_fscore": 0.9803921568627451,
  "label_has-nationality_fscore": 0.5157232704402516,
  "label_is-member-of_fscore": 0.9696969696969697,
  "label_org-has-founder_fscore": 0.8235294117647058,
  "label_org-has-member_fscore": 0.9514563106796116,
  "label_headquarters_fscore": 0.9494949494949495,
  "label_has-sibling_fscore": 0.8695652173913043,
  "label_has-child_fscore": 0.8958333333333334,
  "label_won-award_fscore": 0.9690721649484536,
  "label_birth-place_fscore": 0.5714285714285714,
  "label_has-genre_fscore": 0.7088607594936709,
  "label_first-product_fscore": 0.9387755102040817,
  "label_has-tourist-attraction_fscore": 0.9702970297029702,
  "label_from-country_fscore": 0.18181818181818182,
  "label_has-spouse_fscore": 0.8135593220338982,
  "label_has-occupation_fscore": 0.9320388349514563,
  "label_has-highest-mountain_fscore": 0.99009900990099,
  "loss": 0.7841815863503143
}