{
  "accuracy": 0.8478260869565217,
  "macro_fscore": 0.8509068020454641,
  "micro_fscore": 0.8492530556813038,
  "label_invented-when_fscore": 0.970873786407767,
  "label_movie-has-director_fscore": 0.9795918367346939,
  "label_has-parent_fscore": 0.9375,
  "label_has-type_fscore": 0.6909090909090909,
  "label_is-where_fscore": 0.8958333333333334,
  "label_invented-by_fscore": 0.99009900990099,
  "label_has-nationality_fscore": 0.5034965034965035,
  "label_is-member-of_fscore": 0.9514563106796116,
  "label_org-has-founder_fscore": 0.9148936170212766,
  "label_org-has-member_fscore": 0.9514563106796116,
  "label_headquarters_fscore": 0.9494949494949495,
  "label_has-sibling_fscore": 0.9494949494949495,
  "label_has-child_fscore": 0.9166666666666666,
  "label_won-award_fscore": 0.9583333333333334,
  "label_birth-place_fscore": 0.5853658536585366,
  "label_has-genre_fscore": 0.6493506493506493,
  "label_first-product_fscore": 0.8727272727272728,
  "label_from-country_fscore": 0.3037974683544304,
  "label_has-tourist-attraction_fscore": 0.970873786407767,
  "label_has-occupation_fscore": 0.9306930693069307,
  "label_has-spouse_fscore": 0.8571428571428571,
  "label_has-highest-mountain_fscore": 0.98989898989899,
  "loss": 0.8042901643590691
}