{
    "model_count": 5,
    "UAS_mean": 0.8474965623230607,
    "UAS_std": 0.002380559019652552,
    "LAS_mean": 0.7940143977998868,
    "LAS_std": 0.0028973297196596254,
    "UEM_mean": 0.1582,
    "UEM_std": 0.005118593556827896,
    "LEM_mean": 0.0762,
    "LEM_std": 0.005263078946776306,
    "LOAS_mean": 0.8817600905928982,
    "LOAS_std": 0.002361103594533035,
    "LOEM_mean": 0.1596,
    "LOEM_std": 0.008443932733033828,
    "loss_mean": 4.57595868893559,
    "loss_std": 0.7105073704276021
}