{
  "UAS": 0.8441721265065114,
  "LAS": 0.7896141713176413,
  "UEM": 0.152,
  "LEM": 0.068,
  "LOAS": 0.8779826902855294,
  "LOEM": 0.147,
  "loss": 5.693929634988308
}