{
  "UAS": 0.8488231011890318,
  "LAS": 0.7942651460001617,
  "UEM": 0.156,
  "LEM": 0.075,
  "LOAS": 0.8827145514842676,
  "LOEM": 0.156,
  "loss": 3.8362594693899155
}