{
  "UAS": 0.8461538461538461,
  "LAS": 0.7945078055488151,
  "UEM": 0.156,
  "LEM": 0.077,
  "LOAS": 0.8820270160964168,
  "LOEM": 0.169,
  "loss": 4.114086033805968
}