{
  "UAS": 0.8502790584809512,
  "LAS": 0.7977432661975249,
  "UEM": 0.164,
  "LEM": 0.082,
  "LOAS": 0.8844131683248403,
  "LOEM": 0.164,
  "loss": 4.5655671283602715
}