{
  "UAS": 0.02273392375818252,
  "LAS": 0.0017866769349249134,
  "UEM": 0.0015772870662460567,
  "LEM": 0.0,
  "LOAS": 0.08659222179437813,
  "LOEM": 0.0,
  "loss": 15.625768661499023
}