{
  "UAS": 0.027893723527146707,
  "LAS": 0.003095879861378514,
  "UEM": 0.0,
  "LEM": 0.0,
  "LOAS": 0.09470927993839046,
  "LOEM": 0.0,
  "loss": 12.16953050295512
}