{
  "accuracy": 0.8452685421994884,
  "macro_fscore": 0.6745641487696984,
  "micro_fscore": 0.8444157520981278,
  "loss": 1.1384065235176182
}