{
  "accuracy": 0.9173457508731082,
  "macro_fscore": 0.7547841908849733,
  "micro_fscore": 0.92,
  "loss": 0.47540036570905986
}