{
  "accuracy": 0.9243306169965075,
  "macro_fscore": 0.7119017084949679,
  "micro_fscore": 0.928235294117647,
  "loss": 0.3357494318926776
}