{
  "accuracy": 0.8463329452852154,
  "macro_fscore": 0.7300501665910055,
  "micro_fscore": 0.8755312689738919,
  "loss": 0.6894194161954887
}