{
  "accuracy": 0.9115250291036089,
  "macro_fscore": 0.7634650557590678,
  "micro_fscore": 0.9151943462897527,
  "loss": 0.5385605532124087
}