{
  "UAS": 0.7037952338923212,
  "LAS": 0.45939982347749336,
  "UEM": 0.05,
  "LEM": 0.004,
  "LOAS": 0.5554280670785525,
  "LOEM": 0.006,
  "loss": 6.603438019752502
}