{
  "UAS": 0.7224183583406885,
  "LAS": 0.5249779346866725,
  "UEM": 0.05,
  "LEM": 0.006,
  "LOAS": 0.6149161518093557,
  "LOEM": 0.008,
  "loss": 8.063592612743378
}