{
  "UAS": 0.7351279788172992,
  "LAS": 0.5384819064430715,
  "UEM": 0.062,
  "LEM": 0.006,
  "LOAS": 0.629126213592233,
  "LOEM": 0.008,
  "loss": 6.260587781667709
}