{
  "UAS": 0.7427184466019418,
  "LAS": 0.5209179170344219,
  "UEM": 0.054,
  "LEM": 0.004,
  "LOAS": 0.6075022065313328,
  "LOEM": 0.006,
  "loss": 6.169795215129852
}