{
    "model_count": 5,
    "UAS_mean": 0.7267255075022065,
    "UAS_std": 0.0148222943669957,
    "LAS_mean": 0.5141394527802294,
    "LAS_std": 0.03128792338807716,
    "UEM_mean": 0.0552,
    "UEM_std": 0.005585696017507575,
    "LEM_mean": 0.0048000000000000004,
    "LEM_std": 0.0010954451150103322,
    "LOAS_mean": 0.6047308031774051,
    "LOAS_std": 0.028636227279271457,
    "LOEM_mean": 0.0068000000000000005,
    "LOEM_std": 0.0010954451150103322,
    "loss_mean": 6.937244325876236,
    "loss_std": 0.8443140042801242
}