{
  "accuracy": 0.8337595907928389,
  "macro_fscore": 0.6716347692579324,
  "micro_fscore": 0.8360337005832793,
  "loss": 1.253049792379749
}