{
    "model_count": 5,
    "accuracy_mean": 0.48705882352941177,
    "accuracy_std": 0.03793496934583595,
    "macro_fscore_mean": 0.4384871625112651,
    "macro_fscore_std": 0.059095230799013625,
    "micro_fscore_mean": 0.5002188960992273,
    "micro_fscore_std": 0.05264967251468509,
    "label_org:political/religious_affiliation_fscore_mean": 0.3071465428276574,
    "label_org:political/religious_affiliation_fscore_std": 0.12745104567501872,
    "label_per:stateorprovince_of_death_fscore_mean": 0.7442857142857142,
    "label_per:stateorprovince_of_death_fscore_std": 0.19797443660993305,
    "label_per:cause_of_death_fscore_mean": 0.7607017543859649,
    "label_per:cause_of_death_fscore_std": 0.05925566830199176,
    "label_org:dissolved_fscore_mean": 0,
    "label_org:dissolved_fscore_std": 0.0,
    "label_org:parents_fscore_mean": 0,
    "label_org:parents_fscore_std": 0.0,
    "label_per:date_of_birth_fscore_mean": 0.8545386192754614,
    "label_per:date_of_birth_fscore_std": 0.07573148485937463,
    "label_org:website_fscore_mean": 0.723030303030303,
    "label_org:website_fscore_std": 0.0827000732286821,
    "label_org:stateorprovince_of_headquarters_fscore_mean": 0.39714285714285713,
    "label_org:stateorprovince_of_headquarters_fscore_std": 0.07586238884201003,
    "label_per:children_fscore_mean": 0.4988344988344988,
    "label_per:children_fscore_std": 0.28325275319079274,
    "label_per:age_fscore_mean": 0.9364532019704433,
    "label_per:age_fscore_std": 0.038133615514293895,
    "label_per:charges_fscore_mean": 0.35064102564102567,
    "label_per:charges_fscore_std": 0.22973861744848217,
    "label_per:stateorprovince_of_birth_fscore_mean": 0.23333333333333334,
    "label_per:stateorprovince_of_birth_fscore_std": 0.32489314482696546,
    "label_org:founded_by_fscore_mean": 0.22476190476190475,
    "label_org:founded_by_fscore_std": 0.12591614385553074,
    "label_org:country_of_headquarters_fscore_mean": 0.2629370629370629,
    "label_org:country_of_headquarters_fscore_std": 0.1236793900387924,
    "label_per:city_of_death_fscore_mean": 0.8017543859649123,
    "label_per:city_of_death_fscore_std": 0.09122121684784186,
    "label_per:siblings_fscore_mean": 0.5244444444444444,
    "label_per:siblings_fscore_std": 0.12028772091310536,
    "label_per:city_of_birth_fscore_mean": 0.731516290726817,
    "label_per:city_of_birth_fscore_std": 0.10928017053030589,
    "label_org:subsidiaries_fscore_mean": 0.3073076923076923,
    "label_org:subsidiaries_fscore_std": 0.20703421379200437,
    "label_org:member_of_fscore_mean": 0.20476190476190476,
    "label_org:member_of_fscore_std": 0.2153413153256193,
    "label_per:religion_fscore_mean": 0.17380952380952383,
    "label_per:religion_fscore_std": 0.16139626028649837,
    "label_org:shareholders_fscore_mean": 0.12444444444444444,
    "label_org:shareholders_fscore_std": 0.18162503770402266,
    "label_org:founded_fscore_mean": 0.5464285714285714,
    "label_org:founded_fscore_std": 0.10758835950994335,
    "label_per:stateorprovinces_of_residence_fscore_mean": 0.3996684017736649,
    "label_per:stateorprovinces_of_residence_fscore_std": 0.0949712955795244,
    "label_per:spouse_fscore_mean": 0.7198879551820728,
    "label_per:spouse_fscore_std": 0.10768841897333946,
    "label_org:members_fscore_mean": 0.1431578947368421,
    "label_org:members_fscore_std": 0.19827511036582912,
    "label_org:alternate_names_fscore_mean": 0.5411391223155929,
    "label_org:alternate_names_fscore_std": 0.06823287676051988,
    "label_org:top_members/employees_fscore_mean": 0.5838306337027565,
    "label_org:top_members/employees_fscore_std": 0.0619001892674318,
    "label_per:origin_fscore_mean": 0.188639301874596,
    "label_per:origin_fscore_std": 0.105222788362321,
    "label_per:alternate_names_fscore_mean": 0.2821978021978022,
    "label_per:alternate_names_fscore_std": 0.08716163205588,
    "label_per:date_of_death_fscore_mean": 0.6583488132094943,
    "label_per:date_of_death_fscore_std": 0.11862303160328268,
    "label_per:employee_of_fscore_mean": 0.36145658263305325,
    "label_per:employee_of_fscore_std": 0.23390358756735516,
    "label_per:cities_of_residence_fscore_mean": 0.16221755368814195,
    "label_per:cities_of_residence_fscore_std": 0.06254285888137613,
    "label_per:country_of_birth_fscore_mean": 0.3377777777777778,
    "label_per:country_of_birth_fscore_std": 0.190126663432955,
    "label_org:city_of_headquarters_fscore_mean": 0.44547619047619047,
    "label_org:city_of_headquarters_fscore_std": 0.14530736053257354,
    "label_org:number_of_employees/members_fscore_mean": 0.6766106442577031,
    "label_org:number_of_employees/members_fscore_std": 0.11090146680910339,
    "label_per:countries_of_residence_fscore_mean": 0.4397488285932222,
    "label_per:countries_of_residence_fscore_std": 0.06773402781123447,
    "label_per:schools_attended_fscore_mean": 0.6886429512516469,
    "label_per:schools_attended_fscore_std": 0.06918328499555719,
    "label_per:other_family_fscore_mean": 0.14603174603174604,
    "label_per:other_family_fscore_std": 0.1814668265019403,
    "label_per:parents_fscore_mean": 0.43373433583959903,
    "label_per:parents_fscore_std": 0.17226160695920328,
    "label_per:title_fscore_mean": 0.6226458885941645,
    "label_per:title_fscore_std": 0.07712792427379392,
    "loss_mean": 2.3172272734344004,
    "loss_std": 0.4504795489764147
}