{
  "accuracy": 0.46078431372549017,
  "macro_fscore": 0.3941136679797671,
  "micro_fscore": 0.46100519930675915,
  "label_org:number_of_employees/members_fscore": 0.5714285714285715,
  "label_per:countries_of_residence_fscore": 0.380952380952381,
  "label_per:stateorprovinces_of_residence_fscore": 0.3076923076923077,
  "label_per:title_fscore": 0.5,
  "label_per:charges_fscore": 0,
  "label_org:shareholders_fscore": 0,
  "label_per:parents_fscore": 0.380952380952381,
  "label_org:alternate_names_fscore": 0.6,
  "label_per:cause_of_death_fscore": 0.6666666666666666,
  "label_per:employee_of_fscore": 0.39999999999999997,
  "label_org:members_fscore": 0,
  "label_per:cities_of_residence_fscore": 0.2222222222222222,
  "label_org:founded_fscore": 0.42857142857142855,
  "label_per:origin_fscore": 0.14285714285714288,
  "label_per:children_fscore": 0.6153846153846154,
  "label_per:other_family_fscore": 0,
  "label_per:city_of_death_fscore": 0.875,
  "label_org:member_of_fscore": 0,
  "label_per:spouse_fscore": 0.823529411764706,
  "label_org:top_members/employees_fscore": 0.6666666666666666,
  "label_org:political/religious_affiliation_fscore": 0.4210526315789474,
  "label_per:religion_fscore": 0,
  "label_org:city_of_headquarters_fscore": 0.375,
  "label_per:alternate_names_fscore": 0.15384615384615385,
  "label_org:stateorprovince_of_headquarters_fscore": 0.5,
  "label_per:siblings_fscore": 0.33333333333333337,
  "label_org:dissolved_fscore": 0,
  "label_per:stateorprovince_of_death_fscore": 0.8571428571428571,
  "label_org:founded_by_fscore": 0.26666666666666666,
  "label_per:city_of_birth_fscore": 0.6666666666666665,
  "label_org:website_fscore": 0.7272727272727273,
  "label_per:date_of_birth_fscore": 0.8571428571428572,
  "label_per:schools_attended_fscore": 0.6,
  "label_org:country_of_headquarters_fscore": 0.30769230769230765,
  "label_per:age_fscore": 0.9285714285714286,
  "label_per:country_of_birth_fscore": 0.4,
  "label_per:stateorprovince_of_birth_fscore": 0,
  "label_org:parents_fscore": 0,
  "label_org:subsidiaries_fscore": 0.19999999999999998,
  "label_per:date_of_death_fscore": 0.5882352941176471,
  "loss": 2.1809902116656303
}