{
  "em_accuracy": 0.5534537116652336,
  "loss": 1.5770284193291513
}