{
  "em_accuracy": 0.5600458584121525,
  "loss": 1.606994560864418
}