{
  "em_accuracy": 0.5617655488678704,
  "loss": 1.5465505095921694
}