{
  "em_accuracy": 0.5606190885640585,
  "loss": 1.578561969543701
}