{
  "em_accuracy": 0.5640584694754944,
  "loss": 1.5638097276970677
}