{
  "em_accuracy": 0.5540269418171396,
  "loss": 1.5748336151854632
}