{
  "em_accuracy": 0.5677844654628833,
  "loss": 1.5309428662469942
}