{
  "em_accuracy": 0.5663513900831184,
  "loss": 1.5809168135194474
}