{
    "model_count": 3,
    "em_accuracy_mean": 0.6884735202492211,
    "em_accuracy_std": 0.004890988264188317,
    "loss_mean": 0.0,
    "loss_std": 0.0
}