{
    "model_count": 5,
    "UAS_mean": 0.8466738549528855,
    "UAS_std": 0.006861063220606352,
    "LAS_mean": 0.768215273545544,
    "LAS_std": 0.0069440689416963375,
    "UEM_mean": 0.1494,
    "UEM_std": 0.004393176527297763,
    "LEM_mean": 0.0668,
    "LEM_std": 0.0013038404810405309,
    "LOAS_mean": 0.8701232947353617,
    "LOAS_std": 0.003983790375834164,
    "LOEM_mean": 0.1278,
    "LOEM_std": 0.008671793355471517,
    "loss_mean": 3.772273320692872,
    "loss_std": 0.3742387942801256
}