{
  "UAS": 0.8503586329754816,
  "LAS": 0.7746003469129435,
  "UEM": 0.148,
  "LEM": 0.066,
  "LOAS": 0.8750175800478177,
  "LOEM": 0.132,
  "loss": 3.9094861894845963
}