{
  "UAS": 0.8420608504055132,
  "LAS": 0.7639585579672776,
  "UEM": 0.143,
  "LEM": 0.068,
  "LOAS": 0.8687356429609489,
  "LOEM": 0.124,
  "loss": 3.8110820800065994
}