{
  "UAS": 0.846561342646852,
  "LAS": 0.7655993624302658,
  "UEM": 0.155,
  "LEM": 0.068,
  "LOAS": 0.8670010782429328,
  "LOEM": 0.12,
  "loss": 3.1213178000752886
}