{
    "model_count": 5,
    "em_accuracy_mean": 0.48179181437318724,
    "em_accuracy_std": 0.009066583884392649,
    "loss_mean": 0.0,
    "loss_std": 0.0
}