{
    "model_count": 5,
    "UAS_mean": 0.8418587721426838,
    "UAS_std": 0.0019157045426266633,
    "LAS_mean": 0.7946210466715199,
    "LAS_std": 0.0021860694010897752,
    "UEM_mean": 0.15059999999999998,
    "UEM_std": 0.0026076809620810618,
    "LEM_mean": 0.078,
    "LEM_std": 0.004123105625617665,
    "LOAS_mean": 0.8837418102402329,
    "LOAS_std": 0.0024310738152185673,
    "LOEM_mean": 0.1744,
    "LOEM_std": 0.007469939758793239,
    "loss_mean": 4.787535387277603,
    "loss_std": 0.5836370620788417
}