{
  "UAS": 0.8402491304699506,
  "LAS": 0.7946291353231416,
  "UEM": 0.15,
  "LEM": 0.075,
  "LOAS": 0.884817600905929,
  "LOEM": 0.173,
  "loss": 4.497531794011593
}