{
  "UAS": 0.8403704602442773,
  "LAS": 0.7947504650974683,
  "UEM": 0.154,
  "LEM": 0.083,
  "LOAS": 0.8853838065194533,
  "LOEM": 0.187,
  "loss": 4.434224858880043
}