{
  "UAS": 0.8408153360834749,
  "LAS": 0.7910296853514519,
  "UEM": 0.152,
  "LEM": 0.075,
  "LOAS": 0.8794386475774488,
  "LOEM": 0.167,
  "loss": 5.822249099612236
}