{"model_count": 10, "em_accuracy_mean": 0.8618614245843951, "em_accuracy_std": 0.0024418098996092834, "loss_mean": 1.0145364860231563, "loss_std": 0.0027466441731511743}