{
  "em_accuracy": 0.86215265137726,
  "loss": 1.0131740074518114
}