{
  "em_accuracy": 0.8603324839218541,
  "loss": 1.0172928613285686
}