{
  "em_accuracy": 0.8634874408445578,
  "loss": 1.0116161157687504
}