{
  "em_accuracy": 0.8623953403713142,
  "loss": 1.0121796125358389
}