{
  "em_accuracy": 0.8585123164664482,
  "loss": 1.0129019653843354
}