{
  "em_accuracy": 0.8630020628564494,
  "loss": 1.0133312253295914
}