{
    "model_count": 5,
    "accuracy_mean": 0.6860986547085202,
    "accuracy_std": 0.008968609865470836,
    "macro_fscore_mean": 0.6499668905655748,
    "macro_fscore_std": 0.014358498304818846,
    "micro_fscore_mean": 0.7038669650567667,
    "micro_fscore_std": 0.010423261311290954,
    "label_org:members_fscore_mean": 0.5287878787878788,
    "label_org:members_fscore_std": 0.198612034198732,
    "label_org:stateorprovince_of_headquarters_fscore_mean": 0.6523809523809523,
    "label_org:stateorprovince_of_headquarters_fscore_std": 0.13426544933211124,
    "label_org:political/religious_affiliation_fscore_mean": 0.905128205128205,
    "label_org:political/religious_affiliation_fscore_std": 0.040134553442303926,
    "label_per:cause_of_death_fscore_mean": 0.905128205128205,
    "label_per:cause_of_death_fscore_std": 0.040134553442303926,
    "label_per:employee_of_fscore_mean": 0.5819230769230769,
    "label_per:employee_of_fscore_std": 0.13952317361761576,
    "label_org:alternate_names_fscore_mean": 0.7057942057942058,
    "label_org:alternate_names_fscore_std": 0.10908976045733977,
    "label_org:member_of_fscore_mean": 0.49142857142857144,
    "label_org:member_of_fscore_std": 0.4263753257018362,
    "label_org:subsidiaries_fscore_mean": 0.5833333333333333,
    "label_org:subsidiaries_fscore_std": 0.16666666666666663,
    "label_org:website_fscore_mean": 1.0,
    "label_org:website_fscore_std": 0.0,
    "label_per:country_of_birth_fscore_mean": 0.6133333333333333,
    "label_per:country_of_birth_fscore_std": 0.11925695879998875,
    "label_per:countries_of_residence_fscore_mean": 0.3904761904761905,
    "label_per:countries_of_residence_fscore_std": 0.07579261197659252,
    "label_per:other_family_fscore_mean": 0.26701298701298704,
    "label_per:other_family_fscore_std": 0.15733486177031683,
    "label_org:shareholders_fscore_mean": 0.2126984126984127,
    "label_org:shareholders_fscore_std": 0.20252873533633753,
    "label_per:religion_fscore_mean": 0.6,
    "label_per:religion_fscore_std": 0.09128709291752767,
    "label_per:city_of_birth_fscore_mean": 0.4542857142857143,
    "label_per:city_of_birth_fscore_std": 0.07850646665162336,
    "label_org:dissolved_fscore_mean": 0,
    "label_org:dissolved_fscore_std": 0.0,
    "label_org:founded_by_fscore_mean": 0.868997668997669,
    "label_org:founded_by_fscore_std": 0.08841154137763056,
    "label_per:title_fscore_mean": 0.7433333333333333,
    "label_per:title_fscore_std": 0.04801620096962644,
    "label_per:spouse_fscore_mean": 0.8571428571428571,
    "label_per:spouse_fscore_std": 0.0,
    "label_org:founded_fscore_mean": 0.8206060606060606,
    "label_org:founded_fscore_std": 0.06574430811550745,
    "label_per:parents_fscore_mean": 0.8609523809523809,
    "label_per:parents_fscore_std": 0.047428188944719014,
    "label_per:date_of_death_fscore_mean": 0.7761904761904761,
    "label_per:date_of_death_fscore_std": 0.08135404553938043,
    "label_per:origin_fscore_mean": 0.33974025974025973,
    "label_per:origin_fscore_std": 0.1531961175424801,
    "label_per:cities_of_residence_fscore_mean": 0.507012987012987,
    "label_per:cities_of_residence_fscore_std": 0.09144830808224252,
    "label_per:stateorprovince_of_death_fscore_mean": 0.92,
    "label_per:stateorprovince_of_death_fscore_std": 0.1095445115010332,
    "label_per:stateorprovince_of_birth_fscore_mean": 0.26666666666666666,
    "label_per:stateorprovince_of_birth_fscore_std": 0.3651483716701107,
    "label_per:alternate_names_fscore_mean": 0.40828282828282825,
    "label_per:alternate_names_fscore_std": 0.06595271206363017,
    "label_per:children_fscore_mean": 0.8714285714285713,
    "label_per:children_fscore_std": 0.12525484226250136,
    "label_org:top_members/employees_fscore_mean": 0.6933766233766234,
    "label_org:top_members/employees_fscore_std": 0.1251954114335702,
    "label_per:siblings_fscore_mean": 0.7854545454545455,
    "label_per:siblings_fscore_std": 0.032524625127269675,
    "label_per:date_of_birth_fscore_mean": 0.9236363636363636,
    "label_per:date_of_birth_fscore_std": 0.08272227757147145,
    "label_org:city_of_headquarters_fscore_mean": 0.7333333333333333,
    "label_org:city_of_headquarters_fscore_std": 0.037267799624996566,
    "label_per:charges_fscore_mean": 0.8721212121212121,
    "label_per:charges_fscore_std": 0.05197654341332658,
    "label_per:schools_attended_fscore_mean": 0.888888888888889,
    "label_per:schools_attended_fscore_std": 0.0,
    "label_per:city_of_death_fscore_mean": 0.9428571428571428,
    "label_per:city_of_death_fscore_std": 0.07824607964359519,
    "label_per:stateorprovinces_of_residence_fscore_mean": 0.4666666666666667,
    "label_per:stateorprovinces_of_residence_fscore_std": 0.07453559924999298,
    "label_per:age_fscore_mean": 0.9578947368421054,
    "label_per:age_fscore_std": 0.023537557657892498,
    "label_org:number_of_employees/members_fscore_mean": 0.8571428571428571,
    "label_org:number_of_employees/members_fscore_std": 0.0,
    "label_org:parents_fscore_mean": 0.13333333333333333,
    "label_org:parents_fscore_std": 0.29814239699997197,
    "label_org:country_of_headquarters_fscore_mean": 0.611904761904762,
    "label_org:country_of_headquarters_fscore_std": 0.09729912734144067,
    "loss_mean": 1.230971173675997,
    "loss_std": 0.12541187226345554
}