{
  "UAS": 0.7522529034745313,
  "LAS": 0.6189099320514674,
  "UEM": 0.102,
  "LEM": 0.024,
  "LOAS": 0.7350007228567298,
  "LOEM": 0.041,
  "loss": 6.491730526089668
}