{
  "UAS": 0.7648788010216375,
  "LAS": 0.6284034504361236,
  "UEM": 0.103,
  "LEM": 0.03,
  "LOAS": 0.736976531251506,
  "LOEM": 0.042,
  "loss": 7.245330818115719
}