{
  "accuracy": 0.8899653979238754,
  "macro_fscore": 0.6110731547388101,
  "micro_fscore": 0.8903631284916201,
  "loss": 0.40902651088046177
}