{
  "accuracy": 0.9363321799307959,
  "macro_fscore": 0.6067283127343934,
  "micro_fscore": 0.9398180545836249,
  "loss": 0.29946244379075676
}