{
  "em_accuracy": 0.20930232558139536,
  "loss": 2.336565674044365
}