{
  "em_accuracy": 0.15261627906976744,
  "loss": 2.5379718916360723
}