{
  "em_accuracy": 0.16424418604651161,
  "loss": 2.4416054022866627
}