{
  "em_accuracy": 0.18859011627906977,
  "loss": 2.427156435888867
}