{"model_count": 10, "em_accuracy_mean": 0.19305959302325582, "em_accuracy_std": 0.03437279340613187, "loss_mean": 2.360441374640132, "loss_std": 0.11592419728843015}