{
  "UAS": 0.6344066570188133,
  "LAS": 0.4622527737578389,
  "UEM": 0.086,
  "LEM": 0.017,
  "LOAS": 0.5864688856729378,
  "LOEM": 0.021,
  "loss": 8.28117573261261
}