{
  "UAS": 0.6336830680173662,
  "LAS": 0.46834298118668594,
  "UEM": 0.081,
  "LEM": 0.016,
  "LOAS": 0.5910516160154365,
  "LOEM": 0.018,
  "loss": 8.76119002699852
}