{
  "UAS": 0.6280149541726966,
  "LAS": 0.4629160636758321,
  "UEM": 0.091,
  "LEM": 0.014,
  "LOAS": 0.5908104196816208,
  "LOEM": 0.018,
  "loss": 9.952439337968826
}