{
  "UAS": 0.7201753346759863,
  "LAS": 0.5161118350906291,
  "UEM": 0.07,
  "LEM": 0.019,
  "LOAS": 0.6412154957943371,
  "LOEM": 0.024,
  "loss": 7.972522273659706
}