{
  "UAS": 0.7294159459779647,
  "LAS": 0.5325790783082573,
  "UEM": 0.071,
  "LEM": 0.023,
  "LOAS": 0.6550764127473048,
  "LOEM": 0.03,
  "loss": 8.847309157252312
}