{
  "UAS": 0.7225447221893141,
  "LAS": 0.5238715791967776,
  "UEM": 0.074,
  "LEM": 0.018,
  "LOAS": 0.6467835564506575,
  "LOEM": 0.03,
  "loss": 8.604175597429276
}