{
    "model_count": 5,
    "UAS_mean": 0.7222248548750149,
    "UAS_std": 0.0043244567732746925,
    "LAS_mean": 0.5199502428622201,
    "LAS_std": 0.009018799761481991,
    "UEM_mean": 0.0726,
    "UEM_std": 0.0034351128074635315,
    "LEM_mean": 0.0182,
    "LEM_std": 0.0032710854467592246,
    "LOAS_mean": 0.6430636180547329,
    "LOAS_std": 0.008669578874226883,
    "LOEM_mean": 0.0256,
    "LOEM_std": 0.004335896677735759,
    "loss_mean": 8.597266177833081,
    "loss_std": 0.764831018477291
}