{
  "accuracy": 0.9281767955801105,
  "macro_fscore": 0.4339242266249566,
  "micro_fscore": 0.9367816091954023,
  "loss": 0.36505649394045275
}