{
  "accuracy": 0.8895027624309392,
  "macro_fscore": 0.26429738562091504,
  "micro_fscore": 0.8939828080229227,
  "loss": 0.5710084564149535
}