{
    "model_count": 5,
    "UAS_mean": 0.8853829600701363,
    "UAS_std": 0.002162105493659538,
    "LAS_mean": 0.8554793974655296,
    "LAS_std": 0.0013574231528965103,
    "UEM_mean": 0.6193548387096774,
    "UEM_std": 0.007080953838515936,
    "LEM_mean": 0.528261916225325,
    "LEM_std": 0.007492910978318932,
    "LOAS_mean": 0.9237985175739221,
    "LOAS_std": 0.0014908968173397662,
    "LOEM_mean": 0.6025036109773712,
    "LOEM_std": 0.007455694302955927,
    "loss_mean": 1.9830205058762254,
    "loss_std": 0.07130075939682201
}