{
  "UAS": 0.8887781939905953,
  "LAS": 0.8576153662230015,
  "UEM": 0.6302359171882523,
  "LEM": 0.5272026961964371,
  "LOAS": 0.9226109827050291,
  "LOEM": 0.5931632161771786,
  "loss": 2.0773134131024285
}