{
  "UAS": 0.8829600701362875,
  "LAS": 0.8558221088706464,
  "UEM": 0.6172363986519018,
  "LEM": 0.5320173326913819,
  "LOAS": 0.9248824420180123,
  "LOEM": 0.607125662012518,
  "loss": 1.9861532220967897
}