{
  "UAS": 0.9377540447915836,
  "LAS": 0.917669562445206,
  "UEM": 0.7380837746750121,
  "LEM": 0.6523832450649976,
  "LOAS": 0.9536542599824659,
  "LOEM": 0.7159364467982667,
  "loss": 1.1904538727231948
}