{
  "UAS": 0.9341675300868734,
  "LAS": 0.9142025982306528,
  "UEM": 0.7361579200770342,
  "LEM": 0.6494944631680308,
  "LOAS": 0.9518211524667252,
  "LOEM": 0.7111218103033221,
  "loss": 1.3421112284902421
}