{
  "UAS": 0.9367179405435563,
  "LAS": 0.917071809994421,
  "UEM": 0.7409725565719788,
  "LEM": 0.6485315358690419,
  "LOAS": 0.9545708137403364,
  "LOEM": 0.7159364467982667,
  "loss": 1.1432229236378868
}