{
  "UAS": 0.9330118753486889,
  "LAS": 0.9128875428389256,
  "UEM": 0.7332691381800674,
  "LEM": 0.6384207992296581,
  "LOAS": 0.9513429505060971,
  "LOEM": 0.7063071738083775,
  "loss": 1.0928027633719695
}