{
  "UAS": 0.6714537558584512,
  "LAS": 0.5218213871092574,
  "UEM": 0.05132192846034215,
  "LEM": 0.013996889580093312,
  "LOAS": 0.6699918304166488,
  "LOEM": 0.02021772939346812,
  "loss": 8.374587195260185
}