{
    "model_count": 5,
    "accuracy_mean": 0.7188940092165899,
    "accuracy_std": 0.013435373029597485,
    "macro_fscore_mean": 0.6748705283320667,
    "macro_fscore_std": 0.018807557189338818,
    "micro_fscore_mean": 0.7347827851594803,
    "micro_fscore_std": 0.013375865151424134,
    "label_per:religion_fscore_mean": 0.6642857142857143,
    "label_per:religion_fscore_std": 0.1200552593855115,
    "label_per:parents_fscore_mean": 0.8564285714285714,
    "label_per:parents_fscore_std": 0.03247840726968476,
    "label_org:website_fscore_mean": 1.0,
    "label_org:website_fscore_std": 0.0,
    "label_org:stateorprovince_of_headquarters_fscore_mean": 0.8758169934640524,
    "label_org:stateorprovince_of_headquarters_fscore_std": 0.02922964676470313,
    "label_org:country_of_headquarters_fscore_mean": 0.8145454545454546,
    "label_org:country_of_headquarters_fscore_std": 0.09127200289462645,
    "label_per:countries_of_residence_fscore_mean": 0.2388888888888889,
    "label_per:countries_of_residence_fscore_std": 0.15786969153758693,
    "label_per:cause_of_death_fscore_mean": 0.7714285714285715,
    "label_per:cause_of_death_fscore_std": 0.047915742374995476,
    "label_org:number_of_employees/members_fscore_mean": 1.0,
    "label_org:number_of_employees/members_fscore_std": 0.0,
    "label_org:dissolved_fscore_mean": 0,
    "label_org:dissolved_fscore_std": 0.0,
    "label_per:cities_of_residence_fscore_mean": 0.6086274509803922,
    "label_per:cities_of_residence_fscore_std": 0.0575282221831914,
    "label_per:date_of_birth_fscore_mean": 0.9846153846153846,
    "label_per:date_of_birth_fscore_std": 0.034401045807689094,
    "label_org:political/religious_affiliation_fscore_mean": 0.9064285714285715,
    "label_org:political/religious_affiliation_fscore_std": 0.03737791919753446,
    "label_per:children_fscore_mean": 0.5942857142857143,
    "label_per:children_fscore_std": 0.11617486233887163,
    "label_per:country_of_birth_fscore_mean": 0.38666666666666666,
    "label_per:country_of_birth_fscore_std": 0.029814239699997212,
    "label_per:siblings_fscore_mean": 0.8606060606060606,
    "label_per:siblings_fscore_std": 0.10130008879058655,
    "label_org:members_fscore_mean": 0.38707070707070707,
    "label_org:members_fscore_std": 0.03572960156676226,
    "label_per:origin_fscore_mean": 0.6199999999999999,
    "label_per:origin_fscore_std": 0.07302967433402208,
    "label_per:employee_of_fscore_mean": 0.17142857142857146,
    "label_per:employee_of_fscore_std": 0.255550625999976,
    "label_org:member_of_fscore_mean": 0.16825396825396827,
    "label_org:member_of_fscore_std": 0.1585713491268848,
    "label_org:city_of_headquarters_fscore_mean": 0.49428571428571433,
    "label_org:city_of_headquarters_fscore_std": 0.061112141817735555,
    "label_org:founded_fscore_mean": 1.0,
    "label_org:founded_fscore_std": 0.0,
    "label_per:charges_fscore_mean": 0.8636363636363636,
    "label_per:charges_fscore_std": 0.04149413314433073,
    "label_per:schools_attended_fscore_mean": 0.9411764705882353,
    "label_per:schools_attended_fscore_std": 0.0,
    "label_per:spouse_fscore_mean": 0.8133333333333334,
    "label_per:spouse_fscore_std": 0.11925695879998878,
    "label_org:top_members/employees_fscore_mean": 0.6204248366013072,
    "label_org:top_members/employees_fscore_std": 0.04884090520355857,
    "label_per:city_of_death_fscore_mean": 0.7999999999999999,
    "label_per:city_of_death_fscore_std": 0.18257418583505539,
    "label_per:date_of_death_fscore_mean": 0.9411764705882353,
    "label_per:date_of_death_fscore_std": 0.0,
    "label_org:shareholders_fscore_mean": 0.5533333333333333,
    "label_org:shareholders_fscore_std": 0.07673909622147557,
    "label_per:stateorprovince_of_death_fscore_mean": 0.88,
    "label_per:stateorprovince_of_death_fscore_std": 0.1095445115010332,
    "label_org:parents_fscore_mean": 0,
    "label_org:parents_fscore_std": 0.0,
    "label_per:city_of_birth_fscore_mean": 0.96,
    "label_per:city_of_birth_fscore_std": 0.08944271909999157,
    "label_per:other_family_fscore_mean": 0.13714285714285715,
    "label_per:other_family_fscore_std": 0.19208841501681842,
    "label_org:subsidiaries_fscore_mean": 0.6742857142857143,
    "label_org:subsidiaries_fscore_std": 0.24938927670986272,
    "label_per:title_fscore_mean": 0.923076923076923,
    "label_per:title_fscore_std": 0.0,
    "label_per:age_fscore_mean": 1.0,
    "label_per:age_fscore_std": 0.0,
    "label_org:founded_by_fscore_mean": 1.0,
    "label_org:founded_by_fscore_std": 0.0,
    "label_org:alternate_names_fscore_mean": 0.9272727272727272,
    "label_org:alternate_names_fscore_std": 0.0406557814090871,
    "label_per:stateorprovinces_of_residence_fscore_mean": 0.5214285714285715,
    "label_per:stateorprovinces_of_residence_fscore_std": 0.20419356340949749,
    "label_per:alternate_names_fscore_mean": 0.36,
    "label_per:alternate_names_fscore_std": 0.0365148371670111,
    "loss_mean": 1.1149516365357808,
    "loss_std": 0.05427235760800907
}