{
    "model_count": 5,
    "accuracy_mean": 0.7216589861751153,
    "accuracy_std": 0.024515089545198862,
    "macro_fscore_mean": 0.6775521423616209,
    "macro_fscore_std": 0.02564877559640245,
    "micro_fscore_mean": 0.739761354534927,
    "micro_fscore_std": 0.021057989678532552,
    "label_per:city_of_birth_fscore_mean": 0.96,
    "label_per:city_of_birth_fscore_std": 0.08944271909999157,
    "label_per:other_family_fscore_mean": 0.19603174603174603,
    "label_per:other_family_fscore_std": 0.19333991439785556,
    "label_per:charges_fscore_mean": 0.8815850815850815,
    "label_per:charges_fscore_std": 0.044416146902463684,
    "label_org:number_of_employees/members_fscore_mean": 1.0,
    "label_org:number_of_employees/members_fscore_std": 0.0,
    "label_org:dissolved_fscore_mean": 0,
    "label_org:dissolved_fscore_std": 0.0,
    "label_per:title_fscore_mean": 0.923076923076923,
    "label_per:title_fscore_std": 0.0,
    "label_per:age_fscore_mean": 1.0,
    "label_per:age_fscore_std": 0.0,
    "label_org:founded_by_fscore_mean": 0.9666666666666667,
    "label_org:founded_by_fscore_std": 0.07453559924999298,
    "label_per:stateorprovince_of_death_fscore_mean": 0.92,
    "label_per:stateorprovince_of_death_fscore_std": 0.1095445115010332,
    "label_per:cause_of_death_fscore_mean": 0.8142857142857143,
    "label_per:cause_of_death_fscore_std": 0.058684559732696345,
    "label_per:cities_of_residence_fscore_mean": 0.6186274509803922,
    "label_per:cities_of_residence_fscore_std": 0.03254362995774451,
    "label_per:children_fscore_mean": 0.5733333333333334,
    "label_per:children_fscore_std": 0.1977652929892177,
    "label_per:spouse_fscore_mean": 0.88,
    "label_per:spouse_fscore_std": 0.1095445115010332,
    "label_per:siblings_fscore_mean": 0.8841491841491841,
    "label_per:siblings_fscore_std": 0.08725549209209807,
    "label_per:parents_fscore_mean": 0.8866666666666667,
    "label_per:parents_fscore_std": 0.026087459737497553,
    "label_per:stateorprovinces_of_residence_fscore_mean": 0.5595238095238095,
    "label_per:stateorprovinces_of_residence_fscore_std": 0.14821309045224682,
    "label_per:schools_attended_fscore_mean": 0.9411764705882353,
    "label_per:schools_attended_fscore_std": 0.0,
    "label_org:subsidiaries_fscore_mean": 0.5785714285714285,
    "label_org:subsidiaries_fscore_std": 0.15603868931248516,
    "label_org:city_of_headquarters_fscore_mean": 0.4920634920634921,
    "label_org:city_of_headquarters_fscore_std": 0.052344864913781465,
    "label_org:stateorprovince_of_headquarters_fscore_mean": 0.8862745098039216,
    "label_org:stateorprovince_of_headquarters_fscore_std": 0.04174828607234327,
    "label_org:members_fscore_mean": 0.3616161616161616,
    "label_org:members_fscore_std": 0.0947774069150699,
    "label_org:top_members/employees_fscore_mean": 0.6518059855521156,
    "label_org:top_members/employees_fscore_std": 0.04420491793769807,
    "label_org:member_of_fscore_mean": 0.044444444444444446,
    "label_org:member_of_fscore_std": 0.09938079899999065,
    "label_org:alternate_names_fscore_mean": 0.9272727272727272,
    "label_org:alternate_names_fscore_std": 0.0406557814090871,
    "label_per:employee_of_fscore_mean": 0.2142857142857143,
    "label_per:employee_of_fscore_std": 0.29450754468697576,
    "label_org:political/religious_affiliation_fscore_mean": 0.9064285714285715,
    "label_org:political/religious_affiliation_fscore_std": 0.03737791919753446,
    "label_org:founded_fscore_mean": 0.9714285714285714,
    "label_org:founded_fscore_std": 0.06388765649999402,
    "label_per:date_of_death_fscore_mean": 0.9129411764705883,
    "label_per:date_of_death_fscore_std": 0.0631360370117588,
    "label_per:religion_fscore_mean": 0.6642857142857143,
    "label_per:religion_fscore_std": 0.1200552593855115,
    "label_org:country_of_headquarters_fscore_mean": 0.8290909090909091,
    "label_org:country_of_headquarters_fscore_std": 0.07883448504974108,
    "label_per:country_of_birth_fscore_mean": 0.34,
    "label_per:country_of_birth_fscore_std": 0.1949358868961793,
    "label_per:countries_of_residence_fscore_mean": 0.2644444444444445,
    "label_per:countries_of_residence_fscore_std": 0.07862632361640788,
    "label_org:parents_fscore_mean": 0,
    "label_org:parents_fscore_std": 0.0,
    "label_per:date_of_birth_fscore_mean": 0.9846153846153846,
    "label_per:date_of_birth_fscore_std": 0.034401045807689094,
    "label_per:city_of_death_fscore_mean": 0.8266666666666667,
    "label_per:city_of_death_fscore_std": 0.16733200530681513,
    "label_org:shareholders_fscore_mean": 0.5555555555555556,
    "label_org:shareholders_fscore_std": 0.10393492741038725,
    "label_per:origin_fscore_mean": 0.6476190476190475,
    "label_per:origin_fscore_std": 0.04259177099999589,
    "label_org:website_fscore_mean": 1.0,
    "label_org:website_fscore_std": 0.0,
    "label_per:alternate_names_fscore_mean": 0.36,
    "label_per:alternate_names_fscore_std": 0.0365148371670111,
    "loss_mean": 1.0990470225789717,
    "loss_std": 0.07897707026060498
}