{
    "model_count": 5,
    "UAS_mean": 0.6652665995975855,
    "UAS_std": 0.011192647446854921,
    "LAS_mean": 0.5408953722334003,
    "LAS_std": 0.010773189312016363,
    "UEM_mean": 0.04106844741235392,
    "UEM_std": 0.002239800979131676,
    "LEM_mean": 0.014357262103505844,
    "LEM_std": 0.0009143949207097934,
    "LOAS_mean": 0.7215543259557344,
    "LOAS_std": 0.008702267797365888,
    "LOEM_mean": 0.028714524207011687,
    "LOEM_std": 0.0029864013055089,
    "loss_mean": 7.05026004690873,
    "loss_std": 0.5336423148915392
}