{
  "UAS": 0.6700829979879276,
  "LAS": 0.5477867203219315,
  "UEM": 0.04006677796327212,
  "LEM": 0.015025041736227046,
  "LOAS": 0.7281815895372233,
  "LOEM": 0.028380634390651086,
  "loss": 7.151835516879433
}