{
  "UAS": 0.6045155063158336,
  "LAS": 0.4266649880397835,
  "UEM": 0.016,
  "LEM": 0.001,
  "LOAS": 0.5973393763901129,
  "LOEM": 0.002,
  "loss": 9.000301212072372
}