{
  "UAS": 0.6216794661966512,
  "LAS": 0.4567124092492341,
  "UEM": 0.021,
  "LEM": 0.002,
  "LOAS": 0.6053548197574384,
  "LOEM": 0.002,
  "loss": 9.226779520511627
}