{
  "UAS": 0.5925972554450459,
  "LAS": 0.4093751311427252,
  "UEM": 0.015,
  "LEM": 0.001,
  "LOAS": 0.5786646523144068,
  "LOEM": 0.001,
  "loss": 8.387590900063515
}