{
  "UAS": 0.5722858701582105,
  "LAS": 0.4146628058248353,
  "UEM": 0.015,
  "LEM": 0.001,
  "LOAS": 0.5931847748541693,
  "LOEM": 0.001,
  "loss": 6.894657513451954
}