{
  "UAS": 0.595735149180181,
  "LAS": 0.4324433294507661,
  "UEM": 0.027,
  "LEM": 0.003,
  "LOAS": 0.5775916136546905,
  "LOEM": 0.004,
  "loss": 6.8990767151117325
}