{
  "UAS": 0.5941671893199534,
  "LAS": 0.42617149000985577,
  "UEM": 0.03,
  "LEM": 0.003,
  "LOAS": 0.5702894005913448,
  "LOEM": 0.003,
  "loss": 6.204038709402084
}