{
  "UAS": 0.5742764985216379,
  "LAS": 0.408879132694203,
  "UEM": 0.029,
  "LEM": 0.001,
  "LOAS": 0.5515634799749126,
  "LOEM": 0.001,
  "loss": 5.937992811203003
}