{
    "model_count": 5,
    "UAS_mean": 0.05815633423180593,
    "UAS_std": 0.04083378619748945,
    "LAS_mean": 0.007679630342703119,
    "LAS_std": 0.0087090837801251,
    "UEM_mean": 0.0002103049421661409,
    "UEM_std": 0.0004702561466876529,
    "LEM_mean": 0.0,
    "LEM_std": 0.0,
    "LOAS_mean": 0.10013092029264536,
    "LOAS_std": 0.0041392035490231465,
    "LOEM_mean": 0.0,
    "LOEM_std": 0.0,
    "loss_mean": 15.30522852897644,
    "loss_std": 6.380663978663565
}