{
  "UAS": 0.03479399306892569,
  "LAS": 0.002649210627647285,
  "UEM": 0.0,
  "LEM": 0.0,
  "LOAS": 0.09892953407778206,
  "LOEM": 0.0,
  "loss": 26.70647474924723
}