{
  "UAS": 0.12360415864458991,
  "LAS": 0.02274932614555256,
  "UEM": 0.0010515247108307045,
  "LEM": 0.0,
  "LOAS": 0.10582980361956103,
  "LOEM": 0.0,
  "loss": 12.725172742207844
}