{
    "model_count": 5,
    "UAS_mean": 0.845369246946534,
    "UAS_std": 0.0018851938373478636,
    "LAS_mean": 0.7840410903502386,
    "LAS_std": 0.003154755603430604,
    "UEM_mean": 0.1536,
    "UEM_std": 0.004615192303685734,
    "LEM_mean": 0.0634,
    "LEM_std": 0.003577708763999664,
    "LOAS_mean": 0.8719889994337944,
    "LOAS_std": 0.0028270387070773485,
    "LOEM_mean": 0.1282,
    "LOEM_std": 0.005974947698515867,
    "loss_mean": 4.95564643059458,
    "loss_std": 0.6413319520074237
}