{
  "UAS": 0.8463965057024994,
  "LAS": 0.7859742780878427,
  "UEM": 0.148,
  "LEM": 0.058,
  "LOAS": 0.8734126021192268,
  "LOEM": 0.125,
  "loss": 5.247874990105629
}