{
  "UAS": 0.8446978888619268,
  "LAS": 0.7797055730809674,
  "UEM": 0.15,
  "LEM": 0.062,
  "LOAS": 0.8677101027258756,
  "LOEM": 0.122,
  "loss": 5.152941077947617
}