{
  "UAS": 0.8468818247998059,
  "LAS": 0.7876324516703066,
  "UEM": 0.154,
  "LEM": 0.067,
  "LOAS": 0.8753134352503438,
  "LOEM": 0.136,
  "loss": 4.686240203678608
}