{
    "model_count": 5,
    "UAS_mean": 0.47886995399468674,
    "UAS_std": 0.028607239460322287,
    "LAS_mean": 0.3261193546296896,
    "LAS_std": 0.024874447824088562,
    "UEM_mean": 0.020323325635103928,
    "UEM_std": 0.0048029178621444395,
    "LEM_mean": 0.0016166281755196305,
    "LEM_std": 0.001932240246037126,
    "LOAS_mean": 0.5256009849024817,
    "LOAS_std": 0.029919634274294806,
    "LOEM_mean": 0.002771362586605081,
    "LOEM_std": 0.001316599798035956,
    "loss_mean": 9.47566671882357,
    "loss_std": 1.6427378506629153
}