{
  "UAS": 0.4993196397330396,
  "LAS": 0.3494459923540465,
  "UEM": 0.026558891454965358,
  "LEM": 0.004618937644341801,
  "LOAS": 0.5547852005442883,
  "LOEM": 0.004618937644341801,
  "loss": 9.354220475469317
}