{
  "em_accuracy": 0.532244196044712,
  "loss": 1.5107577347864298
}