{
  "em_accuracy": 0.5210662080825451,
  "loss": 1.4988873219925518
}