{
  "em_accuracy": 0.5454284895385497,
  "loss": 1.4765746699620599
}