{
  "em_accuracy": 0.5405560332473488,
  "loss": 1.4973237114409879
}