{
  "em_accuracy": 0.5345371166523359,
  "loss": 1.4889114482762063
}