{
  "em_accuracy": 0.5233591286901691,
  "loss": 1.5154390517435117
}