{"model_count": 10, "em_accuracy_mean": 0.5112639724849527, "em_accuracy_std": 0.010289618722967419, "loss_mean": 1.525921874068099, "loss_std": 0.012557709758123087}