{
  "em_accuracy": 0.5075952995127544,
  "loss": 1.534774564716914
}