{
  "em_accuracy": 0.5253654342218401,
  "loss": 1.5025566182180083
}