{
  "em_accuracy": 0.5030094582975064,
  "loss": 1.5160048239307315
}