{
  "em_accuracy": 0.5096016050444253,
  "loss": 1.5253904665986153
}