{
  "em_accuracy": 0.5164803668672973,
  "loss": 1.5171992163679915
}