{
  "em_accuracy": 0.4883920894239037,
  "loss": 1.5469599717283902
}