{
  "em_accuracy": 0.5139008311837203,
  "loss": 1.5291165271306146
}