{
  "accuracy": 0.7777777777777778,
  "macro_fscore": 0.3159117305458769,
  "micro_fscore": 0.7843137254901961,
  "loss": 0.8959890082478523
}