{
  "accuracy": 0.7407407407407407,
  "macro_fscore": 0.36655592469545956,
  "micro_fscore": 0.7551020408163266,
  "loss": 1.4837777018547058
}