{
  "accuracy": 0.7962962962962963,
  "macro_fscore": 0.4060952380952381,
  "micro_fscore": 0.803921568627451,
  "loss": 0.7155449837446213
}