{
  "accuracy": 0.8148148148148148,
  "macro_fscore": 0.40079365079365076,
  "micro_fscore": 0.8118811881188118,
  "loss": 0.6541423723101616
}