{
    "model_count": 5,
    "em_accuracy_mean": 0.4749597164034805,
    "em_accuracy_std": 0.005869362867624213,
    "loss_mean": 0.0,
    "loss_std": 0.0
}