{
  "accuracy": 0.6160807518273581,
  "macro_fscore": 0.5607641740202935,
  "micro_fscore": 0.6160807518273581,
  "label_league_fscore": 0.0790960451977401,
  "label_composer_fscore": 0.3927272727272727,
  "label_located_in_or_next_to_body_of_water_fscore": 0.6818181818181819,
  "label_owned_by_fscore": 0.2,
  "label_student_of_fscore": 0.27777777777777773,
  "label_place_of_death_fscore": 0.7777777777777778,
  "label_parent_organization_fscore": 0.6666666666666666,
  "label_sport_fscore": 0.3443223443223443,
  "label_performer_fscore": 0.1888888888888889,
  "label_participant_fscore": 0.16,
  "label_winner_fscore": 0.8387096774193548,
  "label_award_received_fscore": 0.8444444444444444,
  "label_occupation_fscore": 0.5,
  "label_shares_border_with_fscore": 0.9117647058823529,
  "label_writing_system_fscore": 0.9090909090909091,
  "label_member_of_sports_team_fscore": 0.6938775510204082,
  "label_screenwriter_fscore": 0.48,
  "label_genre_fscore": 0.5185185185185185,
  "label_continent_fscore": 0.8333333333333333,
  "label_employer_fscore": 0.20930232558139536,
  "label_publisher_fscore": 0.625,
  "label_contains_administrative_territorial_entity_fscore": 0.6857142857142857,
  "label_director_fscore": 0.8186753528773073,
  "label_named_after_fscore": 0.4285714285714285,
  "label_nominated_for_fscore": 0,
  "label_manner_of_death_fscore": 0,
  "label_child_fscore": 0.8754208754208754,
  "label_position_held_fscore": 0.8108108108108107,
  "label_country_of_citizenship_fscore": 0.15384615384615383,
  "label_material_used_fscore": 0.8527918781725888,
  "label_producer_fscore": 0.345679012345679,
  "label_capital_fscore": 0.8823529411764707,
  "label_original_language_of_film_or_TV_show_fscore": 0.7672955974842767,
  "label_member_of_fscore": 0.3098591549295775,
  "label_production_company_fscore": 0.5897435897435898,
  "label_mother_fscore": 0.7042253521126761,
  "label_color_fscore": 0.859375,
  "label_subsidiary_fscore": 0.888888888888889,
  "label_father_fscore": 0.7407407407407407,
  "label_capital_of_fscore": 0.875,
  "label_present_in_work_fscore": 0.4615384615384615,
  "label_discoverer_or_inventor_fscore": 0.6,
  "label_ethnic_group_fscore": 0,
  "label_founded_by_fscore": 0.5652173913043479,
  "label_sibling_fscore": 0.6666666666666667,
  "label_educated_at_fscore": 0.8571428571428571,
  "label_tributary_fscore": 0.6666666666666666,
  "label_place_of_birth_fscore": 0.8620689655172413,
  "label_creator_fscore": 0.13333333333333333,
  "label_spouse_fscore": 0.8454810495626822,
  "label_member_of_political_party_fscore": 0.21875,
  "loss": 1.4469524535867904
}