{
  "accuracy": 0.6787330316742082,
  "macro_fscore": 0.594308929422149,
  "micro_fscore": 0.6787330316742082,
  "label_league_fscore": 0.14893617021276595,
  "label_composer_fscore": 0.12500000000000003,
  "label_owned_by_fscore": 0.18181818181818182,
  "label_located_in_or_next_to_body_of_water_fscore": 0.6818181818181819,
  "label_student_of_fscore": 0.8333333333333333,
  "label_place_of_death_fscore": 0.6153846153846154,
  "label_parent_organization_fscore": 0.6206896551724138,
  "label_sport_fscore": 0.5889967637540453,
  "label_performer_fscore": 0.29591836734693877,
  "label_participant_fscore": 0.30769230769230765,
  "label_winner_fscore": 1.0,
  "label_award_received_fscore": 0.780952380952381,
  "label_occupation_fscore": 0.3333333333333333,
  "label_shares_border_with_fscore": 0.8484848484848486,
  "label_writing_system_fscore": 1.0,
  "label_member_of_sports_team_fscore": 0.7692307692307692,
  "label_screenwriter_fscore": 0.38095238095238093,
  "label_genre_fscore": 0.425,
  "label_continent_fscore": 0.8599999999999999,
  "label_employer_fscore": 0.42857142857142855,
  "label_publisher_fscore": 0.5333333333333333,
  "label_contains_administrative_territorial_entity_fscore": 0.6933333333333334,
  "label_director_fscore": 0.7218934911242605,
  "label_named_after_fscore": 0.34782608695652173,
  "label_nominated_for_fscore": 0,
  "label_manner_of_death_fscore": 0.26666666666666666,
  "label_child_fscore": 0.7999999999999999,
  "label_position_held_fscore": 0.8000000000000002,
  "label_country_of_citizenship_fscore": 0.07407407407407407,
  "label_material_used_fscore": 0.9139784946236559,
  "label_producer_fscore": 0.38095238095238093,
  "label_capital_fscore": 0.8247422680412373,
  "label_original_language_of_film_or_TV_show_fscore": 0.870967741935484,
  "label_member_of_fscore": 0.6808510638297872,
  "label_production_company_fscore": 0.8400000000000001,
  "label_mother_fscore": 0.6666666666666667,
  "label_color_fscore": 0.9496402877697842,
  "label_subsidiary_fscore": 0.7500000000000001,
  "label_father_fscore": 0.8275862068965518,
  "label_capital_of_fscore": 0.888888888888889,
  "label_present_in_work_fscore": 0.32432432432432434,
  "label_discoverer_or_inventor_fscore": 0.56,
  "label_ethnic_group_fscore": 0,
  "label_founded_by_fscore": 0.6341463414634146,
  "label_sibling_fscore": 0.6379310344827587,
  "label_educated_at_fscore": 0.9333333333333333,
  "label_tributary_fscore": 0.5555555555555556,
  "label_place_of_birth_fscore": 0.7169811320754718,
  "label_spouse_fscore": 0.7829181494661923,
  "label_creator_fscore": 0.18181818181818182,
  "label_member_of_political_party_fscore": 0.9252336448598131,
  "loss": 1.4000486380524106
}