{
    "model_count": 5,
    "accuracy_mean": 0.6553428471980508,
    "accuracy_std": 0.03325591040551674,
    "macro_fscore_mean": 0.5825884159154834,
    "macro_fscore_std": 0.01744221530338606,
    "micro_fscore_mean": 0.6553428471980508,
    "micro_fscore_std": 0.03325591040551674,
    "label_league_fscore_mean": 0.09252903489127731,
    "label_league_fscore_std": 0.032759959767286274,
    "label_composer_fscore_mean": 0.33091912384955774,
    "label_composer_fscore_std": 0.2535985920836356,
    "label_owned_by_fscore_mean": 0.2261072261072261,
    "label_owned_by_fscore_std": 0.13407053279940956,
    "label_located_in_or_next_to_body_of_water_fscore_mean": 0.6225971041626175,
    "label_located_in_or_next_to_body_of_water_fscore_std": 0.07291662455397427,
    "label_student_of_fscore_mean": 0.39879175668024425,
    "label_student_of_fscore_std": 0.2456268850175856,
    "label_place_of_death_fscore_mean": 0.684621446323574,
    "label_place_of_death_fscore_std": 0.07119105821052019,
    "label_parent_organization_fscore_mean": 0.6499709741089051,
    "label_parent_organization_fscore_std": 0.1029268542907517,
    "label_sport_fscore_mean": 0.3481387567592243,
    "label_sport_fscore_std": 0.14187797996784637,
    "label_performer_fscore_mean": 0.2589406198492026,
    "label_performer_fscore_std": 0.17061606507306484,
    "label_participant_fscore_mean": 0.27687179487179486,
    "label_participant_fscore_std": 0.0874581519163345,
    "label_winner_fscore_mean": 0.8675910008501777,
    "label_winner_fscore_std": 0.08417891675110624,
    "label_award_received_fscore_mean": 0.8099378881987578,
    "label_award_received_fscore_std": 0.08341353141647753,
    "label_occupation_fscore_mean": 0.47285714285714286,
    "label_occupation_fscore_std": 0.10154140828436385,
    "label_shares_border_with_fscore_mean": 0.8739201544046428,
    "label_shares_border_with_fscore_std": 0.028378082785456553,
    "label_writing_system_fscore_mean": 0.9236363636363637,
    "label_writing_system_fscore_std": 0.08272227757147141,
    "label_member_of_sports_team_fscore_mean": 0.7701245331100477,
    "label_member_of_sports_team_fscore_std": 0.06236318762446032,
    "label_screenwriter_fscore_mean": 0.39148546691403835,
    "label_screenwriter_fscore_std": 0.1259372171071677,
    "label_genre_fscore_mean": 0.5874326568338504,
    "label_genre_fscore_std": 0.13701599162375014,
    "label_continent_fscore_mean": 0.8152716232716233,
    "label_continent_fscore_std": 0.04283421594251012,
    "label_employer_fscore_mean": 0.4523618363311486,
    "label_employer_fscore_std": 0.15655161253827013,
    "label_publisher_fscore_mean": 0.5600280112044818,
    "label_publisher_fscore_std": 0.08251031512731966,
    "label_contains_administrative_territorial_entity_fscore_mean": 0.6755141039621956,
    "label_contains_administrative_territorial_entity_fscore_std": 0.028945576768412765,
    "label_director_fscore_mean": 0.8092125274589417,
    "label_director_fscore_std": 0.057675738396666155,
    "label_named_after_fscore_mean": 0.44370872094657254,
    "label_named_after_fscore_std": 0.15563357022953642,
    "label_nominated_for_fscore_mean": 0,
    "label_nominated_for_fscore_std": 0.0,
    "label_manner_of_death_fscore_mean": 0.08296296296296296,
    "label_manner_of_death_fscore_std": 0.12108335846934844,
    "label_child_fscore_mean": 0.7974714410598016,
    "label_child_fscore_std": 0.10147072270943022,
    "label_position_held_fscore_mean": 0.8201580213754127,
    "label_position_held_fscore_std": 0.0601540393886207,
    "label_country_of_citizenship_fscore_mean": 0.15467495467495468,
    "label_country_of_citizenship_fscore_std": 0.04665686767159177,
    "label_material_used_fscore_mean": 0.8950833978675197,
    "label_material_used_fscore_std": 0.029142404142452564,
    "label_producer_fscore_mean": 0.42684519714975894,
    "label_producer_fscore_std": 0.10567595830002834,
    "label_capital_fscore_mean": 0.8605640293416357,
    "label_capital_fscore_std": 0.03375613122734584,
    "label_original_language_of_film_or_TV_show_fscore_mean": 0.8603588477480267,
    "label_original_language_of_film_or_TV_show_fscore_std": 0.05919124609487119,
    "label_member_of_fscore_mean": 0.4435464429800222,
    "label_member_of_fscore_std": 0.25053198473613136,
    "label_production_company_fscore_mean": 0.790982854516005,
    "label_production_company_fscore_std": 0.1145610910455531,
    "label_mother_fscore_mean": 0.6683865485522487,
    "label_mother_fscore_std": 0.023822226282763228,
    "label_color_fscore_mean": 0.9118429982135483,
    "label_color_fscore_std": 0.04613187378294578,
    "label_subsidiary_fscore_mean": 0.8036500638569605,
    "label_subsidiary_fscore_std": 0.07409204894870877,
    "label_father_fscore_mean": 0.7560646569267259,
    "label_father_fscore_std": 0.05965287783137154,
    "label_capital_of_fscore_mean": 0.8643754823987383,
    "label_capital_of_fscore_std": 0.01939488319386693,
    "label_present_in_work_fscore_mean": 0.37463287463287465,
    "label_present_in_work_fscore_std": 0.07610782271912371,
    "label_discoverer_or_inventor_fscore_mean": 0.6395690899489527,
    "label_discoverer_or_inventor_fscore_std": 0.0726180449368697,
    "label_ethnic_group_fscore_mean": 0,
    "label_ethnic_group_fscore_std": 0.0,
    "label_founded_by_fscore_mean": 0.6772390567139803,
    "label_founded_by_fscore_std": 0.09502048867493519,
    "label_sibling_fscore_mean": 0.5772783808307189,
    "label_sibling_fscore_std": 0.10987330674466485,
    "label_educated_at_fscore_mean": 0.8567032967032967,
    "label_educated_at_fscore_std": 0.05835936245397961,
    "label_tributary_fscore_mean": 0.5984126984126984,
    "label_tributary_fscore_std": 0.08866184154773929,
    "label_place_of_birth_fscore_mean": 0.8520812059592205,
    "label_place_of_birth_fscore_std": 0.07713821450114647,
    "label_creator_fscore_mean": 0.19503030303030303,
    "label_creator_fscore_std": 0.05303662300002721,
    "label_spouse_fscore_mean": 0.7965080777746117,
    "label_spouse_fscore_std": 0.04848863661920509,
    "label_member_of_political_party_fscore_mean": 0.6650164604750654,
    "label_member_of_political_party_fscore_std": 0.30083420964018626,
    "loss_mean": 1.379826480249564,
    "loss_std": 0.20536564079998937
}