{
    "model_count": 5,
    "UAS_mean": 0.7573691247557338,
    "UAS_std": 0.008760847220200872,
    "LAS_mean": 0.6328293736501079,
    "LAS_std": 0.011204219840812152,
    "UEM_mean": 0.0504,
    "UEM_std": 0.023974986965585615,
    "LEM_mean": 0.0106,
    "LEM_std": 0.007231873892705818,
    "LOAS_mean": 0.7645274092358325,
    "LOAS_std": 0.003584989212780702,
    "LOEM_mean": 0.0382,
    "LOEM_std": 0.0068702256149270665,
    "loss_mean": 6.836072045564651,
    "loss_std": 0.7362660031934095
}