{
  "UAS": 0.7425691658952998,
  "LAS": 0.6166820940039083,
  "UEM": 0.035,
  "LEM": 0.006,
  "LOAS": 0.7585107477116116,
  "LOEM": 0.033,
  "loss": 7.935325965285301
}