{
  "UAS": 0.7646302581507765,
  "LAS": 0.6390517330042168,
  "UEM": 0.069,
  "LEM": 0.011,
  "LOAS": 0.765607322842744,
  "LOEM": 0.044,
  "loss": 6.250626266002655
}