{
  "UAS": 0.759796359148411,
  "LAS": 0.6312866399259488,
  "UEM": 0.03,
  "LEM": 0.007,
  "LOAS": 0.7642188624910007,
  "LOEM": 0.038,
  "loss": 6.216575250029564
}