{
  "UAS": 0.7627789776817855,
  "LAS": 0.6467654016250128,
  "UEM": 0.083,
  "LEM": 0.023,
  "LOAS": 0.7668415098220713,
  "LOEM": 0.046,
  "loss": 6.551363974809647
}