{
    "model_count": 5,
    "UAS_mean": 0.7969351023346704,
    "UAS_std": 0.005994578806885732,
    "LAS_mean": 0.6623984366964928,
    "LAS_std": 0.0029208005391675156,
    "UEM_mean": 0.1452,
    "UEM_std": 0.009203260291874824,
    "LEM_mean": 0.0288,
    "LEM_std": 0.0013038404810405294,
    "LOAS_mean": 0.7634577805204156,
    "LOAS_std": 0.0026842877191507776,
    "LOEM_mean": 0.0406,
    "LOEM_std": 0.002302172886644267,
    "loss_mean": 6.197456051409245,
    "loss_std": 0.5538643140867134
}