{
  "UAS": 0.7979018821351435,
  "LAS": 0.6666152422091947,
  "UEM": 0.138,
  "LEM": 0.03,
  "LOAS": 0.7673043299393192,
  "LOEM": 0.041,
  "loss": 6.567473068833351
}