{
  "UAS": 0.7980047310500874,
  "LAS": 0.662038465494189,
  "UEM": 0.154,
  "LEM": 0.029,
  "LOAS": 0.7634474956289211,
  "LOEM": 0.041,
  "loss": 5.305531837046146
}