{
  "UAS": 0.35112687438268836,
  "LAS": 0.2143306096794469,
  "UEM": 0.013013013013013013,
  "LEM": 0.004004004004004004,
  "loss": 2.804103139847044
}