{
  "UAS": 0.3438538205980066,
  "LAS": 0.20526174014546109,
  "UEM": 0.02002002002002002,
  "LEM": 0.003003003003003003,
  "loss": 2.9258967278495667
}