{
  "UAS": 0.3548082966687618,
  "LAS": 0.21522851755409894,
  "UEM": 0.01901901901901902,
  "LEM": 0.003003003003003003,
  "loss": 2.844465738251096
}