{
  "UAS": 0.33626649905719674,
  "LAS": 0.20068240998473558,
  "UEM": 0.021021021021021023,
  "LEM": 0.005005005005005005,
  "loss": 2.8756289330739824
}