{
    "model_count": 5,
    "UAS_mean": 0.34504803807129386,
    "UAS_std": 0.007828397330625358,
    "LAS_mean": 0.2072371374696956,
    "LAS_std": 0.007141614016395135,
    "UEM_mean": 0.01761761761761762,
    "UEM_std": 0.0034385513588223566,
    "LEM_mean": 0.0038038038038038036,
    "LEM_std": 0.0008374975240581337,
    "loss_mean": 2.8655165327919856,
    "loss_std": 0.04501690903700412
}