{
    "model_count": 5,
    "UAS_mean": 0.6373113682092555,
    "UAS_std": 0.0065400515567929085,
    "LAS_mean": 0.468284708249497,
    "LAS_std": 0.006193745586333084,
    "UEM_mean": 0.031051752921535895,
    "UEM_std": 0.0022398009791316743,
    "LEM_mean": 0.012020033388981636,
    "LEM_std": 0.0007466003263772254,
    "LOAS_mean": 0.6406564386317908,
    "LOAS_std": 0.005754901446404648,
    "LOEM_mean": 0.021035058430717863,
    "LOEM_std": 0.004662517543829363,
    "loss_mean": 8.66684035752949,
    "loss_std": 0.9566286942888218
}