{
  "UAS": 0.6287726358148893,
  "LAS": 0.4635940643863179,
  "UEM": 0.0333889816360601,
  "LEM": 0.01335559265442404,
  "LOAS": 0.6380784708249497,
  "LOEM": 0.02671118530884808,
  "loss": 8.677369569477282
}