{
  "UAS": 0.6417882293762576,
  "LAS": 0.47403169014084506,
  "UEM": 0.0333889816360601,
  "LEM": 0.011686143572621035,
  "LOAS": 0.642479879275654,
  "LOEM": 0.02003338898163606,
  "loss": 9.39579153060913
}