{
  "UAS": 0.6395875251509054,
  "LAS": 0.47422032193158953,
  "UEM": 0.028380634390651086,
  "LEM": 0.011686143572621035,
  "LOAS": 0.6492077464788732,
  "LOEM": 0.01669449081803005,
  "loss": 7.1259053380865796
}