{
  "UAS": 0.6322308853118712,
  "LAS": 0.460387323943662,
  "UEM": 0.03005008347245409,
  "LEM": 0.011686143572621035,
  "LOAS": 0.6336770623742455,
  "LOEM": 0.01669449081803005,
  "loss": 9.533093000713148
}