{
  "UAS": 0.6441775653923542,
  "LAS": 0.46919014084507044,
  "UEM": 0.03005008347245409,
  "LEM": 0.011686143572621035,
  "LOAS": 0.6398390342052314,
  "LOEM": 0.025041736227045076,
  "loss": 8.602042348761307
}