{
    "model_count": 5,
    "UAS_mean": 0.6010323555331739,
    "UAS_std": 0.005483068403315505,
    "LAS_mean": 0.49317218515254524,
    "LAS_std": 0.003421862476415206,
    "UEM_mean": 0.016999999999999998,
    "UEM_std": 0.0018708286933869704,
    "LEM_mean": 0.004,
    "LEM_std": 0.0012247448713915891,
    "LOAS_mean": 0.6511813336690587,
    "LOAS_std": 0.004361402475765256,
    "LOEM_mean": 0.006,
    "LOEM_std": 0.0007071067811865475,
    "loss_mean": 8.14992850895912,
    "loss_std": 0.772231178693124
}