{
  "UAS": 0.599815351042847,
  "LAS": 0.4907885349783877,
  "UEM": 0.019,
  "LEM": 0.002,
  "LOAS": 0.6456838306265474,
  "LOEM": 0.005,
  "loss": 9.248464956879616
}