{
  "UAS": 0.6072432750010491,
  "LAS": 0.4964958663813001,
  "UEM": 0.015,
  "LEM": 0.004,
  "LOAS": 0.6515170590457006,
  "LOEM": 0.006,
  "loss": 7.598878428339958
}