{
  "UAS": 0.5926811867892064,
  "LAS": 0.49104032901086914,
  "UEM": 0.018,
  "LEM": 0.004,
  "LOAS": 0.6551680725166814,
  "LOEM": 0.006,
  "loss": 7.335105374455452
}