{"model_count": 10, "em_accuracy_mean": 0.559458588462778, "em_accuracy_std": 0.008256903577430698, "loss_mean": 1.511757644857328, "loss_std": 0.017104528744889554}