{
  "em_accuracy": 0.559780857234934,
  "loss": 1.528623796000923
}