{
  "em_accuracy": 0.5543022881082823,
  "loss": 1.4973896459205864
}