{
  "em_accuracy": 0.545278762487915,
  "loss": 1.5334233955009697
}