{
  "em_accuracy": 0.5620367386400258,
  "loss": 1.500629137471779
}