{
    "model_count": 5,
    "UAS_mean": 0.488757856541178,
    "UAS_std": 0.021615293122365327,
    "LAS_mean": 0.35221927039460893,
    "LAS_std": 0.014264765887873999,
    "UEM_mean": 0.03094688221709007,
    "UEM_std": 0.0029889559135207345,
    "LEM_mean": 0.005311778290993071,
    "LEM_std": 0.0017512414420442382,
    "LOAS_mean": 0.5580379705825179,
    "LOAS_std": 0.003828299501289502,
    "LOEM_mean": 0.007390300230946882,
    "LOEM_std": 0.0019322402460371256,
    "loss_mean": 8.900219678259516,
    "loss_std": 0.6391097121191126
}