{
  "accuracy": 0.7796143250688705,
  "macro_fscore": 0.791317855961493,
  "micro_fscore": 0.7785613540197461,
  "loss": 1.9811555322097696
}