{
  "em_accuracy": 0.5471481799942677,
  "loss": 1.6075846898501323
}