{
  "em_accuracy": 0.532244196044712,
  "loss": 1.5915539626661501
}