{
  "em_accuracy": 0.5474347950702207,
  "loss": 1.5988847071721675
}