{
  "em_accuracy": 0.5471481799942677,
  "loss": 1.5641529388623694
}