{
  "accuracy": 0.9116022099447514,
  "macro_fscore": 0.2826921850079745,
  "micro_fscore": 0.9147727272727273,
  "loss": 0.27316945519608754
}