{
  "accuracy": 0.9392265193370166,
  "macro_fscore": 0.5143062144907163,
  "micro_fscore": 0.9398280802292263,
  "loss": 0.39569860046807054
}