{
  "UAS": 0.7551855895196506,
  "LAS": 0.5593158660844251,
  "UEM": 0.078,
  "LEM": 0.006,
  "LOAS": 0.6396470160116449,
  "LOEM": 0.008,
  "loss": 5.974807471036911
}