{
  "UAS": 0.7311681222707423,
  "LAS": 0.5169213973799127,
  "UEM": 0.068,
  "LEM": 0.006,
  "LOAS": 0.6048944687045124,
  "LOEM": 0.006,
  "loss": 6.082290977239609
}