{
  "UAS": 0.7273471615720524,
  "LAS": 0.5289301310043668,
  "UEM": 0.066,
  "LEM": 0.002,
  "LOAS": 0.6138100436681223,
  "LOEM": 0.002,
  "loss": 6.68619966506958
}