{"model_count": 3, "em_accuracy_mean": 0.07139930342143004, "em_accuracy_std": 0.0018805121645857196, "tp_mean": 5441, "tp_std": 159.8780785473731, "fp_mean": 21499, "fp_std": 977.1120713613152, "fn_mean": 21754, "fn_std": 159.8780785473731, "p_mean": 20.212298414313775, "p_std": 0.8723803318860546, "r_mean": 20.00735429306858, "r_std": 0.5878951224393197, "f1_mean": 20.104772566406755, "f1_std": 0.6409625155357195, "Macro_f1_mean": 15.814458951041665, "Macro_f1_std": 0.14264333092574, "Macro_p_mean": 22.19204803322133, "Macro_p_std": 0.08123475918761791, "Macro_r_mean": 14.211983305079457, "Macro_r_std": 0.3178421068210828, "loss_mean": 2.256084360389585, "loss_std": 0.029928005243377093}