{
  "em_accuracy": 0.0692481048965376,
  "tp": 5520,
  "fp": 22533,
  "fn": 21675,
  "p": 19.677039888781948,
  "r": 20.29784886927744,
  "f1": 19.982623805386616,
  "Macro_f1": 15.978704146647598,
  "Macro_p": 22.263259106917165,
  "Macro_r": 14.552082725241066,
  "loss": 2.2880300884356086
}