{
  "em_accuracy": 0.07221880762138906,
  "tp": 5546,
  "fp": 20591,
  "fn": 21649,
  "p": 21.218961625282166,
  "r": 20.393454679168965,
  "f1": 20.798019950498762,
  "Macro_f1": 15.72162390030453,
  "Macro_p": 22.103566950630743,
  "Macro_r": 13.922464380668066,
  "loss": 2.228697104461845
}