{
  "em_accuracy": 0.07273099774636345,
  "tp": 5257,
  "fp": 21373,
  "fn": 21938,
  "p": 19.740893728877207,
  "r": 19.33075933075933,
  "f1": 19.533673943334882,
  "Macro_f1": 15.743048806172865,
  "Macro_p": 22.209318042116077,
  "Macro_r": 14.161402809329239,
  "loss": 2.2515258882713005
}