{"model_count": 5, "accuracy_mean": 0.8419130434782609, "accuracy_std": 0.009553352324850273, "loss_mean": 1.0218718099511332, "loss_std": 0.20754002213368278}