{
  "accuracy": 0.8356521739130435,
  "loss": 1.2857703392704327
}