{
  "accuracy": 0.8365217391304348,
  "loss": 1.142090082168579
}