{
  "accuracy": 0.8582608695652174,
  "loss": 0.8761476201729642
}