{
  "accuracy": 0.8426086956521739,
  "loss": 1.0415018672744434
}