{
  "accuracy": 0.8365217391304348,
  "loss": 0.7638491408692466
}