{
  "accuracy": 0.8821989528795812,
  "macro_fscore": 0.7690703057733561,
  "micro_fscore": 0.8853333333333333,
  "loss": 0.4827031366488275
}