{
  "accuracy": 0.9057591623036649,
  "macro_fscore": 0.8636320946245706,
  "micro_fscore": 0.9052069425901202,
  "loss": 0.46924251024999347
}