{
  "accuracy": 0.8795811518324608,
  "macro_fscore": 0.747297107379967,
  "micro_fscore": 0.8811748998664888,
  "loss": 0.6181240263898266
}