{"model_count": 10, "em_accuracy_mean": 0.3759909764743796, "em_accuracy_std": 0.010165013034090831, "loss_mean": 1.655923807436658, "loss_std": 0.026304599836219758}