{
  "em_accuracy": 0.382533032549146,
  "loss": 1.6531132963514819
}