{
  "em_accuracy": 0.37866580728327426,
  "loss": 1.6401728643584497
}