{
  "em_accuracy": 0.367708669029971,
  "loss": 1.6776910461101335
}