{
  "em_accuracy": 0.36190783113116337,
  "loss": 1.6791752238863522
}