{
  "em_accuracy": 0.3664195939413471,
  "loss": 1.6805137862864228
}