{
  "em_accuracy": 0.39058975185304545,
  "loss": 1.5966951324767673
}