{
    "model_count": 5,
    "em_accuracy_mean": 0.4787465940054496,
    "em_accuracy_std": 0.0046426591856645084,
    "loss_mean": 0.0,
    "loss_std": 0.0
}