{
    "model_count": 5,
    "em_accuracy_mean": 0.6996594005449591,
    "em_accuracy_std": 0.005392884458773108,
    "loss_mean": 0.0,
    "loss_std": 0.0
}