{
    "model_count": 5,
    "UAS_mean": 0.8270565396748362,
    "UAS_std": 0.021597729821139455,
    "LAS_mean": 0.7463479737927687,
    "LAS_std": 0.04043806486110419,
    "UEM_mean": 0.117,
    "UEM_std": 0.028124722220850468,
    "LEM_mean": 0.0412,
    "LEM_std": 0.016068602926203636,
    "LOAS_mean": 0.8419558359621451,
    "LOAS_std": 0.036253217909776946,
    "LOEM_mean": 0.0864,
    "LOEM_std": 0.035394914889006306,
    "loss_mean": 4.691939137876034,
    "loss_std": 0.2990174995807048
}