{
  "UAS": 0.8411388821483459,
  "LAS": 0.7679770282293942,
  "UEM": 0.137,
  "LEM": 0.049,
  "LOAS": 0.8610774083960204,
  "LOEM": 0.108,
  "loss": 4.967164173722267
}