{
  "em_accuracy": 0.1138916015625,
  "loss": 2.933068542741239
}