{
  "em_accuracy": 0.0928955078125,
  "loss": 3.136369114043191
}