{
  "em_accuracy": 0.085693359375,
  "loss": 2.894389272434637
}