{
  "UAS": 0.6694704418907712,
  "LAS": 0.4843028077242033,
  "UEM": 0.063,
  "LEM": 0.014,
  "LOAS": 0.6397346285985073,
  "LOEM": 0.027,
  "loss": 10.286224514245987
}