{
  "em_accuracy": 0.8556000485377988,
  "loss": 1.0064031686200652
}