{
  "em_accuracy": 0.8634874408445578,
  "loss": 1.01039036011049
}