{
  "em_accuracy": 0.8611818954010436,
  "loss": 1.0165273576050766
}