{
  "em_accuracy": 0.8507462686567164,
  "loss": 1.0128323883973351
}