{
  "accuracy": 0.8552036199095022,
  "macro_fscore": 0.6341752585743458,
  "micro_fscore": 0.850356294536817,
  "loss": 0.6476615566228118
}