{
  "accuracy": 0.8642533936651584,
  "macro_fscore": 0.7425250403191579,
  "micro_fscore": 0.8598574821852731,
  "loss": 0.49092999366777285
}