{
  "accuracy": 0.8506787330316742,
  "macro_fscore": 0.6836863201732294,
  "micro_fscore": 0.8483412322274881,
  "loss": 0.6385165403730103
}