{
  "accuracy": 0.8516320474777448,
  "macro_fscore": 0.5106098437125809,
  "micro_fscore": 0.8605697151424289,
  "loss": 0.6827435922873106
}