{
  "accuracy": 0.8456973293768546,
  "macro_fscore": 0.560555502128118,
  "micro_fscore": 0.8584337349397592,
  "loss": 0.7184850753877651
}