{
  "accuracy": 0.8486646884272997,
  "macro_fscore": 0.48402450584192386,
  "micro_fscore": 0.8562874251497007,
  "loss": 0.6411829680887009
}