{
  "accuracy": 0.8661417322834646,
  "macro_fscore": 0.3550728720607017,
  "micro_fscore": 0.8734693877551021,
  "loss": 0.5293080965057015
}