{
  "accuracy": 0.937007874015748,
  "macro_fscore": 0.5219181235865281,
  "micro_fscore": 0.9354838709677419,
  "loss": 0.24574338120874017
}