{
  "accuracy": 0.889763779527559,
  "macro_fscore": 0.3838027617121989,
  "micro_fscore": 0.8951612903225806,
  "loss": 0.369109901599586
}