{
  "accuracy": 0.9337016574585635,
  "macro_fscore": 0.429022178420542,
  "micro_fscore": 0.9394812680115274,
  "loss": 0.24524003018935522
}