{
  "accuracy": 0.9502762430939227,
  "macro_fscore": 0.41441034897713597,
  "micro_fscore": 0.9512893982808024,
  "loss": 0.3075728553036849
}