{
    "model_count": 5,
    "UAS_mean": 0.6586834071462355,
    "UAS_std": 0.0075425924257231484,
    "LAS_mean": 0.5005202734660532,
    "LAS_std": 0.01008234857326494,
    "UEM_mean": 0.042301710730948676,
    "UEM_std": 0.002782044139968633,
    "LEM_mean": 0.008398133748055987,
    "LEM_std": 0.0020865331049764757,
    "LOAS_mean": 0.6493270843186997,
    "LOAS_std": 0.010610470160898436,
    "LOEM_mean": 0.01088646967340591,
    "LOEM_std": 0.0024590028461651467,
    "loss_mean": 10.254624498458135,
    "loss_std": 0.30912102666284685
}