{
  "UAS": 0.6643591176849981,
  "LAS": 0.5083630734832524,
  "UEM": 0.04510108864696734,
  "LEM": 0.01088646967340591,
  "LOAS": 0.65434062862794,
  "LOEM": 0.013996889580093312,
  "loss": 9.817976134163994
}