{
  "UAS": 0.6461280474695791,
  "LAS": 0.48553123790686675,
  "UEM": 0.038880248833592534,
  "LEM": 0.006220839813374806,
  "LOAS": 0.6365825342907512,
  "LOEM": 0.007776049766718507,
  "loss": 10.516120819818406
}