{
  "accuracy": 0.937007874015748,
  "macro_fscore": 0.6160008216337147,
  "micro_fscore": 0.946938775510204,
  "loss": 0.24266547890147194
}