{
  "accuracy": 0.9794801641586868,
  "macro_fscore": 0.9713267667186681,
  "micro_fscore": 0.9829787234042554,
  "loss": 0.10256229243690462
}