{
  "accuracy": 0.9781121751025992,
  "macro_fscore": 0.9709127334186306,
  "micro_fscore": 0.9815602836879432,
  "loss": 0.13283521461040515
}