{
  "accuracy": 0.9794801641586868,
  "macro_fscore": 0.9714223461690863,
  "micro_fscore": 0.9829787234042554,
  "loss": 0.11872360228374854
}