{
  "accuracy": 0.9767441860465116,
  "macro_fscore": 0.963313084616258,
  "micro_fscore": 0.9808374733853796,
  "loss": 0.12849906684973772
}