{
  "accuracy": 0.9212598425196851,
  "macro_fscore": 0.4594103481795687,
  "micro_fscore": 0.931726907630522,
  "loss": 0.302752829156816
}