{
  "accuracy": 0.9212598425196851,
  "macro_fscore": 0.5253321125494884,
  "micro_fscore": 0.923076923076923,
  "loss": 0.2911691777408123
}