{
  "accuracy": 0.889763779527559,
  "macro_fscore": 0.35835866261398175,
  "micro_fscore": 0.8995983935742972,
  "loss": 0.3865001253434457
}