{
    "model_count": 5,
    "UAS_mean": 0.5123110151187905,
    "UAS_std": 0.009714160324302572,
    "LAS_mean": 0.40637663272652474,
    "LAS_std": 0.009550187727278142,
    "UEM_mean": 0.0056,
    "UEM_std": 0.001140175425099138,
    "LEM_mean": 0.002,
    "LEM_std": 0.0,
    "loss_mean": 2.183889059036497,
    "loss_std": 0.017692513181558216
}