{
  "UAS": 0.5123418697932737,
  "LAS": 0.4049161781343207,
  "UEM": 0.006,
  "LEM": 0.002,
  "loss": 2.197173379716419
}