{
  "UAS": 0.5236552504371079,
  "LAS": 0.4173094723850663,
  "UEM": 0.005,
  "LEM": 0.002,
  "loss": 2.1610882547166614
}