{
  "UAS": 0.5069937262161884,
  "LAS": 0.4050190270492646,
  "UEM": 0.004,
  "LEM": 0.002,
  "loss": 2.1978969365831404
}