{
  "accuracy": 0.9212598425196851,
  "macro_fscore": 0.370122428373091,
  "micro_fscore": 0.9274193548387096,
  "loss": 0.3117390430998057
}