{
  "em_accuracy": 0.12172965116279069,
  "loss": 2.6342460769553515
}