{
  "em_accuracy": 0.17405523255813954,
  "loss": 2.396822285513545
}