{
  "em_accuracy": 0.16824127906976744,
  "loss": 2.2937396494455116
}