{
  "em_accuracy": 0.18313953488372092,
  "loss": 2.4252931219200757
}