{
  "em_accuracy": 0.17296511627906977,
  "loss": 2.422894671212795
}