{
    "model_count": 5,
    "UAS_mean": 0.6109866129506064,
    "UAS_std": 0.008900057335116148,
    "LAS_mean": 0.50879180830081,
    "LAS_std": 0.007476075826551044,
    "UEM_mean": 0.0232,
    "UEM_std": 0.001923538406167134,
    "LEM_mean": 0.0066,
    "LEM_std": 0.0016733200530681513,
    "LOAS_mean": 0.6658693188971421,
    "LOAS_std": 0.006606361872061418,
    "LOEM_mean": 0.0082,
    "LOEM_std": 0.0014832396974191326,
    "loss_mean": 9.67255159318447,
    "loss_std": 0.6499983107598377
}