{
  "UAS": 0.6104326660791473,
  "LAS": 0.5056024172227118,
  "UEM": 0.023,
  "LEM": 0.007,
  "LOAS": 0.6578538755298166,
  "LOEM": 0.008,
  "loss": 10.398695349693298
}