{
  "UAS": 0.6035502958579881,
  "LAS": 0.5018255067354904,
  "UEM": 0.022,
  "LEM": 0.004,
  "LOAS": 0.6596164337571866,
  "LOEM": 0.006,
  "loss": 8.888322785496712
}