{
  "UAS": 0.6152167526962944,
  "LAS": 0.5131142725250745,
  "UEM": 0.024,
  "LEM": 0.008,
  "LOAS": 0.6698140920726845,
  "LOEM": 0.01,
  "loss": 10.292050302028656
}