{
  "accuracy": 0.9315789473684211,
  "macro_fscore": 0.4790426032379838,
  "micro_fscore": 0.9380053908355794,
  "loss": 0.45180727837638796
}