{
  "UAS": 0.5371525010548028,
  "LAS": 0.4781773006422578,
  "UEM": 0.039,
  "LEM": 0.025,
  "loss": 1.836886141035292
}