{
  "UAS": 0.5392152266654165,
  "LAS": 0.47925554357507855,
  "UEM": 0.036,
  "LEM": 0.022,
  "loss": 1.8419492736695304
}