{
  "UAS": 0.5313862453705874,
  "LAS": 0.47147344240776334,
  "UEM": 0.036,
  "LEM": 0.023,
  "loss": 1.868475217667837
}