{
  "em_accuracy": 0.8331513165877927,
  "loss": 1.0137287557356118
}