{
  "em_accuracy": 0.8308457711442786,
  "loss": 1.008805286052615
}