{
  "em_accuracy": 0.8297536706710351,
  "loss": 1.013611909839534
}