{
  "em_accuracy": 0.8335153500788739,
  "loss": 1.0098963698675467
}