{
  "em_accuracy": 0.835699551025361,
  "loss": 1.0081488911726677
}