{
    "model_count": 5,
    "UAS_mean": 0.04670927993839045,
    "UAS_std": 0.03285250624533495,
    "LAS_mean": 0.0072483634963419336,
    "LAS_std": 0.008201468283021013,
    "UEM_mean": 0.0007360672975814932,
    "UEM_std": 0.0011518876077921474,
    "LEM_mean": 0.0,
    "LEM_std": 0.0,
    "LOAS_mean": 0.09081247593376973,
    "LOAS_std": 0.012145541793327387,
    "LOEM_mean": 0.0,
    "LOEM_std": 0.0,
    "loss_mean": 18.957362537384032,
    "loss_std": 6.611385437697315
}