{
  "UAS": 0.03262225644974971,
  "LAS": 0.002063919907585676,
  "UEM": 0.0,
  "LEM": 0.0,
  "LOAS": 0.08643819792067771,
  "LOEM": 0.0,
  "loss": 29.09364242553711
}