{
  "UAS": 0.02943396226415094,
  "LAS": 0.004020023103581055,
  "UEM": 0.0,
  "LEM": 0.0,
  "LOAS": 0.08221794378128609,
  "LOEM": 0.0,
  "loss": 21.905539735158285
}