{
  "UAS": 0.08767038891028109,
  "LAS": 0.005745090489025799,
  "UEM": 0.0026288117770767614,
  "LEM": 0.0,
  "LOAS": 0.09432422025413939,
  "LOEM": 0.0,
  "loss": 14.413676579793295
}