{
  "UAS": 0.6696908457668659,
  "LAS": 0.5145977555144687,
  "UEM": 0.04354587869362364,
  "LEM": 0.01088646967340591,
  "LOAS": 0.6602313282022617,
  "LOEM": 0.013996889580093312,
  "loss": 8.539929639725457
}