{
  "UAS": 0.6634991615427613,
  "LAS": 0.5219933783377048,
  "UEM": 0.04043545878693624,
  "LEM": 0.01088646967340591,
  "LOAS": 0.67072279313755,
  "LOEM": 0.01088646967340591,
  "loss": 8.96377774647304
}