{
  "accuracy": 0.8703703703703703,
  "macro_fscore": 0.8171428571428572,
  "micro_fscore": 0.8599999999999999,
  "label_has-occupation_fscore": 0.9047619047619048,
  "label_has-genre_fscore": 0.6666666666666666,
  "label_has-type_fscore": 0.8800000000000001,
  "loss": 0.44246914982795715
}