{
  "accuracy": 0.8850574712643678,
  "macro_fscore": 0.7146088629885808,
  "micro_fscore": 0.9058823529411766,
  "loss": 0.5749540342464267
}