{
  "accuracy": 0.9226519337016574,
  "macro_fscore": 0.37801371378013715,
  "micro_fscore": 0.9261363636363636,
  "loss": 0.3021429426638254
}