{
  "accuracy": 0.9281767955801105,
  "macro_fscore": 0.3704710144927536,
  "micro_fscore": 0.9257142857142857,
  "loss": 0.4139033146299577
}