{
  "accuracy": 0.9281767955801105,
  "macro_fscore": 0.3433667781493868,
  "micro_fscore": 0.9375,
  "loss": 0.24852658171827594
}