{"model_count": 5, "accuracy_mean": 0.9189324437030859, "accuracy_std": 0.007208437176424337, "macro_fscore_mean": 0.6266771446113769, "macro_fscore_std": 0.023604707023810154, "micro_fscore_mean": 0.9195168791630184, "micro_fscore_std": 0.00732243702287161, "loss_mean": 0.41331201466529943, "loss_std": 0.06295915311504217}