{
  "accuracy": 0.9190992493744787,
  "macro_fscore": 0.6083495779425808,
  "micro_fscore": 0.9199663016006739,
  "loss": 0.43392032499580335
}