{
  "accuracy": 0.926605504587156,
  "macro_fscore": 0.6346610776513196,
  "micro_fscore": 0.9263777871266302,
  "loss": 0.3903025785802553
}