{
  "accuracy": 0.9090909090909091,
  "macro_fscore": 0.6120215142852385,
  "micro_fscore": 0.9090909090909091,
  "loss": 0.4873107874331375
}