{
  "accuracy": 0.9249374478732277,
  "macro_fscore": 0.6646896830141715,
  "micro_fscore": 0.9262536873156343,
  "loss": 0.31893694452165317
}