{
  "accuracy": 0.8620689655172413,
  "macro_fscore": 0.7550686037126714,
  "micro_fscore": 0.8670520231213873,
  "loss": 0.4145433859278758
}