{
  "accuracy": 0.8275862068965517,
  "macro_fscore": 0.7088781275221953,
  "micro_fscore": 0.8323699421965317,
  "loss": 0.6019844735662142
}