{
  "accuracy": 0.8390804597701149,
  "macro_fscore": 0.6814383239171374,
  "micro_fscore": 0.8538011695906432,
  "loss": 0.6879909485578537
}