{
  "UAS": 0.8389549462104667,
  "LAS": 0.7778451832079593,
  "UEM": 0.124,
  "LEM": 0.05,
  "LOAS": 0.8735743751516623,
  "LOEM": 0.128,
  "loss": 4.0464135110378265
}