{
  "UAS": 0.661657444668008,
  "LAS": 0.5431966800804829,
  "UEM": 0.038397328881469114,
  "LEM": 0.015025041736227046,
  "LOAS": 0.724283199195171,
  "LOEM": 0.0333889816360601,
  "loss": 7.441543830068488
}