{
    "model_count": 4,
    "em_accuracy_mean": 0.43443680137575236,
    "em_accuracy_std": 0.008850715003038852,
    "loss_mean": 0.0,
    "loss_std": 0.0
}