{
  "accuracy": 0.8733031674208145,
  "macro_fscore": 0.7508109441858926,
  "micro_fscore": 0.8792270531400966,
  "loss": 0.6772615676745772
}