{
  "accuracy": 0.8868778280542986,
  "macro_fscore": 0.7034507416236169,
  "micro_fscore": 0.883054892601432,
  "loss": 0.42574731952377726
}