{
  "accuracy": 0.8597285067873304,
  "macro_fscore": 0.7283536827335337,
  "micro_fscore": 0.8571428571428571,
  "loss": 0.9271562195249966
}