{
    "model_count": 5,
    "UAS_mean": 0.9214792380648761,
    "UAS_std": 0.001616168563721867,
    "LAS_mean": 0.8895831672909859,
    "LAS_std": 0.0025815709702832175,
    "UEM_mean": 0.7094848338950409,
    "UEM_std": 0.005124818137981751,
    "LEM_mean": 0.5678382282137698,
    "LEM_std": 0.008822747482187393,
    "LOAS_mean": 0.9340559496293935,
    "LOAS_std": 0.0019093593552667054,
    "LOEM_mean": 0.6154068367838228,
    "LOEM_std": 0.009150343008727694,
    "loss_mean": 1.8388888489092923,
    "loss_std": 0.11348861105658366
}