{
  "UAS": 0.92177412927393,
  "LAS": 0.8937993145771898,
  "UEM": 0.7077515647568609,
  "LEM": 0.5835339431872894,
  "LOAS": 0.9370765920140273,
  "LOEM": 0.6302359171882523,
  "loss": 1.8894523024378613
}