{
  "accuracy": 0.8516320474777448,
  "macro_fscore": 0.5430909504353046,
  "micro_fscore": 0.8567164179104477,
  "loss": 0.6032854057848454
}