{
  "accuracy": 0.887240356083086,
  "macro_fscore": 0.6498058837421262,
  "micro_fscore": 0.8912071535022354,
  "loss": 0.4993645464988235
}