{
    "model_count": 5,
    "UAS_mean": 0.6445674044265594,
    "UAS_std": 0.011849436778562912,
    "LAS_mean": 0.49341046277665995,
    "LAS_std": 0.006940379708024677,
    "UEM_mean": 0.04240400667779633,
    "UEM_std": 0.006530085881672103,
    "LEM_mean": 0.01302170283806344,
    "LEM_std": 0.0021766952938907,
    "LOAS_mean": 0.668661971830986,
    "LOAS_std": 0.006434037163761479,
    "LOEM_mean": 0.01736227045075125,
    "LOEM_std": 0.0036575796828391726,
    "loss_mean": 7.142972845780222,
    "loss_std": 1.0748651386208719
}