{
  "UAS": 0.6614059356136821,
  "LAS": 0.4993712273641851,
  "UEM": 0.05175292153589316,
  "LEM": 0.011686143572621035,
  "LOAS": 0.6698943661971831,
  "LOEM": 0.01669449081803005,
  "loss": 6.699188910032573
}