{
  "UAS": 0.6441146881287726,
  "LAS": 0.5010060362173038,
  "UEM": 0.04674457429048414,
  "LEM": 0.01669449081803005,
  "LOAS": 0.6741700201207244,
  "LOEM": 0.018363939899833055,
  "loss": 9.037110454157778
}