{
  "UAS": 0.6460638832997988,
  "LAS": 0.48453219315895374,
  "UEM": 0.03672787979966611,
  "LEM": 0.011686143572621035,
  "LOAS": 0.6576961770623743,
  "LOEM": 0.011686143572621035,
  "loss": 6.912352838014302
}