{
  "UAS": 0.6280181086519114,
  "LAS": 0.4888707243460765,
  "UEM": 0.038397328881469114,
  "LEM": 0.011686143572621035,
  "LOAS": 0.6692655935613682,
  "LOEM": 0.021702838063439065,
  "loss": 6.673779587996633
}