{
    "model_count": 5,
    "accuracy_mean": 0.683408071748879,
    "accuracy_std": 0.02117617749438134,
    "macro_fscore_mean": 0.6457395974338699,
    "macro_fscore_std": 0.03499777355068113,
    "micro_fscore_mean": 0.6993501496055292,
    "micro_fscore_std": 0.026583785692547282,
    "label_per:city_of_birth_fscore_mean": 0.3971428571428572,
    "label_per:city_of_birth_fscore_std": 0.07586238884201,
    "label_per:date_of_birth_fscore_mean": 0.9236363636363636,
    "label_per:date_of_birth_fscore_std": 0.08272227757147145,
    "label_per:city_of_death_fscore_mean": 0.9714285714285714,
    "label_per:city_of_death_fscore_std": 0.06388765649999402,
    "label_per:cause_of_death_fscore_mean": 0.8871794871794871,
    "label_per:cause_of_death_fscore_std": 0.049154588494053374,
    "label_per:parents_fscore_mean": 0.8281318681318681,
    "label_per:parents_fscore_std": 0.04118754030812297,
    "label_org:subsidiaries_fscore_mean": 0.5976190476190476,
    "label_org:subsidiaries_fscore_std": 0.16069223834663762,
    "label_per:origin_fscore_mean": 0.5104895104895104,
    "label_per:origin_fscore_std": 0.03557166075065699,
    "label_org:country_of_headquarters_fscore_mean": 0.6476190476190476,
    "label_org:country_of_headquarters_fscore_std": 0.11059261107136752,
    "label_org:stateorprovince_of_headquarters_fscore_mean": 0.5,
    "label_org:stateorprovince_of_headquarters_fscore_std": 0.1237179148263484,
    "label_org:parents_fscore_mean": 0.08,
    "label_org:parents_fscore_std": 0.17888543819998318,
    "label_per:cities_of_residence_fscore_mean": 0.44948384948384945,
    "label_per:cities_of_residence_fscore_std": 0.13287597919802527,
    "label_org:alternate_names_fscore_mean": 0.6343656343656343,
    "label_org:alternate_names_fscore_std": 0.10050267818603915,
    "label_org:top_members/employees_fscore_mean": 0.6319658119658119,
    "label_org:top_members/employees_fscore_std": 0.21755755076620636,
    "label_per:country_of_birth_fscore_mean": 0.6333333333333333,
    "label_per:country_of_birth_fscore_std": 0.07453559924999298,
    "label_org:website_fscore_mean": 1.0,
    "label_org:website_fscore_std": 0.0,
    "label_per:charges_fscore_mean": 0.8636363636363635,
    "label_per:charges_fscore_std": 0.04149413314433079,
    "label_org:dissolved_fscore_mean": 0,
    "label_org:dissolved_fscore_std": 0.0,
    "label_per:date_of_death_fscore_mean": 0.7047619047619048,
    "label_per:date_of_death_fscore_std": 0.144435722743839,
    "label_per:other_family_fscore_mean": 0.4305194805194805,
    "label_per:other_family_fscore_std": 0.15120252224196726,
    "label_org:founded_by_fscore_mean": 0.7864801864801865,
    "label_org:founded_by_fscore_std": 0.04607342714834934,
    "label_per:religion_fscore_mean": 0.7333333333333333,
    "label_per:religion_fscore_std": 0.14907119849998599,
    "label_per:stateorprovinces_of_residence_fscore_mean": 0.5,
    "label_per:stateorprovinces_of_residence_fscore_std": 0.11785113019775789,
    "label_per:schools_attended_fscore_mean": 0.8533333333333334,
    "label_per:schools_attended_fscore_std": 0.04868644955601471,
    "label_org:number_of_employees/members_fscore_mean": 0.9428571428571428,
    "label_org:number_of_employees/members_fscore_std": 0.07824607964359519,
    "label_per:employee_of_fscore_mean": 0.5481318681318681,
    "label_per:employee_of_fscore_std": 0.13784399176931916,
    "label_org:founded_fscore_mean": 0.8939393939393939,
    "label_org:founded_fscore_std": 0.03387981784090587,
    "label_per:alternate_names_fscore_mean": 0.4288888888888889,
    "label_per:alternate_names_fscore_std": 0.13019453630606245,
    "label_per:stateorprovince_of_birth_fscore_mean": 0.13333333333333333,
    "label_per:stateorprovince_of_birth_fscore_std": 0.29814239699997197,
    "label_org:city_of_headquarters_fscore_mean": 0.6866666666666666,
    "label_org:city_of_headquarters_fscore_std": 0.06390096504226941,
    "label_per:stateorprovince_of_death_fscore_mean": 0.92,
    "label_per:stateorprovince_of_death_fscore_std": 0.1095445115010332,
    "label_per:children_fscore_mean": 0.7214285714285713,
    "label_per:children_fscore_std": 0.1321911108808696,
    "label_org:member_of_fscore_mean": 0.4031746031746032,
    "label_org:member_of_fscore_std": 0.2404748808178492,
    "label_per:countries_of_residence_fscore_mean": 0.49428571428571433,
    "label_per:countries_of_residence_fscore_std": 0.061112141817735555,
    "label_per:title_fscore_mean": 0.7090196078431371,
    "label_per:title_fscore_std": 0.054508393267118635,
    "label_org:political/religious_affiliation_fscore_mean": 0.9098901098901099,
    "label_org:political/religious_affiliation_fscore_std": 0.02948661069230491,
    "label_per:age_fscore_mean": 0.9378947368421053,
    "label_per:age_fscore_std": 0.02118380189210329,
    "label_per:siblings_fscore_mean": 0.8577777777777779,
    "label_per:siblings_fscore_std": 0.08833158628600794,
    "label_org:shareholders_fscore_mean": 0.18,
    "label_org:shareholders_fscore_std": 0.24899799195977465,
    "label_per:spouse_fscore_mean": 0.8857142857142857,
    "label_per:spouse_fscore_std": 0.06388765649999402,
    "label_org:members_fscore_mean": 0.6121212121212121,
    "label_org:members_fscore_std": 0.12683908809973538,
    "loss_mean": 1.1698153129645756,
    "loss_std": 0.08131395824605564
}