{
    "model_count": 5,
    "accuracy_mean": 0.6959641255605381,
    "accuracy_std": 0.022059863455154895,
    "macro_fscore_mean": 0.6534634733171885,
    "macro_fscore_std": 0.03273776510007684,
    "micro_fscore_mean": 0.7085739026984184,
    "micro_fscore_std": 0.022555532945122393,
    "label_per:children_fscore_mean": 0.7928571428571428,
    "label_per:children_fscore_std": 0.0586845597326964,
    "label_per:stateorprovince_of_birth_fscore_mean": 0.13333333333333333,
    "label_per:stateorprovince_of_birth_fscore_std": 0.29814239699997197,
    "label_per:cities_of_residence_fscore_mean": 0.49538461538461537,
    "label_per:cities_of_residence_fscore_std": 0.14163504694116139,
    "label_per:alternate_names_fscore_mean": 0.4163636363636364,
    "label_per:alternate_names_fscore_std": 0.1380801061068514,
    "label_per:title_fscore_mean": 0.7445098039215685,
    "label_per:title_fscore_std": 0.05860908624427032,
    "label_org:country_of_headquarters_fscore_mean": 0.6285714285714286,
    "label_org:country_of_headquarters_fscore_std": 0.11462004668486579,
    "label_per:stateorprovince_of_death_fscore_mean": 0.96,
    "label_per:stateorprovince_of_death_fscore_std": 0.08944271909999157,
    "label_per:charges_fscore_mean": 0.8787878787878788,
    "label_per:charges_fscore_std": 0.04149413314433079,
    "label_per:other_family_fscore_mean": 0.4047619047619048,
    "label_per:other_family_fscore_std": 0.12371791482634838,
    "label_org:website_fscore_mean": 1.0,
    "label_org:website_fscore_std": 0.0,
    "label_per:employee_of_fscore_mean": 0.5632034632034632,
    "label_per:employee_of_fscore_std": 0.1391221032571743,
    "label_per:parents_fscore_mean": 0.8457142857142856,
    "label_per:parents_fscore_std": 0.025555062599997604,
    "label_org:number_of_employees/members_fscore_mean": 0.9428571428571428,
    "label_org:number_of_employees/members_fscore_std": 0.07824607964359519,
    "label_per:city_of_birth_fscore_mean": 0.3971428571428572,
    "label_per:city_of_birth_fscore_std": 0.07586238884201,
    "label_per:city_of_death_fscore_mean": 1.0,
    "label_per:city_of_death_fscore_std": 0.0,
    "label_per:schools_attended_fscore_mean": 0.8711111111111112,
    "label_per:schools_attended_fscore_std": 0.03975231959999622,
    "label_org:top_members/employees_fscore_mean": 0.6468531468531469,
    "label_org:top_members/employees_fscore_std": 0.22213119124851177,
    "label_org:founded_by_fscore_mean": 0.8508158508158508,
    "label_org:founded_by_fscore_std": 0.059286101251094986,
    "label_org:founded_fscore_mean": 0.8721212121212121,
    "label_org:founded_fscore_std": 0.051976543413326595,
    "label_org:alternate_names_fscore_mean": 0.6695970695970695,
    "label_org:alternate_names_fscore_std": 0.09891466465096058,
    "label_org:dissolved_fscore_mean": 0,
    "label_org:dissolved_fscore_std": 0.0,
    "label_org:stateorprovince_of_headquarters_fscore_mean": 0.6238095238095238,
    "label_org:stateorprovince_of_headquarters_fscore_std": 0.19353935773686257,
    "label_org:parents_fscore_mean": 0.14666666666666667,
    "label_org:parents_fscore_std": 0.2022100118413747,
    "label_per:origin_fscore_mean": 0.5013986013986014,
    "label_per:origin_fscore_std": 0.07670662489959207,
    "label_per:age_fscore_mean": 0.9494736842105264,
    "label_per:age_fscore_std": 0.050013848497703565,
    "label_per:date_of_birth_fscore_mean": 0.9054545454545454,
    "label_per:date_of_birth_fscore_std": 0.07088577705315607,
    "label_per:stateorprovinces_of_residence_fscore_mean": 0.5,
    "label_per:stateorprovinces_of_residence_fscore_std": 0.11785113019775789,
    "label_org:city_of_headquarters_fscore_mean": 0.72,
    "label_org:city_of_headquarters_fscore_std": 0.0670820393249937,
    "label_org:subsidiaries_fscore_mean": 0.4333333333333333,
    "label_org:subsidiaries_fscore_std": 0.14907119849998596,
    "label_per:religion_fscore_mean": 0.6666666666666666,
    "label_per:religion_fscore_std": 0.0,
    "label_org:political/religious_affiliation_fscore_mean": 0.9252747252747252,
    "label_org:political/religious_affiliation_fscore_std": 0.050597206299874034,
    "label_per:countries_of_residence_fscore_mean": 0.48095238095238096,
    "label_per:countries_of_residence_fscore_std": 0.05600723417262653,
    "label_per:siblings_fscore_mean": 0.8355555555555556,
    "label_per:siblings_fscore_std": 0.048686449556014776,
    "label_per:country_of_birth_fscore_mean": 0.6333333333333333,
    "label_per:country_of_birth_fscore_std": 0.07453559924999298,
    "label_org:members_fscore_mean": 0.5754545454545454,
    "label_org:members_fscore_std": 0.21545646335931953,
    "label_org:member_of_fscore_mean": 0.4066666666666667,
    "label_org:member_of_fscore_std": 0.28905977851571735,
    "label_per:cause_of_death_fscore_mean": 0.8919413919413919,
    "label_per:cause_of_death_fscore_std": 0.0434571813835336,
    "label_per:date_of_death_fscore_mean": 0.780952380952381,
    "label_per:date_of_death_fscore_std": 0.10432810619146021,
    "label_per:spouse_fscore_mean": 0.8642857142857142,
    "label_per:spouse_fscore_std": 0.08892785427134813,
    "label_org:shareholders_fscore_mean": 0.18333333333333332,
    "label_org:shareholders_fscore_std": 0.1707825127659933,
    "loss_mean": 1.1580016346914428,
    "loss_std": 0.03382631702061459
}