{
  "accuracy": 0.8427299703264095,
  "macro_fscore": 0.5484682004488979,
  "micro_fscore": 0.8515742128935533,
  "loss": 0.6586251640771728
}