{
  "accuracy": 0.8545994065281899,
  "macro_fscore": 0.5710685039034712,
  "micro_fscore": 0.8571428571428571,
  "loss": 0.4786617915061387
}