{
  "accuracy": 0.8694362017804155,
  "macro_fscore": 0.5607084444631822,
  "micro_fscore": 0.873323397913562,
  "loss": 0.5146074396722146
}