{
  "accuracy": 0.8664688427299704,
  "macro_fscore": 0.6129015761504241,
  "micro_fscore": 0.8729446935724963,
  "loss": 0.4738971366631714
}