{
  "UAS": 0.8063381932398856,
  "LAS": 0.7377056865594674,
  "UEM": 0.083,
  "LEM": 0.039,
  "LOAS": 0.8546247245792509,
  "LOEM": 0.1,
  "loss": 4.378948271274567
}