{
  "UAS": 0.8282780929164127,
  "LAS": 0.7564577375650462,
  "UEM": 0.105,
  "LEM": 0.05,
  "LOAS": 0.8636725891894426,
  "LOEM": 0.118,
  "loss": 4.028292058006166
}