{
  "UAS": 0.8304345787820543,
  "LAS": 0.7526604472364165,
  "UEM": 0.117,
  "LEM": 0.049,
  "LOAS": 0.8549997655993624,
  "LOEM": 0.1,
  "loss": 4.076324641704559
}