{
    "model_count": 5,
    "UAS_mean": 0.935036263648681,
    "UAS_std": 0.0013310789727677234,
    "LAS_mean": 0.9152307324460031,
    "LAS_std": 0.0010499591702910923,
    "UEM_mean": 0.7349061145883485,
    "UEM_std": 0.00362858809463971,
    "LEM_mean": 0.646605681271064,
    "LEM_std": 0.005827500451088205,
    "LOAS_mean": 0.9528652267474297,
    "LOAS_std": 0.00040384557456470046,
    "LOEM_mean": 0.7090996629754454,
    "LOEM_std": 0.006103394497947334,
    "loss_mean": 1.1602923391389603,
    "loss_std": 0.09848471172035515
}