{
  "UAS": 0.9363991392364709,
  "LAS": 0.9159958555830079,
  "UEM": 0.7342320654790563,
  "LEM": 0.6398651901781416,
  "LOAS": 0.9524189049175101,
  "LOEM": 0.7010110736639383,
  "loss": 1.08086016427427
}