{
  "UAS": 0.9328524746951462,
  "LAS": 0.9134055949629394,
  "UEM": 0.7303803562831006,
  "LEM": 0.6490129995185363,
  "LOAS": 0.9534151590021519,
  "LOEM": 0.7149735194992778,
  "loss": 1.290591436439924
}