{
  "UAS": 0.9352434844982864,
  "LAS": 0.9153184028054515,
  "UEM": 0.7366393837265286,
  "LEM": 0.6441983630235917,
  "LOAS": 0.9531362078584522,
  "LOEM": 0.7067886374578719,
  "loss": 1.079655571062129
}