{
    "model_count": 5,
    "UAS_mean": 0.865791570953073,
    "UAS_std": 0.002602459403032877,
    "LAS_mean": 0.805831887862735,
    "LAS_std": 0.0039367306202810134,
    "UEM_mean": 0.1584,
    "UEM_std": 0.004560701700396556,
    "LEM_mean": 0.0824,
    "LEM_std": 0.006877499545619758,
    "LOAS_mean": 0.9011766912006001,
    "LOAS_std": 0.0028028279198936195,
    "LOEM_mean": 0.2106,
    "LOEM_std": 0.016682325976913413,
    "loss_mean": 3.4697344161570074,
    "loss_std": 0.5299626727003457
}