{
  "UAS": 0.8652196333974028,
  "LAS": 0.805963152219774,
  "UEM": 0.159,
  "LEM": 0.087,
  "LOAS": 0.9022549341334208,
  "LOEM": 0.219,
  "loss": 3.641540937125683
}