{
  "UAS": 0.8620786648539684,
  "LAS": 0.799821855515447,
  "UEM": 0.155,
  "LEM": 0.074,
  "LOAS": 0.8970512399793727,
  "LOEM": 0.196,
  "loss": 2.5498471669852734
}