{"model_count": 10, "em_accuracy_mean": 0.5834353851111828, "em_accuracy_std": 0.01590091524787615, "loss_mean": 1.4831520893524601, "loss_std": 0.009342136416042564}