{
  "em_accuracy": 0.588462777956816,
  "loss": 1.4733150798020904
}