{
  "em_accuracy": 0.5897518530454399,
  "loss": 1.4800392708827539
}