{
  "em_accuracy": 0.5858846277795682,
  "loss": 1.4733583632203722
}