{
  "em_accuracy": 0.6065098291975508,
  "loss": 1.486916969731911
}