{
  "em_accuracy": 0.58814050918466,
  "loss": 1.487201632912626
}