{
  "em_accuracy": 0.5491459877537866,
  "loss": 1.4977969109397573
}