{
    "model_count": 5,
    "em_accuracy_mean": 0.775421796625627,
    "em_accuracy_std": 0.004435721946726808,
    "loss_mean": 0.0,
    "loss_std": 0.0
}