{
  "UAS": 0.6289797395079595,
  "LAS": 0.4585142305836951,
  "UEM": 0.068,
  "LEM": 0.013,
  "LOAS": 0.5868306801736614,
  "LOEM": 0.013,
  "loss": 8.470981039106846
}