{
  "accuracy": 0.8733031674208145,
  "macro_fscore": 0.7463606323686969,
  "micro_fscore": 0.8708133971291866,
  "loss": 0.610753628292254
}