{
  "accuracy": 0.8597285067873304,
  "macro_fscore": 0.7446479935703918,
  "micro_fscore": 0.8612440191387559,
  "loss": 0.81143992943024
}