{
  "accuracy": 0.8823529411764706,
  "macro_fscore": 0.7095377360160171,
  "micro_fscore": 0.8761904761904762,
  "loss": 0.7072673249058425
}