{
    "model_count": 5,
    "UAS_mean": 0.659479015918958,
    "UAS_std": 0.005899672925534361,
    "LAS_mean": 0.4897973950795948,
    "LAS_std": 0.006073976690884954,
    "UEM_mean": 0.07579999999999999,
    "UEM_std": 0.004549725266430934,
    "LEM_mean": 0.0156,
    "LEM_std": 0.0015165750888103096,
    "LOAS_mean": 0.6054992764109985,
    "LOAS_std": 0.003437735309231696,
    "LOEM_mean": 0.0174,
    "LOEM_std": 0.0018165902124584951,
    "loss_mean": 6.5948061762111525,
    "loss_std": 0.6767621438933531
}