{
  "UAS": 0.6500241196333816,
  "LAS": 0.48112638687891945,
  "UEM": 0.074,
  "LEM": 0.014,
  "LOAS": 0.6002773757838881,
  "LOEM": 0.015,
  "loss": 6.493042162486485
}