{
  "UAS": 0.6621442354076218,
  "LAS": 0.48649300530631934,
  "UEM": 0.071,
  "LEM": 0.016,
  "LOAS": 0.60383502170767,
  "LOEM": 0.02,
  "loss": 6.502236619591713
}