{
  "UAS": 0.6577424023154848,
  "LAS": 0.4907742402315485,
  "UEM": 0.079,
  "LEM": 0.018,
  "LOAS": 0.6068499758803666,
  "LOEM": 0.018,
  "loss": 6.931664027273655
}