{
  "UAS": 0.6624457308248914,
  "LAS": 0.4954172696575012,
  "UEM": 0.073,
  "LEM": 0.015,
  "LOAS": 0.6080559575494453,
  "LOEM": 0.017,
  "loss": 7.44263955950737
}