{
  "UAS": 0.6650385914134105,
  "LAS": 0.49517607332368546,
  "UEM": 0.082,
  "LEM": 0.015,
  "LOAS": 0.6084780511336227,
  "LOEM": 0.017,
  "loss": 5.604448512196541
}