{
  "UAS": 0.050500279125692445,
  "LAS": 0.00695667110404947,
  "UEM": 0.0,
  "LEM": 0.0,
  "LOAS": 0.08803194915618157,
  "LOEM": 0.0,
  "loss": 5.915032999856131
}