{
  "UAS": 0.8414995491046506,
  "LAS": 0.7514922488942328,
  "UEM": 0.168,
  "LEM": 0.049,
  "LOAS": 0.8332975479881479,
  "LOEM": 0.085,
  "loss": 5.0441010892391205
}