{
    "model_count": 5,
    "UAS_mean": 0.6580800771828268,
    "UAS_std": 0.008333673654062195,
    "LAS_mean": 0.4921369995176073,
    "LAS_std": 0.0042654090130829795,
    "UEM_mean": 0.0748,
    "UEM_std": 0.004494441010848846,
    "LEM_mean": 0.0158,
    "LEM_std": 0.0014832396974191321,
    "LOAS_mean": 0.6033646888567294,
    "LOAS_std": 0.004719034163008206,
    "LOEM_mean": 0.017,
    "LOEM_std": 0.0009999999999999992,
    "loss_mean": 7.766517584546218,
    "loss_std": 0.8895496975381382
}