{
  "UAS": 0.6467679691268693,
  "LAS": 0.48462373371924744,
  "UEM": 0.073,
  "LEM": 0.014,
  "LOAS": 0.5981669078630005,
  "LOEM": 0.016,
  "loss": 6.9933238502532715
}