{
  "UAS": 0.6693801254220936,
  "LAS": 0.4935479980704293,
  "UEM": 0.081,
  "LEM": 0.016,
  "LOAS": 0.5987095996140859,
  "LOEM": 0.018,
  "loss": 9.015551954507828
}