{
  "UAS": 0.6543053545586107,
  "LAS": 0.4945127834056922,
  "UEM": 0.077,
  "LEM": 0.018,
  "LOAS": 0.6089604438012542,
  "LOEM": 0.018,
  "loss": 8.176960065960884
}