{
    "model_count": 3,
    "em_accuracy_mean": 0.4743479507022069,
    "em_accuracy_std": 0.014895713912509365,
    "loss_mean": 0.0,
    "loss_std": 0.0
}