{
  "accuracy": 0.8506787330316742,
  "macro_fscore": 0.6339261628559689,
  "micro_fscore": 0.850356294536817,
  "loss": 0.5890631143535886
}