{
  "accuracy": 0.8416289592760181,
  "macro_fscore": 0.6858019975667035,
  "micro_fscore": 0.8443396226415094,
  "loss": 0.7315893056137222
}