{
  "accuracy": 0.8280542986425339,
  "macro_fscore": 0.6691436000330947,
  "micro_fscore": 0.8274231678486997,
  "loss": 0.7862183047192437
}