{
  "accuracy": 0.8635014836795252,
  "macro_fscore": 0.5942231855779094,
  "micro_fscore": 0.8673621460506706,
  "loss": 0.46057077192447404
}