{
  "accuracy": 0.8664688427299704,
  "macro_fscore": 0.5401788757751401,
  "micro_fscore": 0.8690476190476191,
  "loss": 0.5306937086226587
}