{
  "accuracy": 0.8456973293768546,
  "macro_fscore": 0.5671481836577918,
  "micro_fscore": 0.8571428571428572,
  "loss": 0.5624711124057119
}