{
  "accuracy": 0.8620689655172413,
  "macro_fscore": 0.7303703703703704,
  "micro_fscore": 0.872093023255814,
  "loss": 0.6149422327677408
}