{
  "accuracy": 0.8505747126436781,
  "macro_fscore": 0.7161309523809524,
  "micro_fscore": 0.8604651162790696,
  "loss": 0.5084472578018904
}