{
  "accuracy": 0.8505747126436781,
  "macro_fscore": 0.744419139636531,
  "micro_fscore": 0.8604651162790696,
  "loss": 0.5088527215023836
}