{
  "accuracy": 0.8620689655172413,
  "macro_fscore": 0.7804654291094971,
  "micro_fscore": 0.872093023255814,
  "loss": 0.5649024657905102
}