{
  "UAS": 0.8367329411259501,
  "LAS": 0.7456091381457466,
  "UEM": 0.18,
  "LEM": 0.052,
  "LOAS": 0.830463348649461,
  "LOEM": 0.084,
  "loss": 6.8277236968278885
}