{
  "UAS": 0.8475973719242496,
  "LAS": 0.7568171082578262,
  "UEM": 0.18,
  "LEM": 0.057,
  "LOAS": 0.8363894018121699,
  "LOEM": 0.086,
  "loss": 4.664786264300346
}