{
  "UAS": 0.8467385236397991,
  "LAS": 0.7575041868853867,
  "UEM": 0.187,
  "LEM": 0.055,
  "LOAS": 0.838107098381071,
  "LOEM": 0.089,
  "loss": 4.767795622348785
}