{
  "UAS": 0.775480818677363,
  "LAS": 0.6456854880181014,
  "UEM": 0.124,
  "LEM": 0.022,
  "LOAS": 0.7584593232541397,
  "LOEM": 0.041,
  "loss": 5.9704145938158035
}