{
  "UAS": 0.77332099146354,
  "LAS": 0.6454283657307416,
  "UEM": 0.127,
  "LEM": 0.026,
  "LOAS": 0.7581507765093078,
  "LOEM": 0.041,
  "loss": 5.867883518338203
}