{
  "UAS": 0.7743494806129795,
  "LAS": 0.6399259487812403,
  "UEM": 0.135,
  "LEM": 0.019,
  "LOAS": 0.7517741437827831,
  "LOEM": 0.032,
  "loss": 5.9238011091947556
}