{
  "UAS": 0.7706983441324694,
  "LAS": 0.642445747197367,
  "UEM": 0.101,
  "LEM": 0.017,
  "LOAS": 0.7610305461277383,
  "LOEM": 0.04,
  "loss": 5.645662024617195
}