{
  "em_accuracy": 0.0966796875,
  "loss": 2.9238035201560706
}