{
  "em_accuracy": 0.099853515625,
  "loss": 2.8365064112003893
}