{
  "em_accuracy": 0.0789794921875,
  "loss": 3.047721232054755
}