{
  "em_accuracy": 0.0523681640625,
  "loss": 2.922768222168088
}