{
  "em_accuracy": 0.0794677734375,
  "loss": 3.1883653425611556
}