{
  "em_accuracy": 0.0865478515625,
  "loss": 2.9841437065042555
}