{
  "em_accuracy": 0.1134033203125,
  "loss": 2.7538742194883525
}