{
  "accuracy": 0.8703703703703703,
  "macro_fscore": 0.5526055705300988,
  "micro_fscore": 0.8712871287128714,
  "loss": 0.5180591680109501
}