{
  "accuracy": 0.7962962962962963,
  "macro_fscore": 0.34634920634920635,
  "micro_fscore": 0.803921568627451,
  "loss": 0.835605800151825
}