{
  "accuracy": 0.7407407407407407,
  "macro_fscore": 0.24003322259136212,
  "micro_fscore": 0.7450980392156863,
  "loss": 0.7969888150691986
}