{
  "accuracy": 0.8148148148148148,
  "macro_fscore": 0.3574603174603175,
  "micro_fscore": 0.82,
  "loss": 0.8576692640781403
}