{"model_count": 10, "em_accuracy_mean": 0.5258111556689756, "em_accuracy_std": 0.00990537719079866, "loss_mean": 1.4839608121844172, "loss_std": 0.014187293342490236}