{
  "em_accuracy": 0.5242435289828655,
  "loss": 1.4752675367790518
}