{
  "em_accuracy": 0.5242435289828655,
  "loss": 1.5044337203201739
}