{
  "em_accuracy": 0.5144002916514765,
  "loss": 1.49646374392278
}