{
  "em_accuracy": 0.5301980799611131,
  "loss": 1.4675466370814054
}