{
  "em_accuracy": 0.5075950905334792,
  "loss": 1.495969305455106
}