{
    "model_count": 2,
    "em_accuracy_mean": 0.7103201634877384,
    "em_accuracy_std": 0.005539324239540347,
    "loss_mean": 0.0,
    "loss_std": 0.0
}