{
    "model_count": 5,
    "UAS_mean": 0.8244680003188013,
    "UAS_std": 0.020206712916314724,
    "LAS_mean": 0.7855264206583247,
    "LAS_std": 0.02012484542612192,
    "UEM_mean": 0.4571015888300433,
    "UEM_std": 0.029269663800092684,
    "LEM_mean": 0.3858449687048628,
    "LEM_std": 0.02152794060046166,
    "LOAS_mean": 0.8905714513429505,
    "LOAS_std": 0.010158861081694875,
    "LOEM_mean": 0.4864708714492056,
    "LOEM_std": 0.028071023682711416,
    "loss_mean": 3.3779976278782122,
    "loss_std": 0.3034681501655694
}