{
  "UAS": 0.8226269227703834,
  "LAS": 0.7830955606917989,
  "UEM": 0.4679826673086182,
  "LEM": 0.391911410688493,
  "LOAS": 0.8882999920299673,
  "LOEM": 0.477130476649013,
  "loss": 3.358137234297017
}