{
  "UAS": 0.8431099067506177,
  "LAS": 0.8050530007173029,
  "UEM": 0.5016851227732306,
  "LEM": 0.4183919114106885,
  "LOAS": 0.8985016338566988,
  "LOEM": 0.5084256138661531,
  "loss": 3.0319334194717857
}