{
  "UAS": 0.8319120108392445,
  "LAS": 0.78971068781382,
  "UEM": 0.4405392392874338,
  "LEM": 0.3697640828117477,
  "LOAS": 0.8933609627799474,
  "LOEM": 0.4901299951853635,
  "loss": 3.1372934508782166
}