{
  "UAS": 0.8339443691719136,
  "LAS": 0.7971228182035547,
  "UEM": 0.4496870486278286,
  "LEM": 0.385652383245065,
  "LOAS": 0.8986211843468558,
  "LOEM": 0.5132402503610978,
  "loss": 3.625280497165827
}