{
    "model_count": 5,
    "UAS_mean": 0.600352511645474,
    "UAS_std": 0.009057170143960843,
    "LAS_mean": 0.42451634562927526,
    "LAS_std": 0.014937757462871964,
    "UEM_mean": 0.0196,
    "UEM_std": 0.00384707681233427,
    "LEM_mean": 0.0016,
    "LEM_std": 0.0005477225575051661,
    "LOAS_mean": 0.5905493306475303,
    "LOAS_std": 0.011230009143999051,
    "LOEM_mean": 0.0018,
    "LOEM_std": 0.00044721359549995795,
    "loss_mean": 9.405812767148017,
    "loss_std": 0.3038168010733976
}