{
  "UAS": 0.6029208107767846,
  "LAS": 0.4353099164883126,
  "UEM": 0.02,
  "LEM": 0.002,
  "LOAS": 0.5991858659616434,
  "LOEM": 0.002,
  "loss": 9.802083939313889
}