{
  "UAS": 0.6027949137605438,
  "LAS": 0.4290150656762768,
  "UEM": 0.021,
  "LEM": 0.002,
  "LOAS": 0.5998992823870074,
  "LOEM": 0.002,
  "loss": 9.606294795870781
}