{
  "UAS": 0.5916320449872005,
  "LAS": 0.40295438331444877,
  "UEM": 0.017,
  "LEM": 0.001,
  "LOAS": 0.5754752612363087,
  "LOEM": 0.001,
  "loss": 9.026486828923225
}