{
  "UAS": 0.5914222166267993,
  "LAS": 0.4160057073314029,
  "UEM": 0.015,
  "LEM": 0.001,
  "LOAS": 0.5816442150321037,
  "LOEM": 0.002,
  "loss": 9.344370871782303
}