{
  "UAS": 0.5833752515090543,
  "LAS": 0.4197686116700201,
  "UEM": 0.021702838063439065,
  "LEM": 0.015025041736227046,
  "LOAS": 0.604564889336016,
  "LOEM": 0.028380634390651086,
  "loss": 9.080370777531675
}