{
  "UAS": 0.5704854124748491,
  "LAS": 0.4085764587525151,
  "UEM": 0.021702838063439065,
  "LEM": 0.01335559265442404,
  "LOAS": 0.5973340040241448,
  "LOEM": 0.015025041736227046,
  "loss": 8.678589695378355
}