{
  "UAS": 0.5926810865191147,
  "LAS": 0.4278797786720322,
  "UEM": 0.02003338898163606,
  "LEM": 0.015025041736227046,
  "LOAS": 0.6111670020120724,
  "LOEM": 0.03005008347245409,
  "loss": 6.915394406569631
}