{
    "model_count": 5,
    "em_accuracy_mean": 0.3260174418604651,
    "em_accuracy_std": 0.007904491529755064,
    "loss_mean": 0.0,
    "loss_std": 0.0
}