{
    "model_count": 5,
    "UAS_mean": 0.5898862730286626,
    "UAS_std": 0.00941026275749737,
    "LAS_mean": 0.47928994082840237,
    "LAS_std": 0.00851329281275334,
    "UEM_mean": 0.016399999999999998,
    "UEM_std": 0.003781534080237807,
    "LEM_mean": 0.0042,
    "LEM_std": 0.0017888543819998318,
    "LOAS_mean": 0.6435603676192875,
    "LOAS_std": 0.007176534846220313,
    "LOEM_mean": 0.0066,
    "LOEM_std": 0.0008944271909999159,
    "loss_mean": 7.727779427170754,
    "loss_std": 1.0331041244296508
}