{
  "UAS": 0.5931428091820891,
  "LAS": 0.4808426706953712,
  "UEM": 0.022,
  "LEM": 0.004,
  "LOAS": 0.6397666708632339,
  "LOEM": 0.006,
  "loss": 7.919207721948624
}