{
  "UAS": 0.5825254941457887,
  "LAS": 0.46930211087330564,
  "UEM": 0.012,
  "LEM": 0.002,
  "LOAS": 0.638381803684586,
  "LOEM": 0.006,
  "loss": 6.697292685508728
}