{
  "accuracy": 0.8975552968568102,
  "macro_fscore": 0.6549377076404499,
  "micro_fscore": 0.9001175088131609,
  "loss": 0.3943718978100353
}