{
    "model_count": 5,
    "accuracy_mean": 0.6376681614349775,
    "accuracy_std": 0.0037518386840092784,
    "macro_fscore_mean": 0.5835719160440522,
    "macro_fscore_std": 0.021678942859758913,
    "micro_fscore_mean": 0.6467819454145495,
    "micro_fscore_std": 0.016981965544930554,
    "label_org:shareholders_fscore_mean": 0.13714285714285715,
    "label_org:shareholders_fscore_std": 0.19208841501681845,
    "label_org:website_fscore_mean": 1.0,
    "label_org:website_fscore_std": 0.0,
    "label_per:country_of_birth_fscore_mean": 0.6333333333333333,
    "label_per:country_of_birth_fscore_std": 0.07453559924999298,
    "label_per:cause_of_death_fscore_mean": 0.923076923076923,
    "label_per:cause_of_death_fscore_std": 0.0,
    "label_org:member_of_fscore_mean": 0.53,
    "label_org:member_of_fscore_std": 0.2539685019840059,
    "label_per:other_family_fscore_mean": 0.36063492063492064,
    "label_per:other_family_fscore_std": 0.11189294094944482,
    "label_per:siblings_fscore_mean": 0.762020202020202,
    "label_per:siblings_fscore_std": 0.0852132611003738,
    "label_per:spouse_fscore_mean": 0.8142857142857142,
    "label_per:spouse_fscore_std": 0.0586845597326964,
    "label_org:stateorprovince_of_headquarters_fscore_mean": 0.49333333333333335,
    "label_org:stateorprovince_of_headquarters_fscore_std": 0.16055459438389724,
    "label_per:countries_of_residence_fscore_mean": 0.4341991341991342,
    "label_per:countries_of_residence_fscore_std": 0.08929194521089226,
    "label_per:parents_fscore_mean": 0.8014652014652014,
    "label_per:parents_fscore_std": 0.0844240896169256,
    "label_org:number_of_employees/members_fscore_mean": 0.8571428571428571,
    "label_org:number_of_employees/members_fscore_std": 0.0,
    "label_per:employee_of_fscore_mean": 0.3488888888888889,
    "label_per:employee_of_fscore_std": 0.18718182881101741,
    "label_org:dissolved_fscore_mean": 0,
    "label_org:dissolved_fscore_std": 0.0,
    "label_per:origin_fscore_mean": 0.330952380952381,
    "label_per:origin_fscore_std": 0.09903159210993057,
    "label_per:charges_fscore_mean": 0.8503030303030303,
    "label_per:charges_fscore_std": 0.05536422517143885,
    "label_per:cities_of_residence_fscore_mean": 0.4626190476190476,
    "label_per:cities_of_residence_fscore_std": 0.10323426236075925,
    "label_org:subsidiaries_fscore_mean": 0.5477777777777777,
    "label_org:subsidiaries_fscore_std": 0.12967195076351248,
    "label_org:founded_fscore_mean": 0.8436363636363636,
    "label_org:founded_fscore_std": 0.05975155172783626,
    "label_per:title_fscore_mean": 0.6395098039215686,
    "label_per:title_fscore_std": 0.046030951758572976,
    "label_per:city_of_death_fscore_mean": 0.819047619047619,
    "label_per:city_of_death_fscore_std": 0.08518354199999198,
    "label_org:founded_by_fscore_mean": 0.7927272727272727,
    "label_org:founded_by_fscore_std": 0.07452327829788803,
    "label_per:age_fscore_mean": 0.9512417407154249,
    "label_per:age_fscore_std": 0.03234719257037376,
    "label_per:stateorprovince_of_birth_fscore_mean": 0.26666666666666666,
    "label_per:stateorprovince_of_birth_fscore_std": 0.3651483716701107,
    "label_per:date_of_death_fscore_mean": 0.6666666666666666,
    "label_per:date_of_death_fscore_std": 0.0,
    "label_per:alternate_names_fscore_mean": 0.3132034632034632,
    "label_per:alternate_names_fscore_std": 0.09054776564554218,
    "label_org:alternate_names_fscore_mean": 0.6714219114219114,
    "label_org:alternate_names_fscore_std": 0.09996842596285281,
    "label_per:religion_fscore_mean": 0.7333333333333333,
    "label_per:religion_fscore_std": 0.14907119849998599,
    "label_org:top_members/employees_fscore_mean": 0.5856410256410256,
    "label_org:top_members/employees_fscore_std": 0.08870460845308573,
    "label_org:political/religious_affiliation_fscore_mean": 0.9005128205128204,
    "label_org:political/religious_affiliation_fscore_std": 0.05636361708321678,
    "label_org:city_of_headquarters_fscore_mean": 0.5424242424242424,
    "label_org:city_of_headquarters_fscore_std": 0.13820308183019853,
    "label_per:city_of_birth_fscore_mean": 0.20380952380952383,
    "label_per:city_of_birth_fscore_std": 0.1904285654747019,
    "label_per:schools_attended_fscore_mean": 0.8533333333333334,
    "label_per:schools_attended_fscore_std": 0.04868644955601471,
    "label_per:stateorprovince_of_death_fscore_mean": 0.3,
    "label_per:stateorprovince_of_death_fscore_std": 0.27386127875258304,
    "label_per:stateorprovinces_of_residence_fscore_mean": 0.42000000000000004,
    "label_per:stateorprovinces_of_residence_fscore_std": 0.04472135954999579,
    "label_org:country_of_headquarters_fscore_mean": 0.5819047619047619,
    "label_org:country_of_headquarters_fscore_std": 0.06008308684033329,
    "label_per:children_fscore_mean": 0.7166666666666666,
    "label_per:children_fscore_std": 0.045643546458763805,
    "label_org:parents_fscore_mean": 0,
    "label_org:parents_fscore_std": 0.0,
    "label_org:members_fscore_mean": 0.41031746031746036,
    "label_org:members_fscore_std": 0.13819554831542172,
    "label_per:date_of_birth_fscore_mean": 0.8436363636363636,
    "label_per:date_of_birth_fscore_std": 0.05975155172783626,
    "loss_mean": 1.3363120509045465,
    "loss_std": 0.0524823940040198
}