{
    "model_count": 3,
    "accuracy_mean": 0.6397608370702541,
    "accuracy_std": 0.002589014660043172,
    "macro_fscore_mean": 0.5954093518567203,
    "macro_fscore_std": 0.00869250395804312,
    "micro_fscore_mean": 0.6578334354742805,
    "micro_fscore_std": 0.007685723812411089,
    "label_org:dissolved_fscore_mean": 0,
    "label_org:dissolved_fscore_std": 0.0,
    "label_org:subsidiaries_fscore_mean": 0.6166666666666666,
    "label_org:subsidiaries_fscore_std": 0.1258305739211791,
    "label_per:title_fscore_mean": 0.6222222222222221,
    "label_per:title_fscore_std": 0.03849001794597497,
    "label_org:website_fscore_mean": 1.0,
    "label_org:website_fscore_std": 0.0,
    "label_per:alternate_names_fscore_mean": 0.29978354978354976,
    "label_per:alternate_names_fscore_std": 0.05810992969116361,
    "label_per:country_of_birth_fscore_mean": 0.6666666666666666,
    "label_per:country_of_birth_fscore_std": 0.0,
    "label_per:siblings_fscore_mean": 0.7515151515151516,
    "label_per:siblings_fscore_std": 0.04198911048651825,
    "label_org:country_of_headquarters_fscore_mean": 0.580952380952381,
    "label_org:country_of_headquarters_fscore_std": 0.01649572197684639,
    "label_org:alternate_names_fscore_mean": 0.6766122766122766,
    "label_org:alternate_names_fscore_std": 0.12584419339638275,
    "label_org:political/religious_affiliation_fscore_mean": 0.9264957264957264,
    "label_org:political/religious_affiliation_fscore_std": 0.005921541222457743,
    "label_org:member_of_fscore_mean": 0.35000000000000003,
    "label_org:member_of_fscore_std": 0.08660254037844388,
    "label_per:stateorprovince_of_death_fscore_mean": 0.3333333333333333,
    "label_per:stateorprovince_of_death_fscore_std": 0.28867513459481287,
    "label_per:date_of_birth_fscore_mean": 0.8363636363636364,
    "label_per:date_of_birth_fscore_std": 0.06298366572977732,
    "label_org:number_of_employees/members_fscore_mean": 0.8571428571428571,
    "label_org:number_of_employees/members_fscore_std": 0.0,
    "label_per:stateorprovince_of_birth_fscore_mean": 0.4444444444444444,
    "label_per:stateorprovince_of_birth_fscore_std": 0.3849001794597505,
    "label_per:cities_of_residence_fscore_mean": 0.45555555555555555,
    "label_per:cities_of_residence_fscore_std": 0.10715167512214395,
    "label_org:city_of_headquarters_fscore_mean": 0.611111111111111,
    "label_org:city_of_headquarters_fscore_std": 0.0962250448649376,
    "label_per:other_family_fscore_mean": 0.3047619047619048,
    "label_per:other_family_fscore_std": 0.11547005383792512,
    "label_per:city_of_death_fscore_mean": 0.8571428571428571,
    "label_per:city_of_death_fscore_std": 0.0,
    "label_org:top_members/employees_fscore_mean": 0.6444444444444444,
    "label_org:top_members/employees_fscore_std": 0.03849001794597504,
    "label_org:members_fscore_mean": 0.4404761904761905,
    "label_org:members_fscore_std": 0.16877912950902174,
    "label_per:children_fscore_mean": 0.7499999999999999,
    "label_per:children_fscore_std": 0.0,
    "label_per:charges_fscore_mean": 0.8474747474747475,
    "label_per:charges_fscore_std": 0.05590341051321896,
    "label_per:cause_of_death_fscore_mean": 0.923076923076923,
    "label_per:cause_of_death_fscore_std": 0.0,
    "label_per:parents_fscore_mean": 0.8278388278388278,
    "label_per:parents_fscore_std": 0.05075606762106595,
    "label_org:founded_fscore_mean": 0.8363636363636364,
    "label_org:founded_fscore_std": 0.06298366572977732,
    "label_per:spouse_fscore_mean": 0.8214285714285714,
    "label_per:spouse_fscore_std": 0.06185895741317423,
    "label_per:origin_fscore_mean": 0.35714285714285715,
    "label_per:origin_fscore_std": 0.12371791482634835,
    "label_per:religion_fscore_mean": 0.7777777777777778,
    "label_per:religion_fscore_std": 0.1924500897298753,
    "label_per:countries_of_residence_fscore_mean": 0.46969696969696967,
    "label_per:countries_of_residence_fscore_std": 0.0946211817939151,
    "label_per:age_fscore_mean": 0.936280094174831,
    "label_per:age_fscore_std": 0.023679531387364318,
    "label_org:founded_by_fscore_mean": 0.8121212121212121,
    "label_org:founded_by_fscore_std": 0.0915131446699485,
    "label_per:schools_attended_fscore_mean": 0.8296296296296297,
    "label_per:schools_attended_fscore_std": 0.05132002392796668,
    "label_org:shareholders_fscore_mean": 0.13333333333333333,
    "label_org:shareholders_fscore_std": 0.23094010767585033,
    "label_org:parents_fscore_mean": 0,
    "label_org:parents_fscore_std": 0.0,
    "label_per:stateorprovinces_of_residence_fscore_mean": 0.4,
    "label_per:stateorprovinces_of_residence_fscore_std": 0.0,
    "label_per:city_of_birth_fscore_mean": 0.24444444444444444,
    "label_per:city_of_birth_fscore_std": 0.2143033502442879,
    "label_per:date_of_death_fscore_mean": 0.6666666666666666,
    "label_per:date_of_death_fscore_std": 0.0,
    "label_org:stateorprovince_of_headquarters_fscore_mean": 0.4666666666666667,
    "label_org:stateorprovince_of_headquarters_fscore_std": 0.17638342073763935,
    "label_per:employee_of_fscore_mean": 0.44074074074074077,
    "label_per:employee_of_fscore_std": 0.19573644832183423,
    "loss_mean": 1.3459089859610514,
    "loss_std": 0.06222939831531876
}