{
    "model_count": 2,
    "em_accuracy_mean": 0.027588555858310625,
    "em_accuracy_std": 0.0009633607373113746,
    "loss_mean": 0.0,
    "loss_std": 0.0
}