{
  "accuracy": 0.38461538461538464,
  "macro_fscore": 0.4059084678699476,
  "micro_fscore": 0.41975308641975306,
  "label_org:top_members/employees_fscore": 0.4,
  "label_org:members_fscore": 0.2222222222222222,
  "label_per:cities_of_residence_fscore": 0.43902439024390244,
  "label_org:country_of_headquarters_fscore": 0.4,
  "label_org:stateorprovince_of_headquarters_fscore": 0.588235294117647,
  "label_per:countries_of_residence_fscore": 0.4000000000000001,
  "label_per:origin_fscore": 0.2,
  "label_per:alternate_names_fscore": 0,
  "label_per:stateorprovinces_of_residence_fscore": 0.380952380952381,
  "label_org:founded_by_fscore": 0.5333333333333333,
  "label_org:alternate_names_fscore": 0.4347826086956522,
  "label_per:spouse_fscore": 0.6666666666666666,
  "label_per:country_of_birth_fscore": 0.34782608695652173,
  "label_org:subsidiaries_fscore": 0,
  "label_org:founded_fscore": 0.6666666666666666,
  "label_per:employee_of_fscore": 0.3148148148148148,
  "label_per:title_fscore": 0.6451612903225806,
  "label_org:city_of_headquarters_fscore": 0.6666666666666667,
  "loss": 3.477108963074223
}