{"model_count": 3, "accuracy_mean": 0.34143049932523617, "accuracy_std": 0.050822753192039286, "macro_fscore_mean": 0.37965161149007187, "macro_fscore_std": 0.03374634821672845, "micro_fscore_mean": 0.3674147802480907, "micro_fscore_std": 0.05915357021467659, "label_org:top_members/employees_fscore_mean": 0.3295055821371611, "label_org:top_members/employees_fscore_std": 0.06473550417027221, "label_org:members_fscore_mean": 0.10074074074074073, "label_org:members_fscore_std": 0.11255359948576342, "label_per:cities_of_residence_fscore_mean": 0.4131960558506219, "label_per:cities_of_residence_fscore_std": 0.15943451199894534, "label_org:country_of_headquarters_fscore_mean": 0.351487414187643, "label_org:country_of_headquarters_fscore_std": 0.07661906809985022, "label_org:stateorprovince_of_headquarters_fscore_mean": 0.5243697478991597, "label_org:stateorprovince_of_headquarters_fscore_std": 0.059468255505728124, "label_per:countries_of_residence_fscore_mean": 0.3734635734635735, "label_per:countries_of_residence_fscore_std": 0.057312363170006014, "label_per:origin_fscore_mean": 0.2644688644688645, "label_per:origin_fscore_std": 0.05690284902309564, "label_per:alternate_names_fscore_mean": 0.1574074074074074, "label_per:alternate_names_fscore_std": 0.1370245239532291, "label_per:stateorprovinces_of_residence_fscore_mean": 0.2838468720821662, "label_per:stateorprovinces_of_residence_fscore_std": 0.08409583752902114, "label_org:founded_by_fscore_mean": 0.5111111111111111, "label_org:founded_by_fscore_std": 0.0739757472871813, "label_org:alternate_names_fscore_mean": 0.38076416337285907, "label_org:alternate_names_fscore_std": 0.09356269184495915, "label_per:spouse_fscore_mean": 0.7008547008547008, "label_per:spouse_fscore_std": 0.059215412224577046, "label_per:country_of_birth_fscore_mean": 0.37077294685990336, "label_per:country_of_birth_fscore_std": 0.03974512722682208, "label_org:subsidiaries_fscore_mean": 0.08333333333333333, "label_org:subsidiaries_fscore_std": 0.14433756729740646, "label_org:founded_fscore_mean": 0.5838509316770186, "label_org:founded_fscore_std": 0.09763831157392626, "label_per:employee_of_fscore_mean": 0.17628330084470437, "label_per:employee_of_fscore_std": 0.12657578189520036, "label_per:title_fscore_mean": 0.6392961876832844, "label_per:title_fscore_std": 0.03072577447800918, "label_org:city_of_headquarters_fscore_mean": 0.5889760728470406, "label_org:city_of_headquarters_fscore_std": 0.11930063922552286, "loss_mean": 3.3196840183709257, "loss_std": 0.5003907075686778}