{
  "accuracy": 0.8664921465968587,
  "macro_fscore": 0.8426345494703692,
  "micro_fscore": 0.8666666666666667,
  "loss": 0.6862439222022658
}