{
  "accuracy": 0.8455497382198953,
  "macro_fscore": 0.7515373388540874,
  "micro_fscore": 0.8453333333333333,
  "loss": 0.6359968526036633
}