{
  "accuracy": 0.8664921465968587,
  "macro_fscore": 0.8059368862050029,
  "micro_fscore": 0.8726790450928383,
  "loss": 0.49587702727876604
}