{
  "accuracy": 0.8717277486910995,
  "macro_fscore": 0.833113997711171,
  "micro_fscore": 0.8746666666666667,
  "loss": 0.6500450987368822
}