{
  "accuracy": 0.829923273657289,
  "macro_fscore": 0.6624113850220492,
  "micro_fscore": 0.8294573643410852,
  "loss": 1.2237518554082976
}