{
  "accuracy": 0.8337595907928389,
  "macro_fscore": 0.6355727001047689,
  "micro_fscore": 0.8409387222946545,
  "loss": 1.3377982845853025
}