{
  "accuracy": 0.8363171355498721,
  "macro_fscore": 0.6249812630602014,
  "micro_fscore": 0.8375404530744336,
  "loss": 1.5043320386832086
}