{
  "accuracy": 0.8273657289002557,
  "macro_fscore": 0.6466996953948857,
  "micro_fscore": 0.8281653746770026,
  "loss": 0.994622557785134
}