{
  "accuracy": 0.8350383631713555,
  "macro_fscore": 0.6645702966159599,
  "micro_fscore": 0.8353776630083924,
  "loss": 1.3093373147552188
}