{
  "accuracy": 0.829923273657289,
  "macro_fscore": 0.6319184137982816,
  "micro_fscore": 0.828921885087153,
  "loss": 1.4490064396439786
}