{
  "UAS": 0.8488856443509254,
  "LAS": 0.7745952677459527,
  "UEM": 0.195,
  "LEM": 0.074,
  "LOAS": 0.8533516554300683,
  "LOEM": 0.117,
  "loss": 3.7053009420633316
}