{
  "UAS": 0.847554429510027,
  "LAS": 0.7736075922188346,
  "UEM": 0.192,
  "LEM": 0.076,
  "LOAS": 0.8545969854425216,
  "LOEM": 0.121,
  "loss": 4.243217021226883
}