{
    "model_count": 5,
    "UAS_mean": 0.47525284317428346,
    "UAS_std": 0.2407580910280167,
    "LAS_mean": 0.32513324100885477,
    "LAS_std": 0.17818369021202674,
    "UEM_mean": 0.0144,
    "UEM_std": 0.007987490219086343,
    "LEM_mean": 0.0022,
    "LEM_std": 0.0014832396974191326,
    "LOAS_mean": 0.4787863527634395,
    "LOAS_std": 0.21888517341581828,
    "LOEM_mean": 0.0022,
    "LOEM_std": 0.0014832396974191326,
    "loss_mean": 9.186718777342449,
    "loss_std": 1.8938618822955229
}