{
  "UAS": 0.5844139493893995,
  "LAS": 0.40391959377229425,
  "UEM": 0.019,
  "LEM": 0.002,
  "LOAS": 0.5748877418271854,
  "LOEM": 0.002,
  "loss": 10.473203957080841
}