{
  "UAS": 0.582399597129548,
  "LAS": 0.4013177221033195,
  "UEM": 0.013,
  "LEM": 0.002,
  "LOAS": 0.5710268999958035,
  "LOEM": 0.002,
  "loss": 8.712758541107178
}