{
  "UAS": 0.5804697388776897,
  "LAS": 0.5242604659884675,
  "UEM": 0.096,
  "LEM": 0.056,
  "loss": 1.6364206671714783
}