{
  "UAS": 0.5848764708640007,
  "LAS": 0.5281515165721251,
  "UEM": 0.093,
  "LEM": 0.06,
  "loss": 1.6426562619587732
}