{
    "model_count": 5,
    "UAS_mean": 0.8960229536941101,
    "UAS_std": 0.004407399245649487,
    "LAS_mean": 0.7924364389893999,
    "LAS_std": 0.010326060889358156,
    "UEM_mean": 0.6357246027924892,
    "UEM_std": 0.009692856994533068,
    "LEM_mean": 0.31429947038998557,
    "LEM_std": 0.016762957475934953,
    "LOAS_mean": 0.8490874312584682,
    "LOAS_std": 0.009909518583048298,
    "LOEM_mean": 0.3299951853635051,
    "LOEM_std": 0.019341420145559906,
    "loss_mean": 2.801684061367015,
    "loss_std": 0.38855621276392854
}