{
  "em_accuracy": 0.5659039639058975,
  "loss": 1.6378511602116614
}