{
  "em_accuracy": 0.5813728649693845,
  "loss": 1.5820371735956251
}