{
  "em_accuracy": 0.5433451498549791,
  "loss": 1.6169161673673649
}