{
  "em_accuracy": 0.5929745407669996,
  "loss": 1.5812847681881226
}