{
  "em_accuracy": 0.5523686754753464,
  "loss": 1.6270524417002177
}