{
  "em_accuracy": 0.5762165646148888,
  "loss": 1.5743767901794197
}