{
  "em_accuracy": 0.18204941860465115,
  "loss": 2.3610557941503303
}