{
  "em_accuracy": 0.14970930232558138,
  "loss": 2.5256233929201612
}