{
  "em_accuracy": 0.15152616279069767,
  "loss": 2.510499279166377
}