{
  "em_accuracy": 0.1511627906976744,
  "loss": 2.5580755174160004
}