{
  "em_accuracy": 0.18386627906976744,
  "loss": 2.3795630723931067
}