{
  "em_accuracy": 0.1660610465116279,
  "loss": 2.4578131069970683
}