{"model_count": 10, "em_accuracy_mean": 0.1650799418604651, "em_accuracy_std": 0.01930403200492806, "loss_mean": 2.460306129899136, "loss_std": 0.07937332243643266}