{
    "model_count": 5,
    "UAS_mean": 0.7743186259384963,
    "UAS_std": 0.009767642186720944,
    "LAS_mean": 0.6628509719222462,
    "LAS_std": 0.011120079665728018,
    "UEM_mean": 0.1226,
    "UEM_std": 0.004505552130427523,
    "LEM_mean": 0.0256,
    "LEM_std": 0.0016733200530681508,
    "LOAS_mean": 0.7740923583256197,
    "LOAS_std": 0.009982439601827823,
    "LOEM_mean": 0.0398,
    "LOEM_std": 0.006833739825307954,
    "loss_mean": 6.416761040995046,
    "loss_std": 0.8044763407513646
}