{
  "UAS": 0.7806232644245603,
  "LAS": 0.6749974287771264,
  "UEM": 0.129,
  "LEM": 0.027,
  "LOAS": 0.787205594980973,
  "LOEM": 0.046,
  "loss": 5.06783702224493
}