{
  "UAS": 0.7822688470636635,
  "LAS": 0.673866090712743,
  "UEM": 0.123,
  "LEM": 0.026,
  "LOAS": 0.7821659981487196,
  "LOEM": 0.045,
  "loss": 6.705854594707489
}