{
  "accuracy": 0.8534031413612565,
  "macro_fscore": 0.7937276061281066,
  "micro_fscore": 0.8533333333333335,
  "loss": 0.6005057551859257
}