{
  "accuracy": 0.8455497382198953,
  "macro_fscore": 0.7669318764871627,
  "micro_fscore": 0.8437917222963952,
  "loss": 0.8020009566098452
}