{
  "accuracy": 0.8481675392670157,
  "macro_fscore": 0.7353864489173906,
  "micro_fscore": 0.8464619492656875,
  "loss": 0.5876569168952605
}