{
    "model_count": 5,
    "UAS_mean": 0.6577085261750488,
    "UAS_std": 0.027711303674245714,
    "LAS_mean": 0.5483595598066441,
    "LAS_std": 0.024148494862742766,
    "UEM_mean": 0.0562,
    "UEM_std": 0.012988456413292535,
    "LEM_mean": 0.011,
    "LEM_std": 0.003741657386773941,
    "LOAS_mean": 0.6872158798724674,
    "LOAS_std": 0.01798421432073265,
    "LOEM_mean": 0.0146,
    "LOEM_std": 0.005549774770204644,
    "loss_mean": 7.934859520196914,
    "loss_std": 1.4211762820678324
}