{
  "UAS": 0.6864650827933765,
  "LAS": 0.5651033631595187,
  "UEM": 0.072,
  "LEM": 0.013,
  "LOAS": 0.6987041036717062,
  "LOEM": 0.019,
  "loss": 6.418531447649002
}