{
  "UAS": 0.6761801912989818,
  "LAS": 0.5700915355343001,
  "UEM": 0.065,
  "LEM": 0.015,
  "LOAS": 0.7053378586855908,
  "LOEM": 0.021,
  "loss": 6.892898008227348
}