{
    "model_count": 5,
    "em_accuracy_mean": 0.5805994199162101,
    "em_accuracy_std": 0.00767243371702376,
    "loss_mean": 0.0,
    "loss_std": 0.0
}