{
    "model_count": 5,
    "UAS_mean": 0.7794405019027049,
    "UAS_std": 0.007490250708560315,
    "LAS_mean": 0.6654941890363056,
    "LAS_std": 0.010035901522351579,
    "UEM_mean": 0.123,
    "UEM_std": 0.0056124860801609125,
    "LEM_mean": 0.0298,
    "LEM_std": 0.004381780460041328,
    "LOAS_mean": 0.774205492132058,
    "LOAS_std": 0.009461359521875694,
    "LOEM_mean": 0.0438,
    "LOEM_std": 0.008555699854482976,
    "loss_mean": 5.75212542762359,
    "loss_std": 0.6374234823622171
}