{
  "UAS": 0.7707497685899414,
  "LAS": 0.6490280777537797,
  "UEM": 0.12,
  "LEM": 0.025,
  "LOAS": 0.7593849634886352,
  "LOEM": 0.036,
  "loss": 4.783575455347697
}