{
  "UAS": 0.785200041139566,
  "LAS": 0.663992594878124,
  "UEM": 0.124,
  "LEM": 0.029,
  "LOAS": 0.7703383729301656,
  "LOEM": 0.04,
  "loss": 6.432196289300919
}