{
  "UAS": 0.7717782577393808,
  "LAS": 0.668003702560938,
  "UEM": 0.115,
  "LEM": 0.037,
  "LOAS": 0.7805204155096164,
  "LOEM": 0.058,
  "loss": 6.103358864784241
}