{
  "accuracy": 0.9065888240200167,
  "macro_fscore": 0.6886089741487348,
  "micro_fscore": 0.9100886449978896,
  "loss": 0.5262367100268602
}