{
  "accuracy": 0.9124270225187656,
  "macro_fscore": 0.6658262280816627,
  "micro_fscore": 0.914839797639123,
  "loss": 0.3812248430773616
}