{
  "accuracy": 0.9132610508757297,
  "macro_fscore": 0.6077141571412572,
  "micro_fscore": 0.9158957106812446,
  "loss": 0.31295299746096134
}