{
    "model_count": 5,
    "accuracy_mean": 0.4427450980392157,
    "accuracy_std": 0.061247445003164105,
    "macro_fscore_mean": 0.38781162907042765,
    "macro_fscore_std": 0.09069532373907971,
    "micro_fscore_mean": 0.4423058154285462,
    "micro_fscore_std": 0.08360035039849988,
    "label_org:shareholders_fscore_mean": 0.08444444444444445,
    "label_org:shareholders_fscore_std": 0.1158969316480471,
    "label_per:schools_attended_fscore_mean": 0.6091847265221878,
    "label_per:schools_attended_fscore_std": 0.17984643622513058,
    "label_per:religion_fscore_mean": 0.2,
    "label_per:religion_fscore_std": 0.27386127875258304,
    "label_org:member_of_fscore_mean": 0.03333333333333334,
    "label_org:member_of_fscore_std": 0.074535599249993,
    "label_per:city_of_death_fscore_mean": 0.6847258297258297,
    "label_per:city_of_death_fscore_std": 0.21167539424267734,
    "label_per:stateorprovince_of_death_fscore_mean": 0.7347619047619047,
    "label_per:stateorprovince_of_death_fscore_std": 0.2248683162145975,
    "label_per:cities_of_residence_fscore_mean": 0.11525873507297657,
    "label_per:cities_of_residence_fscore_std": 0.07620330654223875,
    "label_per:other_family_fscore_mean": 0.12352941176470589,
    "label_per:other_family_fscore_std": 0.12504324511459597,
    "label_org:stateorprovince_of_headquarters_fscore_mean": 0.27902319902319905,
    "label_org:stateorprovince_of_headquarters_fscore_std": 0.21486829655478623,
    "label_org:subsidiaries_fscore_mean": 0.3976470588235294,
    "label_org:subsidiaries_fscore_std": 0.18398698615028283,
    "label_per:employee_of_fscore_mean": 0.3130952380952381,
    "label_per:employee_of_fscore_std": 0.13544773322346204,
    "label_org:top_members/employees_fscore_mean": 0.49670995670995666,
    "label_org:top_members/employees_fscore_std": 0.046882937007245704,
    "label_per:siblings_fscore_mean": 0.46151446592623063,
    "label_per:siblings_fscore_std": 0.21278134241984925,
    "label_per:children_fscore_mean": 0.49647241647241647,
    "label_per:children_fscore_std": 0.20230899207956038,
    "label_org:parents_fscore_mean": 0,
    "label_org:parents_fscore_std": 0.0,
    "label_org:members_fscore_mean": 0.12222222222222222,
    "label_org:members_fscore_std": 0.21659542988464364,
    "label_org:website_fscore_mean": 0.7696969696969697,
    "label_org:website_fscore_std": 0.05809178640206302,
    "label_org:dissolved_fscore_mean": 0,
    "label_org:dissolved_fscore_std": 0.0,
    "label_per:age_fscore_mean": 0.9412291412291413,
    "label_per:age_fscore_std": 0.019966574678767803,
    "label_org:number_of_employees/members_fscore_mean": 0.5875457875457876,
    "label_org:number_of_employees/members_fscore_std": 0.08502588215357745,
    "label_per:title_fscore_mean": 0.6302096183386506,
    "label_per:title_fscore_std": 0.052898453698740654,
    "label_org:country_of_headquarters_fscore_mean": 0.20139860139860138,
    "label_org:country_of_headquarters_fscore_std": 0.16536650353966378,
    "label_per:date_of_birth_fscore_mean": 0.8468571428571429,
    "label_per:date_of_birth_fscore_std": 0.07408213863885221,
    "label_per:countries_of_residence_fscore_mean": 0.39267399267399267,
    "label_per:countries_of_residence_fscore_std": 0.15047657389624122,
    "label_per:charges_fscore_mean": 0.2732600732600733,
    "label_per:charges_fscore_std": 0.26329837477887896,
    "label_org:alternate_names_fscore_mean": 0.5119298245614036,
    "label_org:alternate_names_fscore_std": 0.04261709698752922,
    "label_per:parents_fscore_mean": 0.30833333333333335,
    "label_per:parents_fscore_std": 0.27259045389660214,
    "label_org:city_of_headquarters_fscore_mean": 0.3089068825910931,
    "label_org:city_of_headquarters_fscore_std": 0.301312236572967,
    "label_per:stateorprovince_of_birth_fscore_mean": 0.39999999999999997,
    "label_per:stateorprovince_of_birth_fscore_std": 0.3651483716701107,
    "label_per:country_of_birth_fscore_mean": 0.2777777777777778,
    "label_per:country_of_birth_fscore_std": 0.183207027198235,
    "label_org:founded_by_fscore_mean": 0.11868131868131868,
    "label_org:founded_by_fscore_std": 0.12097897973206931,
    "label_per:alternate_names_fscore_mean": 0.2558241758241758,
    "label_per:alternate_names_fscore_std": 0.10413037446917653,
    "label_org:founded_fscore_mean": 0.42212454212454215,
    "label_org:founded_fscore_std": 0.11287805963008023,
    "label_per:date_of_death_fscore_mean": 0.5352941176470588,
    "label_per:date_of_death_fscore_std": 0.0483284609563382,
    "label_per:stateorprovinces_of_residence_fscore_mean": 0.3357142857142857,
    "label_per:stateorprovinces_of_residence_fscore_std": 0.19455273142806928,
    "label_per:city_of_birth_fscore_mean": 0.5939112487100102,
    "label_per:city_of_birth_fscore_std": 0.2559303114025755,
    "label_org:political/religious_affiliation_fscore_mean": 0.23095238095238096,
    "label_org:political/religious_affiliation_fscore_std": 0.224831443540567,
    "label_per:cause_of_death_fscore_mean": 0.663812472357364,
    "label_per:cause_of_death_fscore_std": 0.17560767543589867,
    "label_per:origin_fscore_mean": 0.14250377073906487,
    "label_per:origin_fscore_std": 0.016491679819747702,
    "label_per:spouse_fscore_mean": 0.6119047619047618,
    "label_per:spouse_fscore_std": 0.09729912734144072,
    "loss_mean": 2.4576483219861984,
    "loss_std": 0.2938288401944811
}