{
    "model_count": 5,
    "UAS_mean": 0.2643511818620357,
    "UAS_std": 0.0026800890720023655,
    "LAS_mean": 0.12056198745779065,
    "LAS_std": 0.0030115151635858994,
    "UEM_mean": 0.0108,
    "UEM_std": 0.00130384048104053,
    "LEM_mean": 0.0046,
    "LEM_std": 0.001341640786499874,
    "loss_mean": 3.2809965281259448,
    "loss_std": 0.02394679137083011
}