{
  "UAS": 0.26350699469368066,
  "LAS": 0.12246743849493488,
  "UEM": 0.012,
  "LEM": 0.006,
  "loss": 3.2489638990826077
}