{
  "UAS": 0.2647732754462132,
  "LAS": 0.12065846599131694,
  "UEM": 0.01,
  "LEM": 0.003,
  "loss": 3.3108182142651272
}