{
  "UAS": 0.26676314520019295,
  "LAS": 0.12397491558128317,
  "UEM": 0.009,
  "LEM": 0.004,
  "loss": 3.276420207250686
}