{"model_count": 10, "em_accuracy_mean": 0.8620919791287465, "em_accuracy_std": 0.0018009656482541208, "loss_mean": 1.0137067300635716, "loss_std": 0.002971145229263826}