{
  "em_accuracy": 0.8609392064069894,
  "loss": 1.01158033912034
}