{
  "em_accuracy": 0.8633660963475306,
  "loss": 1.012786649340807
}