{
  "em_accuracy": 0.859968450430773,
  "loss": 1.0204487415247185
}