{
  "em_accuracy": 0.8603324839218541,
  "loss": 1.0156653432189957
}