{
  "em_accuracy": 0.8604538284188812,
  "loss": 1.014845352302226
}