{
  "em_accuracy": 0.8644581968207742,
  "loss": 1.0142125902018806
}