{
    "model_count": 4,
    "em_accuracy_mean": 0.2247846374730797,
    "em_accuracy_std": 0.014590049595622863,
    "loss_mean": 0.0,
    "loss_std": 0.0
}