{
  "accuracy": 0.858684985279686,
  "macro_fscore": 0.6016140682119209,
  "micro_fscore": 0.8639523336643495,
  "loss": 0.6748837161139818
}