{
  "accuracy": 0.8537782139352306,
  "macro_fscore": 0.5479063166215813,
  "micro_fscore": 0.8575682382133996,
  "loss": 0.687120018992573
}