{
  "accuracy": 0.8577036310107949,
  "macro_fscore": 0.5653550802681802,
  "micro_fscore": 0.861111111111111,
  "loss": 0.7614616783976089
}