{
  "accuracy": 0.844946025515211,
  "macro_fscore": 0.5294967473025539,
  "micro_fscore": 0.8500496524329693,
  "loss": 0.7273636696627364
}