{
    "model_count": 5,
    "em_accuracy_mean": 0.3775293780452852,
    "em_accuracy_std": 0.0055739079564495215,
    "loss_mean": 0.0,
    "loss_std": 0.0
}