{
  "accuracy": 0.8818897637795275,
  "macro_fscore": 0.3909478658443033,
  "micro_fscore": 0.8951612903225806,
  "loss": 0.3120495170005597
}