{
  "accuracy": 0.8976377952755905,
  "macro_fscore": 0.4431783902372137,
  "micro_fscore": 0.9032258064516129,
  "loss": 0.30922421999275684
}