{
  "accuracy": 0.8976377952755905,
  "macro_fscore": 0.5818530128874957,
  "micro_fscore": 0.9024390243902438,
  "loss": 0.36348244188411627
}