{"model_count": 5, "accuracy_mean": 0.8417391304347827, "accuracy_std": 0.0058976782461958865, "loss_mean": 0.854477932342949, "loss_std": 0.17270172597529443}