{
  "accuracy": 0.837391304347826,
  "loss": 0.6838128339085314
}