{
  "accuracy": 0.8339130434782609,
  "loss": 0.7816541981624646
}