{
  "accuracy": 0.8460869565217392,
  "loss": 0.9138572021490998
}