{
    "model_count": 5,
    "accuracy_mean": 0.7147982062780269,
    "accuracy_std": 0.01473692979834526,
    "macro_fscore_mean": 0.6897846013635487,
    "macro_fscore_std": 0.019615148949462684,
    "micro_fscore_mean": 0.7274408188968485,
    "micro_fscore_std": 0.016572051532212063,
    "label_per:religion_fscore_mean": 1.0,
    "label_per:religion_fscore_std": 0.0,
    "label_per:parents_fscore_mean": 0.7421245421245422,
    "label_per:parents_fscore_std": 0.11066879179945313,
    "label_org:website_fscore_mean": 1.0,
    "label_org:website_fscore_std": 0.0,
    "label_org:stateorprovince_of_headquarters_fscore_mean": 0.8446608946608947,
    "label_org:stateorprovince_of_headquarters_fscore_std": 0.11066031281487017,
    "label_per:countries_of_residence_fscore_mean": 0.6033333333333333,
    "label_per:countries_of_residence_fscore_std": 0.10826921179274475,
    "label_org:country_of_headquarters_fscore_mean": 0.4380952380952381,
    "label_org:country_of_headquarters_fscore_std": 0.12210363242817225,
    "label_per:cause_of_death_fscore_mean": 0.923076923076923,
    "label_per:cause_of_death_fscore_std": 0.0,
    "label_org:number_of_employees/members_fscore_mean": 0.8571428571428571,
    "label_org:number_of_employees/members_fscore_std": 0.0,
    "label_org:dissolved_fscore_mean": 0,
    "label_org:dissolved_fscore_std": 0.0,
    "label_per:cities_of_residence_fscore_mean": 0.43527583527583524,
    "label_per:cities_of_residence_fscore_std": 0.11295196983710475,
    "label_per:date_of_birth_fscore_mean": 0.8749184149184149,
    "label_per:date_of_birth_fscore_std": 0.054765063061036096,
    "label_org:political/religious_affiliation_fscore_mean": 0.8846153846153846,
    "label_org:political/religious_affiliation_fscore_std": 0.07530346233635087,
    "label_per:children_fscore_mean": 0.7047619047619047,
    "label_per:children_fscore_std": 0.13293946928708217,
    "label_per:country_of_birth_fscore_mean": 0.31333333333333335,
    "label_per:country_of_birth_fscore_std": 0.301477841455867,
    "label_per:siblings_fscore_mean": 0.8242857142857143,
    "label_per:siblings_fscore_std": 0.04833978375911035,
    "label_org:members_fscore_mean": 0.5458041958041958,
    "label_org:members_fscore_std": 0.14484347501995395,
    "label_per:origin_fscore_mean": 0.7466666666666667,
    "label_per:origin_fscore_std": 0.07302967433402228,
    "label_per:employee_of_fscore_mean": 0.5109557109557109,
    "label_per:employee_of_fscore_std": 0.29334717379624214,
    "label_org:member_of_fscore_mean": 0.6019047619047619,
    "label_org:member_of_fscore_std": 0.24966190289997628,
    "label_org:city_of_headquarters_fscore_mean": 0.579047619047619,
    "label_org:city_of_headquarters_fscore_std": 0.1931244473239859,
    "label_org:founded_fscore_mean": 0.9090909090909091,
    "label_org:founded_fscore_std": 0.0,
    "label_per:charges_fscore_mean": 0.8347474747474748,
    "label_per:charges_fscore_std": 0.1042157980245906,
    "label_per:schools_attended_fscore_mean": 0.8355555555555557,
    "label_per:schools_attended_fscore_std": 0.04868644955601471,
    "label_per:spouse_fscore_mean": 0.9714285714285714,
    "label_per:spouse_fscore_std": 0.06388765649999402,
    "label_per:stateorprovince_of_birth_fscore_mean": 0.7333333333333333,
    "label_per:stateorprovince_of_birth_fscore_std": 0.14907119849998599,
    "label_org:top_members/employees_fscore_mean": 0.6399999999999999,
    "label_org:top_members/employees_fscore_std": 0.036514837167011024,
    "label_per:city_of_death_fscore_mean": 0.8571428571428571,
    "label_per:city_of_death_fscore_std": 0.0,
    "label_per:date_of_death_fscore_mean": 0.9428571428571428,
    "label_per:date_of_death_fscore_std": 0.07824607964359519,
    "label_org:shareholders_fscore_mean": 0.3,
    "label_org:shareholders_fscore_std": 0.27386127875258304,
    "label_per:stateorprovince_of_death_fscore_mean": 0.68,
    "label_per:stateorprovince_of_death_fscore_std": 0.16431676725154987,
    "label_org:parents_fscore_mean": 0.540952380952381,
    "label_org:parents_fscore_std": 0.1344173620143036,
    "label_per:city_of_birth_fscore_mean": 0.6155555555555555,
    "label_per:city_of_birth_fscore_std": 0.14307038758062107,
    "label_per:other_family_fscore_mean": 0.48888888888888893,
    "label_per:other_family_fscore_std": 0.1261879804085828,
    "label_org:subsidiaries_fscore_mean": 0.8076190476190476,
    "label_org:subsidiaries_fscore_std": 0.08258850814734779,
    "label_per:title_fscore_mean": 0.7396491228070174,
    "label_per:title_fscore_std": 0.08356477555988319,
    "label_per:age_fscore_mean": 0.9333333333333333,
    "label_per:age_fscore_std": 0.04259177099999594,
    "label_org:founded_by_fscore_mean": 0.7711111111111111,
    "label_org:founded_by_fscore_std": 0.08140358229142351,
    "label_org:alternate_names_fscore_mean": 0.6909090909090909,
    "label_org:alternate_names_fscore_std": 0.08813963377120602,
    "label_per:stateorprovinces_of_residence_fscore_mean": 0.6133333333333333,
    "label_per:stateorprovinces_of_residence_fscore_std": 0.23640830968662857,
    "label_per:alternate_names_fscore_mean": 0.25587301587301586,
    "label_per:alternate_names_fscore_std": 0.04161031714999604,
    "loss_mean": 1.1001038828066416,
    "loss_std": 0.06687962472759766
}