{
  "accuracy": 0.9074228523769808,
  "macro_fscore": 0.6310707902795103,
  "micro_fscore": 0.9090909090909091,
  "loss": 0.44877608977646255
}