{
  "accuracy": 0.8932443703085905,
  "macro_fscore": 0.5782534018489264,
  "micro_fscore": 0.895912347239781,
  "loss": 0.5081585970101878
}