{
  "accuracy": 0.9107589658048374,
  "macro_fscore": 0.6255410201602427,
  "micro_fscore": 0.9116904962153068,
  "loss": 0.48924900342399874
}