{
  "accuracy": 0.9057547956630525,
  "macro_fscore": 0.6221690387559634,
  "micro_fscore": 0.9081718618365627,
  "loss": 0.384676788498958
}