{
  "accuracy": 0.9007506255212677,
  "macro_fscore": 0.6578382516988904,
  "micro_fscore": 0.9030354131534569,
  "loss": 0.38698420573336384
}