{
  "UAS": 0.7704506764626825,
  "LAS": 0.5859689991936207,
  "UEM": 0.081,
  "LEM": 0.011,
  "LOAS": 0.6696532568766239,
  "LOEM": 0.016,
  "loss": 5.690375849604607
}