{
  "UAS": 0.770495475315832,
  "LAS": 0.5912104650120957,
  "UEM": 0.078,
  "LEM": 0.009,
  "LOAS": 0.6783442343875997,
  "LOEM": 0.02,
  "loss": 4.693070769309998
}