{
    "model_count": 5,
    "em_accuracy_mean": 0.295908111988514,
    "em_accuracy_std": 0.007415340421316148,
    "loss_mean": 0.0,
    "loss_std": 0.0
}