{
  "UAS": 0.662421514038621,
  "LAS": 0.4826442364648738,
  "UEM": 0.072,
  "LEM": 0.018,
  "LOAS": 0.6257552422698732,
  "LOEM": 0.027,
  "loss": 11.216227069497108
}