{
  "UAS": 0.6573273308849662,
  "LAS": 0.47855704300438334,
  "UEM": 0.064,
  "LEM": 0.017,
  "LOAS": 0.6269991707143704,
  "LOEM": 0.028,
  "loss": 9.491338238120079
}