{
    "model_count": 5,
    "UAS_mean": 0.6627532282904869,
    "UAS_std": 0.0069694084790686735,
    "LAS_mean": 0.4846108281009359,
    "LAS_std": 0.008671703391663572,
    "UEM_mean": 0.0722,
    "UEM_std": 0.006016643582596528,
    "LEM_mean": 0.017,
    "LEM_std": 0.0007071067811865469,
    "LOAS_mean": 0.6294396398530979,
    "LOAS_std": 0.006030661430157835,
    "LOEM_mean": 0.0268,
    "LOEM_std": 0.0008366600265340763,
    "loss_mean": 10.33930813074112,
    "loss_std": 0.9989451842757336
}