{
    "model_count": 5,
    "em_accuracy_mean": 0.667869803416049,
    "em_accuracy_std": 0.006762270935972437,
    "loss_mean": 0.0,
    "loss_std": 0.0
}