{
  "em_accuracy": 0.48662584595552694,
  "loss": 1.5017199381110595
}