{
  "em_accuracy": 0.5162745729938769,
  "loss": 1.4690070152282715
}