{
  "em_accuracy": 0.515307766677409,
  "loss": 1.4817099479055895
}