{
  "em_accuracy": 0.5091846600064454,
  "loss": 1.4826530863329308
}