{
  "em_accuracy": 0.5333548179181438,
  "loss": 1.4609773552294858
}