{
  "em_accuracy": 0.514663229133097,
  "loss": 1.4841808043804365
}