{
  "em_accuracy": 0.5278762487914921,
  "loss": 1.4724850439533745
}