{
  "em_accuracy": 0.4975829842088302,
  "loss": 1.5049392169283837
}