{
  "accuracy": 0.532,
  "macro_fscore": 0.5034446262409313,
  "micro_fscore": 0.5548387096774193,
  "label_org:stateorprovince_of_headquarters_fscore": 0.2666666666666667,
  "label_org:parents_fscore": 0.36363636363636365,
  "label_per:spouse_fscore": 0.8421052631578948,
  "label_org:shareholders_fscore": 0.46153846153846156,
  "label_org:political/religious_affiliation_fscore": 0.4210526315789474,
  "label_per:stateorprovince_of_death_fscore": 0.75,
  "label_org:country_of_headquarters_fscore": 0.30769230769230765,
  "label_org:top_members/employees_fscore": 0.5714285714285714,
  "label_org:dissolved_fscore": 0,
  "label_per:cities_of_residence_fscore": 0.588235294117647,
  "label_org:alternate_names_fscore": 0.7777777777777778,
  "label_per:alternate_names_fscore": 0.4615384615384615,
  "label_per:date_of_death_fscore": 0.5555555555555556,
  "label_org:founded_fscore": 0.7058823529411764,
  "label_per:stateorprovinces_of_residence_fscore": 0.46153846153846156,
  "label_org:number_of_employees/members_fscore": 0.6666666666666666,
  "label_per:charges_fscore": 0.7142857142857143,
  "label_per:city_of_death_fscore": 0.6666666666666667,
  "label_per:children_fscore": 0.6666666666666666,
  "label_per:age_fscore": 0.923076923076923,
  "label_per:parents_fscore": 0.6956521739130435,
  "label_per:title_fscore": 0.6666666666666666,
  "label_per:city_of_birth_fscore": 0.888888888888889,
  "label_org:city_of_headquarters_fscore": 0.39999999999999997,
  "label_per:country_of_birth_fscore": 0.6,
  "label_per:origin_fscore": 0,
  "label_per:schools_attended_fscore": 0.888888888888889,
  "label_org:subsidiaries_fscore": 0,
  "label_org:website_fscore": 0.923076923076923,
  "label_per:cause_of_death_fscore": 0.9090909090909091,
  "label_per:stateorprovince_of_birth_fscore": 0.8,
  "label_per:siblings_fscore": 0.5,
  "label_per:countries_of_residence_fscore": 0.11764705882352941,
  "label_org:member_of_fscore": 0,
  "label_org:founded_by_fscore": 0.30769230769230765,
  "label_per:date_of_birth_fscore": 0.9523809523809523,
  "label_per:employee_of_fscore": 0.2105263157894737,
  "label_per:religion_fscore": 0,
  "label_org:members_fscore": 0,
  "label_per:other_family_fscore": 0.10526315789473685,
  "loss": 1.9692893214523792
}