{
  "accuracy": 0.556,
  "macro_fscore": 0.5330377239700669,
  "micro_fscore": 0.5830721003134796,
  "label_org:stateorprovince_of_headquarters_fscore": 0.5,
  "label_org:parents_fscore": 0.4,
  "label_per:spouse_fscore": 0.7499999999999999,
  "label_org:shareholders_fscore": 0,
  "label_org:country_of_headquarters_fscore": 0.33333333333333337,
  "label_org:top_members/employees_fscore": 0.6956521739130435,
  "label_per:cities_of_residence_fscore": 0.4444444444444445,
  "label_per:date_of_death_fscore": 0.6666666666666666,
  "label_org:founded_fscore": 0.625,
  "label_per:charges_fscore": 0.7142857142857143,
  "label_per:children_fscore": 0.7142857142857143,
  "label_per:age_fscore": 0.88,
  "label_per:parents_fscore": 0.8333333333333333,
  "label_per:title_fscore": 0.5833333333333334,
  "label_per:origin_fscore": 0.3157894736842105,
  "label_per:schools_attended_fscore": 0.846153846153846,
  "label_org:subsidiaries_fscore": 0.6153846153846154,
  "label_org:website_fscore": 0.923076923076923,
  "label_per:countries_of_residence_fscore": 0.380952380952381,
  "label_org:founded_by_fscore": 0.5714285714285715,
  "label_per:employee_of_fscore": 0.3529411764705882,
  "label_org:members_fscore": 0,
  "label_per:other_family_fscore": 0.15384615384615385,
  "label_org:political/religious_affiliation_fscore": 0.33333333333333337,
  "label_per:stateorprovince_of_death_fscore": 0.3333333333333333,
  "label_org:dissolved_fscore": 0,
  "label_org:alternate_names_fscore": 0.5714285714285713,
  "label_per:alternate_names_fscore": 0.33333333333333337,
  "label_per:stateorprovinces_of_residence_fscore": 0.16666666666666666,
  "label_org:number_of_employees/members_fscore": 0.6666666666666666,
  "label_per:city_of_death_fscore": 0.8888888888888888,
  "label_per:city_of_birth_fscore": 0.8000000000000002,
  "label_org:city_of_headquarters_fscore": 0.5714285714285713,
  "label_per:country_of_birth_fscore": 0.5,
  "label_per:cause_of_death_fscore": 0.9565217391304348,
  "label_per:stateorprovince_of_birth_fscore": 0.8,
  "label_org:member_of_fscore": 0,
  "label_per:religion_fscore": 0.5,
  "label_per:date_of_birth_fscore": 1.0,
  "label_per:siblings_fscore": 0.6,
  "loss": 1.5575846061110497
}