{"model_count": 10, "em_accuracy_mean": 0.550902837489252, "em_accuracy_std": 0.010436401448903964, "loss_mean": 1.6694426958419417, "loss_std": 0.026270002785082607}