{
  "em_accuracy": 0.5548867870449986,
  "loss": 1.6481139474807809
}