{
  "em_accuracy": 0.5623387790197765,
  "loss": 1.6341207343149402
}