{
  "em_accuracy": 0.5571797076526225,
  "loss": 1.6685242037794905
}