{
    "model_count": 5,
    "UAS_mean": 0.7523878367307599,
    "UAS_std": 0.00408773190475259,
    "LAS_mean": 0.6160281432220134,
    "LAS_std": 0.010417912349593793,
    "UEM_mean": 0.0982,
    "UEM_std": 0.006140032573203502,
    "LEM_mean": 0.0242,
    "LEM_std": 0.0022803508501982755,
    "LOAS_mean": 0.7303744397860344,
    "LOAS_std": 0.009720862821835806,
    "LOEM_mean": 0.042,
    "LOEM_std": 0.0032403703492039303,
    "loss_mean": 6.836264131963253,
    "loss_std": 0.5518991298348888
}