{
  "UAS": 0.7462290973928968,
  "LAS": 0.6076333670666474,
  "UEM": 0.091,
  "LEM": 0.027,
  "LOAS": 0.7230494915907667,
  "LOEM": 0.041,
  "loss": 6.864361613988876
}