{
  "UAS": 0.7549997590477567,
  "LAS": 0.6219459303166113,
  "UEM": 0.106,
  "LEM": 0.025,
  "LOAS": 0.7358681509324851,
  "LOEM": 0.042,
  "loss": 6.766279339790344
}