{
  "UAS": 0.7501325237337959,
  "LAS": 0.6049828923907281,
  "UEM": 0.093,
  "LEM": 0.023,
  "LOAS": 0.7203508264661944,
  "LOEM": 0.042,
  "loss": 5.957025341689587
}