{
    "model_count": 5,
    "UAS_mean": 0.4849133408871543,
    "UAS_std": 0.021087363965571673,
    "LAS_mean": 0.352293423979185,
    "LAS_std": 0.01879222139746473,
    "UEM_mean": 0.002,
    "UEM_std": 0.0,
    "LEM_mean": 0.0,
    "LEM_std": 0.0,
    "LOAS_mean": 0.5466112719795208,
    "LOAS_std": 0.016829317623199468,
    "LOEM_mean": 0.0002,
    "LOEM_std": 0.00044721359549995795,
    "loss_mean": 10.38077737390995,
    "loss_std": 1.4662528951686842
}