{
  "UAS": 0.4627974317008687,
  "LAS": 0.340845188635696,
  "UEM": 0.002,
  "LEM": 0.0,
  "LOAS": 0.5516387594947333,
  "LOEM": 0.0,
  "loss": 12.841815173625946
}