{
  "UAS": 0.46481178396072015,
  "LAS": 0.33450837215158,
  "UEM": 0.002,
  "LEM": 0.0,
  "LOAS": 0.532922069746947,
  "LOEM": 0.0,
  "loss": 9.55663289129734
}