{
    "model_count": 5,
    "em_accuracy_mean": 0.7916552667578659,
    "em_accuracy_std": 0.0057575746980144515,
    "loss_mean": 0.0,
    "loss_std": 0.0
}