{
    "model_count": 4,
    "em_accuracy_mean": 0.6699162101192394,
    "em_accuracy_std": 0.006968635287338891,
    "loss_mean": 0.0,
    "loss_std": 0.0
}