{"model_count": 10, "em_accuracy_mean": 0.5847244601998066, "em_accuracy_std": 0.014386011250631795, "loss_mean": 1.5185368785845865, "loss_std": 0.015176942830893728}