{
  "em_accuracy": 0.5826619400580084,
  "loss": 1.5371367283088644
}