{
  "em_accuracy": 0.5762165646148888,
  "loss": 1.5341028454377479
}