{
  "em_accuracy": 0.5868514340960361,
  "loss": 1.517329933102598
}