{
  "em_accuracy": 0.5920077344505318,
  "loss": 1.5159140057170515
}