{
  "em_accuracy": 0.5488237189816306,
  "loss": 1.5333811714477146
}