{"model_count": 3, "accuracy_mean": 0.845679012345679, "accuracy_std": 0.02828750428985088, "loss_mean": 0.9161507934331894, "loss_std": 0.34633295353046456}