{
  "accuracy": 0.8703703703703703,
  "loss": 0.5704900473356247
}