{
  "accuracy": 0.8661233993015134,
  "macro_fscore": 0.562743825884047,
  "micro_fscore": 0.8711006474396705,
  "loss": 0.5552445029736393
}