{
  "accuracy": 0.8509895227008148,
  "macro_fscore": 0.6140878980909866,
  "micro_fscore": 0.8532863849765259,
  "loss": 0.5954926378197141
}