{
  "accuracy": 0.8742724097788126,
  "macro_fscore": 0.6027167030931923,
  "micro_fscore": 0.8776470588235294,
  "loss": 0.5247420002533881
}