{"model_count": 10, "em_accuracy_mean": 0.3758793969849246, "em_accuracy_std": 0.012951407480289551, "loss_mean": 1.996211527143206, "loss_std": 0.04716944271863342}