{
  "em_accuracy": 0.3743718592964824,
  "loss": 1.989607607296535
}