{
  "em_accuracy": 0.3589375448671931,
  "loss": 2.031714280332838
}