{
  "em_accuracy": 0.37293610911701364,
  "loss": 1.937031431879316
}