{
  "em_accuracy": 0.38657573582196697,
  "loss": 1.9564206041608538
}