{
  "em_accuracy": 0.3840631730078966,
  "loss": 2.062715541635241
}