{
  "accuracy": 0.8976377952755905,
  "macro_fscore": 0.3984878495516793,
  "micro_fscore": 0.8995983935742972,
  "loss": 0.29814993357285857
}