{
  "accuracy": 0.937007874015748,
  "macro_fscore": 0.5292517006802722,
  "micro_fscore": 0.9354838709677419,
  "loss": 0.2769529586657882
}