{
  "accuracy": 0.9291338582677166,
  "macro_fscore": 0.5281945871873929,
  "micro_fscore": 0.9311740890688259,
  "loss": 0.2635925533249974
}