{
    "model_count": 5,
    "UAS_mean": 0.6558972503617945,
    "UAS_std": 0.006566871953471929,
    "LAS_mean": 0.48762662807525325,
    "LAS_std": 0.004308199667720455,
    "UEM_mean": 0.072,
    "UEM_std": 0.0018708286933869687,
    "LEM_mean": 0.0154,
    "LEM_std": 0.0013416407864998742,
    "LOAS_mean": 0.6051133622768934,
    "LOAS_std": 0.006444304978799396,
    "LOEM_mean": 0.0172,
    "LOEM_std": 0.00216794833886788,
    "loss_mean": 6.5773312129908135,
    "loss_std": 0.6463178399709549
}