{
  "UAS": 0.6534611673902556,
  "LAS": 0.49173902556681137,
  "UEM": 0.075,
  "LEM": 0.017,
  "LOAS": 0.6125783888084901,
  "LOEM": 0.02,
  "loss": 7.2999052703380585
}