{
  "UAS": 0.6660636758321273,
  "LAS": 0.49191992281717317,
  "UEM": 0.07,
  "LEM": 0.016,
  "LOAS": 0.6035335262904004,
  "LOEM": 0.018,
  "loss": 5.9296411499381065
}