{
  "UAS": 0.6574409068982151,
  "LAS": 0.4817896767969127,
  "UEM": 0.071,
  "LEM": 0.014,
  "LOAS": 0.5951519536903039,
  "LOEM": 0.015,
  "loss": 6.9540966004133224
}