{
  "UAS": 0.6482754462132175,
  "LAS": 0.4854679208876025,
  "UEM": 0.072,
  "LEM": 0.014,
  "LOAS": 0.6075735648818138,
  "LOEM": 0.015,
  "loss": 6.844124820497301
}