{
  "UAS": 0.7470656751187169,
  "LAS": 0.5361078756383837,
  "UEM": 0.069,
  "LEM": 0.007,
  "LOAS": 0.6181793746080101,
  "LOEM": 0.008,
  "loss": 6.235576808452606
}