{
  "UAS": 0.7078218797598781,
  "LAS": 0.5270137084490637,
  "UEM": 0.058,
  "LEM": 0.01,
  "LOAS": 0.6349341456858705,
  "LOEM": 0.01,
  "loss": 4.864678055047989
}