{
  "UAS": 0.7383746976077412,
  "LAS": 0.527685691246304,
  "UEM": 0.06,
  "LEM": 0.006,
  "LOAS": 0.6139682824119702,
  "LOEM": 0.008,
  "loss": 5.062594614923
}