{
  "accuracy": 0.8148148148148148,
  "macro_fscore": 0.37253193960511033,
  "micro_fscore": 0.8118811881188118,
  "loss": 1.2190633118152618
}