{"model_count": 5, "accuracy_mean": 0.92, "accuracy_std": 0.018383420206918938, "loss_mean": 0.5476093731820584, "loss_std": 0.1955091210405086}