{
  "accuracy": 0.9368421052631579,
  "loss": 0.3883252640565236
}