{
  "accuracy": 0.8894736842105263,
  "loss": 0.8743650677303473
}