{
  "accuracy": 0.9315789473684211,
  "loss": 0.5774044742186865
}