{
  "accuracy": 0.8367952522255193,
  "macro_fscore": 0.5666232582230827,
  "micro_fscore": 0.8545454545454545,
  "loss": 0.8370399897579442
}