{
  "accuracy": 0.8545994065281899,
  "macro_fscore": 0.535713483323623,
  "micro_fscore": 0.8609865470852018,
  "loss": 0.46417720697883685
}