{
  "accuracy": 0.8694362017804155,
  "macro_fscore": 0.5666548177998898,
  "micro_fscore": 0.8772455089820359,
  "loss": 0.562107197009027
}