{
    "model_count": 5,
    "em_accuracy_mean": 0.2823401162790698,
    "em_accuracy_std": 0.00599839172209999,
    "loss_mean": 0.0,
    "loss_std": 0.0
}