{
  "accuracy": 0.8260869565217391,
  "loss": 0.6803307458758354
}