{
  "accuracy": 0.831304347826087,
  "loss": 0.9533376809623506
}