{
  "accuracy": 0.8443478260869566,
  "loss": 0.971126082042853
}