{
  "accuracy": 0.8333333333333334,
  "loss": 1.1735449433326721
}