{
  "accuracy": 0.8148148148148148,
  "loss": 1.1508597433567047
}