{
  "accuracy": 0.8333333333333334,
  "loss": 1.4061041474342346
}