{"model_count": 10, "em_accuracy_mean": 0.5404125040283596, "em_accuracy_std": 0.018749193539009758, "loss_mean": 1.4578428071798737, "loss_std": 0.02231007122462453}