{
  "em_accuracy": 0.5162745729938769,
  "loss": 1.4937463113942098
}