{
  "em_accuracy": 0.5217531421205285,
  "loss": 1.4611456345037086
}