{
  "em_accuracy": 0.5636480825008057,
  "loss": 1.4376301280002004
}