{"model_count": 10, "em_accuracy_mean": 0.8518467852257182, "em_accuracy_std": 0.004036991558344345, "loss_mean": 1.1383063624121925, "loss_std": 0.0032491679283767195}