{
  "em_accuracy": 0.8449612403100775,
  "loss": 1.1390056922219016
}