{
  "em_accuracy": 0.844733242134063,
  "loss": 1.1375445541468534
}