{
  "em_accuracy": 0.8518011855905153,
  "loss": 1.1340725458752026
}