{
  "em_accuracy": 0.8549931600547196,
  "loss": 1.1391290721026335
}