{
  "em_accuracy": 0.8559051527587779,
  "loss": 1.1338079532709988
}