{
  "em_accuracy": 0.8545371637026904,
  "loss": 1.1375200462341308
}