{
  "accuracy": 0.9522491349480969,
  "macro_fscore": 0.6210869415785961,
  "micro_fscore": 0.9545454545454545,
  "loss": 0.28489155051759624
}