{
  "accuracy": 0.9432525951557094,
  "macro_fscore": 0.6026663405047331,
  "micro_fscore": 0.9457852395942636,
  "loss": 0.3459131301824927
}