{
  "accuracy": 0.928719723183391,
  "macro_fscore": 0.6286611819060336,
  "micro_fscore": 0.9301187980433263,
  "loss": 0.35468192146784
}