{
  "accuracy": 0.9183391003460207,
  "macro_fscore": 0.6330542917595028,
  "micro_fscore": 0.9202797202797204,
  "loss": 0.3379356618263825
}