{
  "accuracy": 0.7719298245614035,
  "macro_fscore": 0.8257424100586199,
  "micro_fscore": 0.7781456953642385,
  "label_has-population_fscore": 1.0,
  "label_has-edu_fscore": 0.8433734939759036,
  "label_has-type_fscore": 0.5538461538461539,
  "label_has-occupation_fscore": 0.7812500000000001,
  "label_event-year_fscore": 0.9387755102040817,
  "label_has-genre_fscore": 0.8372093023255813,
  "loss": 1.0590656223622235
}