{
  "accuracy": 0.7309941520467836,
  "macro_fscore": 0.8156828360238985,
  "micro_fscore": 0.7532467532467533,
  "label_has-population_fscore": 1.0,
  "label_has-edu_fscore": 0.8433734939759036,
  "label_has-type_fscore": 0.4761904761904763,
  "label_has-occupation_fscore": 0.765625,
  "label_event-year_fscore": 0.9583333333333333,
  "label_has-genre_fscore": 0.8505747126436782,
  "loss": 1.4094020521098918
}