{
    "model_count": 5,
    "UAS_mean": 0.5177217650489211,
    "UAS_std": 0.010040382216472521,
    "LAS_mean": 0.36043543057085464,
    "LAS_std": 0.00686145729233951,
    "UEM_mean": 0.03002309468822171,
    "UEM_std": 0.0038298207740824486,
    "LEM_mean": 0.002771362586605081,
    "LEM_std": 0.002529896339515779,
    "LOAS_mean": 0.5563662282122723,
    "LOAS_std": 0.010984497158655649,
    "LOEM_mean": 0.003926096997690531,
    "LOEM_std": 0.0023945082394142866,
    "loss_mean": 10.741590298925127,
    "loss_std": 1.5078008616729968
}