{
  "UAS": 0.5221279077301886,
  "LAS": 0.36681137821551224,
  "UEM": 0.026558891454965358,
  "LEM": 0.006928406466512702,
  "LOAS": 0.5707250696559321,
  "LOEM": 0.008083140877598153,
  "loss": 10.407187717301506
}