{
  "UAS": 0.5136396034471586,
  "LAS": 0.35450009719432385,
  "UEM": 0.03117782909930716,
  "LEM": 0.0011547344110854503,
  "LOAS": 0.541048402773278,
  "LOEM": 0.0023094688221709007,
  "loss": 10.379745398248945
}