{
  "UAS": 0.5324953022743472,
  "LAS": 0.36882006090844294,
  "UEM": 0.03579676674364896,
  "LEM": 0.003464203233256351,
  "LOAS": 0.5525821292036545,
  "LOEM": 0.003464203233256351,
  "loss": 9.620465159416199
}