{
    "model_count": 3,
    "accuracy_mean": 0.6636771300448431,
    "accuracy_std": 0.007767043980129517,
    "macro_fscore_mean": 0.6407539147012832,
    "macro_fscore_std": 0.002766365888604162,
    "micro_fscore_mean": 0.683577226271475,
    "micro_fscore_std": 0.0113403158232453,
    "label_org:number_of_employees/members_fscore_mean": 0.9523809523809523,
    "label_org:number_of_employees/members_fscore_std": 0.08247860988423228,
    "label_org:website_fscore_mean": 1.0,
    "label_org:website_fscore_std": 0.0,
    "label_per:siblings_fscore_mean": 0.7313131313131314,
    "label_per:siblings_fscore_std": 0.06675843087619522,
    "label_org:parents_fscore_mean": 0.1111111111111111,
    "label_org:parents_fscore_std": 0.19245008972987526,
    "label_per:city_of_birth_fscore_mean": 0.24444444444444444,
    "label_per:city_of_birth_fscore_std": 0.2143033502442879,
    "label_org:stateorprovince_of_headquarters_fscore_mean": 0.7023809523809523,
    "label_org:stateorprovince_of_headquarters_fscore_std": 0.18327147998024584,
    "label_per:country_of_birth_fscore_mean": 0.6666666666666666,
    "label_per:country_of_birth_fscore_std": 0.0,
    "label_org:dissolved_fscore_mean": 0,
    "label_org:dissolved_fscore_std": 0.0,
    "label_per:cities_of_residence_fscore_mean": 0.4808080808080808,
    "label_per:cities_of_residence_fscore_std": 0.10165451010431617,
    "label_per:date_of_death_fscore_mean": 0.7579365079365079,
    "label_per:date_of_death_fscore_std": 0.09548578901203146,
    "label_per:title_fscore_mean": 0.7222222222222222,
    "label_per:title_fscore_std": 0.0481125224324689,
    "label_org:subsidiaries_fscore_mean": 0.6388888888888888,
    "label_org:subsidiaries_fscore_std": 0.12729376930432884,
    "label_per:age_fscore_mean": 0.9824561403508772,
    "label_per:age_fscore_std": 0.030386856273138165,
    "label_per:charges_fscore_mean": 0.8474747474747475,
    "label_per:charges_fscore_std": 0.05590341051321896,
    "label_per:cause_of_death_fscore_mean": 0.8931623931623931,
    "label_per:cause_of_death_fscore_std": 0.05181348569650489,
    "label_org:member_of_fscore_mean": 0.5079365079365079,
    "label_org:member_of_fscore_std": 0.45007767869072457,
    "label_per:stateorprovince_of_birth_fscore_mean": 0.4444444444444444,
    "label_per:stateorprovince_of_birth_fscore_std": 0.3849001794597505,
    "label_per:parents_fscore_mean": 0.7985347985347986,
    "label_per:parents_fscore_std": 0.05075606762106595,
    "label_org:shareholders_fscore_mean": 0.24444444444444444,
    "label_org:shareholders_fscore_std": 0.2143033502442879,
    "label_per:schools_attended_fscore_mean": 0.888888888888889,
    "label_per:schools_attended_fscore_std": 0.0,
    "label_per:employee_of_fscore_mean": 0.5051282051282051,
    "label_per:employee_of_fscore_std": 0.10778384388196766,
    "label_org:city_of_headquarters_fscore_mean": 0.6944444444444443,
    "label_org:city_of_headquarters_fscore_std": 0.0481125224324689,
    "label_org:political/religious_affiliation_fscore_mean": 0.8632478632478632,
    "label_org:political/religious_affiliation_fscore_std": 0.05181348569650489,
    "label_per:countries_of_residence_fscore_mean": 0.3888888888888889,
    "label_per:countries_of_residence_fscore_std": 0.09622504486493764,
    "label_per:stateorprovinces_of_residence_fscore_mean": 0.5555555555555556,
    "label_per:stateorprovinces_of_residence_fscore_std": 0.0962250448649376,
    "label_per:stateorprovince_of_death_fscore_mean": 0.9333333333333333,
    "label_per:stateorprovince_of_death_fscore_std": 0.11547005383792514,
    "label_org:country_of_headquarters_fscore_mean": 0.5608465608465608,
    "label_org:country_of_headquarters_fscore_std": 0.1114883995010871,
    "label_org:founded_by_fscore_mean": 0.7975357975357975,
    "label_org:founded_by_fscore_std": 0.10043976777792653,
    "label_org:members_fscore_mean": 0.5707070707070707,
    "label_org:members_fscore_std": 0.08615516216783828,
    "label_per:date_of_birth_fscore_mean": 0.8727272727272727,
    "label_per:date_of_birth_fscore_std": 0.06298366572977732,
    "label_per:city_of_death_fscore_mean": 0.9523809523809523,
    "label_per:city_of_death_fscore_std": 0.08247860988423228,
    "label_per:spouse_fscore_mean": 0.869047619047619,
    "label_per:spouse_fscore_std": 0.12542444943872313,
    "label_per:alternate_names_fscore_mean": 0.42962962962962964,
    "label_per:alternate_names_fscore_std": 0.02566001196398334,
    "label_per:other_family_fscore_mean": 0.19444444444444445,
    "label_per:other_family_fscore_std": 0.17347216662217774,
    "label_per:origin_fscore_mean": 0.29629629629629634,
    "label_per:origin_fscore_std": 0.12830005981991685,
    "label_org:alternate_names_fscore_mean": 0.6199134199134199,
    "label_org:alternate_names_fscore_std": 0.08615914990127749,
    "label_org:top_members/employees_fscore_mean": 0.6424242424242425,
    "label_org:top_members/employees_fscore_std": 0.07348094335140694,
    "label_org:founded_fscore_mean": 0.8474747474747475,
    "label_org:founded_fscore_std": 0.055903410513218996,
    "label_per:children_fscore_mean": 0.8095238095238095,
    "label_per:children_fscore_std": 0.21821789023599233,
    "label_per:religion_fscore_mean": 0.611111111111111,
    "label_per:religion_fscore_std": 0.0962250448649376,
    "loss_mean": 1.3560548289900733,
    "loss_std": 0.16256895344191175
}