{
    "model_count": 5,
    "accuracy_mean": 0.6681614349775785,
    "accuracy_std": 0.008389366338058158,
    "macro_fscore_mean": 0.6375023777392198,
    "macro_fscore_std": 0.005444014924468875,
    "micro_fscore_mean": 0.6892423809606251,
    "micro_fscore_std": 0.012664391460747394,
    "label_org:parents_fscore_mean": 0.06666666666666667,
    "label_org:parents_fscore_std": 0.14907119849998599,
    "label_org:number_of_employees/members_fscore_mean": 0.9142857142857143,
    "label_org:number_of_employees/members_fscore_std": 0.07824607964359519,
    "label_org:country_of_headquarters_fscore_mean": 0.6465079365079365,
    "label_org:country_of_headquarters_fscore_std": 0.14242836888074908,
    "label_per:origin_fscore_mean": 0.3500854700854701,
    "label_per:origin_fscore_std": 0.11886427759293726,
    "label_per:cities_of_residence_fscore_mean": 0.5284848484848484,
    "label_per:cities_of_residence_fscore_std": 0.10794005750736094,
    "label_org:city_of_headquarters_fscore_mean": 0.7,
    "label_org:city_of_headquarters_fscore_std": 0.04564354645876392,
    "label_per:cause_of_death_fscore_mean": 0.8692307692307691,
    "label_per:cause_of_death_fscore_std": 0.049154588494053374,
    "label_org:political/religious_affiliation_fscore_mean": 0.8871794871794871,
    "label_org:political/religious_affiliation_fscore_std": 0.049154588494053374,
    "label_per:alternate_names_fscore_mean": 0.4193939393939394,
    "label_per:alternate_names_fscore_std": 0.036632006324503065,
    "label_per:countries_of_residence_fscore_mean": 0.36333333333333334,
    "label_per:countries_of_residence_fscore_std": 0.09309493362512627,
    "label_per:charges_fscore_mean": 0.8721212121212121,
    "label_per:charges_fscore_std": 0.05197654341332658,
    "label_org:founded_fscore_mean": 0.8206060606060606,
    "label_org:founded_fscore_std": 0.06574430811550745,
    "label_per:title_fscore_mean": 0.7166666666666666,
    "label_per:title_fscore_std": 0.04564354645876392,
    "label_org:stateorprovince_of_headquarters_fscore_mean": 0.669047619047619,
    "label_org:stateorprovince_of_headquarters_fscore_std": 0.14146143597631378,
    "label_per:stateorprovince_of_death_fscore_mean": 0.96,
    "label_per:stateorprovince_of_death_fscore_std": 0.08944271909999157,
    "label_per:parents_fscore_mean": 0.8372161172161172,
    "label_per:parents_fscore_std": 0.06942024964611766,
    "label_org:founded_by_fscore_mean": 0.8421578421578422,
    "label_org:founded_by_fscore_std": 0.09368797334697723,
    "label_per:date_of_death_fscore_mean": 0.719047619047619,
    "label_per:date_of_death_fscore_std": 0.10667888960580876,
    "label_per:religion_fscore_mean": 0.6333333333333333,
    "label_per:religion_fscore_std": 0.07453559924999298,
    "label_org:top_members/employees_fscore_mean": 0.6343434343434343,
    "label_org:top_members/employees_fscore_std": 0.13647208556983972,
    "label_per:children_fscore_mean": 0.8457142857142858,
    "label_per:children_fscore_std": 0.17681998224875198,
    "label_org:subsidiaries_fscore_mean": 0.5204761904761904,
    "label_org:subsidiaries_fscore_std": 0.1898023796232744,
    "label_per:schools_attended_fscore_mean": 0.888888888888889,
    "label_per:schools_attended_fscore_std": 0.0,
    "label_per:spouse_fscore_mean": 0.8928571428571428,
    "label_per:spouse_fscore_std": 0.10714285714285719,
    "label_per:stateorprovinces_of_residence_fscore_mean": 0.5133333333333333,
    "label_per:stateorprovinces_of_residence_fscore_std": 0.09603240193925287,
    "label_per:age_fscore_mean": 0.9789473684210527,
    "label_per:age_fscore_std": 0.028827503026587657,
    "label_org:shareholders_fscore_mean": 0.14666666666666667,
    "label_org:shareholders_fscore_std": 0.2022100118413747,
    "label_per:siblings_fscore_mean": 0.7442424242424243,
    "label_per:siblings_fscore_std": 0.05659450923601822,
    "label_per:country_of_birth_fscore_mean": 0.6666666666666666,
    "label_per:country_of_birth_fscore_std": 0.0,
    "label_per:stateorprovince_of_birth_fscore_mean": 0.26666666666666666,
    "label_per:stateorprovince_of_birth_fscore_std": 0.3651483716701107,
    "label_per:date_of_birth_fscore_mean": 0.8836363636363637,
    "label_per:date_of_birth_fscore_std": 0.08489176385402726,
    "label_per:employee_of_fscore_mean": 0.5426373626373626,
    "label_per:employee_of_fscore_std": 0.15150176065068022,
    "label_org:website_fscore_mean": 1.0,
    "label_org:website_fscore_std": 0.0,
    "label_org:member_of_fscore_mean": 0.3714285714285714,
    "label_org:member_of_fscore_std": 0.38744467822491413,
    "label_per:other_family_fscore_mean": 0.24666666666666667,
    "label_per:other_family_fscore_std": 0.15156590059186212,
    "label_per:city_of_birth_fscore_mean": 0.32666666666666666,
    "label_per:city_of_birth_fscore_std": 0.19206480387850577,
    "label_per:city_of_death_fscore_mean": 0.9714285714285714,
    "label_per:city_of_death_fscore_std": 0.06388765649999402,
    "label_org:alternate_names_fscore_mean": 0.671948051948052,
    "label_org:alternate_names_fscore_std": 0.11072794260557849,
    "label_org:members_fscore_mean": 0.5715151515151515,
    "label_org:members_fscore_std": 0.06390994582528033,
    "label_org:dissolved_fscore_mean": 0,
    "label_org:dissolved_fscore_std": 0.0,
    "loss_mean": 1.2780016094446183,
    "loss_std": 0.15757906706839714
}