{
    "model_count": 4,
    "accuracy_mean": 0.6670403587443946,
    "accuracy_std": 0.009244631447573216,
    "macro_fscore_mean": 0.6395868258203785,
    "macro_fscore_std": 0.0032481131923236886,
    "micro_fscore_mean": 0.6892365920199904,
    "micro_fscore_std": 0.014623571999201982,
    "label_org:parents_fscore_mean": 0.08333333333333333,
    "label_org:parents_fscore_std": 0.16666666666666666,
    "label_org:number_of_employees/members_fscore_mean": 0.9285714285714286,
    "label_org:number_of_employees/members_fscore_std": 0.08247860988423228,
    "label_org:country_of_headquarters_fscore_mean": 0.6206349206349207,
    "label_org:country_of_headquarters_fscore_std": 0.15028317941009045,
    "label_per:origin_fscore_mean": 0.33760683760683763,
    "label_per:origin_fscore_std": 0.13341731594265635,
    "label_per:cities_of_residence_fscore_mean": 0.4939393939393939,
    "label_per:cities_of_residence_fscore_std": 0.08705640980369796,
    "label_org:city_of_headquarters_fscore_mean": 0.6874999999999999,
    "label_org:city_of_headquarters_fscore_std": 0.04166666666666674,
    "label_per:cause_of_death_fscore_mean": 0.8782051282051282,
    "label_per:cause_of_death_fscore_std": 0.05181348569650489,
    "label_org:political/religious_affiliation_fscore_mean": 0.8782051282051282,
    "label_org:political/religious_affiliation_fscore_std": 0.05181348569650489,
    "label_per:alternate_names_fscore_mean": 0.43333333333333335,
    "label_per:alternate_names_fscore_std": 0.022222222222222202,
    "label_per:countries_of_residence_fscore_mean": 0.35416666666666663,
    "label_per:countries_of_residence_fscore_std": 0.10485881160098263,
    "label_per:charges_fscore_mean": 0.8628787878787879,
    "label_per:charges_fscore_std": 0.05506903589510977,
    "label_org:founded_fscore_mean": 0.843939393939394,
    "label_org:founded_fscore_std": 0.046189346929994615,
    "label_per:title_fscore_mean": 0.7291666666666666,
    "label_per:title_fscore_std": 0.04166666666666674,
    "label_org:stateorprovince_of_headquarters_fscore_mean": 0.6696428571428572,
    "label_org:stateorprovince_of_headquarters_fscore_std": 0.1633383658810981,
    "label_per:stateorprovince_of_death_fscore_mean": 0.95,
    "label_per:stateorprovince_of_death_fscore_std": 0.09999999999999998,
    "label_per:parents_fscore_mean": 0.8131868131868132,
    "label_per:parents_fscore_std": 0.05075606762106595,
    "label_org:founded_by_fscore_mean": 0.8254245754245755,
    "label_org:founded_by_fscore_std": 0.09917946878953433,
    "label_per:date_of_death_fscore_mean": 0.7559523809523809,
    "label_per:date_of_death_fscore_std": 0.07806474433692859,
    "label_per:religion_fscore_mean": 0.625,
    "label_per:religion_fscore_std": 0.08333333333333331,
    "label_org:top_members/employees_fscore_mean": 0.6818181818181819,
    "label_org:top_members/employees_fscore_std": 0.09903111902041331,
    "label_per:children_fscore_mean": 0.8071428571428572,
    "label_per:children_fscore_std": 0.17823778354488476,
    "label_org:subsidiaries_fscore_mean": 0.550595238095238,
    "label_org:subsidiaries_fscore_std": 0.2049037437864107,
    "label_per:schools_attended_fscore_mean": 0.888888888888889,
    "label_per:schools_attended_fscore_std": 0.0,
    "label_per:spouse_fscore_mean": 0.8660714285714285,
    "label_per:spouse_fscore_std": 0.10258147583103627,
    "label_per:stateorprovinces_of_residence_fscore_mean": 0.5416666666666666,
    "label_per:stateorprovinces_of_residence_fscore_std": 0.08333333333333331,
    "label_per:age_fscore_mean": 0.9736842105263158,
    "label_per:age_fscore_std": 0.030386856273138165,
    "label_org:shareholders_fscore_mean": 0.18333333333333335,
    "label_org:shareholders_fscore_std": 0.21343747458109497,
    "label_per:siblings_fscore_mean": 0.7484848484848485,
    "label_per:siblings_fscore_std": 0.0644251261377858,
    "label_per:country_of_birth_fscore_mean": 0.6666666666666666,
    "label_per:country_of_birth_fscore_std": 0.0,
    "label_per:stateorprovince_of_birth_fscore_mean": 0.3333333333333333,
    "label_per:stateorprovince_of_birth_fscore_std": 0.3849001794597505,
    "label_per:date_of_birth_fscore_mean": 0.9045454545454545,
    "label_per:date_of_birth_fscore_std": 0.0818181818181818,
    "label_per:employee_of_fscore_mean": 0.5711538461538461,
    "label_per:employee_of_fscore_std": 0.15868977837078488,
    "label_org:website_fscore_mean": 1.0,
    "label_org:website_fscore_std": 0.0,
    "label_org:member_of_fscore_mean": 0.38095238095238093,
    "label_org:member_of_fscore_std": 0.4467062628403266,
    "label_per:other_family_fscore_mean": 0.24583333333333335,
    "label_per:other_family_fscore_std": 0.17500000000000002,
    "label_per:city_of_birth_fscore_mean": 0.30833333333333335,
    "label_per:city_of_birth_fscore_std": 0.21666666666666667,
    "label_per:city_of_death_fscore_mean": 0.9642857142857143,
    "label_per:city_of_death_fscore_std": 0.07142857142857145,
    "label_org:alternate_names_fscore_mean": 0.6316017316017316,
    "label_org:alternate_names_fscore_std": 0.07413096020984102,
    "label_org:members_fscore_mean": 0.5643939393939393,
    "label_org:members_fscore_std": 0.07146955403073184,
    "label_org:dissolved_fscore_mean": 0,
    "label_org:dissolved_fscore_std": 0.0,
    "loss_mean": 1.3121929237885133,
    "loss_std": 0.15910555194725767
}