{
  "accuracy": 0.9133858267716536,
  "macro_fscore": 0.5989637524848793,
  "micro_fscore": 0.9149797570850201,
  "loss": 0.3114878796041012
}