{
  "accuracy": 0.9291338582677166,
  "macro_fscore": 0.7251885442684968,
  "micro_fscore": 0.9349593495934959,
  "loss": 0.2784848979790695
}