{
  "accuracy": 0.9291338582677166,
  "macro_fscore": 0.4651199165797706,
  "micro_fscore": 0.9354838709677419,
  "loss": 0.24326324369758368
}