{
    "model_count": 5,
    "em_accuracy_mean": 0.36182287188306106,
    "em_accuracy_std": 0.007068999302076794,
    "loss_mean": 0.0,
    "loss_std": 0.0
}