{
  "em_accuracy": 0.0665283203125,
  "loss": 3.013160882750526
}