{
  "em_accuracy": 0.05810546875,
  "loss": 3.224277993896976
}