{
  "em_accuracy": 0.0782470703125,
  "loss": 3.128605019999668
}