{
  "em_accuracy": 0.064208984375,
  "loss": 3.1336129498668015
}