{
    "model_count": 5,
    "UAS_mean": 0.7200134933256228,
    "UAS_std": 0.00859426358990376,
    "LAS_mean": 0.5795865259505566,
    "LAS_std": 0.010233693086015523,
    "UEM_mean": 0.035,
    "UEM_std": 0.018343936327844142,
    "LEM_mean": 0.0066,
    "LEM_std": 0.0025099800796022265,
    "LOAS_mean": 0.720986940388415,
    "LOAS_std": 0.005653645436266638,
    "LOEM_mean": 0.0296,
    "LOEM_std": 0.00270185121722126,
    "loss_mean": 8.172463968396187,
    "loss_std": 1.0441753589855427
}