{
  "UAS": 0.7272902510722374,
  "LAS": 0.5858512842754566,
  "UEM": 0.06,
  "LEM": 0.009,
  "LOAS": 0.716977495060479,
  "LOEM": 0.026,
  "loss": 7.761089697480202
}