{
  "UAS": 0.7266155847910944,
  "LAS": 0.5928870897788059,
  "UEM": 0.049,
  "LEM": 0.009,
  "LOAS": 0.7290251072237482,
  "LOEM": 0.03,
  "loss": 7.413144752383232
}