{
  "UAS": 0.7076767384704351,
  "LAS": 0.5659968194303889,
  "UEM": 0.022,
  "LEM": 0.007,
  "LOAS": 0.715676352946846,
  "LOEM": 0.031,
  "loss": 9.796903192996979
}