{
  "UAS": 0.7240133005638283,
  "LAS": 0.5769360512746373,
  "UEM": 0.019,
  "LEM": 0.004,
  "LOAS": 0.7186159703146836,
  "LOEM": 0.028,
  "loss": 7.284656584262848
}