{
  "UAS": 0.714471591730519,
  "LAS": 0.5762613849934943,
  "UEM": 0.025,
  "LEM": 0.004,
  "LOAS": 0.7246397763963183,
  "LOEM": 0.033,
  "loss": 8.606525614857674
}