{
  "accuracy": 0.884272997032641,
  "macro_fscore": 0.5788872293701164,
  "micro_fscore": 0.8962406015037594,
  "loss": 0.698257725111365
}