{
  "accuracy": 0.8753709198813057,
  "macro_fscore": 0.5515699169016632,
  "micro_fscore": 0.8858858858858859,
  "loss": 0.6816375351884703
}