{"model_count": 10, "em_accuracy_mean": 0.5563970351272962, "em_accuracy_std": 0.016812459805920714, "loss_mean": 1.5273829375652923, "loss_std": 0.015497354165054655}