{
  "em_accuracy": 0.5688043828553013,
  "loss": 1.5112832803087137
}