{
  "em_accuracy": 0.5684821140831453,
  "loss": 1.5181459286778243
}