{
  "em_accuracy": 0.5591363196906219,
  "loss": 1.5333172654368215
}