{
  "em_accuracy": 0.5259426361585562,
  "loss": 1.5497826479144932
}