{
  "em_accuracy": 0.5800837898807606,
  "loss": 1.5011900331556183
}