{
    "model_count": 5,
    "em_accuracy_mean": 0.32013081395348836,
    "em_accuracy_std": 0.010528388949455241,
    "loss_mean": 0.0,
    "loss_std": 0.0
}