{
  "accuracy": 0.8275862068965517,
  "macro_fscore": 0.6461336049571345,
  "micro_fscore": 0.8323699421965317,
  "loss": 0.6140846038858095
}