{
  "accuracy": 0.8735632183908046,
  "macro_fscore": 0.7244525844525846,
  "micro_fscore": 0.8786127167630059,
  "loss": 0.4849284266432126
}