{
  "accuracy": 0.8735632183908046,
  "macro_fscore": 0.7777777777777778,
  "micro_fscore": 0.8786127167630059,
  "loss": 0.48814353719353676
}