{"model_count": 10, "em_accuracy_mean": 0.591791553133515, "em_accuracy_std": 0.0047906416180386515, "loss_mean": 1.4445244806292263, "loss_std": 0.01033159029792972}