{
  "em_accuracy": 0.5892370572207084,
  "loss": 1.4473505817029788
}