{
  "em_accuracy": 0.5875340599455041,
  "loss": 1.428844234217768
}