{
  "UAS": 0.6128247093877208,
  "LAS": 0.44366108523228,
  "UEM": 0.016,
  "LEM": 0.0,
  "LOAS": 0.6056485794620001,
  "LOEM": 0.0,
  "loss": 7.661822080612183
}