{
  "UAS": 0.6005707331402912,
  "LAS": 0.4325401821310168,
  "UEM": 0.014,
  "LEM": 0.0,
  "LOAS": 0.5982206555037979,
  "LOEM": 0.0,
  "loss": 6.025773733854294
}