{
  "UAS": 0.5558353267027571,
  "LAS": 0.38629401149859416,
  "UEM": 0.008,
  "LEM": 0.0,
  "LOAS": 0.5724956985186118,
  "LOEM": 0.002,
  "loss": 7.763200968503952
}