{
  "accuracy": 0.8312020460358056,
  "macro_fscore": 0.6493990125174802,
  "micro_fscore": 0.8309677419354838,
  "loss": 0.8432557593451395
}