{
  "accuracy": 0.8375959079283888,
  "macro_fscore": 0.6743647554463482,
  "micro_fscore": 0.838501291989664,
  "loss": 0.9949565886006672
}