{
  "accuracy": 0.8337595907928389,
  "macro_fscore": 0.6086078135675624,
  "micro_fscore": 0.8354922279792747,
  "loss": 0.7270643002524668
}