{
  "UAS": 0.7231878863901084,
  "LAS": 0.49381775826538843,
  "UEM": 0.063,
  "LEM": 0.004,
  "LOAS": 0.5782635964519308,
  "LOEM": 0.004,
  "loss": 6.0848952531814575
}