{
    "model_count": 5,
    "UAS_mean": 0.7248185646447451,
    "UAS_std": 0.0045969168273922245,
    "LAS_mean": 0.5204641161186274,
    "LAS_std": 0.015550023304304843,
    "UEM_mean": 0.06520000000000001,
    "UEM_std": 0.0044944410108488505,
    "LEM_mean": 0.0054,
    "LEM_std": 0.001949358868961793,
    "LOAS_mean": 0.6085028223277484,
    "LOAS_std": 0.01850263140394773,
    "LOEM_mean": 0.0062,
    "LOEM_std": 0.0019235384061671342,
    "loss_mean": 6.456994107365608,
    "loss_std": 0.44288650967011195
}