{
    "model_count": 5,
    "accuracy_mean": 0.6726457399103138,
    "accuracy_std": 0.015854412134227513,
    "macro_fscore_mean": 0.6301126019663171,
    "macro_fscore_std": 0.012083347553456176,
    "micro_fscore_mean": 0.6895813844184967,
    "micro_fscore_std": 0.015768018693322457,
    "label_per:cause_of_death_fscore_mean": 0.923076923076923,
    "label_per:cause_of_death_fscore_std": 0.0,
    "label_per:origin_fscore_mean": 0.5381818181818181,
    "label_per:origin_fscore_std": 0.13505432026221004,
    "label_org:website_fscore_mean": 1.0,
    "label_org:website_fscore_std": 0.0,
    "label_per:city_of_birth_fscore_mean": 0.33714285714285713,
    "label_per:city_of_birth_fscore_std": 0.040741427878490354,
    "label_per:children_fscore_mean": 0.7976190476190476,
    "label_per:children_fscore_std": 0.08666797487238713,
    "label_per:siblings_fscore_mean": 0.8032323232323233,
    "label_per:siblings_fscore_std": 0.05731110537857664,
    "label_per:date_of_birth_fscore_mean": 0.8872727272727272,
    "label_per:date_of_birth_fscore_std": 0.04878693769090447,
    "label_per:title_fscore_mean": 0.6745098039215687,
    "label_per:title_fscore_std": 0.053960547408850625,
    "label_per:charges_fscore_mean": 0.8503030303030303,
    "label_per:charges_fscore_std": 0.05536422517143885,
    "label_org:subsidiaries_fscore_mean": 0.3452380952380953,
    "label_org:subsidiaries_fscore_std": 0.24016953573609542,
    "label_per:employee_of_fscore_mean": 0.4782905982905983,
    "label_per:employee_of_fscore_std": 0.1982985188515356,
    "label_org:political/religious_affiliation_fscore_mean": 0.9071794871794872,
    "label_org:political/religious_affiliation_fscore_std": 0.04151946384181801,
    "label_per:country_of_birth_fscore_mean": 0.4666666666666667,
    "label_per:country_of_birth_fscore_std": 0.27386127875258304,
    "label_per:alternate_names_fscore_mean": 0.4127272727272727,
    "label_per:alternate_names_fscore_std": 0.05126498974498795,
    "label_per:parents_fscore_mean": 0.8043956043956044,
    "label_per:parents_fscore_std": 0.04815143362682774,
    "label_org:parents_fscore_mean": 0.12380952380952381,
    "label_org:parents_fscore_std": 0.170367083999984,
    "label_per:schools_attended_fscore_mean": 0.8751515151515152,
    "label_per:schools_attended_fscore_std": 0.0429120583348743,
    "label_org:founded_fscore_mean": 0.9090909090909091,
    "label_org:founded_fscore_std": 0.0,
    "label_org:founded_by_fscore_mean": 0.8569696969696969,
    "label_org:founded_by_fscore_std": 0.04948773396178261,
    "label_per:age_fscore_mean": 0.9399498746867168,
    "label_per:age_fscore_std": 0.04185561207273498,
    "label_per:spouse_fscore_mean": 0.8714285714285713,
    "label_per:spouse_fscore_std": 0.12525484226250136,
    "label_per:other_family_fscore_mean": 0.4298412698412699,
    "label_per:other_family_fscore_std": 0.08853671732643352,
    "label_org:member_of_fscore_mean": 0.2827272727272727,
    "label_org:member_of_fscore_std": 0.16960089271556728,
    "label_per:city_of_death_fscore_mean": 0.9714285714285714,
    "label_per:city_of_death_fscore_std": 0.06388765649999402,
    "label_per:date_of_death_fscore_mean": 0.7047619047619047,
    "label_per:date_of_death_fscore_std": 0.08518354199999198,
    "label_per:countries_of_residence_fscore_mean": 0.49797979797979797,
    "label_per:countries_of_residence_fscore_std": 0.07926558107803411,
    "label_org:stateorprovince_of_headquarters_fscore_mean": 0.7103174603174603,
    "label_org:stateorprovince_of_headquarters_fscore_std": 0.15570024854613848,
    "label_org:dissolved_fscore_mean": 0,
    "label_org:dissolved_fscore_std": 0.0,
    "label_org:members_fscore_mean": 0.46452991452991454,
    "label_org:members_fscore_std": 0.14878915674152532,
    "label_per:stateorprovinces_of_residence_fscore_mean": 0.42333333333333334,
    "label_per:stateorprovinces_of_residence_fscore_std": 0.1507389207279335,
    "label_org:top_members/employees_fscore_mean": 0.7367521367521367,
    "label_org:top_members/employees_fscore_std": 0.21095707034495564,
    "label_per:cities_of_residence_fscore_mean": 0.4388344988344988,
    "label_per:cities_of_residence_fscore_std": 0.1691533404071422,
    "label_org:number_of_employees/members_fscore_mean": 0.8571428571428571,
    "label_org:number_of_employees/members_fscore_std": 0.0,
    "label_per:stateorprovince_of_death_fscore_mean": 0.8200000000000001,
    "label_per:stateorprovince_of_death_fscore_std": 0.20493901531919198,
    "label_org:alternate_names_fscore_mean": 0.7531468531468531,
    "label_org:alternate_names_fscore_std": 0.061431973273865355,
    "label_per:stateorprovince_of_birth_fscore_mean": 0.13333333333333333,
    "label_per:stateorprovince_of_birth_fscore_std": 0.29814239699997197,
    "label_org:country_of_headquarters_fscore_mean": 0.6342857142857143,
    "label_org:country_of_headquarters_fscore_std": 0.16358296132414193,
    "label_per:religion_fscore_mean": 0.6666666666666666,
    "label_per:religion_fscore_std": 0.0,
    "label_org:city_of_headquarters_fscore_mean": 0.6067099567099566,
    "label_org:city_of_headquarters_fscore_std": 0.10063654901597562,
    "label_org:shareholders_fscore_mean": 0.2704761904761905,
    "label_org:shareholders_fscore_std": 0.156579075239066,
    "loss_mean": 1.2248028359242848,
    "loss_std": 0.024043454104069745
}