{
    "model_count": 3,
    "accuracy_mean": 0.7142857142857143,
    "accuracy_std": 0.020087091905717364,
    "macro_fscore_mean": 0.6771266634805573,
    "macro_fscore_std": 0.03386968392345513,
    "micro_fscore_mean": 0.7400426711169453,
    "micro_fscore_std": 0.02569552351798308,
    "label_org:number_of_employees/members_fscore_mean": 0.9259259259259259,
    "label_org:number_of_employees/members_fscore_std": 0.06415002990995838,
    "label_per:cities_of_residence_fscore_mean": 0.6127450980392157,
    "label_per:cities_of_residence_fscore_std": 0.02122611283785388,
    "label_per:children_fscore_mean": 0.5222222222222223,
    "label_per:children_fscore_std": 0.13471506281091264,
    "label_per:title_fscore_mean": 0.923076923076923,
    "label_per:title_fscore_std": 0.0,
    "label_org:dissolved_fscore_mean": 0,
    "label_org:dissolved_fscore_std": 0.0,
    "label_per:countries_of_residence_fscore_mean": 0.29074074074074074,
    "label_per:countries_of_residence_fscore_std": 0.09563519506426191,
    "label_org:founded_fscore_mean": 0.9523809523809523,
    "label_org:founded_fscore_std": 0.08247860988423228,
    "label_org:shareholders_fscore_mean": 0.4722222222222222,
    "label_org:shareholders_fscore_std": 0.20971762320196524,
    "label_org:alternate_names_fscore_mean": 0.9090909090909091,
    "label_org:alternate_names_fscore_std": 0.0,
    "label_per:stateorprovince_of_death_fscore_mean": 0.9333333333333333,
    "label_per:stateorprovince_of_death_fscore_std": 0.11547005383792514,
    "label_per:religion_fscore_mean": 0.5714285714285715,
    "label_per:religion_fscore_std": 0.0,
    "label_per:schools_attended_fscore_mean": 0.9411764705882353,
    "label_per:schools_attended_fscore_std": 0.0,
    "label_org:parents_fscore_mean": 0,
    "label_org:parents_fscore_std": 0.0,
    "label_per:spouse_fscore_mean": 0.9333333333333333,
    "label_per:spouse_fscore_std": 0.11547005383792514,
    "label_per:cause_of_death_fscore_mean": 0.75,
    "label_per:cause_of_death_fscore_std": 0.0,
    "label_org:members_fscore_mean": 0.37671957671957673,
    "label_org:members_fscore_std": 0.08188589258054223,
    "label_per:parents_fscore_mean": 0.9138888888888889,
    "label_per:parents_fscore_std": 0.03367876570272818,
    "label_per:city_of_birth_fscore_mean": 1.0,
    "label_per:city_of_birth_fscore_std": 0.0,
    "label_per:employee_of_fscore_mean": 0.5396825396825397,
    "label_per:employee_of_fscore_std": 0.21994295969128597,
    "label_per:stateorprovinces_of_residence_fscore_mean": 0.3333333333333333,
    "label_per:stateorprovinces_of_residence_fscore_std": 0.0,
    "label_per:date_of_birth_fscore_mean": 1.0,
    "label_per:date_of_birth_fscore_std": 0.0,
    "label_per:origin_fscore_mean": 0.42222222222222217,
    "label_per:origin_fscore_std": 0.3671713698190734,
    "label_per:date_of_death_fscore_mean": 0.9411764705882353,
    "label_per:date_of_death_fscore_std": 0.0,
    "label_per:city_of_death_fscore_mean": 0.8888888888888888,
    "label_per:city_of_death_fscore_std": 0.1924500897298753,
    "label_org:founded_by_fscore_mean": 0.9444444444444444,
    "label_org:founded_by_fscore_std": 0.0962250448649376,
    "label_org:stateorprovince_of_headquarters_fscore_mean": 0.8732943469785576,
    "label_org:stateorprovince_of_headquarters_fscore_std": 0.027010538909456174,
    "label_per:siblings_fscore_mean": 0.8412698412698413,
    "label_per:siblings_fscore_std": 0.013746434980705328,
    "label_per:country_of_birth_fscore_mean": 0.3333333333333333,
    "label_per:country_of_birth_fscore_std": 0.28867513459481287,
    "label_org:member_of_fscore_mean": 0.3148148148148148,
    "label_org:member_of_fscore_std": 0.2740490479064582,
    "label_org:top_members/employees_fscore_mean": 0.7083333333333333,
    "label_org:top_members/employees_fscore_std": 0.07216878364870315,
    "label_per:charges_fscore_mean": 0.9137529137529137,
    "label_per:charges_fscore_std": 0.008074828939715029,
    "label_org:political/religious_affiliation_fscore_mean": 0.9333333333333333,
    "label_org:political/religious_affiliation_fscore_std": 0.0,
    "label_org:subsidiaries_fscore_mean": 0.41269841269841273,
    "label_org:subsidiaries_fscore_std": 0.36056560925716025,
    "label_per:alternate_names_fscore_mean": 0.3333333333333333,
    "label_per:alternate_names_fscore_std": 0.0,
    "label_org:city_of_headquarters_fscore_mean": 0.5,
    "label_org:city_of_headquarters_fscore_std": 0.0,
    "label_per:age_fscore_mean": 1.0,
    "label_per:age_fscore_std": 0.0,
    "label_org:website_fscore_mean": 1.0,
    "label_org:website_fscore_std": 0.0,
    "label_org:country_of_headquarters_fscore_mean": 0.8838383838383838,
    "label_org:country_of_headquarters_fscore_std": 0.043738656756789854,
    "label_per:other_family_fscore_mean": 0.2619047619047619,
    "label_per:other_family_fscore_std": 0.25084889887744616,
    "loss_mean": 1.2118656826870782,
    "loss_std": 0.17462444805127386
}