{
  "em_accuracy": 0.601158038147139,
  "loss": 1.4992251162943633
}