{
  "em_accuracy": 0.5919618528610354,
  "loss": 1.558038517832756
}