{
  "em_accuracy": 0.5950272479564033,
  "loss": 1.5305662436977676
}