{
  "em_accuracy": 0.5909400544959128,
  "loss": 1.5343376164850981
}