{
  "em_accuracy": 0.6045640326975477,
  "loss": 1.5119955380973609
}