{
  "em_accuracy": 0.5800408719346049,
  "loss": 1.5670120764685713
}