{
  "accuracy": 0.7471264367816092,
  "macro_fscore": 0.5460663528977483,
  "micro_fscore": 0.760233918128655,
  "loss": 0.6249378249049187
}