{
  "accuracy": 0.8045977011494253,
  "macro_fscore": 0.5390681003584229,
  "micro_fscore": 0.8092485549132948,
  "loss": 0.694709504644076
}