{
  "accuracy": 0.7816091954022989,
  "macro_fscore": 0.6124899112187248,
  "micro_fscore": 0.7861271676300577,
  "loss": 0.6652646114428838
}