{
  "accuracy": 0.8390804597701149,
  "macro_fscore": 0.7445249067368883,
  "micro_fscore": 0.8439306358381502,
  "loss": 0.5437500153978666
}