{
  "em_accuracy": 0.847469220246238,
  "loss": 1.142464674386111
}