{
  "em_accuracy": 0.847469220246238,
  "loss": 1.1426414914564653
}