{
  "em_accuracy": 0.8495212038303693,
  "loss": 1.150416450067
}