{
  "em_accuracy": 0.8490652074783401,
  "loss": 1.1432170313054866
}