{
  "em_accuracy": 0.8481532147742818,
  "loss": 1.142101594318043
}