{
  "accuracy": 0.9808481532147743,
  "macro_fscore": 0.9725021833379068,
  "micro_fscore": 0.9843971631205675,
  "loss": 0.11928389980802541
}