{
  "accuracy": 0.9794801641586868,
  "macro_fscore": 0.9648955717308002,
  "micro_fscore": 0.9822569198012774,
  "loss": 0.09856559816272119
}