{
  "accuracy": 0.9794801641586868,
  "macro_fscore": 0.9710006411103086,
  "micro_fscore": 0.9822316986496091,
  "loss": 0.12039102687697817
}