{
  "accuracy": 0.9767441860465116,
  "macro_fscore": 0.9677629071253021,
  "micro_fscore": 0.9808646350106308,
  "loss": 0.1075764776247208
}