{
  "accuracy": 0.9794801641586868,
  "macro_fscore": 0.9765767805683786,
  "micro_fscore": 0.9843527738264581,
  "loss": 0.1487327612632587
}