{
  "accuracy": 0.8783382789317508,
  "macro_fscore": 0.5892681797701201,
  "micro_fscore": 0.880952380952381,
  "loss": 0.4742883541197939
}