{
  "accuracy": 0.8456973293768546,
  "macro_fscore": 0.6003990267435645,
  "micro_fscore": 0.849478390461997,
  "loss": 0.4853224431175146
}