{
  "accuracy": 0.8902077151335311,
  "macro_fscore": 0.683779073682976,
  "micro_fscore": 0.8928571428571429,
  "loss": 0.4582819650161334
}