{
  "UAS": 0.5282187520248818,
  "LAS": 0.38236247003175017,
  "UEM": 0.03117782909930716,
  "LEM": 0.003464203233256351,
  "LOAS": 0.5847210522905463,
  "LOEM": 0.005773672055427252,
  "loss": 10.073865073067802
}