{
  "UAS": 0.5374198146828225,
  "LAS": 0.3819736927363442,
  "UEM": 0.03233256351039261,
  "LEM": 0.0023094688221709007,
  "LOAS": 0.5685867945311994,
  "LOEM": 0.0023094688221709007,
  "loss": 9.405070407049996
}