{
  "UAS": 0.5210911682757727,
  "LAS": 0.3729022225102054,
  "UEM": 0.03348729792147806,
  "LEM": 0.003464203233256351,
  "LOAS": 0.5799261323138729,
  "LOEM": 0.004618937644341801,
  "loss": 11.532752513885498
}