{
  "accuracy": 0.8045977011494253,
  "macro_fscore": 0.6442362177846049,
  "micro_fscore": 0.8187134502923976,
  "loss": 0.6521216630935669
}