{
  "accuracy": 0.8160919540229885,
  "macro_fscore": 0.5742296918767507,
  "micro_fscore": 0.8304093567251463,
  "loss": 0.6684628253181776
}