{
  "accuracy": 0.8505747126436781,
  "macro_fscore": 0.7608547008547009,
  "micro_fscore": 0.8604651162790696,
  "loss": 0.5839209432403246
}