{
  "accuracy": 0.8160919540229885,
  "macro_fscore": 0.6571428571428571,
  "micro_fscore": 0.8304093567251463,
  "loss": 0.7611227830251058
}