{
  "UAS": 0.6674564625044426,
  "LAS": 0.46795403388224144,
  "UEM": 0.058,
  "LEM": 0.011,
  "LOAS": 0.6153299372112309,
  "LOEM": 0.022,
  "loss": 8.751958340406418
}