{
  "UAS": 0.6524700864826443,
  "LAS": 0.4527899537969435,
  "UEM": 0.055,
  "LEM": 0.01,
  "LOAS": 0.6137898353275678,
  "LOEM": 0.014,
  "loss": 8.185288682579994
}