{
  "UAS": 0.6509892192868144,
  "LAS": 0.4425423528018007,
  "UEM": 0.056,
  "LEM": 0.012,
  "LOAS": 0.5975002961734391,
  "LOEM": 0.013,
  "loss": 8.69249002635479
}