{
    "model_count": 5,
    "em_accuracy_mean": 0.5864825581395349,
    "em_accuracy_std": 0.012741361476952576,
    "loss_mean": 0.0,
    "loss_std": 0.0
}