{
  "em_accuracy": 0.8502051983584131,
  "loss": 1.1372198815779253
}