{
  "em_accuracy": 0.8518011855905153,
  "loss": 1.130988531329415
}