{
  "em_accuracy": 0.8511171910624715,
  "loss": 1.140709473436529
}