{
  "em_accuracy": 0.8465572275421797,
  "loss": 1.1418403447758068
}