{
  "UAS": 0.7286208151382824,
  "LAS": 0.5400291120815138,
  "UEM": 0.078,
  "LEM": 0.004,
  "LOAS": 0.6240902474526928,
  "LOEM": 0.004,
  "loss": 8.166315376758575
}