{
  "UAS": 0.7408114992721979,
  "LAS": 0.5503093158660844,
  "UEM": 0.082,
  "LEM": 0.004,
  "LOAS": 0.6369177583697234,
  "LOEM": 0.004,
  "loss": 6.361635833978653
}