{
  "UAS": 0.7437227074235808,
  "LAS": 0.5342066957787481,
  "UEM": 0.074,
  "LEM": 0.002,
  "LOAS": 0.6218158660844251,
  "LOEM": 0.002,
  "loss": 6.281216114759445
}