{
  "UAS": 0.7362627365356623,
  "LAS": 0.5387554585152838,
  "UEM": 0.07,
  "LEM": 0.004,
  "LOAS": 0.6255458515283843,
  "LOEM": 0.004,
  "loss": 7.876958340406418
}