{
  "UAS": 0.7151564774381368,
  "LAS": 0.47989446870451236,
  "UEM": 0.066,
  "LEM": 0.002,
  "LOAS": 0.569778020378457,
  "LOEM": 0.002,
  "loss": 6.593074262142181
}