{
    "model_count": 5,
    "UAS_mean": 0.7329148471615721,
    "UAS_std": 0.011447420315422218,
    "LAS_mean": 0.5286390101892285,
    "LAS_std": 0.02787789690488561,
    "UEM_mean": 0.074,
    "UEM_std": 0.006324555320336758,
    "LEM_mean": 0.0032,
    "LEM_std": 0.0010954451150103322,
    "LOAS_mean": 0.6156295487627366,
    "LOAS_std": 0.02628563071486131,
    "LOEM_mean": 0.0032,
    "LOEM_std": 0.0010954451150103322,
    "loss_mean": 7.055839985609055,
    "loss_std": 0.8949168407148994
}