{
  "UAS": 0.34320578130553253,
  "LAS": 0.18884018481222603,
  "UEM": 0.021,
  "LEM": 0.008,
  "loss": 2.9520942218719965
}