{
  "UAS": 0.3228290486909134,
  "LAS": 0.17166212534059946,
  "UEM": 0.022,
  "LEM": 0.008,
  "loss": 2.9772436789103915
}