{"model_count": 10, "em_accuracy_mean": 0.5067354173380599, "em_accuracy_std": 0.009970328937431334, "loss_mean": 1.483063921117291, "loss_std": 0.016600519059027836}