{
  "em_accuracy": 0.515630035449565,
  "loss": 1.4670861086894555
}