{
  "em_accuracy": 0.5088623912342894,
  "loss": 1.4925407392462504
}