{
  "em_accuracy": 0.5088623912342894,
  "loss": 1.4667323520503093
}