{
  "em_accuracy": 0.5130518852723172,
  "loss": 1.4913113854595066
}