{
  "em_accuracy": 0.5149854979052529,
  "loss": 1.4649874654012858
}