{
  "em_accuracy": 0.4840476957782791,
  "loss": 1.51264278483145
}