{
  "accuracy": 0.8724035608308606,
  "macro_fscore": 0.5983740053043254,
  "micro_fscore": 0.8842105263157894,
  "loss": 0.697085120439376
}