{
  "accuracy": 0.8813056379821959,
  "macro_fscore": 0.5356494293407363,
  "micro_fscore": 0.8865671641791044,
  "loss": 0.6676755546250206
}