{
  "accuracy": 0.8783382789317508,
  "macro_fscore": 0.6195159367910368,
  "micro_fscore": 0.8902255639097745,
  "loss": 0.41057343676220626
}