{
  "accuracy": 0.857566765578635,
  "macro_fscore": 0.5557264504914755,
  "micro_fscore": 0.8639760837070254,
  "loss": 0.605671021927926
}