{
  "em_accuracy": 0.18968023255813954,
  "loss": 2.4315726639226427
}