{
  "em_accuracy": 0.2162063953488372,
  "loss": 2.3715869125931763
}