{
  "em_accuracy": 0.18023255813953487,
  "loss": 2.4841975223186403
}