{
  "em_accuracy": 0.17405523255813954,
  "loss": 2.464026909234912
}