{
  "em_accuracy": 0.15915697674418605,
  "loss": 2.564778497052747
}