{
  "em_accuracy": 0.20930232558139536,
  "loss": 2.368949384883393
}