{"model_count": 10, "em_accuracy_mean": 0.19563953488372093, "em_accuracy_std": 0.021517301437731215, "loss_mean": 2.4308539927698845, "loss_std": 0.07618835708959674}