{
    "model_count": 5,
    "accuracy_mean": 0.4176470588235294,
    "accuracy_std": 0.023773246378396354,
    "macro_fscore_mean": 0.3536875723950241,
    "macro_fscore_std": 0.03563348330091428,
    "micro_fscore_mean": 0.4101559469283238,
    "micro_fscore_std": 0.0342855776250462,
    "label_per:date_of_death_fscore_mean": 0.5087581699346405,
    "label_per:date_of_death_fscore_std": 0.07156877667337534,
    "label_org:subsidiaries_fscore_mean": 0.17379953379953378,
    "label_org:subsidiaries_fscore_std": 0.11917026858591713,
    "label_per:country_of_birth_fscore_mean": 0.23333333333333334,
    "label_per:country_of_birth_fscore_std": 0.15786969153758693,
    "label_per:spouse_fscore_mean": 0.5933909228026875,
    "label_per:spouse_fscore_std": 0.13395732434054378,
    "label_per:religion_fscore_mean": 0.18095238095238098,
    "label_per:religion_fscore_std": 0.2616882221720779,
    "label_per:origin_fscore_mean": 0.17802197802197803,
    "label_per:origin_fscore_std": 0.060389589732017974,
    "label_org:political/religious_affiliation_fscore_mean": 0.21372549019607845,
    "label_org:political/religious_affiliation_fscore_std": 0.21684182432861573,
    "label_per:other_family_fscore_mean": 0.17380952380952383,
    "label_per:other_family_fscore_std": 0.050113250428212346,
    "label_org:members_fscore_mean": 0.023529411764705882,
    "label_org:members_fscore_std": 0.052613364176465637,
    "label_org:founded_fscore_mean": 0.4646336996336996,
    "label_org:founded_fscore_std": 0.12007140090012831,
    "label_per:alternate_names_fscore_mean": 0.20087912087912088,
    "label_per:alternate_names_fscore_std": 0.11141361496606592,
    "label_org:number_of_employees/members_fscore_mean": 0.41025641025641024,
    "label_org:number_of_employees/members_fscore_std": 0.07022084070579049,
    "label_per:siblings_fscore_mean": 0.4341251885369532,
    "label_per:siblings_fscore_std": 0.19389738285940275,
    "label_org:dissolved_fscore_mean": 0,
    "label_org:dissolved_fscore_std": 0.0,
    "label_org:website_fscore_mean": 0.7664335664335664,
    "label_org:website_fscore_std": 0.08756629841957214,
    "label_org:parents_fscore_mean": 0,
    "label_org:parents_fscore_std": 0.0,
    "label_per:charges_fscore_mean": 0.20139860139860138,
    "label_per:charges_fscore_std": 0.16536650353966378,
    "label_per:date_of_birth_fscore_mean": 0.8387012987012987,
    "label_per:date_of_birth_fscore_std": 0.04011704918549794,
    "label_org:member_of_fscore_mean": 0.06666666666666668,
    "label_org:member_of_fscore_std": 0.09128709291752769,
    "label_org:stateorprovince_of_headquarters_fscore_mean": 0.3679120879120879,
    "label_org:stateorprovince_of_headquarters_fscore_std": 0.14874875625977466,
    "label_per:children_fscore_mean": 0.4668686868686869,
    "label_per:children_fscore_std": 0.166970033058624,
    "label_org:shareholders_fscore_mean": 0.04444444444444444,
    "label_org:shareholders_fscore_std": 0.09938079899999064,
    "label_org:city_of_headquarters_fscore_mean": 0.34094304388422036,
    "label_org:city_of_headquarters_fscore_std": 0.16839335123990004,
    "label_org:founded_by_fscore_mean": 0.05934065934065934,
    "label_org:founded_by_fscore_std": 0.081348375926689,
    "label_per:parents_fscore_mean": 0.22833333333333333,
    "label_per:parents_fscore_std": 0.10062305898749054,
    "label_per:city_of_death_fscore_mean": 0.6333333333333333,
    "label_per:city_of_death_fscore_std": 0.09746962978845239,
    "label_per:stateorprovince_of_death_fscore_mean": 0.7023809523809523,
    "label_per:stateorprovince_of_death_fscore_std": 0.10714285714285711,
    "label_per:age_fscore_mean": 0.91313207864932,
    "label_per:age_fscore_std": 0.018962379783451902,
    "label_org:alternate_names_fscore_mean": 0.45478991596638657,
    "label_org:alternate_names_fscore_std": 0.13553973216674742,
    "label_per:cities_of_residence_fscore_mean": 0.14246031746031748,
    "label_per:cities_of_residence_fscore_std": 0.029972797779018567,
    "label_per:stateorprovince_of_birth_fscore_mean": 0.23333333333333334,
    "label_per:stateorprovince_of_birth_fscore_std": 0.32489314482696546,
    "label_per:city_of_birth_fscore_mean": 0.6766310160427808,
    "label_per:city_of_birth_fscore_std": 0.04821269716851895,
    "label_org:top_members/employees_fscore_mean": 0.5426213552529342,
    "label_org:top_members/employees_fscore_std": 0.06301087859445217,
    "label_per:stateorprovinces_of_residence_fscore_mean": 0.24977375565610863,
    "label_per:stateorprovinces_of_residence_fscore_std": 0.2375113079069575,
    "label_per:employee_of_fscore_mean": 0.19624542124542124,
    "label_per:employee_of_fscore_std": 0.1424278265414562,
    "label_per:title_fscore_mean": 0.5644153649670891,
    "label_per:title_fscore_std": 0.08605502415284384,
    "label_org:country_of_headquarters_fscore_mean": 0.17272727272727273,
    "label_org:country_of_headquarters_fscore_std": 0.11814296175526018,
    "label_per:countries_of_residence_fscore_mean": 0.2597987616099071,
    "label_per:countries_of_residence_fscore_std": 0.14546261387250417,
    "label_per:schools_attended_fscore_mean": 0.5796065922381712,
    "label_per:schools_attended_fscore_std": 0.10457746584687935,
    "label_per:cause_of_death_fscore_mean": 0.6559958720330238,
    "label_per:cause_of_death_fscore_std": 0.0666508334580302,
    "loss_mean": 2.3698448475450276,
    "loss_std": 0.3292624486779354
}