{
  "accuracy": 0.4117647058823529,
  "macro_fscore": 0.35517472968208263,
  "micro_fscore": 0.40360360360360364,
  "label_org:subsidiaries_fscore": 0.1818181818181818,
  "label_per:religion_fscore": 0.33333333333333337,
  "label_per:children_fscore": 0.4,
  "label_per:charges_fscore": 0.4615384615384615,
  "label_per:alternate_names_fscore": 0.15384615384615385,
  "label_per:title_fscore": 0.48,
  "label_org:political/religious_affiliation_fscore": 0.23529411764705882,
  "label_per:date_of_birth_fscore": 0.8,
  "label_per:stateorprovince_of_death_fscore": 0.75,
  "label_org:country_of_headquarters_fscore": 0.18181818181818182,
  "label_per:city_of_birth_fscore": 0.625,
  "label_per:origin_fscore": 0.14285714285714288,
  "label_per:employee_of_fscore": 0.37499999999999994,
  "label_org:founded_by_fscore": 0.15384615384615385,
  "label_org:members_fscore": 0.11764705882352941,
  "label_org:alternate_names_fscore": 0.39999999999999997,
  "label_per:siblings_fscore": 0.16666666666666669,
  "label_per:age_fscore": 0.923076923076923,
  "label_org:shareholders_fscore": 0.2222222222222222,
  "label_per:stateorprovinces_of_residence_fscore": 0.3076923076923077,
  "label_per:stateorprovince_of_birth_fscore": 0,
  "label_org:website_fscore": 0.7272727272727273,
  "label_org:top_members/employees_fscore": 0.5333333333333333,
  "label_per:other_family_fscore": 0.2,
  "label_org:dissolved_fscore": 0,
  "label_per:schools_attended_fscore": 0.7272727272727273,
  "label_org:founded_fscore": 0.5333333333333333,
  "label_org:parents_fscore": 0,
  "label_per:city_of_death_fscore": 0.5,
  "label_org:city_of_headquarters_fscore": 0.25,
  "label_per:cause_of_death_fscore": 0.5882352941176471,
  "label_per:countries_of_residence_fscore": 0.12500000000000003,
  "label_org:member_of_fscore": 0,
  "label_org:stateorprovince_of_headquarters_fscore": 0.4,
  "label_per:parents_fscore": 0.13333333333333336,
  "label_per:spouse_fscore": 0.6666666666666667,
  "label_per:date_of_death_fscore": 0.5882352941176471,
  "label_per:cities_of_residence_fscore": 0.1111111111111111,
  "label_org:number_of_employees/members_fscore": 0.4615384615384615,
  "label_per:country_of_birth_fscore": 0.25,
  "loss": 2.889810997992754
}