{"model_count": 10, "em_accuracy_mean": 0.8474008207934336, "em_accuracy_std": 0.004045923836030196, "loss_mean": 1.143238580465317, "loss_std": 0.004453629771259804}