{
  "em_accuracy": 0.8490652074783401,
  "loss": 1.1416073001514782
}