{
  "em_accuracy": 0.844733242134063,
  "loss": 1.1504305644468829
}