{
  "em_accuracy": 0.8419972640218878,
  "loss": 1.1389347319169478
}