{
  "em_accuracy": 0.8520291837665299,
  "loss": 1.148368444226005
}