{
  "em_accuracy": 0.8442772457820338,
  "loss": 1.1453086788004094
}