{
  "em_accuracy": 0.8472412220702235,
  "loss": 1.1413866407221014
}