{
  "em_accuracy": 0.8419972640218878,
  "loss": 1.1466445393995806
}