{
  "accuracy": 0.8478260869565217,
  "macro_fscore": 0.703054551832758,
  "micro_fscore": 0.8486416558861578,
  "loss": 1.0320629447209173
}