{
  "accuracy": 0.8363171355498721,
  "macro_fscore": 0.6884272275893386,
  "micro_fscore": 0.8380829015544042,
  "loss": 1.2359130658477793
}