{
  "accuracy": 0.8160919540229885,
  "macro_fscore": 0.5441798941798942,
  "micro_fscore": 0.8208092485549133,
  "loss": 0.44006240523109835
}