{
  "accuracy": 0.8160919540229885,
  "macro_fscore": 0.6586289394985047,
  "micro_fscore": 0.8255813953488372,
  "loss": 0.7173058080176512
}