{
  "accuracy": 0.7816091954022989,
  "macro_fscore": 0.6271717470328034,
  "micro_fscore": 0.7861271676300577,
  "loss": 0.6911600281794866
}