{
  "accuracy": 0.8045977011494253,
  "macro_fscore": 0.6580515054216234,
  "micro_fscore": 0.813953488372093,
  "loss": 0.731934388478597
}