{
  "accuracy": 0.7931034482758621,
  "macro_fscore": 0.6702053429027113,
  "micro_fscore": 0.8023255813953488,
  "loss": 0.8428922692934672
}