{
  "UAS": 0.7447484554280671,
  "LAS": 0.5444836716681377,
  "UEM": 0.07,
  "LEM": 0.008,
  "LOAS": 0.6372462488967343,
  "LOEM": 0.01,
  "loss": 5.372230917215347
}