{
  "UAS": 0.7398940864960283,
  "LAS": 0.5458958517210944,
  "UEM": 0.082,
  "LEM": 0.008,
  "LOAS": 0.6471315092674316,
  "LOEM": 0.01,
  "loss": 4.123176425695419
}