{
    "model_count": 5,
    "UAS_mean": 0.7714905305768397,
    "UAS_std": 0.002786808271384884,
    "LAS_mean": 0.6397378439593272,
    "LAS_std": 0.0045915661211573516,
    "UEM_mean": 0.1188,
    "UEM_std": 0.006379655163094631,
    "LEM_mean": 0.028,
    "LEM_std": 0.003674234614174767,
    "LOAS_mean": 0.7450532504457617,
    "LOAS_std": 0.005884821383400956,
    "LOEM_mean": 0.0472,
    "LOEM_std": 0.00426614580154031,
    "loss_mean": 7.393667587637902,
    "loss_std": 0.5900903911304329
}