{
  "UAS": 0.772107368319599,
  "LAS": 0.6326924003662474,
  "UEM": 0.11,
  "LEM": 0.025,
  "LOAS": 0.7364464363163221,
  "LOEM": 0.043,
  "loss": 7.132336348295212
}