{
  "UAS": 0.7674328948002506,
  "LAS": 0.6399209676642089,
  "UEM": 0.123,
  "LEM": 0.03,
  "LOAS": 0.7466628114307744,
  "LOEM": 0.049,
  "loss": 7.966264858841896
}