{
  "UAS": 0.7703243217194352,
  "LAS": 0.6436316322104959,
  "UEM": 0.126,
  "LEM": 0.033,
  "LOAS": 0.7513372849501229,
  "LOEM": 0.053,
  "loss": 6.724839434027672
}