{
  "accuracy": 0.9291338582677166,
  "macro_fscore": 0.4639294403892944,
  "micro_fscore": 0.9349593495934959,
  "loss": 0.2800222169607878
}