{
  "accuracy": 0.9212598425196851,
  "macro_fscore": 0.45806416745085077,
  "micro_fscore": 0.9311740890688259,
  "loss": 0.35207402444211766
}