{
  "accuracy": 0.889763779527559,
  "macro_fscore": 0.3966002476640774,
  "micro_fscore": 0.891566265060241,
  "loss": 0.38418932631611824
}