{
  "UAS": 0.5234680293726113,
  "LAS": 0.4395585519817924,
  "UEM": 0.006,
  "LEM": 0.005,
  "loss": 1.9970365213969397
}