{
  "UAS": 0.5224374114312706,
  "LAS": 0.438141452312449,
  "UEM": 0.007,
  "LEM": 0.005,
  "loss": 1.9966715233666557
}