{
  "UAS": 0.5331730149869026,
  "LAS": 0.44952119208141883,
  "UEM": 0.007,
  "LEM": 0.006,
  "loss": 1.9768570926454332
}