{
  "UAS": 0.5327865332588998,
  "LAS": 0.4477176106840727,
  "UEM": 0.006,
  "LEM": 0.005,
  "loss": 1.9713549008445135
}