{
  "accuracy": 0.9210526315789473,
  "macro_fscore": 0.39036378783671205,
  "micro_fscore": 0.9329758713136729,
  "loss": 0.4928601741945992
}