{
  "accuracy": 0.9052631578947369,
  "macro_fscore": 0.4040981414627624,
  "micro_fscore": 0.9139784946236559,
  "loss": 0.48464814459051314
}