{
  "em_accuracy": 0.5474347950702207,
  "loss": 1.6537110500684067
}