{
  "em_accuracy": 0.5631986242476354,
  "loss": 1.5850225352261165
}