{
    "model_count": 5,
    "UAS_mean": 0.8443015449324598,
    "UAS_std": 0.002239658391299386,
    "LAS_mean": 0.7870581574051606,
    "LAS_std": 0.0023584696711969042,
    "UEM_mean": 0.15159999999999998,
    "UEM_std": 0.0039749213828703615,
    "LEM_mean": 0.0612,
    "LEM_std": 0.0030331501776206206,
    "LOAS_mean": 0.8755722721022405,
    "LOAS_std": 0.0025776985752454006,
    "LOEM_mean": 0.1368,
    "LOEM_std": 0.005167204273105517,
    "loss_mean": 4.833754137158394,
    "loss_std": 0.20041991834242287
}