{
  "UAS": 0.8443743427970557,
  "LAS": 0.7838307854080725,
  "UEM": 0.146,
  "LEM": 0.057,
  "LOAS": 0.8717139852786541,
  "LOEM": 0.13,
  "loss": 4.771759644150734
}