{
  "UAS": 0.8428779422470274,
  "LAS": 0.7891692954784437,
  "UEM": 0.153,
  "LEM": 0.061,
  "LOAS": 0.8786297824152713,
  "LOEM": 0.142,
  "loss": 4.9633865132927895
}