{
    "model_count": 5,
    "em_accuracy_mean": 0.31751453488372094,
    "em_accuracy_std": 0.0072510716790597125,
    "loss_mean": 0.0,
    "loss_std": 0.0
}