{
  "accuracy": 0.8295652173913044,
  "loss": 0.8843252816134028
}