{
  "accuracy": 0.7326836059867734,
  "macro_fscore": 0.643022738684985,
  "micro_fscore": 0.7326836059867734,
  "label_production_company_fscore": 0.8,
  "label_member_of_fscore": 0.6086956521739131,
  "label_genre_fscore": 0.6451612903225806,
  "label_educated_at_fscore": 0.8571428571428571,
  "label_manner_of_death_fscore": 0.20689655172413793,
  "label_original_language_of_film_or_TV_show_fscore": 0.898876404494382,
  "label_employer_fscore": 0.5510204081632654,
  "label_named_after_fscore": 0.6666666666666666,
  "label_father_fscore": 0.7872340425531914,
  "label_color_fscore": 0.8437499999999999,
  "label_tributary_fscore": 0.5882352941176471,
  "label_performer_fscore": 0.3147208121827411,
  "label_capital_of_fscore": 0.9130434782608695,
  "label_award_received_fscore": 0.8631578947368421,
  "label_league_fscore": 0.14285714285714288,
  "label_capital_fscore": 0.9074074074074073,
  "label_spouse_fscore": 0.8673139158576052,
  "label_member_of_sports_team_fscore": 0.8029197080291971,
  "label_nominated_for_fscore": 0,
  "label_subsidiary_fscore": 0.8333333333333333,
  "label_owned_by_fscore": 0.18181818181818182,
  "label_position_held_fscore": 0.8493150684931507,
  "label_parent_organization_fscore": 0.6206896551724138,
  "label_present_in_work_fscore": 0.2325581395348837,
  "label_winner_fscore": 0.8666666666666666,
  "label_located_in_or_next_to_body_of_water_fscore": 0.6511627906976745,
  "label_mother_fscore": 0.6853146853146853,
  "label_screenwriter_fscore": 0.5000000000000001,
  "label_occupation_fscore": 0.3870967741935484,
  "label_material_used_fscore": 0.8585365853658536,
  "label_child_fscore": 0.8156424581005587,
  "label_student_of_fscore": 0.7142857142857143,
  "label_director_fscore": 0.843159065628476,
  "label_creator_fscore": 0.375,
  "label_sport_fscore": 0.5935483870967742,
  "label_discoverer_or_inventor_fscore": 0.5925925925925926,
  "label_contains_administrative_territorial_entity_fscore": 0.7391304347826088,
  "label_place_of_birth_fscore": 0.9032258064516129,
  "label_producer_fscore": 0.4,
  "label_country_of_citizenship_fscore": 0.33333333333333326,
  "label_member_of_political_party_fscore": 0.9116945107398569,
  "label_participant_fscore": 0.42857142857142855,
  "label_writing_system_fscore": 1.0,
  "label_continent_fscore": 0.8518518518518519,
  "label_place_of_death_fscore": 0.8285714285714286,
  "label_founded_by_fscore": 0.7647058823529411,
  "label_publisher_fscore": 0.6666666666666666,
  "label_shares_border_with_fscore": 0.9315068493150684,
  "label_composer_fscore": 0.46416382252559724,
  "label_ethnic_group_fscore": 0,
  "label_sibling_fscore": 0.7049180327868853,
  "loss": 1.0012956442104446
}