{
  "accuracy": 0.7030978071702053,
  "macro_fscore": 0.6274799948514221,
  "micro_fscore": 0.7030978071702053,
  "label_production_company_fscore": 0.8,
  "label_member_of_fscore": 0.8888888888888888,
  "label_genre_fscore": 0.6862745098039215,
  "label_educated_at_fscore": 0.8666666666666666,
  "label_manner_of_death_fscore": 0.07692307692307693,
  "label_original_language_of_film_or_TV_show_fscore": 0.8783068783068784,
  "label_employer_fscore": 0.6136363636363636,
  "label_named_after_fscore": 0.5714285714285715,
  "label_father_fscore": 0.7373271889400922,
  "label_color_fscore": 0.9185185185185184,
  "label_tributary_fscore": 0.5555555555555556,
  "label_performer_fscore": 0.449438202247191,
  "label_capital_of_fscore": 0.8181818181818182,
  "label_award_received_fscore": 0.8297872340425532,
  "label_league_fscore": 0.06965174129353233,
  "label_capital_fscore": 0.8627450980392157,
  "label_spouse_fscore": 0.8571428571428571,
  "label_member_of_sports_team_fscore": 0.8256880733944955,
  "label_nominated_for_fscore": 0,
  "label_subsidiary_fscore": 0.8387096774193548,
  "label_owned_by_fscore": 0.2222222222222222,
  "label_position_held_fscore": 0.8533333333333334,
  "label_parent_organization_fscore": 0.47058823529411764,
  "label_present_in_work_fscore": 0.41379310344827586,
  "label_winner_fscore": 0.896551724137931,
  "label_located_in_or_next_to_body_of_water_fscore": 0.6818181818181819,
  "label_mother_fscore": 0.7154471544715447,
  "label_screenwriter_fscore": 0.4782608695652174,
  "label_occupation_fscore": 0.3846153846153846,
  "label_material_used_fscore": 0.900523560209424,
  "label_child_fscore": 0.8625,
  "label_student_of_fscore": 0.2857142857142857,
  "label_director_fscore": 0.8008948545861297,
  "label_creator_fscore": 0.18181818181818182,
  "label_sport_fscore": 0.2834645669291339,
  "label_contains_administrative_territorial_entity_fscore": 0.8143712574850299,
  "label_discoverer_or_inventor_fscore": 0.5714285714285715,
  "label_place_of_birth_fscore": 0.9032258064516129,
  "label_producer_fscore": 0.5405405405405405,
  "label_country_of_citizenship_fscore": 0.4,
  "label_member_of_political_party_fscore": 0.9348837209302325,
  "label_participant_fscore": 0.8,
  "label_writing_system_fscore": 1.0,
  "label_continent_fscore": 0.9583333333333334,
  "label_place_of_death_fscore": 0.8125,
  "label_publisher_fscore": 0.4615384615384615,
  "label_founded_by_fscore": 0.6875,
  "label_shares_border_with_fscore": 0.8571428571428571,
  "label_composer_fscore": 0.01226993865030675,
  "label_ethnic_group_fscore": 0,
  "label_sibling_fscore": 0.6713286713286714,
  "loss": 1.1904626766840616
}