{
  "accuracy": 0.6836059867734076,
  "macro_fscore": 0.578862605958594,
  "micro_fscore": 0.6836059867734076,
  "label_production_company_fscore": 0.7213114754098361,
  "label_member_of_fscore": 0.3269230769230769,
  "label_genre_fscore": 0.7647058823529411,
  "label_educated_at_fscore": 0.8571428571428571,
  "label_manner_of_death_fscore": 0,
  "label_original_language_of_film_or_TV_show_fscore": 0.7354838709677418,
  "label_employer_fscore": 0.6923076923076924,
  "label_named_after_fscore": 0.33333333333333337,
  "label_father_fscore": 0.8062827225130889,
  "label_color_fscore": 0.9104477611940299,
  "label_tributary_fscore": 0.5555555555555556,
  "label_capital_of_fscore": 0.8260869565217391,
  "label_performer_fscore": 0.05797101449275362,
  "label_award_received_fscore": 0.7920792079207921,
  "label_league_fscore": 0.09859154929577466,
  "label_capital_fscore": 0.8952380952380953,
  "label_spouse_fscore": 0.880952380952381,
  "label_member_of_sports_team_fscore": 0.8062015503875969,
  "label_nominated_for_fscore": 0,
  "label_subsidiary_fscore": 0.8,
  "label_owned_by_fscore": 0.1,
  "label_position_held_fscore": 0.7560975609756098,
  "label_parent_organization_fscore": 0.5806451612903226,
  "label_present_in_work_fscore": 0.3448275862068966,
  "label_winner_fscore": 0.8666666666666666,
  "label_located_in_or_next_to_body_of_water_fscore": 0.7916666666666666,
  "label_mother_fscore": 0.7007299270072992,
  "label_occupation_fscore": 0.31884057971014496,
  "label_screenwriter_fscore": 0.382608695652174,
  "label_material_used_fscore": 0.8854166666666667,
  "label_child_fscore": 0.877742946708464,
  "label_student_of_fscore": 0.6666666666666666,
  "label_director_fscore": 0.8008611410118408,
  "label_creator_fscore": 0,
  "label_sport_fscore": 0.4593639575971732,
  "label_discoverer_or_inventor_fscore": 0.45161290322580644,
  "label_contains_administrative_territorial_entity_fscore": 0.7313432835820896,
  "label_place_of_birth_fscore": 0.7575757575757576,
  "label_producer_fscore": 0,
  "label_country_of_citizenship_fscore": 0.33333333333333337,
  "label_member_of_political_party_fscore": 0.7774798927613942,
  "label_participant_fscore": 0.36363636363636365,
  "label_writing_system_fscore": 0.8000000000000002,
  "label_continent_fscore": 0.8775510204081632,
  "label_place_of_death_fscore": 0.8135593220338984,
  "label_founded_by_fscore": 0.6190476190476191,
  "label_publisher_fscore": 0.5714285714285715,
  "label_shares_border_with_fscore": 0.8767123287671234,
  "label_composer_fscore": 0.4892966360856269,
  "label_ethnic_group_fscore": 0,
  "label_sibling_fscore": 0.6666666666666667,
  "loss": 1.240258804212014
}