{
    "model_count": 5,
    "UAS_mean": 0.6679811866859624,
    "UAS_std": 0.004427447627446244,
    "LAS_mean": 0.46959720212252776,
    "LAS_std": 0.0028979340522513426,
    "UEM_mean": 0.067,
    "UEM_std": 0.0029154759474226528,
    "LEM_mean": 0.0108,
    "LEM_std": 0.0008366600265340754,
    "LOAS_mean": 0.5868909792571153,
    "LOAS_std": 0.0034362542562847544,
    "LOEM_mean": 0.0116,
    "LOEM_std": 0.0013416407864998735,
    "loss_mean": 7.234873834252357,
    "loss_std": 0.7431576841670459
}