{
  "UAS": 0.6671490593342981,
  "LAS": 0.4695489628557646,
  "UEM": 0.063,
  "LEM": 0.012,
  "LOAS": 0.5826700434153401,
  "LOEM": 0.013,
  "loss": 7.877308622002602
}