{
  "UAS": 0.6631693198263386,
  "LAS": 0.4699107573564882,
  "UEM": 0.069,
  "LEM": 0.011,
  "LOAS": 0.5921369995176073,
  "LOEM": 0.013,
  "loss": 6.503174036741257
}