{
  "UAS": 0.6747467438494935,
  "LAS": 0.47190062711046793,
  "UEM": 0.07,
  "LEM": 0.011,
  "LOAS": 0.5856246985045828,
  "LOEM": 0.011,
  "loss": 8.179336413741112
}