{
  "UAS": 0.6370724346076458,
  "LAS": 0.47572937625754524,
  "UEM": 0.02003338898163606,
  "LEM": 0.00667779632721202,
  "LOAS": 0.6575704225352113,
  "LOEM": 0.018363939899833055,
  "loss": 8.707363379629035
}