{
  "UAS": 0.6283324949698189,
  "LAS": 0.46686368209255535,
  "UEM": 0.02337228714524207,
  "LEM": 0.01001669449081803,
  "LOAS": 0.6506539235412475,
  "LOEM": 0.02337228714524207,
  "loss": 7.668206139614708
}