{
  "UAS": 0.6379527162977867,
  "LAS": 0.4786846076458752,
  "UEM": 0.021702838063439065,
  "LEM": 0.00667779632721202,
  "LOAS": 0.6580105633802817,
  "LOEM": 0.021702838063439065,
  "loss": 7.502191769449334
}