{
  "UAS": 0.630658953722334,
  "LAS": 0.47252263581488935,
  "UEM": 0.025041736227045076,
  "LEM": 0.00667779632721202,
  "LOAS": 0.6576332997987927,
  "LOEM": 0.02003338898163606,
  "loss": 8.842428157204075
}