{
  "UAS": 0.6309733400402414,
  "LAS": 0.4765467806841046,
  "UEM": 0.01669449081803005,
  "LEM": 0.00667779632721202,
  "LOAS": 0.6641096579476862,
  "LOEM": 0.018363939899833055,
  "loss": 9.798065988641037
}