{
  "UAS": 0.46077003963439295,
  "LAS": 0.4096093181266683,
  "UEM": 0.074,
  "LEM": 0.037,
  "loss": 1.7819739069257463
}