{
  "UAS": 0.44916282455714635,
  "LAS": 0.39561595082099815,
  "UEM": 0.071,
  "LEM": 0.038,
  "loss": 1.791423621631804
}