{
  "UAS": 0.45057833859095686,
  "LAS": 0.3981234328237483,
  "UEM": 0.07,
  "LEM": 0.035,
  "loss": 1.77847873596918
}