{
    "model_count": 5,
    "accuracy_mean": 0.6600896860986547,
    "accuracy_std": 0.020154443994837876,
    "macro_fscore_mean": 0.6041028200385785,
    "macro_fscore_std": 0.045820386491096814,
    "micro_fscore_mean": 0.6699616800079528,
    "micro_fscore_std": 0.027498073158300444,
    "label_org:number_of_employees/members_fscore_mean": 0.8742857142857142,
    "label_org:number_of_employees/members_fscore_std": 0.07450517034517312,
    "label_per:religion_fscore_mean": 0.7333333333333333,
    "label_per:religion_fscore_std": 0.4346134936801766,
    "label_per:schools_attended_fscore_mean": 0.8355555555555557,
    "label_per:schools_attended_fscore_std": 0.04868644955601471,
    "label_per:children_fscore_mean": 0.5480952380952381,
    "label_per:children_fscore_std": 0.3695480478059493,
    "label_per:countries_of_residence_fscore_mean": 0.5238228438228438,
    "label_per:countries_of_residence_fscore_std": 0.10068721329509368,
    "label_per:other_family_fscore_mean": 0.44047619047619047,
    "label_per:other_family_fscore_std": 0.17210514636667804,
    "label_per:date_of_death_fscore_mean": 0.8228571428571428,
    "label_per:date_of_death_fscore_std": 0.03129843185743801,
    "label_per:city_of_birth_fscore_mean": 0.49714285714285716,
    "label_per:city_of_birth_fscore_std": 0.1909695990337259,
    "label_org:member_of_fscore_mean": 0.508888888888889,
    "label_org:member_of_fscore_std": 0.3288963963107119,
    "label_per:country_of_birth_fscore_mean": 0.5,
    "label_per:country_of_birth_fscore_std": 0.28867513459481287,
    "label_org:founded_by_fscore_mean": 0.5766666666666667,
    "label_org:founded_by_fscore_std": 0.3273632029820497,
    "label_per:title_fscore_mean": 0.6851393188854489,
    "label_per:title_fscore_std": 0.07263469003232007,
    "label_per:spouse_fscore_mean": 0.8999999999999999,
    "label_per:spouse_fscore_std": 0.1369306393762916,
    "label_per:stateorprovinces_of_residence_fscore_mean": 0.43714285714285717,
    "label_per:stateorprovinces_of_residence_fscore_std": 0.15142557649029934,
    "label_org:founded_fscore_mean": 0.816969696969697,
    "label_org:founded_fscore_std": 0.1001743200552455,
    "label_org:stateorprovince_of_headquarters_fscore_mean": 0.7714285714285715,
    "label_org:stateorprovince_of_headquarters_fscore_std": 0.047915742374995476,
    "label_org:top_members/employees_fscore_mean": 0.5096703296703297,
    "label_org:top_members/employees_fscore_std": 0.08577202901433871,
    "label_per:date_of_birth_fscore_mean": 0.9082517482517483,
    "label_per:date_of_birth_fscore_std": 0.07133963990805779,
    "label_org:shareholders_fscore_mean": 0.05,
    "label_org:shareholders_fscore_std": 0.1118033988749895,
    "label_per:alternate_names_fscore_mean": 0.2849206349206349,
    "label_per:alternate_names_fscore_std": 0.09291139373030649,
    "label_org:website_fscore_mean": 1.0,
    "label_org:website_fscore_std": 0.0,
    "label_org:members_fscore_mean": 0.487012987012987,
    "label_org:members_fscore_std": 0.10350576023465596,
    "label_per:origin_fscore_mean": 0.5704761904761905,
    "label_per:origin_fscore_std": 0.19291298427304937,
    "label_per:cause_of_death_fscore_mean": 0.923076923076923,
    "label_per:cause_of_death_fscore_std": 0.0,
    "label_org:political/religious_affiliation_fscore_mean": 0.8368831168831169,
    "label_org:political/religious_affiliation_fscore_std": 0.07374405190543806,
    "label_per:siblings_fscore_mean": 0.6597402597402597,
    "label_per:siblings_fscore_std": 0.3730687607120988,
    "label_org:subsidiaries_fscore_mean": 0.3466666666666667,
    "label_org:subsidiaries_fscore_std": 0.3346640106136302,
    "label_per:cities_of_residence_fscore_mean": 0.37362637362637363,
    "label_per:cities_of_residence_fscore_std": 0.15082392561880006,
    "label_per:stateorprovince_of_birth_fscore_mean": 0.5333333333333333,
    "label_per:stateorprovince_of_birth_fscore_std": 0.2981423969999719,
    "label_per:employee_of_fscore_mean": 0.5035964035964036,
    "label_per:employee_of_fscore_std": 0.31339514792987666,
    "label_org:parents_fscore_mean": 0.32761904761904764,
    "label_org:parents_fscore_std": 0.3139680934726025,
    "label_per:city_of_death_fscore_mean": 0.8857142857142857,
    "label_per:city_of_death_fscore_std": 0.06388765649999402,
    "label_org:city_of_headquarters_fscore_mean": 0.48,
    "label_org:city_of_headquarters_fscore_std": 0.2921186973360886,
    "label_per:age_fscore_mean": 0.9228571428571428,
    "label_per:age_fscore_std": 0.043173436025307134,
    "label_per:parents_fscore_mean": 0.7417340554182659,
    "label_per:parents_fscore_std": 0.1183424673267301,
    "label_org:alternate_names_fscore_mean": 0.6763636363636363,
    "label_org:alternate_names_fscore_std": 0.06971014368247565,
    "label_org:dissolved_fscore_mean": 0,
    "label_org:dissolved_fscore_std": 0.0,
    "label_org:country_of_headquarters_fscore_mean": 0.41904761904761906,
    "label_org:country_of_headquarters_fscore_std": 0.14045601146431078,
    "label_per:charges_fscore_mean": 0.8317171717171717,
    "label_per:charges_fscore_std": 0.07275392328760984,
    "label_per:stateorprovince_of_death_fscore_mean": 0.42000000000000004,
    "label_per:stateorprovince_of_death_fscore_std": 0.40249223594996214,
    "loss_mean": 1.32788083084992,
    "loss_std": 0.06332266087509618
}