{
  "accuracy": 0.8687782805429864,
  "macro_fscore": 0.6792000771239525,
  "micro_fscore": 0.8646080760095013,
  "loss": 0.5583866808031287
}