{
  "accuracy": 0.8552036199095022,
  "macro_fscore": 0.6908401931731644,
  "micro_fscore": 0.8530805687203792,
  "loss": 0.6493967374387596
}