{
  "accuracy": 0.8461538461538461,
  "macro_fscore": 0.720922174485243,
  "micro_fscore": 0.840855106888361,
  "loss": 0.5487641684178796
}