{
  "accuracy": 0.9243306169965075,
  "macro_fscore": 0.6453458673146762,
  "micro_fscore": 0.926056338028169,
  "loss": 0.42285158128167194
}