{
  "accuracy": 0.9161816065192084,
  "macro_fscore": 0.6989369120717187,
  "micro_fscore": 0.9177438307873089,
  "loss": 0.5025059711188078
}