{
  "accuracy": 0.9254947613504074,
  "macro_fscore": 0.6375026631775845,
  "micro_fscore": 0.9272300469483568,
  "loss": 0.429470933038155
}