{
  "accuracy": 0.9494809688581315,
  "macro_fscore": 0.5876958410053196,
  "micro_fscore": 0.9514155889549109,
  "loss": 0.3466593620434831
}