{
  "accuracy": 0.9273356401384083,
  "macro_fscore": 0.6019808942324714,
  "micro_fscore": 0.930672268907563,
  "loss": 0.3536658647942234
}