{
  "accuracy": 0.9536332179930795,
  "macro_fscore": 0.6421478439683098,
  "micro_fscore": 0.9552760307477288,
  "loss": 0.3153370062956218
}