{
  "accuracy": 0.9439446366782007,
  "macro_fscore": 0.5894823522186265,
  "micro_fscore": 0.9458231387626705,
  "loss": 0.24641034707099527
}