{"model_count": 10, "em_accuracy_mean": 0.38948312993539125, "em_accuracy_std": 0.005327801546557505, "loss_mean": 2.100941498381751, "loss_std": 0.03436390746117902}