{
  "em_accuracy": 0.3783201722900215,
  "loss": 2.1073217139925275
}