{
  "em_accuracy": 0.38944723618090454,
  "loss": 2.148991051060813
}