{
  "em_accuracy": 0.38908829863603733,
  "loss": 2.108524638584682
}