{
    "model_count": 5,
    "em_accuracy_mean": 0.37965116279069766,
    "em_accuracy_std": 0.005631681327342828,
    "loss_mean": 0.0,
    "loss_std": 0.0
}