{
    "model_count": 5,
    "UAS_mean": 0.005073546399691952,
    "UAS_std": 0.006098388508503391,
    "LAS_mean": 0.0002649210627647285,
    "LAS_std": 0.00039425298127442206,
    "UEM_mean": 0.0003154574132492113,
    "UEM_std": 0.0007053842200314793,
    "LEM_mean": 0.0,
    "LEM_std": 0.0,
    "LOAS_mean": 0.07540700808625336,
    "LOAS_std": 0.003155918728017375,
    "LOEM_mean": 0.0,
    "LOEM_std": 0.0,
    "loss_mean": 21.90730278015137,
    "loss_std": 7.19571073823021
}