{
  "UAS": 0.015155949172121678,
  "LAS": 0.0009241432422025414,
  "UEM": 0.0015772870662460567,
  "LEM": 0.0,
  "LOAS": 0.07671929149018097,
  "LOEM": 0.0,
  "loss": 19.449233055114746
}