{
  "UAS": 0.004405082787832114,
  "LAS": 6.160954948016943e-05,
  "UEM": 0.0,
  "LEM": 0.0,
  "LOAS": 0.071636503658067,
  "LOEM": 0.0,
  "loss": 20.56485768953959
}