{
  "UAS": 0.005313823642664613,
  "LAS": 0.00033885252214093184,
  "UEM": 0.0,
  "LEM": 0.0,
  "LOAS": 0.07813631112822488,
  "LOEM": 0.0,
  "loss": 33.217658599217735
}