{
  "UAS": 0.0002464381979206777,
  "LAS": 0.0,
  "UEM": 0.0,
  "LEM": 0.0,
  "LOAS": 0.07813631112822488,
  "LOEM": 0.0,
  "loss": 13.50772180557251
}