{
  "UAS": 0.0002464381979206777,
  "LAS": 0.0,
  "UEM": 0.0,
  "LEM": 0.0,
  "LOAS": 0.07240662302656911,
  "LOEM": 0.0,
  "loss": 22.797042751312254
}