{
    "model_count": 5,
    "em_accuracy_mean": 0.44350628424105704,
    "em_accuracy_std": 0.005346165995057114,
    "loss_mean": 0.0,
    "loss_std": 0.0
}