{
    "model_count": 5,
    "em_accuracy_mean": 0.38212209302325584,
    "em_accuracy_std": 0.0059353247061324,
    "loss_mean": 0.0,
    "loss_std": 0.0
}