{
  "em_accuracy": 0.38944723618090454,
  "loss": 1.83052935225623
}