{
  "em_accuracy": 0.3811916726489591,
  "loss": 1.801454804284232
}