{
  "em_accuracy": 0.3783201722900215,
  "loss": 1.8877244322640556
}