{
  "em_accuracy": 0.38657573582196697,
  "loss": 1.8364174049241202
}