{
  "em_accuracy": 0.3916008614501077,
  "loss": 1.8414407191957747
}