{
    "model_count": 5,
    "accuracy_mean": 0.8645424836601308,
    "accuracy_std": 0.012328212097999305,
    "macro_fscore_mean": 0.8710741411369457,
    "macro_fscore_std": 0.01363040545871133,
    "micro_fscore_mean": 0.870836589446084,
    "micro_fscore_std": 0.012351286798970722,
    "label_has-occupation_fscore_mean": 0.8934567944774258,
    "label_has-occupation_fscore_std": 0.021653671947352866,
    "label_has-sibling_fscore_mean": 0.9399674248517197,
    "label_has-sibling_fscore_std": 0.01490257347572124,
    "label_has-author_fscore_mean": 0.9753410126937373,
    "label_has-author_fscore_std": 0.01160794279067863,
    "label_has-nationality_fscore_mean": 0.2539062480431815,
    "label_has-nationality_fscore_std": 0.10040587794486973,
    "label_has-spouse_fscore_mean": 0.9494482639834582,
    "label_has-spouse_fscore_std": 0.018471872956132708,
    "label_org-has-founder_fscore_mean": 0.7089698327753269,
    "label_org-has-founder_fscore_std": 0.1330917328813905,
    "label_has-genre_fscore_mean": 0.9109300794301768,
    "label_has-genre_fscore_std": 0.04608808786301911,
    "label_movie-has-director_fscore_mean": 0.9753839680201978,
    "label_movie-has-director_fscore_std": 0.005761861534874448,
    "label_has-tourist-attraction_fscore_mean": 0.963630240575078,
    "label_has-tourist-attraction_fscore_std": 0.011221128694349804,
    "label_birth-place_fscore_mean": 0.6310667411392281,
    "label_birth-place_fscore_std": 0.10216434244554574,
    "label_invented-when_fscore_mean": 0.9691531993271876,
    "label_invented-when_fscore_std": 0.013999467129268504,
    "label_is-where_fscore_mean": 0.8824298321223661,
    "label_is-where_fscore_std": 0.041074819360498664,
    "label_is-member-of_fscore_mean": 0.9069883452052481,
    "label_is-member-of_fscore_std": 0.02384797031935794,
    "label_has-type_fscore_mean": 0.789274362221082,
    "label_has-type_fscore_std": 0.04495845689321723,
    "label_won-award_fscore_mean": 0.9317771982333619,
    "label_won-award_fscore_std": 0.016639226151873934,
    "label_invented-by_fscore_mean": 0.9797121732791836,
    "label_invented-by_fscore_std": 0.014220526062141008,
    "label_org-has-member_fscore_mean": 0.982836495031617,
    "label_org-has-member_fscore_std": 0.006597079885638839,
    "label_event-year_fscore_mean": 0.9445268567079539,
    "label_event-year_fscore_std": 0.017530843854859608,
    "label_from-country_fscore_mean": 0.6467593091960322,
    "label_from-country_fscore_std": 0.034922523071401236,
    "label_has-parent_fscore_mean": 0.9305573105573105,
    "label_has-parent_fscore_std": 0.027040585903560642,
    "label_headquarters_fscore_mean": 0.942217565268104,
    "label_headquarters_fscore_std": 0.011366634096424836,
    "label_has-highest-mountain_fscore_mean": 0.98989898989899,
    "label_has-highest-mountain_fscore_std": 0.0,
    "label_has-child_fscore_mean": 0.9242049272116462,
    "label_has-child_fscore_std": 0.02993512836866065,
    "label_has-edu_fscore_mean": 0.8527340823970038,
    "label_has-edu_fscore_std": 0.030540309696349577,
    "label_first-product_fscore_mean": 0.9016822757770263,
    "label_first-product_fscore_std": 0.04360573134121708,
    "loss_mean": 0.6730121331715763,
    "loss_std": 0.08235028443789345
}