{
  "accuracy": 0.8611111111111112,
  "macro_fscore": 0.8686320530195927,
  "micro_fscore": 0.8694550063371356,
  "label_has-occupation_fscore": 0.8867924528301886,
  "label_has-sibling_fscore": 0.9494949494949495,
  "label_has-author_fscore": 0.9591836734693877,
  "label_has-nationality_fscore": 0.2545454545454546,
  "label_has-spouse_fscore": 0.9565217391304348,
  "label_org-has-founder_fscore": 0.8433734939759036,
  "label_has-genre_fscore": 0.8314606741573034,
  "label_movie-has-director_fscore": 0.9690721649484536,
  "label_has-tourist-attraction_fscore": 0.9591836734693877,
  "label_birth-place_fscore": 0.6808510638297872,
  "label_invented-when_fscore": 0.9615384615384615,
  "label_is-where_fscore": 0.8461538461538461,
  "label_is-member-of_fscore": 0.9010989010989012,
  "label_has-type_fscore": 0.7096774193548386,
  "label_won-award_fscore": 0.9072164948453608,
  "label_org-has-member_fscore": 0.9876543209876543,
  "label_invented-by_fscore": 0.9896907216494846,
  "label_event-year_fscore": 0.9523809523809523,
  "label_from-country_fscore": 0.6619718309859155,
  "label_has-parent_fscore": 0.9459459459459458,
  "label_headquarters_fscore": 0.9387755102040816,
  "label_has-highest-mountain_fscore": 0.98989898989899,
  "label_has-child_fscore": 0.9263157894736843,
  "label_has-edu_fscore": 0.8666666666666666,
  "label_first-product_fscore": 0.8403361344537814,
  "loss": 0.6863749611687351
}