{
  "accuracy": 0.8651960784313726,
  "macro_fscore": 0.8721909632672109,
  "micro_fscore": 0.8705681332763776,
  "label_has-occupation_fscore": 0.9074074074074074,
  "label_has-sibling_fscore": 0.9484536082474226,
  "label_has-author_fscore": 0.9690721649484536,
  "label_has-nationality_fscore": 0.2857142857142857,
  "label_has-spouse_fscore": 0.9565217391304348,
  "label_org-has-founder_fscore": 0.5882352941176471,
  "label_has-genre_fscore": 0.9263157894736843,
  "label_movie-has-director_fscore": 0.9795918367346939,
  "label_has-tourist-attraction_fscore": 0.9795918367346939,
  "label_birth-place_fscore": 0.6744186046511628,
  "label_invented-when_fscore": 0.970873786407767,
  "label_is-where_fscore": 0.8354430379746837,
  "label_is-member-of_fscore": 0.8695652173913044,
  "label_has-type_fscore": 0.8,
  "label_won-award_fscore": 0.924731182795699,
  "label_invented-by_fscore": 0.9690721649484536,
  "label_org-has-member_fscore": 0.975609756097561,
  "label_event-year_fscore": 0.9647058823529412,
  "label_from-country_fscore": 0.6713286713286714,
  "label_has-parent_fscore": 0.9444444444444444,
  "label_headquarters_fscore": 0.9278350515463919,
  "label_has-highest-mountain_fscore": 0.98989898989899,
  "label_has-child_fscore": 0.9375000000000001,
  "label_has-edu_fscore": 0.8764044943820225,
  "label_first-product_fscore": 0.9320388349514563,
  "loss": 0.7193316425901366
}