{
  "accuracy": 0.8758169934640523,
  "macro_fscore": 0.8806739912080184,
  "micro_fscore": 0.8824531516183987,
  "label_has-occupation_fscore": 0.9158878504672898,
  "label_has-sibling_fscore": 0.9494949494949495,
  "label_has-author_fscore": 0.9896907216494846,
  "label_has-nationality_fscore": 0.21818181818181817,
  "label_has-spouse_fscore": 0.9195402298850575,
  "label_org-has-founder_fscore": 0.8433734939759036,
  "label_has-genre_fscore": 0.945054945054945,
  "label_movie-has-director_fscore": 0.9690721649484536,
  "label_has-tourist-attraction_fscore": 0.9504950495049506,
  "label_birth-place_fscore": 0.6516853932584269,
  "label_invented-when_fscore": 0.99009900990099,
  "label_is-where_fscore": 0.9268292682926831,
  "label_is-member-of_fscore": 0.9213483146067415,
  "label_has-type_fscore": 0.8181818181818181,
  "label_won-award_fscore": 0.9473684210526315,
  "label_invented-by_fscore": 0.98989898989899,
  "label_org-has-member_fscore": 0.9876543209876543,
  "label_event-year_fscore": 0.9318181818181818,
  "label_headquarters_fscore": 0.9473684210526316,
  "label_from-country_fscore": 0.653061224489796,
  "label_has-parent_fscore": 0.883116883116883,
  "label_has-highest-mountain_fscore": 0.98989898989899,
  "label_has-child_fscore": 0.8723404255319149,
  "label_has-edu_fscore": 0.853932584269663,
  "label_first-product_fscore": 0.9514563106796116,
  "loss": 0.5385540210242782
}