{
  "accuracy": 0.8455882352941176,
  "macro_fscore": 0.8494790537936651,
  "micro_fscore": 0.8512995313165744,
  "label_has-occupation_fscore": 0.8599999999999999,
  "label_has-sibling_fscore": 0.9148936170212766,
  "label_has-author_fscore": 0.9795918367346939,
  "label_has-nationality_fscore": 0.11764705882352941,
  "label_has-spouse_fscore": 0.9462365591397849,
  "label_org-has-founder_fscore": 0.5671641791044776,
  "label_has-genre_fscore": 0.9387755102040817,
  "label_movie-has-director_fscore": 0.9795918367346939,
  "label_has-tourist-attraction_fscore": 0.9591836734693877,
  "label_birth-place_fscore": 0.4507042253521127,
  "label_invented-when_fscore": 0.9523809523809523,
  "label_is-where_fscore": 0.9176470588235294,
  "label_is-member-of_fscore": 0.9111111111111112,
  "label_has-type_fscore": 0.8095238095238095,
  "label_won-award_fscore": 0.9333333333333332,
  "label_invented-by_fscore": 0.96,
  "label_org-has-member_fscore": 0.975609756097561,
  "label_event-year_fscore": 0.9523809523809523,
  "label_from-country_fscore": 0.5853658536585366,
  "label_has-parent_fscore": 0.9459459459459458,
  "label_headquarters_fscore": 0.9387755102040816,
  "label_has-highest-mountain_fscore": 0.98989898989899,
  "label_has-child_fscore": 0.9473684210526315,
  "label_has-edu_fscore": 0.8,
  "label_first-product_fscore": 0.9038461538461539,
  "loss": 0.6660856712948192
}