{
    "model_count": 5,
    "UAS_mean": 0.25921356330521633,
    "UAS_std": 0.004723273212657164,
    "LAS_mean": 0.14745897855554158,
    "LAS_std": 0.0051559230344381994,
    "UEM_mean": 0.0002,
    "UEM_std": 0.00044721359549995795,
    "LEM_mean": 0.0,
    "LEM_std": 0.0,
    "loss_mean": 3.698578074621776,
    "loss_std": 0.04165194432382464
}