{
  "UAS": 0.2670275714465567,
  "LAS": 0.15413991355071552,
  "UEM": 0.0,
  "LEM": 0.0,
  "loss": 3.696014464847625
}