{
  "UAS": 0.25502538923160856,
  "LAS": 0.14272525074489067,
  "UEM": 0.0,
  "LEM": 0.0,
  "loss": 3.7502434329381065
}