{
  "UAS": 0.25632632506609593,
  "LAS": 0.14201183431952663,
  "UEM": 0.001,
  "LEM": 0.0,
  "loss": 3.665583712714059
}