{"model_count": 10, "em_accuracy_mean": 0.527512455948475, "em_accuracy_std": 0.009746739038519253, "loss_mean": 1.5171843786609982, "loss_std": 0.019581428856773882}