{
  "em_accuracy": 0.5221776643577591,
  "loss": 1.5261976522149392
}