{
  "em_accuracy": 0.5165876777251185,
  "loss": 1.5288633152119164
}