{
  "em_accuracy": 0.5305626443067202,
  "loss": 1.5094965609531958
}