{
  "em_accuracy": 0.5344513306598615,
  "loss": 1.49323161956176
}