{
    "model_count": 3,
    "em_accuracy_mean": 0.14033801669721035,
    "em_accuracy_std": 0.003868008350038789,
    "loss_mean": 0.0,
    "loss_std": 0.0
}