{
    "model_count": 5,
    "UAS_mean": 0.323611199288934,
    "UAS_std": 0.0037245891552367258,
    "LAS_mean": 0.22909021649419084,
    "LAS_std": 0.002699772129253374,
    "UEM_mean": 0.023785594639865997,
    "UEM_std": 0.0036314042527100165,
    "LEM_mean": 0.011055276381909547,
    "LEM_std": 0.0009174582202766597,
    "loss_mean": 2.4885274673763074,
    "loss_std": 0.01299327022978799
}