{
  "UAS": 0.32036061202463334,
  "LAS": 0.22563646752587138,
  "UEM": 0.021775544388609715,
  "LEM": 0.010050251256281407,
  "loss": 2.5000996432806315
}