{
  "UAS": 0.32709034347025584,
  "LAS": 0.23268363913402323,
  "UEM": 0.03015075376884422,
  "LEM": 0.011725293132328308,
  "loss": 2.485206440875405
}