{
  "UAS": 0.32734429560027933,
  "LAS": 0.23058853406132945,
  "UEM": 0.021775544388609715,
  "LEM": 0.011725293132328308,
  "loss": 2.472827252588774
}