{
  "accuracy": 0.8753709198813057,
  "macro_fscore": 0.5801085244682797,
  "micro_fscore": 0.8885542168674698,
  "loss": 0.6481300906886066
}