{
  "accuracy": 0.8664688427299704,
  "macro_fscore": 0.5494348103081469,
  "micro_fscore": 0.8690476190476191,
  "loss": 0.6343126428857265
}