{
  "accuracy": 0.8694362017804155,
  "macro_fscore": 0.5466111317876079,
  "micro_fscore": 0.8825301204819278,
  "loss": 0.5361602898972871
}