{
  "accuracy": 0.8439897698209718,
  "macro_fscore": 0.6634007219455086,
  "micro_fscore": 0.8453074433656957,
  "loss": 1.0681972575792091
}