{
  "accuracy": 0.819693094629156,
  "macro_fscore": 0.6731128252972256,
  "micro_fscore": 0.8204134366925064,
  "loss": 1.1658267608406592
}