{
    "model_count": 5,
    "UAS_mean": 0.5765747618448109,
    "UAS_std": 0.013093101380177306,
    "LAS_mean": 0.44958663813000965,
    "LAS_std": 0.01239264842005999,
    "UEM_mean": 0.0138,
    "UEM_std": 0.001095445115010332,
    "LEM_mean": 0.0018,
    "LEM_std": 0.0008366600265340755,
    "LOAS_mean": 0.6315917579420034,
    "LOAS_std": 0.010851855422771702,
    "LOEM_mean": 0.0028,
    "LOEM_std": 0.0010954451150103322,
    "loss_mean": 9.539791322085593,
    "loss_std": 1.4131841962179805
}