{
  "UAS": 0.5777414075286416,
  "LAS": 0.4561248898401108,
  "UEM": 0.015,
  "LEM": 0.001,
  "LOAS": 0.6283939737294892,
  "LOEM": 0.002,
  "loss": 7.395288035273552
}