{
  "UAS": 0.5729573209114944,
  "LAS": 0.45557933610306767,
  "UEM": 0.014,
  "LEM": 0.003,
  "LOAS": 0.6459356246590289,
  "LOEM": 0.004,
  "loss": 10.186415612697601
}