{
  "UAS": 0.5764824373662344,
  "LAS": 0.44089135087498427,
  "UEM": 0.014,
  "LEM": 0.001,
  "LOAS": 0.6237357841285828,
  "LOEM": 0.002,
  "loss": 11.178823471069336
}