{
    "model_count": 5,
    "UAS_mean": 0.4904692700764146,
    "UAS_std": 0.006549759502441598,
    "LAS_mean": 0.42501523604144203,
    "LAS_std": 0.006586032261517169,
    "UEM_mean": 0.0266,
    "UEM_std": 0.0029664793948382655,
    "LEM_mean": 0.0198,
    "LEM_std": 0.002588435821108957,
    "loss_mean": 1.9375360072605194,
    "loss_std": 0.02673469168923048
}