{
  "UAS": 0.48938165111809107,
  "LAS": 0.4243120341287328,
  "UEM": 0.027,
  "LEM": 0.019,
  "loss": 1.9042549492820862
}