{
  "UAS": 0.49036613379588395,
  "LAS": 0.4254840373165815,
  "UEM": 0.022,
  "LEM": 0.016,
  "loss": 1.9506917699934945
}