{
  "UAS": 0.4848342787492382,
  "LAS": 0.4181707374244058,
  "UEM": 0.026,
  "LEM": 0.02,
  "loss": 1.9698457490830195
}