{
  "UAS": 0.7649602824360106,
  "LAS": 0.5671668137687556,
  "UEM": 0.068,
  "LEM": 0.006,
  "LOAS": 0.6544571932921448,
  "LOEM": 0.008,
  "loss": 5.511200934648514
}