{
  "UAS": 0.7152691968225949,
  "LAS": 0.5267431597528685,
  "UEM": 0.054,
  "LEM": 0.006,
  "LOAS": 0.6277140335392762,
  "LOEM": 0.008,
  "loss": 5.540133208036423
}