{
  "UAS": 0.7398058252427184,
  "LAS": 0.5458075904677846,
  "UEM": 0.082,
  "LEM": 0.008,
  "LOAS": 0.6470432480141218,
  "LOEM": 0.01,
  "loss": 4.123217225074768
}