{
    "model_count": 5,
    "UAS_mean": 0.7382347749338041,
    "UAS_std": 0.018886918336526563,
    "LAS_mean": 0.5449955869373345,
    "LAS_std": 0.014520974653005276,
    "UEM_mean": 0.0648,
    "UEM_std": 0.012930583900195693,
    "LEM_mean": 0.0068000000000000005,
    "LEM_std": 0.0010954451150103322,
    "LOAS_mean": 0.6399646954986761,
    "LOAS_std": 0.010737698813259044,
    "LOEM_mean": 0.0088,
    "LOEM_std": 0.0010954451150103322,
    "loss_mean": 5.350697702169418,
    "loss_std": 0.7585659946618025
}