{
    "model_count": 3,
    "em_accuracy_mean": 0.6461488881727361,
    "em_accuracy_std": 0.012781522407381169,
    "loss_mean": 0.0,
    "loss_std": 0.0
}