{
    "model_count": 5,
    "em_accuracy_mean": 0.4796003867225266,
    "em_accuracy_std": 0.009201323712403687,
    "loss_mean": 0.0,
    "loss_std": 0.0
}