{
  "UAS": 0.8157461688779183,
  "LAS": 0.6773629538208372,
  "UEM": 0.164,
  "LEM": 0.029,
  "LOAS": 0.7731667180911241,
  "LOEM": 0.044,
  "loss": 7.144838780164719
}