{
  "UAS": 0.7994446158593027,
  "LAS": 0.6651239329425075,
  "UEM": 0.138,
  "LEM": 0.03,
  "LOAS": 0.7660701429599918,
  "LOEM": 0.045,
  "loss": 7.35802820372203
}