{
  "UAS": 0.7962562994960403,
  "LAS": 0.6644554149953718,
  "UEM": 0.151,
  "LEM": 0.032,
  "LOAS": 0.7673043299393192,
  "LOEM": 0.045,
  "loss": 6.2401590794324875
}