{
  "accuracy": 0.857566765578635,
  "macro_fscore": 0.5423736853307849,
  "micro_fscore": 0.8626865671641791,
  "loss": 0.8693791524399951
}