{
    "model_count": 5,
    "accuracy_mean": 0.6903225806451613,
    "accuracy_std": 0.014352452997601297,
    "macro_fscore_mean": 0.6402315071343412,
    "macro_fscore_std": 0.016695474350737653,
    "micro_fscore_mean": 0.7095914480038185,
    "micro_fscore_std": 0.015457000735623908,
    "label_org:number_of_employees/members_fscore_mean": 0.9333333333333333,
    "label_org:number_of_employees/members_fscore_std": 0.06085806194501842,
    "label_per:religion_fscore_mean": 0.7412698412698413,
    "label_per:religion_fscore_std": 0.18978047548094015,
    "label_per:schools_attended_fscore_mean": 0.9411764705882353,
    "label_per:schools_attended_fscore_std": 0.0,
    "label_per:children_fscore_mean": 0.47333333333333333,
    "label_per:children_fscore_std": 0.3058685265854523,
    "label_per:countries_of_residence_fscore_mean": 0.2723076923076923,
    "label_per:countries_of_residence_fscore_std": 0.10869723435946496,
    "label_per:other_family_fscore_mean": 0.17714285714285716,
    "label_per:other_family_fscore_std": 0.1765889958898565,
    "label_per:date_of_death_fscore_mean": 0.9279411764705883,
    "label_per:date_of_death_fscore_std": 0.029595017349261916,
    "label_per:city_of_birth_fscore_mean": 0.8242857142857143,
    "label_per:city_of_birth_fscore_std": 0.04833978375911038,
    "label_org:member_of_fscore_mean": 0.11153846153846154,
    "label_org:member_of_fscore_std": 0.1540863509539241,
    "label_per:country_of_birth_fscore_mean": 0.1,
    "label_per:country_of_birth_fscore_std": 0.223606797749979,
    "label_org:founded_by_fscore_mean": 0.9264335664335664,
    "label_org:founded_by_fscore_std": 0.08234306563823171,
    "label_per:title_fscore_mean": 0.923076923076923,
    "label_per:title_fscore_std": 0.0,
    "label_per:spouse_fscore_mean": 0.92,
    "label_per:spouse_fscore_std": 0.1095445115010332,
    "label_per:stateorprovinces_of_residence_fscore_mean": 0.4805194805194805,
    "label_per:stateorprovinces_of_residence_fscore_std": 0.11312500902717107,
    "label_org:founded_fscore_mean": 0.9428571428571428,
    "label_org:founded_fscore_std": 0.07824607964359519,
    "label_org:stateorprovince_of_headquarters_fscore_mean": 0.7705555555555555,
    "label_org:stateorprovince_of_headquarters_fscore_std": 0.14255711439348628,
    "label_org:top_members/employees_fscore_mean": 0.6238859180035651,
    "label_org:top_members/employees_fscore_std": 0.09889434229361989,
    "label_per:date_of_birth_fscore_mean": 0.9846153846153846,
    "label_per:date_of_birth_fscore_std": 0.034401045807689094,
    "label_org:shareholders_fscore_mean": 0.43736263736263736,
    "label_org:shareholders_fscore_std": 0.14623025351351784,
    "label_per:alternate_names_fscore_mean": 0.3638095238095238,
    "label_per:alternate_names_fscore_std": 0.05233764443441556,
    "label_org:website_fscore_mean": 1.0,
    "label_org:website_fscore_std": 0.0,
    "label_org:members_fscore_mean": 0.3738095238095238,
    "label_org:members_fscore_std": 0.0975415875412923,
    "label_per:origin_fscore_mean": 0.5676190476190476,
    "label_per:origin_fscore_std": 0.13745335221914803,
    "label_per:cause_of_death_fscore_mean": 0.75,
    "label_per:cause_of_death_fscore_std": 0.0,
    "label_org:political/religious_affiliation_fscore_mean": 0.9021794871794871,
    "label_org:political/religious_affiliation_fscore_std": 0.08649286548087481,
    "label_per:siblings_fscore_mean": 0.6252747252747253,
    "label_per:siblings_fscore_std": 0.35723113401352435,
    "label_org:subsidiaries_fscore_mean": 0.6947619047619047,
    "label_org:subsidiaries_fscore_std": 0.17900265392831102,
    "label_per:cities_of_residence_fscore_mean": 0.5257843137254902,
    "label_per:cities_of_residence_fscore_std": 0.05974321895151111,
    "label_per:employee_of_fscore_mean": 0.28051948051948056,
    "label_per:employee_of_fscore_std": 0.1929784480104593,
    "label_org:parents_fscore_mean": 0,
    "label_org:parents_fscore_std": 0.0,
    "label_per:city_of_death_fscore_mean": 0.8666666666666667,
    "label_per:city_of_death_fscore_std": 0.18257418583505539,
    "label_org:city_of_headquarters_fscore_mean": 0.4720634920634921,
    "label_org:city_of_headquarters_fscore_std": 0.06590265158562766,
    "label_per:age_fscore_mean": 1.0,
    "label_per:age_fscore_std": 0.0,
    "label_org:alternate_names_fscore_mean": 0.8872727272727273,
    "label_org:alternate_names_fscore_std": 0.04878693769090442,
    "label_per:parents_fscore_mean": 0.853421052631579,
    "label_per:parents_fscore_std": 0.03308628441010691,
    "label_org:dissolved_fscore_mean": 0,
    "label_org:dissolved_fscore_std": 0.0,
    "label_org:country_of_headquarters_fscore_mean": 0.7411111111111112,
    "label_org:country_of_headquarters_fscore_std": 0.11273808825419157,
    "label_per:charges_fscore_mean": 0.8597668997668998,
    "label_per:charges_fscore_std": 0.05341012573438864,
    "label_per:stateorprovince_of_death_fscore_mean": 0.6933333333333334,
    "label_per:stateorprovince_of_death_fscore_std": 0.4125799585804214,
    "loss_mean": 1.1677907926695688,
    "loss_std": 0.05122829634188764
}