{
    "model_count": 5,
    "accuracy_mean": 0.7216589861751151,
    "accuracy_std": 0.01367041195778004,
    "macro_fscore_mean": 0.686685056539784,
    "macro_fscore_std": 0.01983156596506482,
    "micro_fscore_mean": 0.7424041396824466,
    "micro_fscore_std": 0.012634067459606092,
    "label_org:top_members/employees_fscore_mean": 0.6928571428571428,
    "label_org:top_members/employees_fscore_std": 0.12383241546615088,
    "label_org:shareholders_fscore_mean": 0.5533333333333333,
    "label_org:shareholders_fscore_std": 0.07673909622147557,
    "label_per:age_fscore_mean": 1.0,
    "label_per:age_fscore_std": 0.0,
    "label_org:dissolved_fscore_mean": 0,
    "label_org:dissolved_fscore_std": 0.0,
    "label_per:country_of_birth_fscore_mean": 0.36,
    "label_per:country_of_birth_fscore_std": 0.20736441353327723,
    "label_per:origin_fscore_mean": 0.6499999999999999,
    "label_per:origin_fscore_std": 0.09128709291752767,
    "label_org:member_of_fscore_mean": 0.4342857142857143,
    "label_org:member_of_fscore_std": 0.24673376546473766,
    "label_per:schools_attended_fscore_mean": 0.9411764705882353,
    "label_per:schools_attended_fscore_std": 0.0,
    "label_org:stateorprovince_of_headquarters_fscore_mean": 0.8274509803921569,
    "label_org:stateorprovince_of_headquarters_fscore_std": 0.03964902192968136,
    "label_org:founded_by_fscore_mean": 0.9818181818181818,
    "label_org:founded_by_fscore_std": 0.0406557814090871,
    "label_per:city_of_death_fscore_mean": 0.8266666666666667,
    "label_per:city_of_death_fscore_std": 0.16733200530681513,
    "label_per:employee_of_fscore_mean": 0.3933333333333333,
    "label_per:employee_of_fscore_std": 0.2454021642574128,
    "label_per:stateorprovinces_of_residence_fscore_mean": 0.7044444444444444,
    "label_per:stateorprovinces_of_residence_fscore_std": 0.21507248275757218,
    "label_per:spouse_fscore_mean": 0.8400000000000001,
    "label_per:spouse_fscore_std": 0.08944271909999157,
    "label_org:alternate_names_fscore_mean": 0.9090909090909091,
    "label_org:alternate_names_fscore_std": 0.0,
    "label_per:cities_of_residence_fscore_mean": 0.6358395989974938,
    "label_per:cities_of_residence_fscore_std": 0.08143242446052516,
    "label_org:number_of_employees/members_fscore_mean": 0.9777777777777777,
    "label_org:number_of_employees/members_fscore_std": 0.0496903994999953,
    "label_per:cause_of_death_fscore_mean": 0.75,
    "label_per:cause_of_death_fscore_std": 0.0,
    "label_per:stateorprovince_of_death_fscore_mean": 0.8133333333333334,
    "label_per:stateorprovince_of_death_fscore_std": 0.11925695879998878,
    "label_per:children_fscore_mean": 0.5904761904761905,
    "label_per:children_fscore_std": 0.04259177099999594,
    "label_per:religion_fscore_mean": 0.7777777777777778,
    "label_per:religion_fscore_std": 0.06211299937499419,
    "label_org:city_of_headquarters_fscore_mean": 0.5063492063492063,
    "label_org:city_of_headquarters_fscore_std": 0.06359119245717507,
    "label_org:country_of_headquarters_fscore_mean": 0.682207498383969,
    "label_org:country_of_headquarters_fscore_std": 0.07371320537355684,
    "label_org:website_fscore_mean": 1.0,
    "label_org:website_fscore_std": 0.0,
    "label_per:charges_fscore_mean": 0.873992673992674,
    "label_per:charges_fscore_std": 0.04584977456298503,
    "label_org:parents_fscore_mean": 0,
    "label_org:parents_fscore_std": 0.0,
    "label_org:subsidiaries_fscore_mean": 0.7180952380952381,
    "label_org:subsidiaries_fscore_std": 0.2265385792556236,
    "label_per:title_fscore_mean": 0.8357142857142856,
    "label_per:title_fscore_std": 0.047915742374995525,
    "label_org:political/religious_affiliation_fscore_mean": 0.9466666666666667,
    "label_org:political/religious_affiliation_fscore_std": 0.029814239699997188,
    "label_per:countries_of_residence_fscore_mean": 0.31333333333333335,
    "label_per:countries_of_residence_fscore_std": 0.10127276454953807,
    "label_per:alternate_names_fscore_mean": 0.38666666666666666,
    "label_per:alternate_names_fscore_std": 0.029814239699997212,
    "label_org:members_fscore_mean": 0.3142857142857143,
    "label_org:members_fscore_std": 0.026082026547865022,
    "label_per:city_of_birth_fscore_mean": 0.9314285714285714,
    "label_per:city_of_birth_fscore_std": 0.0960442075084092,
    "label_per:date_of_death_fscore_mean": 0.9174836601307189,
    "label_per:date_of_death_fscore_std": 0.03281223141833855,
    "label_per:parents_fscore_mean": 0.86,
    "label_per:parents_fscore_std": 0.033541019662496875,
    "label_per:date_of_birth_fscore_mean": 0.9846153846153846,
    "label_per:date_of_birth_fscore_std": 0.034401045807689094,
    "label_per:siblings_fscore_mean": 0.7454545454545455,
    "label_per:siblings_fscore_std": 0.18661599076002622,
    "label_org:founded_fscore_mean": 0.9714285714285714,
    "label_org:founded_fscore_std": 0.06388765649999402,
    "label_per:other_family_fscore_mean": 0.13333333333333333,
    "label_per:other_family_fscore_std": 0.18257418583505536,
    "loss_mean": 1.095961560521807,
    "loss_std": 0.021014736457426773
}