{"model_count": 10, "em_accuracy_mean": 0.8456680346557228, "em_accuracy_std": 0.003552433037047234, "loss_mean": 1.140310314915397, "loss_std": 0.004371022524459946}