{
  "em_accuracy": 0.8470132238942089,
  "loss": 1.1387367289716548
}