{
  "em_accuracy": 0.8426812585499316,
  "loss": 1.1485192704200744
}