{
  "UAS": 0.7588029746438492,
  "LAS": 0.5851626198369322,
  "UEM": 0.078,
  "LEM": 0.008,
  "LOAS": 0.6786130275064959,
  "LOEM": 0.011,
  "loss": 5.7800145745277405
}