{
  "UAS": 0.7560254457485889,
  "LAS": 0.5841770450676462,
  "UEM": 0.066,
  "LEM": 0.008,
  "LOAS": 0.676641877967924,
  "LOEM": 0.013,
  "loss": 5.790707424283028
}