{
  "UAS": 0.7464384911746259,
  "LAS": 0.5760684526476122,
  "UEM": 0.073,
  "LEM": 0.011,
  "LOAS": 0.6722963892124362,
  "LOEM": 0.015,
  "loss": 4.6501318365335464
}