{
    "model_count": 4,
    "UAS_mean": 0.7565070334199444,
    "UAS_std": 0.007637854120768785,
    "LAS_mean": 0.5829338768927516,
    "LAS_std": 0.0046605701949018205,
    "UEM_mean": 0.0735,
    "UEM_std": 0.0054467115461227286,
    "LEM_mean": 0.0095,
    "LEM_std": 0.0017320508075688767,
    "LOAS_mean": 0.675981094883971,
    "LOAS_std": 0.002651692266716692,
    "LOEM_mean": 0.01375,
    "LOEM_std": 0.0022173557826083456,
    "loss_mean": 5.518750414252281,
    "loss_std": 0.5800026526394708
}