{"model_count": 5, "accuracy_mean": 0.8096, "accuracy_std": 0.03985975413872994, "loss_mean": 1.488867276906967, "loss_std": 0.3998131514523125}