{"model_count": 5, "accuracy_mean": 0.8037037037037037, "accuracy_std": 0.010143010324169727, "loss_mean": 1.305563998222351, "loss_std": 0.10885565408111268}