{
  "accuracy": 0.7962962962962963,
  "loss": 1.305641531944275
}