{
  "accuracy": 0.8148148148148148,
  "loss": 1.3174111247062683
}