{
  "accuracy": 0.8148148148148148,
  "loss": 1.2043326497077942
}