{
  "accuracy": 0.7962962962962963,
  "loss": 1.2217217683792114
}