{
  "accuracy": 0.9685362517099864,
  "macro_fscore": 0.9552173159413146,
  "micro_fscore": 0.9723991507430998,
  "loss": 0.1416685218181279
}