{
  "accuracy": 0.9630642954856361,
  "macro_fscore": 0.9524464838735845,
  "micro_fscore": 0.9673758865248226,
  "loss": 0.14179773558862507
}