{
  "accuracy": 0.8,
  "macro_fscore": 0.7789373814041747,
  "micro_fscore": 0.7680798004987532,
  "label_has-type_fscore": 0.47058823529411764,
  "label_has-genre_fscore": 0.9032258064516129,
  "label_has-population_fscore": 1.0,
  "label_has-occupation_fscore": 0.7419354838709677,
  "loss": 1.0095903773326427
}