{
  "UAS": 0.6472986291550936,
  "LAS": 0.4930561777618493,
  "UEM": 0.04,
  "LEM": 0.006,
  "LOAS": 0.6097571902159304,
  "LOEM": 0.007,
  "loss": 7.6904810648115856
}