{
  "UAS": 0.6642325956455515,
  "LAS": 0.5129020697070155,
  "UEM": 0.045,
  "LEM": 0.009,
  "LOAS": 0.6274079383567781,
  "LOEM": 0.011,
  "loss": 6.112441137433052
}