{
  "UAS": 0.6463130543858078,
  "LAS": 0.5003135919720455,
  "UEM": 0.043,
  "LEM": 0.009,
  "LOAS": 0.6222112713914524,
  "LOEM": 0.01,
  "loss": 6.034197047352791
}