{
  "accuracy": 0.9210526315789473,
  "macro_fscore": 0.40946650621740877,
  "micro_fscore": 0.9272237196765498,
  "loss": 0.3893289571860805
}