{
  "accuracy": 0.9315789473684211,
  "macro_fscore": 0.43098476684239656,
  "micro_fscore": 0.9380053908355794,
  "loss": 0.36843232725126046
}