{
    "model_count": 5,
    "em_accuracy_mean": 0.6313889784079922,
    "em_accuracy_std": 0.012181162778854063,
    "loss_mean": 0.0,
    "loss_std": 0.0
}