{
    "model_count": 5,
    "em_accuracy_mean": 0.7959416324669403,
    "em_accuracy_std": 0.0049769448137125215,
    "loss_mean": 0.0,
    "loss_std": 0.0
}