{
  "accuracy": 0.9781121751025992,
  "macro_fscore": 0.9700440836888107,
  "micro_fscore": 0.983026874115983,
  "loss": 0.10729588972168605
}