{
  "accuracy": 0.9753761969904241,
  "macro_fscore": 0.9658457150066272,
  "micro_fscore": 0.9808374733853796,
  "loss": 0.08399850873430968
}