{
  "accuracy": 0.9808481532147743,
  "macro_fscore": 0.9690277773777323,
  "micro_fscore": 0.9837225760792638,
  "loss": 0.10081188410937181
}