{
  "em_accuracy": 0.5580395528804815,
  "loss": 1.5611388383935032
}