{
  "em_accuracy": 0.5417024935511608,
  "loss": 1.6052553093052346
}