{
  "em_accuracy": 0.5666380051590714,
  "loss": 1.5625543425616608
}