{
  "em_accuracy": 0.5546001719690455,
  "loss": 1.5754242250908455
}