{
  "em_accuracy": 0.5611923187159644,
  "loss": 1.5963122311248084
}