{"model_count": 10, "em_accuracy_mean": 0.054638671875, "em_accuracy_std": 0.016982277115262203, "loss_mean": 3.235321387066506, "loss_std": 0.16957735485714864}