{
  "em_accuracy": 0.0389404296875,
  "loss": 3.266280448064208
}