{
  "em_accuracy": 0.05859375,
  "loss": 3.03423915640451
}