{
  "em_accuracy": 0.0531005859375,
  "loss": 3.0121709320228547
}