{
  "em_accuracy": 0.0614013671875,
  "loss": 3.4495732518844306
}