{
  "em_accuracy": 0.069091796875,
  "loss": 3.138432038249448
}