{
  "em_accuracy": 0.0648193359375,
  "loss": 3.1657448392361403
}