{
  "em_accuracy": 0.078369140625,
  "loss": 3.345555464271456
}