{
  "accuracy": 0.9315789473684211,
  "macro_fscore": 0.49149903105760495,
  "micro_fscore": 0.9408602150537634,
  "loss": 0.32480174365142983
}