{
  "accuracy": 0.9263157894736842,
  "macro_fscore": 0.47870496720962225,
  "micro_fscore": 0.9326145552560646,
  "loss": 0.3290498295367191
}