{
  "accuracy": 0.8090452261306532,
  "macro_fscore": 0.8720943626604004,
  "micro_fscore": 0.7961165048543689,
  "label_has-type_fscore": 0.8095238095238094,
  "label_has-genre_fscore": 0.9010989010989011,
  "label_has-occupation_fscore": 0.9056603773584904,
  "loss": 0.9596248933902154
}