{
    "model_count": 3,
    "em_accuracy_mean": 0.6606509829197551,
    "em_accuracy_std": 0.005363621326810634,
    "loss_mean": 0.0,
    "loss_std": 0.0
}