{
  "UAS": 0.8343711083437111,
  "LAS": 0.7554000085884829,
  "UEM": 0.104,
  "LEM": 0.034,
  "LOAS": 0.8502598016060463,
  "LOEM": 0.108,
  "loss": 4.785563208162785
}