{
  "UAS": 0.8376776742388458,
  "LAS": 0.7593507106969554,
  "UEM": 0.112,
  "LEM": 0.032,
  "LOAS": 0.854468158199854,
  "LOEM": 0.107,
  "loss": 5.5762525498867035
}