{
  "UAS": 0.8384076952806286,
  "LAS": 0.7587924593120625,
  "UEM": 0.102,
  "LEM": 0.035,
  "LOAS": 0.8515910164469447,
  "LOEM": 0.111,
  "loss": 4.642980106174946
}