{
  "UAS": 0.8266844161978787,
  "LAS": 0.7501610340533345,
  "UEM": 0.06,
  "LEM": 0.02,
  "LOAS": 0.8521922102460601,
  "LOEM": 0.107,
  "loss": 5.098222069442272
}