{
  "UAS": 0.6699488326095369,
  "LAS": 0.5453841854065443,
  "UEM": 0.04510108864696734,
  "LEM": 0.013996889580093312,
  "LOAS": 0.6941565980135013,
  "LOEM": 0.015552099533437015,
  "loss": 9.3816176596142
}