{
    "model_count": 5,
    "UAS_mean": 0.7662859621223074,
    "UAS_std": 0.00345384680622802,
    "LAS_mean": 0.6353235988627054,
    "LAS_std": 0.0058546536204093095,
    "UEM_mean": 0.1134,
    "UEM_std": 0.007266360849833981,
    "LEM_mean": 0.0274,
    "LEM_std": 0.005412947441089742,
    "LOAS_mean": 0.7451496313430678,
    "LOAS_std": 0.006363292824671656,
    "LOEM_mean": 0.045,
    "LOEM_std": 0.0078102496759066544,
    "loss_mean": 6.189186689257622,
    "loss_std": 0.10812170488925398
}