{
  "UAS": 0.7646860392270252,
  "LAS": 0.6389089682424943,
  "UEM": 0.112,
  "LEM": 0.026,
  "LOAS": 0.7461809069442437,
  "LOEM": 0.046,
  "loss": 6.31525419652462
}