{
  "UAS": 0.7635776589080044,
  "LAS": 0.6354874463881258,
  "UEM": 0.106,
  "LEM": 0.029,
  "LOAS": 0.7491205243120813,
  "LOEM": 0.053,
  "loss": 6.149539232254028
}