{
  "UAS": 0.7687340369138836,
  "LAS": 0.6429087754806997,
  "UEM": 0.124,
  "LEM": 0.036,
  "LOAS": 0.7528311888583683,
  "LOEM": 0.052,
  "loss": 6.285798072814941
}