{
  "UAS": 0.7633367066647391,
  "LAS": 0.6285480217820828,
  "UEM": 0.108,
  "LEM": 0.023,
  "LOAS": 0.7404944340031806,
  "LOEM": 0.038,
  "loss": 6.137747541069984
}