{
  "accuracy": 0.8684985279685966,
  "macro_fscore": 0.5214860443689093,
  "micro_fscore": 0.8749377179870453,
  "loss": 0.6183998831693316
}