{
  "accuracy": 0.8400392541707556,
  "macro_fscore": 0.5197453568415574,
  "micro_fscore": 0.8436724565756825,
  "loss": 0.7150181998149492
}