{
  "accuracy": 0.8478900883218842,
  "macro_fscore": 0.5210676676977213,
  "micro_fscore": 0.8520357497517378,
  "loss": 0.7604203166265506
}