{
  "accuracy": 0.8488714425907753,
  "macro_fscore": 0.5272157855511651,
  "micro_fscore": 0.8530287984111222,
  "loss": 0.809967515648168
}