{
  "accuracy": 0.8565217391304348,
  "macro_fscore": 0.8599092729088794,
  "micro_fscore": 0.8561020036429873,
  "label_has-nationality_fscore": 0.5074626865671642,
  "label_birth-place_fscore": 0.5348837209302325,
  "label_org-has-founder_fscore": 0.9130434782608696,
  "label_has-child_fscore": 0.9166666666666666,
  "label_invented-when_fscore": 0.9803921568627451,
  "label_has-genre_fscore": 0.7380952380952381,
  "label_has-highest-mountain_fscore": 0.98989898989899,
  "label_has-sibling_fscore": 0.9278350515463918,
  "label_is-where_fscore": 0.8842105263157894,
  "label_won-award_fscore": 0.9690721649484536,
  "label_is-member-of_fscore": 0.9306930693069307,
  "label_headquarters_fscore": 0.94,
  "label_from-country_fscore": 0.38095238095238104,
  "label_invented-by_fscore": 1.0,
  "label_has-type_fscore": 0.7169811320754718,
  "label_has-occupation_fscore": 0.9484536082474226,
  "label_has-tourist-attraction_fscore": 0.9615384615384615,
  "label_has-spouse_fscore": 0.8495575221238937,
  "label_org-has-member_fscore": 0.9514563106796116,
  "label_movie-has-director_fscore": 1.0,
  "label_has-parent_fscore": 0.9263157894736842,
  "label_first-product_fscore": 0.9504950495049505,
  "loss": 0.9275248124063687
}