{
  "accuracy": 0.8521739130434782,
  "macro_fscore": 0.855928615959992,
  "micro_fscore": 0.854157201272149,
  "label_has-nationality_fscore": 0.5176470588235295,
  "label_birth-place_fscore": 0.525,
  "label_org-has-founder_fscore": 0.9130434782608696,
  "label_invented-when_fscore": 0.9803921568627451,
  "label_has-child_fscore": 0.9052631578947369,
  "label_has-genre_fscore": 0.8314606741573033,
  "label_has-highest-mountain_fscore": 0.99009900990099,
  "label_has-sibling_fscore": 0.9108910891089109,
  "label_is-where_fscore": 0.8958333333333334,
  "label_won-award_fscore": 0.9583333333333334,
  "label_is-member-of_fscore": 0.9591836734693877,
  "label_headquarters_fscore": 0.9090909090909091,
  "label_from-country_fscore": 0.21875000000000003,
  "label_invented-by_fscore": 0.99009900990099,
  "label_has-type_fscore": 0.7272727272727272,
  "label_has-occupation_fscore": 0.9306930693069307,
  "label_has-tourist-attraction_fscore": 0.9696969696969697,
  "label_has-spouse_fscore": 0.8952380952380952,
  "label_org-has-member_fscore": 0.9607843137254902,
  "label_movie-has-director_fscore": 1.0,
  "label_has-parent_fscore": 0.9484536082474226,
  "label_first-product_fscore": 0.8932038834951457,
  "loss": 0.7628265081455337
}