{
  "accuracy": 0.8478260869565217,
  "macro_fscore": 0.8531677877979373,
  "micro_fscore": 0.8468877782825989,
  "label_has-nationality_fscore": 0.4426229508196721,
  "label_birth-place_fscore": 0.5714285714285714,
  "label_org-has-founder_fscore": 0.8791208791208791,
  "label_has-child_fscore": 0.9361702127659575,
  "label_invented-when_fscore": 0.9803921568627451,
  "label_has-genre_fscore": 0.6987951807228915,
  "label_has-highest-mountain_fscore": 0.99009900990099,
  "label_has-sibling_fscore": 0.9320388349514563,
  "label_is-where_fscore": 0.8958333333333334,
  "label_won-award_fscore": 0.9690721649484536,
  "label_is-member-of_fscore": 0.9607843137254902,
  "label_first-product_fscore": 0.9514563106796116,
  "label_headquarters_fscore": 0.94,
  "label_from-country_fscore": 0.4000000000000001,
  "label_invented-by_fscore": 0.9615384615384615,
  "label_has-type_fscore": 0.6909090909090909,
  "label_has-occupation_fscore": 0.9072164948453608,
  "label_has-tourist-attraction_fscore": 0.9702970297029702,
  "label_has-spouse_fscore": 0.8846153846153846,
  "label_org-has-member_fscore": 0.9215686274509804,
  "label_movie-has-director_fscore": 0.98989898989899,
  "label_has-parent_fscore": 0.8958333333333334,
  "loss": 0.9878711207460987
}