{
  "accuracy": 0.8573913043478261,
  "macro_fscore": 0.8577607737170593,
  "micro_fscore": 0.8601558917927556,
  "label_has-nationality_fscore": 0.5590062111801243,
  "label_birth-place_fscore": 0.5789473684210525,
  "label_org-has-founder_fscore": 0.9361702127659575,
  "label_invented-when_fscore": 0.99009900990099,
  "label_has-child_fscore": 0.9052631578947369,
  "label_has-genre_fscore": 0.7674418604651163,
  "label_has-highest-mountain_fscore": 0.9803921568627451,
  "label_has-sibling_fscore": 0.9183673469387755,
  "label_is-where_fscore": 0.8723404255319149,
  "label_won-award_fscore": 0.9583333333333334,
  "label_is-member-of_fscore": 0.970873786407767,
  "label_headquarters_fscore": 0.9504950495049505,
  "label_from-country_fscore": 0.20588235294117646,
  "label_invented-by_fscore": 0.9702970297029702,
  "label_has-type_fscore": 0.74,
  "label_has-occupation_fscore": 0.9090909090909091,
  "label_has-tourist-attraction_fscore": 0.98989898989899,
  "label_has-spouse_fscore": 0.8727272727272728,
  "label_org-has-member_fscore": 0.9411764705882353,
  "label_movie-has-director_fscore": 0.98989898989899,
  "label_has-parent_fscore": 0.9166666666666666,
  "label_first-product_fscore": 0.9473684210526316,
  "loss": 0.8504034740277954
}