{
  "accuracy": 0.837391304347826,
  "macro_fscore": 0.8474279083129087,
  "micro_fscore": 0.8415250344510794,
  "label_has-nationality_fscore": 0.2526315789473685,
  "label_birth-place_fscore": 0.547945205479452,
  "label_org-has-founder_fscore": 0.8505747126436781,
  "label_invented-when_fscore": 0.98989898989899,
  "label_has-child_fscore": 0.8958333333333334,
  "label_has-genre_fscore": 0.7160493827160493,
  "label_has-highest-mountain_fscore": 0.9803921568627451,
  "label_has-sibling_fscore": 0.9090909090909091,
  "label_is-where_fscore": 0.9052631578947369,
  "label_won-award_fscore": 0.9795918367346939,
  "label_is-member-of_fscore": 0.9615384615384615,
  "label_headquarters_fscore": 0.9411764705882353,
  "label_from-country_fscore": 0.41791044776119407,
  "label_invented-by_fscore": 0.98989898989899,
  "label_has-type_fscore": 0.7058823529411765,
  "label_has-occupation_fscore": 0.9591836734693877,
  "label_has-tourist-attraction_fscore": 0.98989898989899,
  "label_has-spouse_fscore": 0.8598130841121495,
  "label_org-has-member_fscore": 0.9514563106796116,
  "label_movie-has-director_fscore": 1.0,
  "label_has-parent_fscore": 0.9504950495049505,
  "label_first-product_fscore": 0.888888888888889,
  "loss": 0.7492336608184915
}