{
  "accuracy": 0.9141868512110727,
  "macro_fscore": 0.6305367243360368,
  "micro_fscore": 0.9155027932960894,
  "loss": 0.33311577864850944
}