{
  "accuracy": 0.8948096885813149,
  "macro_fscore": 0.5873151097329515,
  "micro_fscore": 0.8957098011859086,
  "loss": 0.3845225358995926
}