{
  "accuracy": 0.889273356401384,
  "macro_fscore": 0.610991570568785,
  "micro_fscore": 0.8899755501222495,
  "loss": 0.4257022559151545
}