{
  "accuracy": 0.8934256055363322,
  "macro_fscore": 0.654125371617026,
  "micro_fscore": 0.8944793850454228,
  "loss": 0.4593438994226425
}