{
    "model_count": 5,
    "em_accuracy_mean": 0.389853826311264,
    "em_accuracy_std": 0.005481021563990332,
    "loss_mean": 0.0,
    "loss_std": 0.0
}