{"model_count": 10, "em_accuracy_mean": 0.8025535795713634, "em_accuracy_std": 0.0042287362040564136, "loss_mean": 1.1326926034363833, "loss_std": 0.002455501527531524}