{
  "em_accuracy": 0.7998176014591883,
  "loss": 1.130882608240301
}