{
  "em_accuracy": 0.8048335613315093,
  "loss": 1.1332972383499145
}