{
  "em_accuracy": 0.7943456452348381,
  "loss": 1.1339142946763472
}