{
  "accuracy": 0.9299416180150125,
  "macro_fscore": 0.6447808292996526,
  "micro_fscore": 0.9300758213984837,
  "loss": 0.41649756296207974
}