{
  "accuracy": 0.9157631359466222,
  "macro_fscore": 0.6066662949914394,
  "micro_fscore": 0.9180743243243243,
  "loss": 0.4607090252591297
}