{
    "model_count": 5,
    "UAS_mean": 0.7989920806335493,
    "UAS_std": 0.009479161067443634,
    "LAS_mean": 0.6743906201789571,
    "LAS_std": 0.007338434046679888,
    "UEM_mean": 0.14579999999999999,
    "UEM_std": 0.007981227975693962,
    "LEM_mean": 0.032,
    "LEM_std": 0.0036742346141747663,
    "LOAS_mean": 0.7738249511467654,
    "LOAS_std": 0.004643517458898472,
    "LOEM_mean": 0.049,
    "LOEM_std": 0.004527692569068706,
    "loss_mean": 5.927104996144772,
    "loss_std": 0.5085846756455144
}