{
  "UAS": 0.8041756659467243,
  "LAS": 0.6726319037334156,
  "UEM": 0.15,
  "LEM": 0.028,
  "LOAS": 0.7704926463025815,
  "LOEM": 0.042,
  "loss": 5.539040446281433
}