{
  "UAS": 0.8018615653604855,
  "LAS": 0.6765401625012856,
  "UEM": 0.143,
  "LEM": 0.029,
  "LOAS": 0.7740923583256196,
  "LOEM": 0.047,
  "loss": 5.528454557061195
}