{
  "accuracy": 0.889273356401384,
  "macro_fscore": 0.5843581588184709,
  "micro_fscore": 0.8953651685393258,
  "loss": 0.4452791137999476
}