{
  "accuracy": 0.9183391003460207,
  "macro_fscore": 0.6168888605513473,
  "micro_fscore": 0.9196927374301676,
  "loss": 0.3096788143790276
}