{
  "accuracy": 0.9114186851211072,
  "macro_fscore": 0.6539448421426883,
  "micro_fscore": 0.9132867132867134,
  "loss": 0.31695221368208076
}