{"model_count": 10, "em_accuracy_mean": 0.5397248495270851, "em_accuracy_std": 0.008100447228105653, "loss_mean": 1.6913766919205722, "loss_std": 0.02834879209707285}