{
  "em_accuracy": 0.5371166523359129,
  "loss": 1.6821291433077425
}