{
  "em_accuracy": 0.5388363427916308,
  "loss": 1.7170360904850372
}