{
  "em_accuracy": 0.5411292633992548,
  "loss": 1.7008818518625546
}