{
  "em_accuracy": 0.5525938664373746,
  "loss": 1.643217349161296
}