{
  "em_accuracy": 0.5365434221840069,
  "loss": 1.7300913235912585
}