{
    "model_count": 5,
    "accuracy_mean": 0.970557509860356,
    "accuracy_std": 0.010250142336651884,
    "macro_fscore_mean": 0.8411675104556002,
    "macro_fscore_std": 0.0361602213436892,
    "micro_fscore_mean": 0.9123785214604038,
    "micro_fscore_std": 0.026495647781595206,
    "label_per:stateorprovince_of_death_fscore_mean": 0.8061620371965199,
    "label_per:stateorprovince_of_death_fscore_std": 0.01788509842097565,
    "label_org:number_of_employees/members_fscore_mean": 0.8916083899750076,
    "label_org:number_of_employees/members_fscore_std": 0.019940198672122312,
    "label_per:cause_of_death_fscore_mean": 0.9728065653825285,
    "label_per:cause_of_death_fscore_std": 0.011973569970134414,
    "label_per:country_of_death_fscore_mean": 0,
    "label_per:country_of_death_fscore_std": 0.0,
    "label_per:date_of_birth_fscore_mean": 0.9500630571863449,
    "label_per:date_of_birth_fscore_std": 0.0202064649799084,
    "label_per:parents_fscore_mean": 0.8714207299859078,
    "label_per:parents_fscore_std": 0.05188612199358803,
    "label_per:stateorprovince_of_birth_fscore_mean": 0.8067292707292708,
    "label_per:stateorprovince_of_birth_fscore_std": 0.0625997053910542,
    "label_per:title_fscore_mean": 0.9728336739212954,
    "label_per:title_fscore_std": 0.016767827900254616,
    "label_per:children_fscore_mean": 0.8567420305381065,
    "label_per:children_fscore_std": 0.04202775151607422,
    "label_per:other_family_fscore_mean": 0.636639328870601,
    "label_per:other_family_fscore_std": 0.18192156718531327,
    "label_per:age_fscore_mean": 0.9791182827269652,
    "label_per:age_fscore_std": 0.011547936204423298,
    "label_org:founded_fscore_mean": 0.9367241509123414,
    "label_org:founded_fscore_std": 0.013194773766346292,
    "label_per:schools_attended_fscore_mean": 0.9318331634233706,
    "label_per:schools_attended_fscore_std": 0.016871840218385635,
    "label_per:countries_of_residence_fscore_mean": 0.823054341257608,
    "label_per:countries_of_residence_fscore_std": 0.026905055904675058,
    "label_org:stateorprovince_of_headquarters_fscore_mean": 0.9040834566153779,
    "label_org:stateorprovince_of_headquarters_fscore_std": 0.04370191494730497,
    "label_org:city_of_headquarters_fscore_mean": 0.9168599512751386,
    "label_org:city_of_headquarters_fscore_std": 0.038336362609292914,
    "label_per:city_of_death_fscore_mean": 0.8703408380237648,
    "label_per:city_of_death_fscore_std": 0.030562311742915384,
    "label_per:cities_of_residence_fscore_mean": 0.8992718356240644,
    "label_per:cities_of_residence_fscore_std": 0.04186375951080752,
    "label_per:stateorprovinces_of_residence_fscore_mean": 0.8910493662128488,
    "label_per:stateorprovinces_of_residence_fscore_std": 0.03035556055111799,
    "label_org:country_of_headquarters_fscore_mean": 0.8829653311375456,
    "label_org:country_of_headquarters_fscore_std": 0.04180806661453503,
    "label_org:top_members/employees_fscore_mean": 0.9522492700160358,
    "label_org:top_members/employees_fscore_std": 0.024715269970963766,
    "label_per:origin_fscore_mean": 0.8386412286477348,
    "label_per:origin_fscore_std": 0.0354978047647475,
    "label_per:charges_fscore_mean": 0.9606128609576885,
    "label_per:charges_fscore_std": 0.031986583613637334,
    "label_org:alternate_names_fscore_mean": 0.9184988261604009,
    "label_org:alternate_names_fscore_std": 0.02761348059407032,
    "label_per:city_of_birth_fscore_mean": 0.8393303736588975,
    "label_per:city_of_birth_fscore_std": 0.016423320266853197,
    "label_per:date_of_death_fscore_mean": 0.881702941706364,
    "label_per:date_of_death_fscore_std": 0.0401565071814482,
    "label_org:political/religious_affiliation_fscore_mean": 0.9010335003438452,
    "label_org:political/religious_affiliation_fscore_std": 0.05726874232345334,
    "label_org:website_fscore_mean": 0.9978494623655914,
    "label_org:website_fscore_std": 0.00480874833870922,
    "label_per:spouse_fscore_mean": 0.9136349583752379,
    "label_per:spouse_fscore_std": 0.036329045050441024,
    "label_per:country_of_birth_fscore_mean": 0.4830409356725146,
    "label_per:country_of_birth_fscore_std": 0.036835142756195385,
    "label_org:subsidiaries_fscore_mean": 0.8479556492436277,
    "label_org:subsidiaries_fscore_std": 0.03239753359346287,
    "label_org:members_fscore_mean": 0.7276568842975618,
    "label_org:members_fscore_std": 0.08225092520240355,
    "label_org:shareholders_fscore_mean": 0.649802119337723,
    "label_org:shareholders_fscore_std": 0.15757567753569263,
    "label_org:dissolved_fscore_mean": 0.9078499278499278,
    "label_org:dissolved_fscore_std": 0.08285012608488848,
    "label_org:founded_by_fscore_mean": 0.8646308253571543,
    "label_org:founded_by_fscore_std": 0.04003556209967722,
    "label_org:parents_fscore_mean": 0.8099815710892465,
    "label_org:parents_fscore_std": 0.04499327202077337,
    "label_per:alternate_names_fscore_mean": 0.9085083248973989,
    "label_per:alternate_names_fscore_std": 0.02180569330683861,
    "label_per:siblings_fscore_mean": 0.8592336604372124,
    "label_per:siblings_fscore_std": 0.06031773312736786,
    "label_per:employee_of_fscore_mean": 0.9379738973752983,
    "label_per:employee_of_fscore_std": 0.03324038247390883,
    "label_org:member_of_fscore_mean": 0.5486703872264728,
    "label_org:member_of_fscore_std": 0.18582334936745223,
    "label_per:religion_fscore_mean": 0.9387045226690711,
    "label_per:religion_fscore_std": 0.05258934780854855,
    "loss_mean": 0.09671349133559566,
    "loss_std": 0.032155661393458344
}