{
  "accuracy": 0.9529545535301851,
  "macro_fscore": 0.7784626062956187,
  "micro_fscore": 0.8669851646970078,
  "label_per:stateorprovince_of_death_fscore": 0.7999999999999999,
  "label_org:number_of_employees/members_fscore": 0.8611111111111112,
  "label_per:cause_of_death_fscore": 0.968421052631579,
  "label_per:country_of_death_fscore": 0,
  "label_per:date_of_birth_fscore": 0.9315068493150684,
  "label_per:parents_fscore": 0.7820512820512822,
  "label_per:stateorprovince_of_birth_fscore": 0.7272727272727274,
  "label_per:title_fscore": 0.947606142728094,
  "label_per:children_fscore": 0.7849462365591398,
  "label_per:other_family_fscore": 0.32967032967032966,
  "label_per:age_fscore": 0.9801699716713881,
  "label_org:founded_fscore": 0.924731182795699,
  "label_per:countries_of_residence_fscore": 0.7818181818181819,
  "label_per:schools_attended_fscore": 0.9078014184397163,
  "label_org:stateorprovince_of_headquarters_fscore": 0.8796680497925312,
  "label_org:city_of_headquarters_fscore": 0.8648648648648649,
  "label_per:city_of_death_fscore": 0.8292682926829269,
  "label_per:cities_of_residence_fscore": 0.8403361344537815,
  "label_per:stateorprovinces_of_residence_fscore": 0.8647058823529412,
  "label_org:country_of_headquarters_fscore": 0.8418230563002681,
  "label_org:top_members/employees_fscore": 0.9088863892013497,
  "label_per:origin_fscore": 0.7912087912087912,
  "label_per:charges_fscore": 0.9259259259259259,
  "label_org:alternate_names_fscore": 0.8751714677640604,
  "label_per:city_of_birth_fscore": 0.823529411764706,
  "label_per:date_of_death_fscore": 0.8617886178861788,
  "label_org:political/religious_affiliation_fscore": 0.8045977011494252,
  "label_org:website_fscore": 1.0,
  "label_per:spouse_fscore": 0.8547717842323652,
  "label_per:country_of_birth_fscore": 0.4444444444444444,
  "label_org:members_fscore": 0.5925925925925926,
  "label_org:subsidiaries_fscore": 0.7927272727272727,
  "label_org:dissolved_fscore": 0.7777777777777778,
  "label_org:shareholders_fscore": 0.423076923076923,
  "label_org:founded_by_fscore": 0.8190476190476189,
  "label_org:parents_fscore": 0.7380073800738007,
  "label_per:alternate_names_fscore": 0.9210526315789473,
  "label_per:siblings_fscore": 0.759493670886076,
  "label_per:employee_of_fscore": 0.8812209688122097,
  "label_org:member_of_fscore": 0.22641509433962262,
  "label_per:religion_fscore": 0.8474576271186441,
  "loss": 0.151256540899534
}