{
  "accuracy": 0.9753757595139111,
  "macro_fscore": 0.8583342505691384,
  "micro_fscore": 0.9245234635438927,
  "label_per:stateorprovince_of_death_fscore": 0.7936507936507937,
  "label_org:number_of_employees/members_fscore": 0.8857142857142858,
  "label_per:cause_of_death_fscore": 0.9791666666666666,
  "label_per:country_of_death_fscore": 0,
  "label_per:date_of_birth_fscore": 0.9714285714285714,
  "label_per:parents_fscore": 0.888888888888889,
  "label_per:stateorprovince_of_birth_fscore": 0.8799999999999999,
  "label_per:title_fscore": 0.9817842129845866,
  "label_per:children_fscore": 0.8603351955307262,
  "label_per:other_family_fscore": 0.6776859504132231,
  "label_per:age_fscore": 0.9719101123595506,
  "label_org:founded_fscore": 0.924731182795699,
  "label_per:countries_of_residence_fscore": 0.8425925925925927,
  "label_per:schools_attended_fscore": 0.9411764705882353,
  "label_org:stateorprovince_of_headquarters_fscore": 0.9224137931034484,
  "label_org:city_of_headquarters_fscore": 0.9540229885057472,
  "label_per:city_of_death_fscore": 0.85,
  "label_per:cities_of_residence_fscore": 0.9298245614035088,
  "label_per:stateorprovinces_of_residence_fscore": 0.9342105263157895,
  "label_org:country_of_headquarters_fscore": 0.8515283842794761,
  "label_org:top_members/employees_fscore": 0.9636150234741784,
  "label_per:origin_fscore": 0.8461538461538461,
  "label_per:charges_fscore": 0.9818181818181818,
  "label_org:alternate_names_fscore": 0.930635838150289,
  "label_per:city_of_birth_fscore": 0.8627450980392156,
  "label_per:date_of_death_fscore": 0.8461538461538461,
  "label_org:political/religious_affiliation_fscore": 0.9487179487179489,
  "label_org:website_fscore": 1.0,
  "label_per:spouse_fscore": 0.9300411522633745,
  "label_per:country_of_birth_fscore": 0.5,
  "label_org:subsidiaries_fscore": 0.8625954198473283,
  "label_org:members_fscore": 0.8062015503875969,
  "label_org:shareholders_fscore": 0.6756756756756757,
  "label_org:dissolved_fscore": 0.9,
  "label_org:founded_by_fscore": 0.9,
  "label_org:parents_fscore": 0.825938566552901,
  "label_per:alternate_names_fscore": 0.8809523809523809,
  "label_per:siblings_fscore": 0.8843537414965986,
  "label_per:employee_of_fscore": 0.9490579204466155,
  "label_org:member_of_fscore": 0.6944444444444445,
  "label_per:religion_fscore": 0.9615384615384615,
  "loss": 0.08088501725510512
}