{
  "accuracy": 0.9720712077603667,
  "macro_fscore": 0.8518129688751122,
  "micro_fscore": 0.9163978728968704,
  "label_per:stateorprovince_of_death_fscore": 0.8076923076923077,
  "label_org:number_of_employees/members_fscore": 0.9142857142857143,
  "label_per:cause_of_death_fscore": 0.968421052631579,
  "label_per:country_of_death_fscore": 0,
  "label_per:date_of_birth_fscore": 0.9315068493150684,
  "label_per:parents_fscore": 0.8759124087591241,
  "label_per:stateorprovince_of_birth_fscore": 0.8571428571428571,
  "label_per:title_fscore": 0.9637448370812299,
  "label_per:children_fscore": 0.8757396449704142,
  "label_per:other_family_fscore": 0.649122807017544,
  "label_per:age_fscore": 0.9635854341736695,
  "label_org:founded_fscore": 0.9347826086956522,
  "label_per:countries_of_residence_fscore": 0.8157248157248158,
  "label_per:schools_attended_fscore": 0.920863309352518,
  "label_org:stateorprovince_of_headquarters_fscore": 0.963963963963964,
  "label_org:city_of_headquarters_fscore": 0.9467455621301775,
  "label_per:city_of_death_fscore": 0.8974358974358975,
  "label_per:cities_of_residence_fscore": 0.9203539823008848,
  "label_per:stateorprovinces_of_residence_fscore": 0.9054054054054054,
  "label_org:country_of_headquarters_fscore": 0.9137055837563451,
  "label_org:top_members/employees_fscore": 0.9555822328931572,
  "label_per:origin_fscore": 0.8137931034482757,
  "label_per:charges_fscore": 1.0,
  "label_org:alternate_names_fscore": 0.9072753209700428,
  "label_per:city_of_birth_fscore": 0.8301886792452831,
  "label_per:date_of_death_fscore": 0.9298245614035087,
  "label_org:political/religious_affiliation_fscore": 0.9382716049382716,
  "label_org:website_fscore": 0.989247311827957,
  "label_per:spouse_fscore": 0.927659574468085,
  "label_per:country_of_birth_fscore": 0.5263157894736842,
  "label_org:subsidiaries_fscore": 0.8482490272373541,
  "label_org:members_fscore": 0.7500000000000001,
  "label_org:dissolved_fscore": 0.9523809523809523,
  "label_org:shareholders_fscore": 0.5666666666666667,
  "label_org:founded_by_fscore": 0.84,
  "label_org:parents_fscore": 0.8014981273408239,
  "label_per:alternate_names_fscore": 0.9090909090909091,
  "label_per:siblings_fscore": 0.8724832214765101,
  "label_per:employee_of_fscore": 0.9424307036247336,
  "label_org:member_of_fscore": 0.6176470588235293,
  "label_per:religion_fscore": 0.9795918367346939,
  "loss": 0.09483291510000959
}