{
  "UAS": 0.4418155697225465,
  "LAS": 0.3065906437999461,
  "UEM": 0.044044044044044044,
  "LEM": 0.006006006006006006,
  "loss": 2.5322186644115146
}