{
    "model_count": 5,
    "UAS_mean": 0.4547005477238035,
    "UAS_std": 0.01197369493498059,
    "LAS_mean": 0.31780551315435035,
    "LAS_std": 0.011185009572376121,
    "UEM_mean": 0.03883883883883884,
    "UEM_std": 0.005220582506668787,
    "LEM_mean": 0.005605605605605605,
    "LEM_std": 0.0008953225135134293,
    "loss_mean": 2.516146575080024,
    "loss_std": 0.03228548730952529
}