{
  "accuracy": 0.8557409224730128,
  "macro_fscore": 0.5230517569589638,
  "micro_fscore": 0.8588469184890656,
  "loss": 0.8040550943405833
}