{
  "accuracy": 0.8626104023552502,
  "macro_fscore": 0.5568811872258865,
  "micro_fscore": 0.8673978065802591,
  "loss": 0.9993872174694616
}