{
  "accuracy": 0.8753680078508341,
  "macro_fscore": 0.6019963730832449,
  "micro_fscore": 0.8838838838838838,
  "loss": 0.7441982859454583
}