{"model_count": 10, "em_accuracy_mean": 0.5897196261682243, "em_accuracy_std": 0.013017646275613706, "loss_mean": 1.5005300451799766, "loss_std": 0.019851230172786186}