{
  "em_accuracy": 0.5578472446019981,
  "loss": 1.528096917978267
}