{
  "em_accuracy": 0.5923300032226877,
  "loss": 1.511120694814269
}