{
  "UAS": 0.8460514450122386,
  "LAS": 0.7727058015201614,
  "UEM": 0.191,
  "LEM": 0.073,
  "LOAS": 0.8519345557607249,
  "LOEM": 0.113,
  "loss": 5.225251793861389
}