{
  "UAS": 0.8485850474513678,
  "LAS": 0.7733069953192768,
  "UEM": 0.189,
  "LEM": 0.066,
  "LOAS": 0.853008116116288,
  "LOEM": 0.112,
  "loss": 5.194375671446323
}