{
  "UAS": 0.847468544681582,
  "LAS": 0.7724481470348263,
  "UEM": 0.184,
  "LEM": 0.071,
  "LOAS": 0.8514192467900545,
  "LOEM": 0.116,
  "loss": 5.480704918503761
}