{
  "UAS": 0.6381452001929571,
  "LAS": 0.46412204534491075,
  "UEM": 0.091,
  "LEM": 0.015,
  "LOAS": 0.588880849011095,
  "LOEM": 0.019,
  "loss": 9.129445344682724
}