{
  "UAS": 0.6453810902074288,
  "LAS": 0.46394114809454895,
  "UEM": 0.081,
  "LEM": 0.011,
  "LOAS": 0.581825856246985,
  "LOEM": 0.013,
  "loss": 8.773953095078468
}