{
  "UAS": 0.6363362276893392,
  "LAS": 0.46369995176073325,
  "UEM": 0.084,
  "LEM": 0.015,
  "LOAS": 0.5873733719247467,
  "LOEM": 0.018,
  "loss": 9.299933731555939
}