{
    "model_count": 5,
    "em_accuracy_mean": 0.46948228882833787,
    "em_accuracy_std": 0.0030330567930372185,
    "loss_mean": 0.0,
    "loss_std": 0.0
}