{
  "UAS": 0.30298542826679303,
  "LAS": 0.15241085179481104,
  "UEM": 0.018,
  "LEM": 0.003,
  "loss": 3.241701602935791
}