{
  "UAS": 0.29569956166331,
  "LAS": 0.14500651581566165,
  "UEM": 0.018,
  "LEM": 0.005,
  "loss": 3.2379124372724504
}