{
  "UAS": 0.3057694585949532,
  "LAS": 0.1530624333609762,
  "UEM": 0.019,
  "LEM": 0.003,
  "loss": 3.2277159388103183
}