{
    "model_count": 5,
    "UAS_mean": 0.5124214345882201,
    "UAS_std": 0.009423049709177789,
    "LAS_mean": 0.34336810730253353,
    "LAS_std": 0.006803818653562172,
    "UEM_mean": 0.024942263279445726,
    "UEM_std": 0.0006324740848789434,
    "LEM_mean": 0.0018475750577367205,
    "LEM_std": 0.0006324740848789446,
    "LOAS_mean": 0.5213114754098361,
    "LOAS_std": 0.008943356716093967,
    "LOEM_mean": 0.003002309468822171,
    "LOEM_std": 0.0015492387834871522,
    "loss_mean": 8.45343988622938,
    "loss_std": 1.0283979431503827
}