{
  "UAS": 0.511177347242921,
  "LAS": 0.34102248428691767,
  "UEM": 0.025404157043879907,
  "LEM": 0.0023094688221709007,
  "LOAS": 0.518628912071535,
  "LOEM": 0.004618937644341801,
  "loss": 8.726526652063642
}