{
  "UAS": 0.5090390721181883,
  "LAS": 0.3466597550703039,
  "UEM": 0.025404157043879907,
  "LEM": 0.0023094688221709007,
  "LOAS": 0.5284779368884858,
  "LOEM": 0.0023094688221709007,
  "loss": 7.86462880883898
}