{
  "UAS": 0.526210069331951,
  "LAS": 0.35359295017171,
  "UEM": 0.025404157043879907,
  "LEM": 0.0023094688221709007,
  "LOAS": 0.5277651785135749,
  "LOEM": 0.0023094688221709007,
  "loss": 7.575401885168893
}