{
  "UAS": 0.5004211754033564,
  "LAS": 0.33681073025335323,
  "UEM": 0.02424942263279446,
  "LEM": 0.0011547344110854503,
  "LOAS": 0.5247845525821292,
  "LOEM": 0.004618937644341801,
  "loss": 7.971977523394993
}