{
  "accuracy": 0.8534031413612565,
  "macro_fscore": 0.750516717798764,
  "micro_fscore": 0.8518024032042724,
  "loss": 0.5583248055918375
}