{
  "accuracy": 0.8638743455497382,
  "macro_fscore": 0.7686003678631517,
  "micro_fscore": 0.864,
  "loss": 0.7372812592626966
}