{"model_count": 10, "em_accuracy_mean": 0.5944892039961328, "em_accuracy_std": 0.006606378824332733, "loss_mean": 1.5689930186750962, "loss_std": 0.01971682047828668}