{
  "em_accuracy": 0.5936190783113117,
  "loss": 1.5374896901170003
}