{
  "em_accuracy": 0.5852400902352562,
  "loss": 1.60624068545312
}