{
  "em_accuracy": 0.588462777956816,
  "loss": 1.5651292548966163
}