{
  "em_accuracy": 0.5907186593619078,
  "loss": 1.5943945775326995
}