{
  "em_accuracy": 0.6007089912987431,
  "loss": 1.5544415190047824
}