{
  "em_accuracy": 0.5932968095391556,
  "loss": 1.5635805888888763
}