{
    "model_count": 5,
    "accuracy_mean": 0.9325301204819277,
    "accuracy_std": 0.011845687713857533,
    "macro_fscore_mean": 0.9533820437445778,
    "macro_fscore_std": 0.008338019735850308,
    "micro_fscore_mean": 0.9342219663117569,
    "micro_fscore_std": 0.012168323124521364,
    "label_is-where_fscore_mean": 0.9071013189587142,
    "label_is-where_fscore_std": 0.03915623444748521,
    "label_birth-place_fscore_mean": 0.9579233221302104,
    "label_birth-place_fscore_std": 0.023196665761889168,
    "label_has-occupation_fscore_mean": 0.9366670477813926,
    "label_has-occupation_fscore_std": 0.02397306745762429,
    "label_has-population_fscore_mean": 1.0,
    "label_has-population_fscore_std": 0.0,
    "label_has-type_fscore_mean": 0.9016944341720551,
    "label_has-type_fscore_std": 0.013119170178240467,
    "label_event-year_fscore_mean": 0.9816107636431642,
    "label_event-year_fscore_std": 0.008699970946589534,
    "label_movie-has-director_fscore_mean": 0.9837121982764234,
    "label_movie-has-director_fscore_std": 0.009336114006486426,
    "label_headquarters_fscore_mean": 0.9654840239125954,
    "label_headquarters_fscore_std": 0.013662003322726435,
    "label_has-parent_fscore_mean": 0.9881941592217474,
    "label_has-parent_fscore_std": 0.010601138509084913,
    "label_has-genre_fscore_mean": 0.9114331693494756,
    "label_has-genre_fscore_std": 0.020312441400616183,
    "loss_mean": 0.2591783960317116,
    "loss_std": 0.039558353485910434
}