{
  "UAS": 0.6286623062449601,
  "LAS": 0.4113430696174178,
  "UEM": 0.039,
  "LEM": 0.003,
  "LOAS": 0.5237881910223098,
  "LOEM": 0.004,
  "loss": 7.4521923661231995
}