{
  "UAS": 0.6437595197562942,
  "LAS": 0.4473165486963534,
  "UEM": 0.037,
  "LEM": 0.003,
  "LOAS": 0.5588208941851088,
  "LOEM": 0.004,
  "loss": 8.170047640800476
}