{
  "UAS": 0.6319774213780127,
  "LAS": 0.42415554161813457,
  "UEM": 0.042,
  "LEM": 0.002,
  "LOAS": 0.5327927605053311,
  "LOEM": 0.002,
  "loss": 7.845818445086479
}