{
    "model_count": 5,
    "UAS_mean": 0.6121562952243126,
    "UAS_std": 0.014352765259020288,
    "LAS_mean": 0.4528461167390256,
    "LAS_std": 0.008193467328251281,
    "UEM_mean": 0.0634,
    "UEM_std": 0.007765307463326871,
    "LEM_mean": 0.015,
    "LEM_std": 0.0036055512754639895,
    "LOAS_mean": 0.5920767004341534,
    "LOAS_std": 0.009123910886235743,
    "LOEM_mean": 0.018,
    "LOEM_std": 0.004242640687119284,
    "loss_mean": 7.292304500937462,
    "loss_std": 1.2112177045804062
}