{
  "UAS": 0.6036541244573083,
  "LAS": 0.45254462132175594,
  "UEM": 0.066,
  "LEM": 0.014,
  "LOAS": 0.5978051133622769,
  "LOEM": 0.018,
  "loss": 5.234736323356628
}