{
  "UAS": 0.5993728895320791,
  "LAS": 0.4548962855764592,
  "UEM": 0.061,
  "LEM": 0.02,
  "LOAS": 0.6033526290400386,
  "LOEM": 0.022,
  "loss": 8.206211894750595
}