{
  "UAS": 0.6141461649782923,
  "LAS": 0.451579835986493,
  "UEM": 0.061,
  "LEM": 0.016,
  "LOAS": 0.588941148094549,
  "LOEM": 0.022,
  "loss": 8.05619204044342
}