{
  "UAS": 0.6076941630487217,
  "LAS": 0.44114809454896287,
  "UEM": 0.054,
  "LEM": 0.01,
  "LOAS": 0.5793535938253739,
  "LOEM": 0.012,
  "loss": 7.214103683829308
}