{
  "accuracy": 0.39068825910931176,
  "macro_fscore": 0.43263729406254253,
  "micro_fscore": 0.434375,
  "label_org:top_members/employees_fscore": 0.27586206896551724,
  "label_per:stateorprovinces_of_residence_fscore": 0.3243243243243243,
  "label_per:countries_of_residence_fscore": 0.5846153846153846,
  "label_per:country_of_birth_fscore": 0.4799999999999999,
  "label_org:stateorprovince_of_headquarters_fscore": 0.5405405405405405,
  "label_org:founded_fscore": 0.5454545454545454,
  "label_per:title_fscore": 0.7999999999999999,
  "label_org:founded_by_fscore": 0.5714285714285715,
  "label_per:alternate_names_fscore": 0.25,
  "label_org:members_fscore": 0.15384615384615385,
  "label_per:cities_of_residence_fscore": 0.5365853658536585,
  "label_per:spouse_fscore": 0.7692307692307693,
  "label_org:city_of_headquarters_fscore": 0.4838709677419354,
  "label_org:alternate_names_fscore": 0.3333333333333333,
  "label_per:employee_of_fscore": 0.2745098039215686,
  "label_per:origin_fscore": 0.18181818181818182,
  "label_org:country_of_headquarters_fscore": 0.6153846153846154,
  "label_org:subsidiaries_fscore": 0.06666666666666667,
  "loss": 3.6105304187343967
}