{
  "accuracy": 0.4109311740890688,
  "macro_fscore": 0.4180701313720178,
  "micro_fscore": 0.4619883040935673,
  "label_per:stateorprovinces_of_residence_fscore": 0.46808510638297873,
  "label_org:top_members/employees_fscore": 0.2857142857142857,
  "label_per:countries_of_residence_fscore": 0.41269841269841273,
  "label_per:country_of_birth_fscore": 0.34782608695652173,
  "label_org:stateorprovince_of_headquarters_fscore": 0.6382978723404256,
  "label_org:founded_fscore": 0.6086956521739131,
  "label_per:title_fscore": 0.7272727272727273,
  "label_org:founded_by_fscore": 0.18181818181818182,
  "label_per:alternate_names_fscore": 0,
  "label_org:members_fscore": 0.2857142857142857,
  "label_per:cities_of_residence_fscore": 0.6511627906976744,
  "label_per:spouse_fscore": 0.7692307692307693,
  "label_org:city_of_headquarters_fscore": 0.7640449438202247,
  "label_org:alternate_names_fscore": 0.3,
  "label_per:employee_of_fscore": 0.21782178217821782,
  "label_per:origin_fscore": 0.15384615384615385,
  "label_org:country_of_headquarters_fscore": 0.6440677966101694,
  "label_org:subsidiaries_fscore": 0.0689655172413793,
  "loss": 3.586062608226653
}