{
  "accuracy": 0.33805668016194335,
  "macro_fscore": 0.363481565092181,
  "micro_fscore": 0.35714285714285715,
  "label_per:stateorprovinces_of_residence_fscore": 0.2222222222222222,
  "label_org:top_members/employees_fscore": 0.33333333333333337,
  "label_per:countries_of_residence_fscore": 0.1276595744680851,
  "label_per:country_of_birth_fscore": 0.1904761904761905,
  "label_org:stateorprovince_of_headquarters_fscore": 0.5263157894736842,
  "label_org:founded_fscore": 0.6086956521739131,
  "label_org:founded_by_fscore": 0.4285714285714285,
  "label_per:title_fscore": 0.7096774193548387,
  "label_per:alternate_names_fscore": 0.25,
  "label_org:members_fscore": 0.15384615384615385,
  "label_per:cities_of_residence_fscore": 0.43243243243243246,
  "label_per:spouse_fscore": 0.6666666666666666,
  "label_org:city_of_headquarters_fscore": 0.6197183098591549,
  "label_org:alternate_names_fscore": 0.2857142857142857,
  "label_per:employee_of_fscore": 0.23300970873786406,
  "label_per:origin_fscore": 0.09523809523809525,
  "label_org:country_of_headquarters_fscore": 0.4090909090909091,
  "label_org:subsidiaries_fscore": 0.25,
  "loss": 2.61301056415804
}