{"model_count": 3, "accuracy_mean": 0.37989203778677466, "accuracy_std": 0.03761770543796585, "macro_fscore_mean": 0.40472966350891376, "macro_fscore_std": 0.03645688925923891, "micro_fscore_mean": 0.41783538707880813, "micro_fscore_std": 0.05434437443986899, "label_per:stateorprovinces_of_residence_fscore_mean": 0.33821055097650843, "label_per:stateorprovinces_of_residence_fscore_std": 0.12351825743564498, "label_org:top_members/employees_fscore_mean": 0.2983032293377121, "label_org:top_members/employees_fscore_std": 0.030734307917605844, "label_per:countries_of_residence_fscore_mean": 0.37499112392729417, "label_per:countries_of_residence_fscore_std": 0.230799767822013, "label_per:country_of_birth_fscore_mean": 0.3394340924775707, "label_per:country_of_birth_fscore_std": 0.14494422461345546, "label_org:stateorprovince_of_headquarters_fscore_mean": 0.5683847341182168, "label_org:stateorprovince_of_headquarters_fscore_std": 0.06096286622023906, "label_org:founded_fscore_mean": 0.5876152832674572, "label_org:founded_fscore_std": 0.03651226998827677, "label_org:founded_by_fscore_mean": 0.3939393939393939, "label_org:founded_by_fscore_std": 0.19710047511397769, "label_per:title_fscore_mean": 0.7456500488758553, "label_per:title_fscore_std": 0.0478835734420376, "label_per:alternate_names_fscore_mean": 0.16666666666666666, "label_per:alternate_names_fscore_std": 0.14433756729740643, "label_org:members_fscore_mean": 0.1978021978021978, "label_org:members_fscore_std": 0.07613410143159899, "label_per:cities_of_residence_fscore_mean": 0.5400601963279218, "label_per:cities_of_residence_fscore_std": 0.10940657311984925, "label_per:spouse_fscore_mean": 0.7350427350427351, "label_per:spouse_fscore_std": 0.059215412224577046, "label_org:city_of_headquarters_fscore_mean": 0.6225447404737716, "label_org:city_of_headquarters_fscore_std": 0.14010837145008107, "label_org:alternate_names_fscore_mean": 0.3063492063492063, "label_org:alternate_names_fscore_std": 0.024436197330699447, "label_per:employee_of_fscore_mean": 0.24178043161255017, "label_per:employee_of_fscore_std": 0.02934411588550691, "label_per:origin_fscore_mean": 0.14363414363414365, "label_per:origin_fscore_std": 0.04418417943655254, "label_org:country_of_headquarters_fscore_mean": 0.5561811070285647, "label_org:country_of_headquarters_fscore_std": 0.12818863431797886, "label_org:subsidiaries_fscore_mean": 0.12854406130268198, "label_org:subsidiaries_fscore_std": 0.10519020848979346, "loss_mean": 3.2698678637063634, "loss_std": 0.5689866451993382}