{"model_count": 10, "em_accuracy_mean": 0.5437947836056176, "em_accuracy_std": 0.00964516394189446, "loss_mean": 1.5951145764899581, "loss_std": 0.021131250894927286}