{
  "em_accuracy": 0.5468615649183147,
  "loss": 1.5955551813726556
}