{
  "em_accuracy": 0.524505588993981,
  "loss": 1.6049629063366755
}