{
  "em_accuracy": 0.5554600171969045,
  "loss": 1.5804883470273998
}