{
  "em_accuracy": 0.5356835769561479,
  "loss": 1.6139450775433892
}