{
    "model_count": 5,
    "em_accuracy_mean": 0.37770134709085695,
    "em_accuracy_std": 0.01028904211346592,
    "loss_mean": 0.0,
    "loss_std": 0.0
}