{
  "UAS": 0.6868262054258975,
  "LAS": 0.4999407653121668,
  "UEM": 0.066,
  "LEM": 0.018,
  "LOAS": 0.6450657505034948,
  "LOEM": 0.028,
  "loss": 8.784221827983856
}