{
  "UAS": 0.6817912569600758,
  "LAS": 0.4950242862220116,
  "UEM": 0.06,
  "LEM": 0.014,
  "LOAS": 0.6436441179954981,
  "LOEM": 0.018,
  "loss": 6.784245848655701
}