{
  "UAS": 0.6916242151403862,
  "LAS": 0.5034948465821585,
  "UEM": 0.067,
  "LEM": 0.016,
  "LOAS": 0.6412154957943371,
  "LOEM": 0.025,
  "loss": 7.858352787792683
}