{
  "UAS": 0.6833313588437389,
  "LAS": 0.4792086245705485,
  "UEM": 0.061,
  "LEM": 0.014,
  "LOAS": 0.6276507522805355,
  "LOEM": 0.022,
  "loss": 8.147283464670181
}