{
    "model_count": 5,
    "UAS_mean": 0.6858192157327331,
    "UAS_std": 0.003781985220932332,
    "LAS_mean": 0.4938514394029143,
    "LAS_std": 0.009367268728336473,
    "UEM_mean": 0.0636,
    "UEM_std": 0.0030495901363953837,
    "LEM_mean": 0.0158,
    "LEM_std": 0.0017888543819998314,
    "LOAS_mean": 0.6378509655254117,
    "LOAS_std": 0.007731023173922926,
    "LOEM_mean": 0.024,
    "LOEM_std": 0.004062019202317981,
    "loss_mean": 8.034169678390025,
    "loss_std": 0.7882075397732516
}