{
  "UAS": 0.6081934126336582,
  "LAS": 0.546313393738996,
  "UEM": 0.117,
  "LEM": 0.047,
  "loss": 1.7559987874258132
}