{
  "UAS": 0.6050156739811913,
  "LAS": 0.5411603040322926,
  "UEM": 0.124,
  "LEM": 0.047,
  "loss": 1.7326550408015176
}