{
  "UAS": 0.6025679563705072,
  "LAS": 0.5392708378065015,
  "UEM": 0.12,
  "LEM": 0.048,
  "loss": 1.7481944901602608
}