{
    "model_count": 5,
    "UAS_mean": 0.6565140845070423,
    "UAS_std": 0.0046368305024232425,
    "LAS_mean": 0.5085764587525151,
    "LAS_std": 0.003921797628226432,
    "UEM_mean": 0.04240400667779633,
    "UEM_std": 0.0014932006527544508,
    "LEM_mean": 0.016360601001669448,
    "LEM_std": 0.002743184762129379,
    "LOAS_mean": 0.6757293762575453,
    "LOAS_std": 0.004854067735093302,
    "LOEM_mean": 0.02303839732888147,
    "LOEM_std": 0.004479601958263352,
    "loss_mean": 6.044506404274388,
    "loss_std": 1.0153999615616824
}