{
  "UAS": 0.6583878269617707,
  "LAS": 0.5149019114688129,
  "UEM": 0.041736227045075125,
  "LEM": 0.015025041736227046,
  "LOAS": 0.6828470824949698,
  "LOEM": 0.018363939899833055,
  "loss": 5.932127651415374
}