{
    "model_count": 5,
    "UAS_mean": 0.8474599561987375,
    "UAS_std": 0.0011659478343484639,
    "LAS_mean": 0.7722420234465581,
    "LAS_std": 0.0009459035446220372,
    "UEM_mean": 0.1896,
    "UEM_std": 0.0039749213828703615,
    "LEM_mean": 0.0682,
    "LEM_std": 0.003962322551231787,
    "LOAS_mean": 0.8521922102460601,
    "LOAS_std": 0.000625987878950186,
    "LOEM_mean": 0.112,
    "LOEM_std": 0.004183300132670382,
    "loss_mean": 4.9821969494223595,
    "loss_std": 0.6443526034585171
}