{
  "UAS": 0.8474256022673595,
  "LAS": 0.7724052046206038,
  "UEM": 0.184,
  "LEM": 0.071,
  "LOAS": 0.851376304375832,
  "LOEM": 0.116,
  "loss": 5.480819292366505
}