{
  "UAS": 0.8486279898655903,
  "LAS": 0.771846953235711,
  "UEM": 0.195,
  "LEM": 0.068,
  "LOAS": 0.8524928071456177,
  "LOEM": 0.114,
  "loss": 5.160360656678677
}