{
  "UAS": 0.8461373298406837,
  "LAS": 0.772748743934384,
  "UEM": 0.191,
  "LEM": 0.073,
  "LOAS": 0.8519345557607249,
  "LOEM": 0.113,
  "loss": 5.223991259932518
}