{
  "UAS": 0.8464808691544639,
  "LAS": 0.7708592777085927,
  "UEM": 0.189,
  "LEM": 0.063,
  "LOAS": 0.852106325417615,
  "LOEM": 0.105,
  "loss": 3.8520732820034027
}