{
  "UAS": 0.8486279898655903,
  "LAS": 0.7733499377334994,
  "UEM": 0.189,
  "LEM": 0.066,
  "LOAS": 0.8530510585305106,
  "LOEM": 0.112,
  "loss": 5.193740256130695
}