{
  "accuracy": 0.9116022099447514,
  "macro_fscore": 0.30800334168755217,
  "micro_fscore": 0.9116809116809117,
  "loss": 0.38122149620903656
}