{
  "accuracy": 0.9005524861878453,
  "macro_fscore": 0.3509935117599351,
  "micro_fscore": 0.9137931034482759,
  "loss": 0.3364549092948437
}