{
    "model_count": 5,
    "UAS_mean": 0.7949089787102747,
    "UAS_std": 0.010340178460576374,
    "LAS_mean": 0.6806746888820323,
    "LAS_std": 0.010021015824678205,
    "UEM_mean": 0.1456,
    "UEM_std": 0.008502940667792523,
    "LEM_mean": 0.0406,
    "LEM_std": 0.0047749345545253265,
    "LOAS_mean": 0.7868353388871747,
    "LOAS_std": 0.010768323143154838,
    "LOEM_mean": 0.06280000000000001,
    "LOEM_std": 0.007726577508832744,
    "loss_mean": 5.7614421308040615,
    "loss_std": 1.021534804107413
}