{
  "UAS": 0.78921114882238,
  "LAS": 0.6838424354623058,
  "UEM": 0.145,
  "LEM": 0.043,
  "LOAS": 0.7914738249511468,
  "LOEM": 0.067,
  "loss": 5.687404274940491
}