{
  "UAS": 0.802787205594981,
  "LAS": 0.6688779183379615,
  "UEM": 0.156,
  "LEM": 0.033,
  "LOAS": 0.76941273269567,
  "LOEM": 0.05,
  "loss": 6.270488202571869
}