{
  "UAS": 0.8056669752134115,
  "LAS": 0.6925331687750694,
  "UEM": 0.15,
  "LEM": 0.043,
  "LOAS": 0.7967705440707601,
  "LOEM": 0.065,
  "loss": 4.021895579993725
}