{
  "UAS": 0.7802632932222565,
  "LAS": 0.671757687956392,
  "UEM": 0.133,
  "LEM": 0.039,
  "LOAS": 0.7840172786177105,
  "LOEM": 0.062,
  "loss": 6.286056332290173
}