{
    "model_count": 5,
    "em_accuracy_mean": 0.36371453138435084,
    "em_accuracy_std": 0.006548386161533883,
    "loss_mean": 0.0,
    "loss_std": 0.0
}