{"model_count": 10, "em_accuracy_mean": 0.43688736027515046, "em_accuracy_std": 0.008590008911369339, "loss_mean": 1.644139922753861, "loss_std": 0.01965875146154687}