{
  "em_accuracy": 0.4296359988535397,
  "loss": 1.6092920591842095
}