{
  "em_accuracy": 0.43135568930925766,
  "loss": 1.652863420852243
}