{
  "em_accuracy": 0.4304958440813987,
  "loss": 1.6499105882426919
}