{
  "em_accuracy": 0.43192891946116363,
  "loss": 1.6649818213562988
}