{"model_count": 10, "em_accuracy_mean": 0.8478218662783643, "em_accuracy_std": 0.007172555874606738, "loss_mean": 1.0214031820842462, "loss_std": 0.0018774901970348018}