{
  "em_accuracy": 0.8278121587186021,
  "loss": 1.0203286755916685
}