{
  "em_accuracy": 0.8509889576507705,
  "loss": 1.0190501693607301
}