{
  "em_accuracy": 0.851959713626987,
  "loss": 1.0190046623695728
}