{
  "em_accuracy": 0.8502608906686082,
  "loss": 1.0240224725747293
}