{
  "em_accuracy": 0.8496541681834728,
  "loss": 1.0198158700336781
}