{
  "em_accuracy": 0.8505035796626623,
  "loss": 1.0221625415160673
}