{
  "em_accuracy": 0.8506249241596894,
  "loss": 1.0209786450678064
}