{
  "accuracy": 0.8950276243093923,
  "macro_fscore": 0.2737777777777778,
  "micro_fscore": 0.9008498583569405,
  "loss": 0.5553206699357057
}