{
  "accuracy": 0.8784530386740331,
  "macro_fscore": 0.3494959096670124,
  "micro_fscore": 0.8774928774928775,
  "loss": 0.7415648715371693
}