{"model_count": 10, "em_accuracy_mean": 0.5923365122615804, "em_accuracy_std": 0.009079032543979446, "loss_mean": 1.5377303373554478, "loss_std": 0.02445881743481051}