{
  "em_accuracy": 0.5933242506811989,
  "loss": 1.5410705493844075
}