{
  "em_accuracy": 0.5851498637602179,
  "loss": 1.5647003258699956
}