{
  "em_accuracy": 0.5776566757493188,
  "loss": 1.5752720515365186
}