{
  "em_accuracy": 0.6004768392370572,
  "loss": 1.5000417375046273
}