{
  "em_accuracy": 0.5926430517711172,
  "loss": 1.529991011256757
}