{
  "em_accuracy": 0.5916212534059946,
  "loss": 1.5110530130889104
}