{
  "UAS": 0.6996801326857007,
  "LAS": 0.45800260632626466,
  "UEM": 0.066,
  "LEM": 0.009,
  "LOAS": 0.5915175927022864,
  "LOEM": 0.013,
  "loss": 9.870081603527069
}