{
  "UAS": 0.7014571733206966,
  "LAS": 0.4497689847174505,
  "UEM": 0.064,
  "LEM": 0.007,
  "LOAS": 0.5806776448288118,
  "LOEM": 0.009,
  "loss": 10.363044381141663
}