{
  "UAS": 0.6968368676697074,
  "LAS": 0.4588911266437626,
  "UEM": 0.068,
  "LEM": 0.009,
  "LOAS": 0.5939462149034475,
  "LOEM": 0.011,
  "loss": 9.738831773400307
}