{
  "UAS": 0.706136713659519,
  "LAS": 0.46185286103542234,
  "UEM": 0.067,
  "LEM": 0.01,
  "LOAS": 0.5927022864589504,
  "LOEM": 0.012,
  "loss": 7.853282570838928
}