{
    "model_count": 5,
    "UAS_mean": 0.6661846076458753,
    "UAS_std": 0.0042673238181482,
    "LAS_mean": 0.5298289738430584,
    "LAS_std": 0.010072694277600191,
    "UEM_mean": 0.04073455759599332,
    "UEM_std": 0.004952386301900276,
    "LEM_mean": 0.015358931552587647,
    "LEM_std": 0.0013967613130785896,
    "LOAS_mean": 0.7009431589537224,
    "LOAS_std": 0.013499398517475971,
    "LOEM_mean": 0.024707846410684475,
    "LOEM_std": 0.002476193150950138,
    "loss_mean": 6.322582310124448,
    "loss_std": 0.554940199358534
}