{
  "UAS": 0.6713405432595574,
  "LAS": 0.536657444668008,
  "UEM": 0.038397328881469114,
  "LEM": 0.01335559265442404,
  "LOAS": 0.7086896378269618,
  "LOEM": 0.021702838063439065,
  "loss": 5.591441681510524
}