{
  "UAS": 0.6603370221327968,
  "LAS": 0.5240191146881288,
  "UEM": 0.035058430717863104,
  "LEM": 0.015025041736227046,
  "LOAS": 0.6933475855130785,
  "LOEM": 0.025041736227045076,
  "loss": 6.640154788368626
}