{
  "UAS": 0.6636066398390342,
  "LAS": 0.5216926559356136,
  "UEM": 0.045075125208681135,
  "LEM": 0.01669449081803005,
  "LOAS": 0.6910840040241448,
  "LOEM": 0.02337228714524207,
  "loss": 7.034942099922581
}