{
  "UAS": 0.6680080482897385,
  "LAS": 0.5442027162977867,
  "UEM": 0.04674457429048414,
  "LEM": 0.01669449081803005,
  "LOAS": 0.7210764587525151,
  "LOEM": 0.025041736227045076,
  "loss": 6.32205037066811
}