{
  "UAS": 0.8443766908575601,
  "LAS": 0.7531240606346888,
  "UEM": 0.174,
  "LEM": 0.05,
  "LOAS": 0.834199338686821,
  "LOEM": 0.076,
  "loss": 5.087701290845871
}