{
  "UAS": 0.8418430884184309,
  "LAS": 0.7481856829990982,
  "UEM": 0.171,
  "LEM": 0.049,
  "LOAS": 0.8287885944947825,
  "LOEM": 0.077,
  "loss": 4.002680726349354
}