{
  "UAS": 0.8390518314939666,
  "LAS": 0.7499892643964444,
  "UEM": 0.162,
  "LEM": 0.05,
  "LOAS": 0.8325245845321424,
  "LOEM": 0.086,
  "loss": 5.3509747460484505
}