{
  "UAS": 0.8466955812255765,
  "LAS": 0.7639026066045433,
  "UEM": 0.181,
  "LEM": 0.057,
  "LOAS": 0.841928973246876,
  "LOEM": 0.091,
  "loss": 4.8653577119112015
}