{
  "em_accuracy": 0.13699127906976744,
  "loss": 2.44210892084033
}