{
  "em_accuracy": 0.14098837209302326,
  "loss": 2.3615793093692425
}