{
  "em_accuracy": 0.12645348837209303,
  "loss": 2.434091774530189
}