{
  "em_accuracy": 0.12172965116279069,
  "loss": 2.487470598414887
}