{
  "em_accuracy": 0.1308139534883721,
  "loss": 2.498566624037055
}