{
  "em_accuracy": 0.16388081395348839,
  "loss": 2.360811336095943
}