{"model_count": 10, "em_accuracy_mean": 0.13822674418604652, "em_accuracy_std": 0.017210015687690546, "loss_mean": 2.422459912022879, "loss_std": 0.06676510410497474}