{
  "UAS": 0.7770809067287877,
  "LAS": 0.603709345040767,
  "UEM": 0.085,
  "LEM": 0.01,
  "LOAS": 0.6874384015769196,
  "LOEM": 0.019,
  "loss": 6.079338297247887
}