{
  "UAS": 0.7656124003225517,
  "LAS": 0.5826090852074187,
  "UEM": 0.076,
  "LEM": 0.008,
  "LOAS": 0.6718931995340919,
  "LOEM": 0.015,
  "loss": 5.144756942987442
}