{
  "UAS": 0.7681659349520652,
  "LAS": 0.587133769375504,
  "UEM": 0.082,
  "LEM": 0.012,
  "LOAS": 0.6739539467789625,
  "LOEM": 0.015,
  "loss": 5.016054034233093
}