{
  "UAS": 0.4496885869125617,
  "LAS": 0.39860875192105477,
  "UEM": 0.069,
  "LEM": 0.036,
  "loss": 1.7734932388578142
}