{
  "UAS": 0.44430963358408154,
  "LAS": 0.3943217665615142,
  "UEM": 0.072,
  "LEM": 0.039,
  "loss": 1.7676190629838004
}