{
  "UAS": 0.45555285933834827,
  "LAS": 0.4050796732184745,
  "UEM": 0.072,
  "LEM": 0.042,
  "loss": 1.7446348704988994
}