{
    "model_count": 5,
    "em_accuracy_mean": 0.23173007896625988,
    "em_accuracy_std": 0.009576303017441655,
    "loss_mean": 0.0,
    "loss_std": 0.0
}