{
  "accuracy": 0.9781121751025992,
  "macro_fscore": 0.9659348495286427,
  "micro_fscore": 0.9829787234042554,
  "loss": 0.08829817135056542
}