{
  "accuracy": 0.9781121751025992,
  "macro_fscore": 0.9698256722828266,
  "micro_fscore": 0.9815602836879432,
  "loss": 0.1162122686927551
}