{
    "model_count": 5,
    "accuracy_mean": 0.6520179372197309,
    "accuracy_std": 0.016957551929317496,
    "macro_fscore_mean": 0.6001080973120447,
    "macro_fscore_std": 0.011666603355564398,
    "micro_fscore_mean": 0.6641938924426728,
    "micro_fscore_std": 0.018540375604327346,
    "label_org:parents_fscore_mean": 0.14666666666666667,
    "label_org:parents_fscore_std": 0.2022100118413747,
    "label_per:stateorprovince_of_death_fscore_mean": 0.26,
    "label_per:stateorprovince_of_death_fscore_std": 0.3714835124201342,
    "label_org:founded_fscore_mean": 0.8636363636363636,
    "label_org:founded_fscore_std": 0.04149413314433073,
    "label_org:subsidiaries_fscore_mean": 0.6142857142857143,
    "label_org:subsidiaries_fscore_std": 0.07604152106033955,
    "label_org:top_members/employees_fscore_mean": 0.7398989898989898,
    "label_org:top_members/employees_fscore_std": 0.0910842868528861,
    "label_org:member_of_fscore_mean": 0.34714285714285714,
    "label_org:member_of_fscore_std": 0.1428214241060264,
    "label_per:religion_fscore_mean": 0.7999999999999999,
    "label_per:religion_fscore_std": 0.18257418583505539,
    "label_per:spouse_fscore_mean": 0.9314285714285714,
    "label_per:spouse_fscore_std": 0.0960442075084092,
    "label_per:countries_of_residence_fscore_mean": 0.5161038961038961,
    "label_per:countries_of_residence_fscore_std": 0.09282580526515043,
    "label_per:title_fscore_mean": 0.6413157894736842,
    "label_per:title_fscore_std": 0.07822427133987477,
    "label_per:children_fscore_mean": 0.6757142857142857,
    "label_per:children_fscore_std": 0.1606428412627827,
    "label_per:charges_fscore_mean": 0.8903030303030303,
    "label_per:charges_fscore_std": 0.07768458275958465,
    "label_per:cities_of_residence_fscore_mean": 0.31666666666666665,
    "label_per:cities_of_residence_fscore_std": 0.20749832663314555,
    "label_per:country_of_birth_fscore_mean": 0.44666666666666666,
    "label_per:country_of_birth_fscore_std": 0.0767390962214756,
    "label_org:founded_by_fscore_mean": 0.8721212121212121,
    "label_org:founded_by_fscore_std": 0.05197654341332658,
    "label_per:stateorprovince_of_birth_fscore_mean": 0,
    "label_per:stateorprovince_of_birth_fscore_std": 0.0,
    "label_org:members_fscore_mean": 0.3956843156843157,
    "label_org:members_fscore_std": 0.11288637026445855,
    "label_per:origin_fscore_mean": 0.541010101010101,
    "label_per:origin_fscore_std": 0.20863122259656766,
    "label_per:employee_of_fscore_mean": 0.48376623376623373,
    "label_per:employee_of_fscore_std": 0.18015823894811794,
    "label_per:age_fscore_mean": 0.9514285714285714,
    "label_per:age_fscore_std": 0.03537938213525087,
    "label_per:parents_fscore_mean": 0.6924542124542125,
    "label_per:parents_fscore_std": 0.1768516984158399,
    "label_per:stateorprovinces_of_residence_fscore_mean": 0.3011111111111111,
    "label_per:stateorprovinces_of_residence_fscore_std": 0.12212117034696966,
    "label_org:political/religious_affiliation_fscore_mean": 0.8993006993006992,
    "label_org:political/religious_affiliation_fscore_std": 0.10177167922923855,
    "label_per:siblings_fscore_mean": 0.803968253968254,
    "label_per:siblings_fscore_std": 0.09304688252810268,
    "label_org:shareholders_fscore_mean": 0.1942857142857143,
    "label_org:shareholders_fscore_std": 0.27285340311573314,
    "label_per:other_family_fscore_mean": 0.3438888888888889,
    "label_per:other_family_fscore_std": 0.19802652896225675,
    "label_org:country_of_headquarters_fscore_mean": 0.5,
    "label_org:country_of_headquarters_fscore_std": 0.1178511301977579,
    "label_per:date_of_death_fscore_mean": 0.7214285714285714,
    "label_per:date_of_death_fscore_std": 0.08401085125893974,
    "label_org:dissolved_fscore_mean": 0,
    "label_org:dissolved_fscore_std": 0.0,
    "label_org:stateorprovince_of_headquarters_fscore_mean": 0.669047619047619,
    "label_org:stateorprovince_of_headquarters_fscore_std": 0.14146143597631378,
    "label_org:website_fscore_mean": 1.0,
    "label_org:website_fscore_std": 0.0,
    "label_per:schools_attended_fscore_mean": 0.8177777777777779,
    "label_per:schools_attended_fscore_std": 0.03975231959999622,
    "label_per:alternate_names_fscore_mean": 0.39515151515151514,
    "label_per:alternate_names_fscore_std": 0.11826035549786487,
    "label_per:city_of_death_fscore_mean": 0.9142857142857143,
    "label_per:city_of_death_fscore_std": 0.07824607964359519,
    "label_org:city_of_headquarters_fscore_mean": 0.6557142857142857,
    "label_org:city_of_headquarters_fscore_std": 0.14484333549298942,
    "label_per:cause_of_death_fscore_mean": 0.923076923076923,
    "label_per:cause_of_death_fscore_std": 0.0,
    "label_per:date_of_birth_fscore_mean": 0.8625641025641025,
    "label_per:date_of_birth_fscore_std": 0.13086472129424886,
    "label_org:number_of_employees/members_fscore_mean": 0.8642857142857142,
    "label_org:number_of_employees/members_fscore_std": 0.08892785427134813,
    "label_org:alternate_names_fscore_mean": 0.625,
    "label_org:alternate_names_fscore_std": 0.0721687836487032,
    "label_per:city_of_birth_fscore_mean": 0.3871428571428572,
    "label_per:city_of_birth_fscore_std": 0.11697723483391011,
    "loss_mean": 1.2665287754365375,
    "loss_std": 0.04068334158839204
}