{
  "UAS": 0.2808075677734747,
  "LAS": 0.16024379404482256,
  "UEM": 0.006700167504187605,
  "LEM": 0.0033500837520938024,
  "loss": 2.8858537673950195
}