{
  "em_accuracy": 0.8193180439267079,
  "loss": 1.027367528903392
}