{
  "em_accuracy": 0.8198034219148161,
  "loss": 1.0259547582430433
}