{
  "em_accuracy": 0.8228370343404927,
  "loss": 1.019031128795572
}