{
  "em_accuracy": 0.821502244873195,
  "loss": 1.024079634237659
}