{
  "em_accuracy": 0.8199247664118432,
  "loss": 1.02785620509192
}