{
  "em_accuracy": 0.8190753549326538,
  "loss": 1.0309351071599842
}