{"model_count": 5, "accuracy_mean": 0.8064, "accuracy_std": 0.026623298067669943, "loss_mean": 1.0654909908771515, "loss_std": 0.17894079525557097}