{
  "accuracy": 0.8333333333333334,
  "macro_fscore": 0.7450638792102207,
  "micro_fscore": 0.836734693877551,
  "label_has-genre_fscore": 0.5,
  "label_has-occupation_fscore": 0.8780487804878048,
  "label_has-type_fscore": 0.8571428571428572,
  "loss": 0.7474780678749084
}