{
    "model_count": 5,
    "accuracy_mean": 0.8406956521739131,
    "accuracy_std": 0.00990312241913597,
    "macro_fscore_mean": 0.8476014657522943,
    "macro_fscore_std": 0.009687459158675348,
    "micro_fscore_mean": 0.8418995316360578,
    "micro_fscore_std": 0.00902073925223004,
    "label_org-has-founder_fscore_mean": 0.8444405640327626,
    "label_org-has-founder_fscore_std": 0.08801727238880427,
    "label_movie-has-director_fscore_mean": 0.9730648319934034,
    "label_movie-has-director_fscore_std": 0.025166288295641107,
    "label_is-where_fscore_mean": 0.8878140365056914,
    "label_is-where_fscore_std": 0.025111301855628442,
    "label_has-tourist-attraction_fscore_mean": 0.9798759386142696,
    "label_has-tourist-attraction_fscore_std": 0.0069353059047617405,
    "label_has-parent_fscore_mean": 0.8856519781859341,
    "label_has-parent_fscore_std": 0.04533577865823596,
    "label_birth-place_fscore_mean": 0.5581467046255779,
    "label_birth-place_fscore_std": 0.024983752077776478,
    "label_won-award_fscore_mean": 0.9609461966604824,
    "label_won-award_fscore_std": 0.004910272758898619,
    "label_org-has-member_fscore_mean": 0.9632118056447011,
    "label_org-has-member_fscore_std": 0.015623681106202105,
    "label_has-sibling_fscore_mean": 0.940245648796054,
    "label_has-sibling_fscore_std": 0.02621208768360613,
    "label_headquarters_fscore_mean": 0.9289758933225974,
    "label_headquarters_fscore_std": 0.01900649623131123,
    "label_has-genre_fscore_mean": 0.7064437797605874,
    "label_has-genre_fscore_std": 0.04940269264012283,
    "label_has-highest-mountain_fscore_mean": 0.984274898078043,
    "label_has-highest-mountain_fscore_std": 0.0053166623714343015,
    "label_first-product_fscore_mean": 0.9010880383008947,
    "label_first-product_fscore_std": 0.02846066987571916,
    "label_has-occupation_fscore_mean": 0.9344158415841585,
    "label_has-occupation_fscore_std": 0.005097615881731193,
    "label_invented-when_fscore_mean": 0.986216268685692,
    "label_invented-when_fscore_std": 0.0053166623714343015,
    "label_invented-by_fscore_mean": 0.9827774786357659,
    "label_invented-by_fscore_std": 0.023470236954383522,
    "label_has-spouse_fscore_mean": 0.838229431460316,
    "label_has-spouse_fscore_std": 0.021372111495807172,
    "label_has-nationality_fscore_mean": 0.48132344735460414,
    "label_has-nationality_fscore_std": 0.0691855091190104,
    "label_has-child_fscore_mean": 0.9108397383959067,
    "label_has-child_fscore_std": 0.015835183433283984,
    "label_is-member-of_fscore_mean": 0.9561002663214436,
    "label_is-member-of_fscore_std": 0.024062327990682905,
    "label_from-country_fscore_mean": 0.3107323085602404,
    "label_from-country_fscore_std": 0.09591533308196046,
    "label_has-type_fscore_mean": 0.7324171510313505,
    "label_has-type_fscore_std": 0.022088952802927168,
    "loss_mean": 0.7655764634297358,
    "loss_std": 0.12778351013572722
}