{
  "accuracy": 0.8539130434782609,
  "macro_fscore": 0.8609307741377502,
  "micro_fscore": 0.85375854214123,
  "label_org-has-founder_fscore": 0.8636363636363636,
  "label_movie-has-director_fscore": 0.9583333333333334,
  "label_has-tourist-attraction_fscore": 0.98,
  "label_has-type_fscore": 0.7387387387387387,
  "label_has-parent_fscore": 0.9375,
  "label_won-award_fscore": 0.9591836734693877,
  "label_has-sibling_fscore": 0.9387755102040817,
  "label_org-has-member_fscore": 0.9514563106796116,
  "label_birth-place_fscore": 0.5641025641025641,
  "label_headquarters_fscore": 0.94,
  "label_has-genre_fscore": 0.7560975609756097,
  "label_has-highest-mountain_fscore": 0.99009900990099,
  "label_first-product_fscore": 0.9278350515463918,
  "label_invented-when_fscore": 0.99009900990099,
  "label_has-occupation_fscore": 0.94,
  "label_invented-by_fscore": 0.99009900990099,
  "label_has-spouse_fscore": 0.8703703703703703,
  "label_has-nationality_fscore": 0.5116279069767441,
  "label_has-child_fscore": 0.9072164948453608,
  "label_is-member-of_fscore": 0.96,
  "label_from-country_fscore": 0.3673469387755102,
  "label_is-where_fscore": 0.8979591836734694,
  "loss": 0.7425433666228654
}