{
  "accuracy": 0.8426086956521739,
  "macro_fscore": 0.8517549789537491,
  "micro_fscore": 0.8455949137148047,
  "label_org-has-founder_fscore": 0.9148936170212766,
  "label_movie-has-director_fscore": 0.9795918367346939,
  "label_is-where_fscore": 0.9166666666666666,
  "label_has-tourist-attraction_fscore": 0.9702970297029702,
  "label_has-parent_fscore": 0.8842105263157894,
  "label_won-award_fscore": 0.9696969696969697,
  "label_has-sibling_fscore": 0.9052631578947369,
  "label_org-has-member_fscore": 0.98989898989899,
  "label_birth-place_fscore": 0.5974025974025975,
  "label_headquarters_fscore": 0.9494949494949495,
  "label_has-genre_fscore": 0.7619047619047621,
  "label_has-highest-mountain_fscore": 0.9803921568627451,
  "label_first-product_fscore": 0.9019607843137256,
  "label_has-occupation_fscore": 0.9306930693069307,
  "label_invented-when_fscore": 0.99009900990099,
  "label_invented-by_fscore": 0.9433962264150945,
  "label_has-spouse_fscore": 0.8392857142857143,
  "label_has-nationality_fscore": 0.36036036036036034,
  "label_has-child_fscore": 0.8979591836734694,
  "label_is-member-of_fscore": 0.9174311926605504,
  "label_from-country_fscore": 0.3826086956521739,
  "label_has-type_fscore": 0.7551020408163266,
  "loss": 0.5946941182224287
}