{
  "UAS": 0.4837685479168017,
  "LAS": 0.34529903453638305,
  "UEM": 0.016166281755196306,
  "LEM": 0.0023094688221709007,
  "LOAS": 0.5576362340439318,
  "LOEM": 0.004618937644341801,
  "loss": 11.275205527033124
}