{
  "UAS": 0.47936240523553425,
  "LAS": 0.3441327026501652,
  "UEM": 0.017321016166281754,
  "LEM": 0.0011547344110854503,
  "LOAS": 0.556275513510011,
  "LOEM": 0.0023094688221709007,
  "loss": 14.537151881626674
}