{
  "UAS": 0.4759282057927817,
  "LAS": 0.34555821939998704,
  "UEM": 0.018475750577367205,
  "LEM": 0.0023094688221709007,
  "LOAS": 0.5586081772824467,
  "LOEM": 0.003464203233256351,
  "loss": 12.54407889502389
}