{
    "model_count": 5,
    "em_accuracy_mean": 0.2609475951184494,
    "em_accuracy_std": 0.007259062604507063,
    "loss_mean": 0.0,
    "loss_std": 0.0
}