{
  "em_accuracy": 0.43323761665470206,
  "loss": 1.9615601996013097
}