{
  "em_accuracy": 0.43646805455850685,
  "loss": 1.8778468234198433
}