{
  "em_accuracy": 0.416367552045944,
  "loss": 1.9215319974081857
}