{
  "em_accuracy": 0.4314429289303661,
  "loss": 1.9167354311261857
}