{
  "em_accuracy": 0.43323761665470206,
  "loss": 1.8911892448152814
}