{
  "em_accuracy": 0.4282124910265614,
  "loss": 1.9076645183563232
}