{
  "accuracy": 0.8577036310107949,
  "macro_fscore": 0.47588057919781235,
  "micro_fscore": 0.8619830592924764,
  "loss": 0.8775553792511346
}