{
  "accuracy": 0.8380765456329735,
  "macro_fscore": 0.5225568205082971,
  "micro_fscore": 0.8411122144985104,
  "loss": 0.9249968453805195
}