{
  "accuracy": 0.8675171736997056,
  "macro_fscore": 0.5026088716804903,
  "micro_fscore": 0.871641791044776,
  "loss": 0.9959135483586579
}