{
    "model_count": 5,
    "UAS_mean": 0.7601079466049829,
    "UAS_std": 0.015035342751278576,
    "LAS_mean": 0.5836441617271457,
    "LAS_std": 0.016905556937618634,
    "UEM_mean": 0.0858,
    "UEM_std": 0.012676750372236565,
    "LEM_mean": 0.012,
    "LEM_std": 0.003391164991562634,
    "LOAS_mean": 0.6965929352802275,
    "LOAS_std": 0.01147787840838848,
    "LOEM_mean": 0.019,
    "LOEM_std": 0.00447213595499958,
    "loss_mean": 7.234457167983055,
    "loss_std": 0.7037439295144339
}