{
  "UAS": 0.7708544166546191,
  "LAS": 0.5991036576550528,
  "UEM": 0.093,
  "LEM": 0.014,
  "LOAS": 0.7070020721892921,
  "LOEM": 0.02,
  "loss": 6.4881178587675095
}