{
  "UAS": 0.7649751819189436,
  "LAS": 0.5925979470868874,
  "UEM": 0.102,
  "LEM": 0.016,
  "LOAS": 0.7044961688593321,
  "LOEM": 0.024,
  "loss": 8.151586890220642
}