{
  "UAS": 0.7565900438533083,
  "LAS": 0.5811768107561082,
  "UEM": 0.079,
  "LEM": 0.012,
  "LOAS": 0.697556744253289,
  "LOEM": 0.018,
  "loss": 7.7679440677165985
}