{
  "UAS": 0.7356271986892198,
  "LAS": 0.5556840634186304,
  "UEM": 0.069,
  "LEM": 0.011,
  "LOAS": 0.6777504698568744,
  "LOEM": 0.012,
  "loss": 6.723792105913162
}