{
  "UAS": 0.7724928919088236,
  "LAS": 0.5896583297190496,
  "UEM": 0.086,
  "LEM": 0.007,
  "LOAS": 0.6961592212423497,
  "LOEM": 0.021,
  "loss": 7.040844917297363
}