{"model_count": 10, "em_accuracy_mean": 0.6608178619099624, "em_accuracy_std": 0.010930408627386982, "loss_mean": 1.1766809545284094, "loss_std": 0.019889933930371948}