{
  "em_accuracy": 0.6697002790923432,
  "loss": 1.151752030780149
}