{
  "em_accuracy": 0.6665453221696396,
  "loss": 1.1543354833310888
}