{
  "em_accuracy": 0.6545322169639607,
  "loss": 1.2083926330241122
}