{
  "em_accuracy": 0.6641184322290984,
  "loss": 1.1641825496457343
}