{
  "em_accuracy": 0.6501638150709865,
  "loss": 1.2040993523921153
}