{
  "em_accuracy": 0.6359665089188206,
  "loss": 1.174102045884428
}