{
  "em_accuracy": 0.6619342312826113,
  "loss": 1.1661228625349296
}