{
  "accuracy": 0.9368421052631579,
  "macro_fscore": 0.5766368052769978,
  "micro_fscore": 0.9373297002724795,
  "loss": 0.33008873313277337
}