{
  "accuracy": 0.9105263157894737,
  "macro_fscore": 0.4897254901960785,
  "micro_fscore": 0.915989159891599,
  "loss": 0.4392816751205828
}