{
  "accuracy": 0.9157894736842105,
  "macro_fscore": 0.3916599190283401,
  "micro_fscore": 0.921832884097035,
  "loss": 0.39357235210870084
}