{
  "UAS": 0.6923662754233492,
  "LAS": 0.4833796254815877,
  "UEM": 0.042,
  "LEM": 0.004,
  "LOAS": 0.5813099184660873,
  "LOEM": 0.004,
  "loss": 6.728427663445473
}