{
  "UAS": 0.703565988710689,
  "LAS": 0.5020159483917211,
  "UEM": 0.045,
  "LEM": 0.002,
  "LOAS": 0.5956903503270317,
  "LOEM": 0.003,
  "loss": 5.917906999588013
}