{
  "UAS": 0.6676373084849028,
  "LAS": 0.44238867484992384,
  "UEM": 0.032,
  "LEM": 0.001,
  "LOAS": 0.53776543320491,
  "LOEM": 0.001,
  "loss": 6.214164167642593
}