{
  "UAS": 0.6890959591434459,
  "LAS": 0.485664366992205,
  "UEM": 0.034,
  "LEM": 0.002,
  "LOAS": 0.5849386255711854,
  "LOEM": 0.002,
  "loss": 6.248285964131355
}