{
  "UAS": 0.6971149538571813,
  "LAS": 0.49386255711853777,
  "UEM": 0.046,
  "LEM": 0.002,
  "LOAS": 0.5911656661589463,
  "LOEM": 0.002,
  "loss": 6.670706614851952
}