{
  "accuracy": 0.9281767955801105,
  "macro_fscore": 0.4416541353383459,
  "micro_fscore": 0.9257142857142857,
  "loss": 0.33985057069609564
}