{
  "accuracy": 0.9226519337016574,
  "macro_fscore": 0.42339544513457555,
  "micro_fscore": 0.923076923076923,
  "loss": 0.5386308801632064
}