{
    "model_count": 5,
    "UAS_mean": 0.5904177019361493,
    "UAS_std": 0.0028547649704126783,
    "LAS_mean": 0.5326707608644695,
    "LAS_std": 0.003147015157700809,
    "UEM_mean": 0.09179999999999999,
    "UEM_std": 0.0023874672772626667,
    "LEM_mean": 0.055600000000000004,
    "LEM_std": 0.001140175425099139,
    "loss_mean": 1.6348700020048355,
    "loss_std": 0.00786002704050021
}