{
  "UAS": 0.5865172753269889,
  "LAS": 0.5281046364446111,
  "UEM": 0.09,
  "LEM": 0.057,
  "loss": 1.6347115465572901
}