{
  "UAS": 0.5886268810651165,
  "LAS": 0.5314331254981014,
  "UEM": 0.093,
  "LEM": 0.056,
  "loss": 1.6393797757133606
}