{
  "UAS": 0.5934086540715391,
  "LAS": 0.5355585767193287,
  "UEM": 0.095,
  "LEM": 0.055,
  "loss": 1.6448533553925773
}