{
  "accuracy": 0.9794801641586868,
  "macro_fscore": 0.9699061772567142,
  "micro_fscore": 0.9836763662171752,
  "loss": 0.11725318298451147
}