{
  "accuracy": 0.9794801641586868,
  "macro_fscore": 0.9726213148579724,
  "micro_fscore": 0.9850533807829182,
  "loss": 0.07684579936271209
}