{
  "accuracy": 0.9808481532147743,
  "macro_fscore": 0.9704582628829208,
  "micro_fscore": 0.9850958126330731,
  "loss": 0.11004062579962445
}