{"model_count": 3, "accuracy_mean": 0.8703703703703703, "accuracy_std": 0.0, "loss_mean": 0.841862271229426, "loss_std": 0.04113039019670162}