{
  "accuracy": 0.8703703703703703,
  "loss": 0.8544526696205139
}