{
  "accuracy": 0.8703703703703703,
  "loss": 0.8752258718013763
}