{
    "model_count": 5,
    "UAS_mean": 0.5964245247387637,
    "UAS_std": 0.007789093280131716,
    "LAS_mean": 0.48780897226069075,
    "LAS_std": 0.012057118092831907,
    "UEM_mean": 0.016399999999999998,
    "UEM_std": 0.002073644135332772,
    "LEM_mean": 0.0052,
    "LEM_std": 0.0014832396974191326,
    "LOAS_mean": 0.6460363422720214,
    "LOAS_std": 0.012645483316477982,
    "LOEM_mean": 0.007,
    "LOEM_std": 0.0012247448713915891,
    "loss_mean": 8.617872749813019,
    "loss_std": 1.0294780365627398
}