{
  "UAS": 0.5892819673507071,
  "LAS": 0.4873053841957279,
  "UEM": 0.013,
  "LEM": 0.003,
  "LOAS": 0.6526920978639473,
  "LOEM": 0.005,
  "loss": 7.771985709667206
}