{
  "em_accuracy": 0.38944723618090454,
  "loss": 1.9959671425819396
}