{
  "em_accuracy": 0.38765254845656855,
  "loss": 2.0131166825975693
}