{
  "em_accuracy": 0.39231873653984206,
  "loss": 1.9808308689934866
}