{
  "em_accuracy": 0.3969849246231156,
  "loss": 1.932672233581543
}