{
  "em_accuracy": 0.395908111988514,
  "loss": 1.970211671420506
}