{
  "em_accuracy": 0.3858578607322326,
  "loss": 1.927825939995902
}