{
  "accuracy": 0.8420019627085378,
  "macro_fscore": 0.5318865745375657,
  "micro_fscore": 0.845617529880478,
  "loss": 1.0549260206898907
}