{
  "accuracy": 0.8606476938174681,
  "macro_fscore": 0.5412422235474806,
  "micro_fscore": 0.8645418326693227,
  "loss": 0.9078984895313624
}