{
  "accuracy": 0.8567222767419038,
  "macro_fscore": 0.5472189818980552,
  "micro_fscore": 0.8654327163581791,
  "loss": 0.7300031872291584
}