{
  "accuracy": 0.9165971643035863,
  "macro_fscore": 0.6109044461050152,
  "micro_fscore": 0.9187368421052632,
  "loss": 0.34229266540457803
}