{
  "accuracy": 0.902418682235196,
  "macro_fscore": 0.6243303792647477,
  "micro_fscore": 0.9034162800506116,
  "loss": 0.6377634241866569
}