{
  "accuracy": 0.9124270225187656,
  "macro_fscore": 0.6060574071608049,
  "micro_fscore": 0.9129154396297854,
  "loss": 0.3876264678884763
}