{
    "model_count": 5,
    "accuracy_mean": 0.8441739130434782,
    "accuracy_std": 0.011023261193249203,
    "macro_fscore_mean": 0.8488580317175705,
    "macro_fscore_std": 0.008414077471020596,
    "micro_fscore_mean": 0.8449555728029964,
    "micro_fscore_std": 0.009937652982716611,
    "label_has-occupation_fscore_mean": 0.9304453707506674,
    "label_has-occupation_fscore_std": 0.012079926255014658,
    "label_birth-place_fscore_mean": 0.5717797251974467,
    "label_birth-place_fscore_std": 0.019028495056150826,
    "label_has-nationality_fscore_mean": 0.528746951912276,
    "label_has-nationality_fscore_std": 0.04110144106846986,
    "label_from-country_fscore_mean": 0.27006828465651994,
    "label_from-country_fscore_std": 0.04894322230286105,
    "label_org-has-founder_fscore_mean": 0.8345760122230711,
    "label_org-has-founder_fscore_std": 0.02851125755179368,
    "label_invented-when_fscore_mean": 0.9795719175632733,
    "label_invented-when_fscore_std": 0.01978665876114798,
    "label_has-parent_fscore_mean": 0.8949336457732915,
    "label_has-parent_fscore_std": 0.018654794480271002,
    "label_headquarters_fscore_mean": 0.9218933129704374,
    "label_headquarters_fscore_std": 0.03881477433534202,
    "label_has-tourist-attraction_fscore_mean": 0.9778536369100828,
    "label_has-tourist-attraction_fscore_std": 0.008492950605507463,
    "label_has-type_fscore_mean": 0.7114888994500644,
    "label_has-type_fscore_std": 0.020868497979298944,
    "label_has-spouse_fscore_mean": 0.8540103442456852,
    "label_has-spouse_fscore_std": 0.028754075811699906,
    "label_movie-has-director_fscore_mean": 0.9837146980004123,
    "label_movie-has-director_fscore_std": 0.00564546029174572,
    "label_has-genre_fscore_mean": 0.6990662385812024,
    "label_has-genre_fscore_std": 0.03974713947292272,
    "label_won-award_fscore_mean": 0.9626288659793815,
    "label_won-award_fscore_std": 0.00588190031685099,
    "label_org-has-member_fscore_mean": 0.9477555473272207,
    "label_org-has-member_fscore_std": 0.005516997501883231,
    "label_is-member-of_fscore_mean": 0.972077231252537,
    "label_is-member-of_fscore_std": 0.008464669661101947,
    "label_has-sibling_fscore_mean": 0.9290719812398079,
    "label_has-sibling_fscore_std": 0.019898873417707127,
    "label_is-where_fscore_mean": 0.8873622238208014,
    "label_is-where_fscore_std": 0.03724245873444821,
    "label_has-highest-mountain_fscore_mean": 0.9862927926144984,
    "label_has-highest-mountain_fscore_std": 0.01106148011175737,
    "label_invented-by_fscore_mean": 0.9898977652867328,
    "label_invented-by_fscore_std": 0.00721643630741293,
    "label_has-child_fscore_mean": 0.9168968520592261,
    "label_has-child_fscore_std": 0.02071884069583769,
    "label_first-product_fscore_mean": 0.924744399971912,
    "label_first-product_fscore_std": 0.03652103230548818,
    "loss_mean": 0.9130391440205534,
    "loss_std": 0.16817289460060014
}