{
  "accuracy": 0.8556521739130435,
  "macro_fscore": 0.8571571438478891,
  "micro_fscore": 0.8550658791458428,
  "label_has-occupation_fscore": 0.92,
  "label_birth-place_fscore": 0.5822784810126583,
  "label_has-nationality_fscore": 0.5655172413793104,
  "label_from-country_fscore": 0.3333333333333333,
  "label_org-has-founder_fscore": 0.8666666666666667,
  "label_invented-when_fscore": 0.9803921568627451,
  "label_has-parent_fscore": 0.8817204301075269,
  "label_has-spouse_fscore": 0.8288288288288288,
  "label_headquarters_fscore": 0.9320388349514563,
  "label_has-type_fscore": 0.7272727272727272,
  "label_has-tourist-attraction_fscore": 0.9702970297029702,
  "label_movie-has-director_fscore": 0.98989898989899,
  "label_has-genre_fscore": 0.7500000000000001,
  "label_won-award_fscore": 0.9583333333333334,
  "label_org-has-member_fscore": 0.9514563106796116,
  "label_is-member-of_fscore": 0.9696969696969697,
  "label_has-sibling_fscore": 0.9215686274509804,
  "label_is-where_fscore": 0.8979591836734694,
  "label_has-highest-mountain_fscore": 0.99009900990099,
  "label_invented-by_fscore": 0.99009900990099,
  "label_has-child_fscore": 0.9166666666666666,
  "label_first-product_fscore": 0.9333333333333333,
  "loss": 1.0048974748262682
}