{
  "accuracy": 0.8347826086956521,
  "macro_fscore": 0.8435524320614608,
  "micro_fscore": 0.841087056655919,
  "label_has-occupation_fscore": 0.9494949494949495,
  "label_birth-place_fscore": 0.5569620253164557,
  "label_has-nationality_fscore": 0.5189873417721519,
  "label_from-country_fscore": 0.21212121212121213,
  "label_org-has-founder_fscore": 0.8095238095238095,
  "label_invented-when_fscore": 0.98,
  "label_has-parent_fscore": 0.9052631578947369,
  "label_headquarters_fscore": 0.94,
  "label_has-tourist-attraction_fscore": 0.9690721649484536,
  "label_has-type_fscore": 0.6923076923076923,
  "label_has-spouse_fscore": 0.8703703703703703,
  "label_movie-has-director_fscore": 0.9795918367346939,
  "label_has-genre_fscore": 0.691358024691358,
  "label_won-award_fscore": 0.9583333333333334,
  "label_org-has-member_fscore": 0.9423076923076924,
  "label_is-member-of_fscore": 0.96,
  "label_has-sibling_fscore": 0.96,
  "label_is-where_fscore": 0.8979591836734694,
  "label_has-highest-mountain_fscore": 0.970873786407767,
  "label_invented-by_fscore": 0.9795918367346939,
  "label_has-child_fscore": 0.9473684210526316,
  "label_first-product_fscore": 0.8666666666666667,
  "loss": 0.7743312960697545
}