{
  "accuracy": 0.8478260869565217,
  "macro_fscore": 0.8540215982294606,
  "micro_fscore": 0.8500687757909215,
  "label_has-occupation_fscore": 0.92,
  "label_birth-place_fscore": 0.5641025641025641,
  "label_has-nationality_fscore": 0.5270270270270271,
  "label_from-country_fscore": 0.23076923076923075,
  "label_org-has-founder_fscore": 0.8636363636363636,
  "label_invented-when_fscore": 0.9473684210526316,
  "label_has-parent_fscore": 0.9148936170212766,
  "label_has-spouse_fscore": 0.8727272727272728,
  "label_has-tourist-attraction_fscore": 0.98,
  "label_has-type_fscore": 0.7378640776699028,
  "label_headquarters_fscore": 0.9514563106796116,
  "label_movie-has-director_fscore": 0.9795918367346939,
  "label_has-genre_fscore": 0.7294117647058823,
  "label_won-award_fscore": 0.9690721649484536,
  "label_org-has-member_fscore": 0.9514563106796116,
  "label_is-member-of_fscore": 0.9702970297029702,
  "label_has-sibling_fscore": 0.9052631578947369,
  "label_is-where_fscore": 0.9263157894736842,
  "label_has-highest-mountain_fscore": 1.0,
  "label_invented-by_fscore": 1.0,
  "label_has-child_fscore": 0.888888888888889,
  "label_first-product_fscore": 0.9583333333333334,
  "loss": 0.8877525061866941
}