{
  "accuracy": 0.56,
  "macro_fscore": 0.5449731108369552,
  "micro_fscore": 0.5996810207336523,
  "label_org:subsidiaries_fscore": 0.6153846153846154,
  "label_per:age_fscore": 0.962962962962963,
  "label_per:stateorprovinces_of_residence_fscore": 0.5,
  "label_per:parents_fscore": 0.6363636363636364,
  "label_org:parents_fscore": 0.5,
  "label_org:shareholders_fscore": 0,
  "label_per:city_of_birth_fscore": 0.6666666666666666,
  "label_org:top_members/employees_fscore": 0.6956521739130435,
  "label_org:alternate_names_fscore": 0.761904761904762,
  "label_per:cause_of_death_fscore": 0.9565217391304348,
  "label_org:member_of_fscore": 0,
  "label_per:country_of_birth_fscore": 0.4444444444444445,
  "label_per:other_family_fscore": 0.25,
  "label_org:founded_by_fscore": 0.6666666666666666,
  "label_per:cities_of_residence_fscore": 0.5263157894736842,
  "label_org:city_of_headquarters_fscore": 0.5454545454545454,
  "label_org:founded_fscore": 0.625,
  "label_per:countries_of_residence_fscore": 0.4761904761904762,
  "label_per:alternate_names_fscore": 0.33333333333333337,
  "label_org:political/religious_affiliation_fscore": 0.4210526315789474,
  "label_per:city_of_death_fscore": 1.0,
  "label_per:schools_attended_fscore": 0.846153846153846,
  "label_org:number_of_employees/members_fscore": 0.6666666666666666,
  "label_per:children_fscore": 0.2222222222222222,
  "label_per:stateorprovince_of_birth_fscore": 0.5,
  "label_per:charges_fscore": 0.3636363636363636,
  "label_per:employee_of_fscore": 0.33333333333333326,
  "label_per:religion_fscore": 0.2857142857142857,
  "label_per:title_fscore": 0.75,
  "label_per:date_of_death_fscore": 0.6666666666666666,
  "label_per:stateorprovince_of_death_fscore": 1.0,
  "label_per:origin_fscore": 0.13333333333333333,
  "label_org:website_fscore": 0.923076923076923,
  "label_org:members_fscore": 0.1111111111111111,
  "label_per:date_of_birth_fscore": 1.0,
  "label_org:stateorprovince_of_headquarters_fscore": 0.375,
  "label_org:country_of_headquarters_fscore": 0.5714285714285715,
  "label_per:siblings_fscore": 0.8000000000000002,
  "label_org:dissolved_fscore": 0,
  "label_per:spouse_fscore": 0.6666666666666666,
  "loss": 1.6764334384351969
}