{
  "accuracy": 0.658,
  "macro_fscore": 0.6609036451003067,
  "micro_fscore": 0.6994047619047619,
  "label_org:subsidiaries_fscore": 0.875,
  "label_per:age_fscore": 0.962962962962963,
  "label_per:stateorprovinces_of_residence_fscore": 0.5,
  "label_per:parents_fscore": 0.8799999999999999,
  "label_org:parents_fscore": 0.6,
  "label_org:shareholders_fscore": 0.7142857142857143,
  "label_per:city_of_birth_fscore": 0.9473684210526316,
  "label_org:top_members/employees_fscore": 0.7407407407407407,
  "label_org:alternate_names_fscore": 0.7368421052631579,
  "label_per:cause_of_death_fscore": 0.9565217391304348,
  "label_org:member_of_fscore": 0,
  "label_per:country_of_birth_fscore": 0.6,
  "label_per:other_family_fscore": 0.375,
  "label_org:founded_by_fscore": 0.7499999999999999,
  "label_per:cities_of_residence_fscore": 0.5555555555555556,
  "label_org:city_of_headquarters_fscore": 0.5555555555555556,
  "label_org:founded_fscore": 0.7058823529411764,
  "label_per:countries_of_residence_fscore": 0.5833333333333334,
  "label_per:alternate_names_fscore": 0.6666666666666666,
  "label_org:political/religious_affiliation_fscore": 0.5714285714285715,
  "label_per:city_of_death_fscore": 0.9411764705882353,
  "label_per:schools_attended_fscore": 0.846153846153846,
  "label_org:number_of_employees/members_fscore": 0.7499999999999999,
  "label_per:children_fscore": 0.9333333333333333,
  "label_per:stateorprovince_of_birth_fscore": 0.5,
  "label_per:charges_fscore": 0.5,
  "label_per:employee_of_fscore": 0.4444444444444445,
  "label_per:religion_fscore": 0.7272727272727272,
  "label_per:title_fscore": 0.6956521739130435,
  "label_per:date_of_death_fscore": 0.6666666666666666,
  "label_per:stateorprovince_of_death_fscore": 0.6666666666666666,
  "label_per:origin_fscore": 0.33333333333333326,
  "label_org:website_fscore": 1.0,
  "label_org:members_fscore": 0.4,
  "label_per:date_of_birth_fscore": 1.0,
  "label_org:stateorprovince_of_headquarters_fscore": 0.7000000000000001,
  "label_org:country_of_headquarters_fscore": 0.4285714285714285,
  "label_per:siblings_fscore": 0.7368421052631577,
  "label_org:dissolved_fscore": 0,
  "label_per:spouse_fscore": 0.888888888888889,
  "loss": 1.8762068133801222
}