{
  "em_accuracy": 0.5912806539509536,
  "loss": 1.446253182447475
}