{
  "em_accuracy": 0.5800408719346049,
  "loss": 1.445299432977386
}