{
  "em_accuracy": 0.5837874659400545,
  "loss": 1.4695684482222018
}