{
  "em_accuracy": 0.5827656675749319,
  "loss": 1.4497303350464157
}