{
  "em_accuracy": 0.5630108991825613,
  "loss": 1.481365050310674
}