{
  "em_accuracy": 0.5705040871934605,
  "loss": 1.4744429387476132
}