{
  "em_accuracy": 0.5681198910081744,
  "loss": 1.4723181705112043
}