{
  "em_accuracy": 0.5848092643051771,
  "loss": 1.4709949635941049
}