{
  "em_accuracy": 0.5817438692098093,
  "loss": 1.444009238611097
}