{
  "em_accuracy": 0.5769754768392371,
  "loss": 1.4519346087523128
}