{
  "UAS": 0.056332188129368556,
  "LAS": 0.013327804762468903,
  "UEM": 0.001,
  "LEM": 0.0,
  "LOAS": 0.11698850847056036,
  "LOEM": 0.0,
  "loss": 5.6300828116280695
}