{
  "UAS": 0.7025826323895273,
  "LAS": 0.4646961260514157,
  "UEM": 0.074,
  "LEM": 0.008,
  "LOAS": 0.6010543774434308,
  "LOEM": 0.009,
  "loss": 7.63836795091629
}