{
  "UAS": 0.6919203885795522,
  "LAS": 0.44242388342613437,
  "UEM": 0.065,
  "LEM": 0.007,
  "LOAS": 0.5759388698021561,
  "LOEM": 0.008,
  "loss": 9.82224215567112
}