{
  "UAS": 0.6998578367492003,
  "LAS": 0.44603719938395925,
  "UEM": 0.069,
  "LEM": 0.006,
  "LOAS": 0.5777751451249852,
  "LOEM": 0.006,
  "loss": 9.927389696240425
}