{
    "model_count": 5,
    "UAS_mean": 0.5698021561426372,
    "UAS_std": 0.28706517537396137,
    "LAS_mean": 0.3629664731666864,
    "LAS_std": 0.1956401293351142,
    "UEM_mean": 0.056,
    "UEM_std": 0.030919249667480612,
    "LEM_mean": 0.0056,
    "LEM_std": 0.0032093613071762423,
    "LOAS_mean": 0.4917426845160526,
    "LOAS_std": 0.2097295850423155,
    "LOEM_mean": 0.0063999999999999994,
    "LOEM_std": 0.0037815340802378073,
    "loss_mean": 8.567656441671508,
    "loss_std": 1.9029345835135645
}