{
  "UAS": 0.8446978888619268,
  "LAS": 0.7853676292162096,
  "UEM": 0.148,
  "LEM": 0.057,
  "LOAS": 0.8723206341502872,
  "LOEM": 0.122,
  "loss": 6.31312570720911
}