{
  "UAS": 0.842999272021354,
  "LAS": 0.7800291191458384,
  "UEM": 0.152,
  "LEM": 0.058,
  "LOAS": 0.8694491628245572,
  "LOEM": 0.117,
  "loss": 5.317703306674957
}