{
  "UAS": 0.8438081371835315,
  "LAS": 0.7892097387365526,
  "UEM": 0.148,
  "LEM": 0.058,
  "LOAS": 0.878427566124727,
  "LOEM": 0.139,
  "loss": 4.891033552587032
}