{
  "UAS": 0.9303419144018491,
  "LAS": 0.9091416274806726,
  "UEM": 0.7265286470871449,
  "LEM": 0.640346653827636,
  "LOAS": 0.9495895433171276,
  "LOEM": 0.7048627828598941,
  "loss": 1.094115396187855
}