{
  "UAS": 0.9313381684864908,
  "LAS": 0.9104168327090141,
  "UEM": 0.7274915743861339,
  "LEM": 0.6345690900337024,
  "LOAS": 0.9509444488722404,
  "LOEM": 0.6981222917669716,
  "loss": 0.9784346119256112
}