{
  "UAS": 0.9340081294333307,
  "LAS": 0.9136446959432534,
  "UEM": 0.7376023110255175,
  "LEM": 0.6499759268175253,
  "LOAS": 0.9529768072049095,
  "LOEM": 0.7111218103033221,
  "loss": 1.1510305991539589
}