{
  "accuracy": 0.9301038062283737,
  "macro_fscore": 0.6438596142269987,
  "micro_fscore": 0.9316120027913467,
  "loss": 0.32438708166335967
}