{
  "accuracy": 0.8249134948096886,
  "macro_fscore": 0.5309297646787111,
  "micro_fscore": 0.8361061946902654,
  "loss": 0.87095298069519
}