{
  "accuracy": 0.8948096885813149,
  "macro_fscore": 0.6150670561371436,
  "micro_fscore": 0.8956369982547994,
  "loss": 0.504983320951866
}