{
  "em_accuracy": 0.4325197415649677,
  "loss": 1.9340948568071639
}