{
  "em_accuracy": 0.40811198851399855,
  "loss": 2.0133065107890538
}