{
  "em_accuracy": 0.4213926776740847,
  "loss": 1.966700552872249
}