{
  "em_accuracy": 0.41959798994974873,
  "loss": 2.057959670339312
}