{
  "em_accuracy": 0.41852117731514715,
  "loss": 1.9202316743986947
}