{
  "em_accuracy": 0.42498205312275666,
  "loss": 2.067982122557504
}