{
  "em_accuracy": 0.43072505384063176,
  "loss": 1.9405846561704363
}