{
  "accuracy": 0.8821989528795812,
  "macro_fscore": 0.8041191564897207,
  "micro_fscore": 0.8859416445623342,
  "loss": 0.4618301863132122
}