{
  "accuracy": 0.887434554973822,
  "macro_fscore": 0.863789276198776,
  "micro_fscore": 0.888888888888889,
  "loss": 0.43981526789139025
}