{
    "model_count": 5,
    "UAS_mean": 0.4680489859392212,
    "UAS_std": 0.016489815834822206,
    "LAS_mean": 0.3325989762197888,
    "LAS_std": 0.009004576046674128,
    "UEM_mean": 0.026096997690531178,
    "UEM_std": 0.001316599798035956,
    "LEM_mean": 0.003464203233256351,
    "LEM_std": 0.0008165205325479764,
    "LOAS_mean": 0.5383787986781572,
    "LOAS_std": 0.01081392353898917,
    "LOEM_mean": 0.005542725173210162,
    "LOEM_std": 0.0012649481697578895,
    "loss_mean": 9.368849219346975,
    "loss_std": 0.9634893766798844
}