{
  "UAS": 0.4713276744638113,
  "LAS": 0.34341994427525435,
  "UEM": 0.025404157043879907,
  "LEM": 0.0023094688221709007,
  "LOAS": 0.5532948875785654,
  "LOEM": 0.006928406466512702,
  "loss": 9.100425141198295
}