{
  "UAS": 0.4927104257111385,
  "LAS": 0.3374586924123631,
  "UEM": 0.026558891454965358,
  "LEM": 0.003464203233256351,
  "LOAS": 0.5288667141838916,
  "LOEM": 0.003464203233256351,
  "loss": 10.140413675989423
}