{"model_count": 10, "em_accuracy_mean": 0.5121238177128117, "em_accuracy_std": 0.009832377884648483, "loss_mean": 1.539207164119912, "loss_std": 0.022841613486861624}