{
  "em_accuracy": 0.5124677558039553,
  "loss": 1.5323390253058307
}