{
  "em_accuracy": 0.5041559186013185,
  "loss": 1.5775643203356495
}