{
  "em_accuracy": 0.5242189739180281,
  "loss": 1.5392907572119203
}