{
  "em_accuracy": 0.5247922040699341,
  "loss": 1.5019836213490734
}