{
  "em_accuracy": 0.5070220693608484,
  "loss": 1.5702416752571384
}