{
  "em_accuracy": 0.4961306964746346,
  "loss": 1.5439166266079907
}