{
    "model_count": 3,
    "em_accuracy_mean": 0.5216558985403207,
    "em_accuracy_std": 0.010782075992731148,
    "loss_mean": 0.0,
    "loss_std": 0.0
}