{"model_count": 10, "em_accuracy_mean": 0.5027228432215535, "em_accuracy_std": 0.011723611607707664, "loss_mean": 1.5437025791978183, "loss_std": 0.014703308229059405}