{
  "em_accuracy": 0.5110346804241903,
  "loss": 1.5579225287589853
}