{
  "em_accuracy": 0.5179134422470622,
  "loss": 1.5396043867825373
}