{
  "em_accuracy": 0.5141874462596733,
  "loss": 1.531198767222226
}