{
  "em_accuracy": 0.4992834623101175,
  "loss": 1.5445994938889596
}