{
  "em_accuracy": 0.4946976210948696,
  "loss": 1.5561047125624738
}