{
  "em_accuracy": 0.49555746632272857,
  "loss": 1.570393311922953
}