{"model_count": 10, "em_accuracy_mean": 0.8501139990880073, "em_accuracy_std": 0.002224069975492521, "loss_mean": 1.1577442728172649, "loss_std": 0.0030209788150688385}