{
  "em_accuracy": 0.8522571819425444,
  "loss": 1.157078507380052
}