{
  "em_accuracy": 0.8499772001823985,
  "loss": 1.1584654170816595
}