{
  "em_accuracy": 0.8454172366621067,
  "loss": 1.1584363653443077
}