{
    "model_count": 5,
    "UAS_mean": 0.864319534949135,
    "UAS_std": 0.00316907581508423,
    "LAS_mean": 0.8030190802118982,
    "LAS_std": 0.003852793588531656,
    "UEM_mean": 0.1546,
    "UEM_std": 0.0033615472627943252,
    "LEM_mean": 0.0804,
    "LEM_std": 0.003049590136395384,
    "LOAS_mean": 0.8985607800853218,
    "LOAS_std": 0.002541577480373905,
    "LOEM_mean": 0.20199999999999999,
    "LOEM_std": 0.00827647267862342,
    "loss_mean": 3.3496532764285805,
    "loss_std": 0.34735553503302685
}