{
  "UAS": 0.859781538605785,
  "LAS": 0.7996812151329051,
  "UEM": 0.152,
  "LEM": 0.079,
  "LOAS": 0.8975669213820262,
  "LOEM": 0.2,
  "loss": 3.70951309800148
}