{
  "UAS": 0.866860437860391,
  "LAS": 0.8056349913271764,
  "UEM": 0.159,
  "LEM": 0.084,
  "LOAS": 0.8987389245698748,
  "LOEM": 0.204,
  "loss": 3.3253855258226395
}