{
  "accuracy": 0.8337595907928389,
  "macro_fscore": 0.6414975163103712,
  "micro_fscore": 0.8343004513217279,
  "loss": 0.9244352522857335
}