{
  "accuracy": 0.8312020460358056,
  "macro_fscore": 0.6055515222771422,
  "micro_fscore": 0.8315041962556488,
  "loss": 1.0158302339212018
}