{
  "accuracy": 0.8363171355498721,
  "macro_fscore": 0.6423423611415217,
  "micro_fscore": 0.8359173126614987,
  "loss": 0.8893772851371643
}