{"model_count": 5, "accuracy_mean": 0.9816689466484267, "accuracy_std": 0.0012235666087550086, "macro_fscore_mean": 0.9740468981146789, "macro_fscore_std": 0.0033530140762368568, "micro_fscore_mean": 0.985400413269564, "micro_fscore_std": 0.0006340781292652907, "loss_mean": 0.09915143920528784, "loss_std": 0.017860191023386086}