{
  "accuracy": 0.9808481532147743,
  "macro_fscore": 0.9705017856683791,
  "micro_fscore": 0.9851380042462846,
  "loss": 0.07837367100317193
}