{
  "accuracy": 0.9822161422708618,
  "macro_fscore": 0.975622658287287,
  "micro_fscore": 0.9850958126330731,
  "loss": 0.0840427692123542
}