{
  "accuracy": 0.9280276816608997,
  "macro_fscore": 0.6647515497831209,
  "micro_fscore": 0.9304439007340091,
  "loss": 0.3381272196721101
}