{
  "accuracy": 0.9072664359861592,
  "macro_fscore": 0.6369817850040626,
  "micro_fscore": 0.9084556254367575,
  "loss": 0.4124985110464987
}