{
  "accuracy": 0.9273356401384083,
  "macro_fscore": 0.6673591453278377,
  "micro_fscore": 0.9297448444599792,
  "loss": 0.36565760593185875
}