{
  "accuracy": 0.8899653979238754,
  "macro_fscore": 0.6034081418564359,
  "micro_fscore": 0.8910614525139666,
  "loss": 0.39476192859257314
}