{
  "accuracy": 0.8975778546712803,
  "macro_fscore": 0.6204750894173761,
  "micro_fscore": 0.8993710691823898,
  "loss": 0.4007786381785031
}