{
  "accuracy": 0.9460207612456747,
  "macro_fscore": 0.6125283257726385,
  "micro_fscore": 0.9469644103279832,
  "loss": 0.2603193218870969
}