{
  "accuracy": 0.86,
  "macro_fscore": 0.8817806385509013,
  "micro_fscore": 0.8507462686567164,
  "label_has-genre_fscore": 0.8913043478260869,
  "label_has-type_fscore": 0.8045977011494254,
  "label_has-occupation_fscore": 0.8411214953271027,
  "label_has-population_fscore": 0.99009900990099,
  "loss": 0.5256942166015506
}