{
    "model_count": 5,
    "UAS_mean": 0.5605161601543657,
    "UAS_std": 0.268017846108061,
    "LAS_mean": 0.3954052098408104,
    "LAS_std": 0.20508877602182476,
    "UEM_mean": 0.062200000000000005,
    "UEM_std": 0.03520937375188602,
    "LEM_mean": 0.008199999999999999,
    "LEM_std": 0.004969909455915671,
    "LOAS_mean": 0.4983478051133623,
    "LOAS_std": 0.22237466309680387,
    "LOEM_mean": 0.01,
    "LOEM_std": 0.006204836822995429,
    "loss_mean": 7.017243659496307,
    "loss_std": 0.9498928569271153
}