{
  "UAS": 0.6814399421128798,
  "LAS": 0.4954775687409551,
  "UEM": 0.083,
  "LEM": 0.012,
  "LOAS": 0.6072720694645442,
  "LOEM": 0.013,
  "loss": 6.770778879523277
}