{
  "UAS": 0.08110226724553787,
  "LAS": 0.029124457308248915,
  "UEM": 0.0,
  "LEM": 0.0,
  "LOAS": 0.10130246020260492,
  "LOEM": 0.0,
  "loss": 5.738340348005295
}