{
  "UAS": 0.779389077445233,
  "LAS": 0.6686207960506017,
  "UEM": 0.137,
  "LEM": 0.037,
  "LOAS": 0.7777949192636018,
  "LOEM": 0.055,
  "loss": 5.378904354004633
}