{
  "UAS": 0.7917309472385067,
  "LAS": 0.6671809112413865,
  "UEM": 0.139,
  "LEM": 0.036,
  "LOAS": 0.7719325311117967,
  "LOEM": 0.049,
  "loss": 5.529912009835243
}