{
  "UAS": 0.783194487298159,
  "LAS": 0.6728890260207755,
  "UEM": 0.134,
  "LEM": 0.036,
  "LOAS": 0.7822688470636635,
  "LOEM": 0.055,
  "loss": 4.312861792743206
}