{
  "accuracy": 0.7748538011695907,
  "macro_fscore": 0.8390068014784577,
  "micro_fscore": 0.7861842105263159,
  "label_has-genre_fscore": 0.8764044943820225,
  "label_has-population_fscore": 1.0,
  "label_has-occupation_fscore": 0.7812500000000001,
  "label_has-edu_fscore": 0.8433734939759036,
  "label_has-type_fscore": 0.5538461538461539,
  "label_event-year_fscore": 0.9791666666666666,
  "loss": 1.07279894458638
}