{
    "model_count": 3,
    "em_accuracy_mean": 0.49724814548935153,
    "em_accuracy_std": 0.005701724124165526,
    "loss_mean": 0.0,
    "loss_std": 0.0
}