{
    "model_count": 5,
    "UAS_mean": 0.5498606881358128,
    "UAS_std": 0.013408433622584637,
    "LAS_mean": 0.38311410613620167,
    "LAS_std": 0.010842926050035095,
    "UEM_mean": 0.03995381062355658,
    "UEM_std": 0.007052393295428393,
    "LEM_mean": 0.004387990762124711,
    "LEM_std": 0.0005164129278290506,
    "LOAS_mean": 0.5693384306356509,
    "LOAS_std": 0.012328116526163571,
    "LOEM_mean": 0.008545034642032334,
    "LOEM_std": 0.0019322402460371258,
    "loss_mean": 10.720932129451207,
    "loss_std": 1.7148707706404929
}