{
  "UAS": 0.5461673038294563,
  "LAS": 0.3805481759865224,
  "UEM": 0.03002309468822171,
  "LEM": 0.003464203233256351,
  "LOAS": 0.5695587377697142,
  "LOEM": 0.006928406466512702,
  "loss": 10.77669790812901
}