{
  "UAS": 0.5687163869630013,
  "LAS": 0.3971360072571762,
  "UEM": 0.049653579676674366,
  "LEM": 0.004618937644341801,
  "LOAS": 0.5880904555173978,
  "LOEM": 0.011547344110854504,
  "loss": 9.918481401034764
}