{
    "model_count": 5,
    "UAS_mean": 0.5126417417222834,
    "UAS_std": 0.006976599869989323,
    "LAS_mean": 0.36114818894576556,
    "LAS_std": 0.010140514630578341,
    "UEM_mean": 0.02886836027713626,
    "UEM_std": 0.005597782745284444,
    "LEM_mean": 0.003233256351039261,
    "LEM_std": 0.000966120123018563,
    "LOAS_mean": 0.5672519924836389,
    "LOAS_std": 0.014583942709461017,
    "LOEM_mean": 0.004618937644341801,
    "LOEM_std": 0.0014142550477962924,
    "loss_mean": 10.616067958497382,
    "loss_std": 2.0960224086038477
}