{
  "UAS": 0.5092982569817922,
  "LAS": 0.35735113069396746,
  "UEM": 0.02771362586605081,
  "LEM": 0.004618937644341801,
  "LOAS": 0.5622367653729022,
  "LOEM": 0.006928406466512702,
  "loss": 7.789406949823553
}