{
  "UAS": 0.5183697272079311,
  "LAS": 0.3638955484999676,
  "UEM": 0.03233256351039261,
  "LEM": 0.0023094688221709007,
  "LOAS": 0.5647638177930409,
  "LOEM": 0.004618937644341801,
  "loss": 11.34655509676252
}