{
  "UAS": 0.5212207607075747,
  "LAS": 0.3771787727596708,
  "UEM": 0.03348729792147806,
  "LEM": 0.003464203233256351,
  "LOAS": 0.5926261906304672,
  "LOEM": 0.004618937644341801,
  "loss": 9.090772117887225
}