{
  "UAS": 0.5100758115726042,
  "LAS": 0.3504827318084624,
  "UEM": 0.019630484988452657,
  "LEM": 0.0023094688221709007,
  "LOAS": 0.5611352297025853,
  "LOEM": 0.003464203233256351,
  "loss": 12.139081597328186
}