{
  "UAS": 0.504244152141515,
  "LAS": 0.35683276096675953,
  "UEM": 0.03117782909930716,
  "LEM": 0.003464203233256351,
  "LOAS": 0.5554979589191991,
  "LOEM": 0.003464203233256351,
  "loss": 12.714524030685425
}