{
  "UAS": 0.6950005923468783,
  "LAS": 0.5094775500533112,
  "UEM": 0.071,
  "LEM": 0.014,
  "LOAS": 0.6522923824191447,
  "LOEM": 0.022,
  "loss": 7.2637590907868885
}