{
  "UAS": 0.6984362042412037,
  "LAS": 0.514571733206966,
  "UEM": 0.08,
  "LEM": 0.023,
  "LOAS": 0.6552541168108044,
  "LOEM": 0.031,
  "loss": 8.68377174437046
}