{
  "UAS": 0.6878331951190617,
  "LAS": 0.5059234687833195,
  "UEM": 0.064,
  "LEM": 0.015,
  "LOAS": 0.6499229949058168,
  "LOEM": 0.024,
  "loss": 8.614132158458233
}