{
  "UAS": 0.6901433479445563,
  "LAS": 0.5061604075346523,
  "UEM": 0.074,
  "LEM": 0.018,
  "LOAS": 0.6517592702286459,
  "LOEM": 0.029,
  "loss": 7.626155734062195
}