{
    "model_count": 5,
    "UAS_mean": 0.692678592583817,
    "UAS_std": 0.004151375524287139,
    "LAS_mean": 0.5089444378628125,
    "LAS_std": 0.003498358739541155,
    "UEM_mean": 0.0726,
    "UEM_std": 0.0058137767414994535,
    "LEM_mean": 0.017599999999999998,
    "LEM_std": 0.0035071355833500364,
    "LOAS_mean": 0.6523279232318445,
    "LOAS_std": 0.0019155805679249055,
    "LOEM_mean": 0.0266,
    "LOEM_std": 0.0036469165057620946,
    "loss_mean": 8.42098290906066,
    "loss_std": 1.038705401374339
}