{
  "accuracy": 0.819371727748691,
  "macro_fscore": 0.7196003364511686,
  "micro_fscore": 0.8170894526034712,
  "loss": 0.8300405189705392
}