{
  "accuracy": 0.8429319371727748,
  "macro_fscore": 0.7237823785908065,
  "micro_fscore": 0.8437917222963952,
  "loss": 0.8290773631694416
}