{
  "UAS": 0.3505422127602954,
  "LAS": 0.23052358459184352,
  "UEM": 0.02491103202846975,
  "LEM": 0.0011862396204033216,
  "loss": 2.7340173226482465
}