{
    "model_count": 5,
    "UAS_mean": 0.6402194886637723,
    "UAS_std": 0.007003473123539471,
    "LAS_mean": 0.44495899662325133,
    "LAS_std": 0.003752957987382583,
    "UEM_mean": 0.07479999999999999,
    "UEM_std": 0.002489979919597749,
    "LEM_mean": 0.0134,
    "LEM_std": 0.0005477225575051665,
    "LOAS_mean": 0.5711046792088761,
    "LOAS_std": 0.006278405894821006,
    "LOEM_mean": 0.0156,
    "LOEM_std": 0.0008944271909999167,
    "loss_mean": 6.787518802805552,
    "loss_std": 0.7509405211534127
}