{
  "UAS": 0.6482754462132175,
  "LAS": 0.4485045827303425,
  "UEM": 0.077,
  "LEM": 0.013,
  "LOAS": 0.573142788229619,
  "LOEM": 0.015,
  "loss": 7.258687376976013
}