{
  "UAS": 0.6365171249397009,
  "LAS": 0.44404245055475156,
  "UEM": 0.075,
  "LEM": 0.013,
  "LOAS": 0.5727809937288953,
  "LOEM": 0.016,
  "loss": 5.701970743754553
}