{
  "UAS": 0.6304872165943077,
  "LAS": 0.44898697539797394,
  "UEM": 0.074,
  "LEM": 0.014,
  "LOAS": 0.5786903039073806,
  "LOEM": 0.017,
  "loss": 6.313842311501503
}