{
  "UAS": 0.6449589966232513,
  "LAS": 0.440123010130246,
  "UEM": 0.077,
  "LEM": 0.014,
  "LOAS": 0.561625663289918,
  "LOEM": 0.015,
  "loss": 7.192029893398285
}