{
  "em_accuracy": 0.38226848528356067,
  "loss": 2.114183828490121
}