{
  "em_accuracy": 0.38334529791816224,
  "loss": 2.146126814910344
}