{
  "em_accuracy": 0.38478104809763103,
  "loss": 2.079516235419682
}