{
  "em_accuracy": 0.3758076094759512,
  "loss": 2.154479319027492
}