{
  "em_accuracy": 0.3872936109117014,
  "loss": 2.1312697325434002
}