{
  "em_accuracy": 0.3898061737257717,
  "loss": 2.1321482641356333
}