{
  "em_accuracy": 0.38908829863603733,
  "loss": 2.1346198613303047
}