{
    "model_count": 5,
    "UAS_mean": 0.782926096105123,
    "UAS_std": 0.0121030587212898,
    "LAS_mean": 0.6780177781594882,
    "LAS_std": 0.019856003044168107,
    "UEM_mean": 0.098,
    "UEM_std": 0.014543039572248988,
    "LEM_mean": 0.0196,
    "LEM_std": 0.006618156843109719,
    "LOAS_mean": 0.7833984626615709,
    "LOAS_std": 0.01580132054922244,
    "LOEM_mean": 0.0266,
    "LOEM_std": 0.007861297602813419,
    "loss_mean": 5.983849485218525,
    "loss_std": 0.7435506343846556
}