{
  "UAS": 0.7870915102847083,
  "LAS": 0.6865203761755486,
  "UEM": 0.092,
  "LEM": 0.021,
  "LOAS": 0.7909992699789582,
  "LOEM": 0.028,
  "loss": 6.170654967427254
}