{
  "UAS": 0.7779018336410873,
  "LAS": 0.6687422166874222,
  "UEM": 0.101,
  "LEM": 0.015,
  "LOAS": 0.7759694250010736,
  "LOEM": 0.022,
  "loss": 6.299738481640816
}