{
    "model_count": 5,
    "accuracy_mean": 0.9725189212237502,
    "accuracy_std": 0.014174622722649695,
    "macro_fscore_mean": 0.8782153934349195,
    "macro_fscore_std": 0.061906427142703425,
    "micro_fscore_mean": 0.9232138540705603,
    "micro_fscore_std": 0.03945305932449338,
    "label_per:other_family_fscore_mean": 0.7427888289063831,
    "label_per:other_family_fscore_std": 0.1536137816086998,
    "label_per:country_of_birth_fscore_mean": 0.7495953322040279,
    "label_per:country_of_birth_fscore_std": 0.16039890642092583,
    "label_org:shareholders_fscore_mean": 0.7499454912505378,
    "label_org:shareholders_fscore_std": 0.1446272794028304,
    "label_per:age_fscore_mean": 0.969695949148824,
    "label_per:age_fscore_std": 0.025552750801152352,
    "label_per:parents_fscore_mean": 0.8944597085025939,
    "label_per:parents_fscore_std": 0.03572536226963778,
    "label_per:date_of_birth_fscore_mean": 0.9500728878598839,
    "label_per:date_of_birth_fscore_std": 0.015472019499277487,
    "label_org:political/religious_affiliation_fscore_mean": 0.9340363999806555,
    "label_org:political/religious_affiliation_fscore_std": 0.042277907360842706,
    "label_org:member_of_fscore_mean": 0.7774841628959276,
    "label_org:member_of_fscore_std": 0.12513777087667574,
    "label_org:website_fscore_mean": 0.9857323232323232,
    "label_org:website_fscore_std": 0.022175182651789832,
    "label_per:stateorprovince_of_birth_fscore_mean": 0.8699616858237548,
    "label_per:stateorprovince_of_birth_fscore_std": 0.07953011548061972,
    "label_per:city_of_death_fscore_mean": 0.8789809203855634,
    "label_per:city_of_death_fscore_std": 0.05697743191542939,
    "label_per:stateorprovinces_of_residence_fscore_mean": 0.9212533420796288,
    "label_per:stateorprovinces_of_residence_fscore_std": 0.04856799240117399,
    "label_per:origin_fscore_mean": 0.8655629526738613,
    "label_per:origin_fscore_std": 0.08120294042146806,
    "label_per:alternate_names_fscore_mean": 0.9245737630764592,
    "label_per:alternate_names_fscore_std": 0.034817912961719835,
    "label_per:title_fscore_mean": 0.9684137747990674,
    "label_per:title_fscore_std": 0.018519400026460416,
    "label_per:religion_fscore_mean": 0.9446973026973027,
    "label_per:religion_fscore_std": 0.0433918279826733,
    "label_per:stateorprovince_of_death_fscore_mean": 0.8662104661310223,
    "label_per:stateorprovince_of_death_fscore_std": 0.06980881799224267,
    "label_per:country_of_death_fscore_mean": 0.2,
    "label_per:country_of_death_fscore_std": 0.447213595499958,
    "label_per:countries_of_residence_fscore_mean": 0.8556356541677431,
    "label_per:countries_of_residence_fscore_std": 0.0801689302448446,
    "label_per:cities_of_residence_fscore_mean": 0.9098177872306177,
    "label_per:cities_of_residence_fscore_std": 0.04871185458394775,
    "label_org:parents_fscore_mean": 0.8431443449896311,
    "label_org:parents_fscore_std": 0.08070763130710558,
    "label_per:cause_of_death_fscore_mean": 0.9755249352670552,
    "label_per:cause_of_death_fscore_std": 0.01949829317587581,
    "label_org:city_of_headquarters_fscore_mean": 0.9305842293533937,
    "label_org:city_of_headquarters_fscore_std": 0.04368891684000226,
    "label_per:city_of_birth_fscore_mean": 0.876240518038853,
    "label_per:city_of_birth_fscore_std": 0.05001907948846818,
    "label_org:country_of_headquarters_fscore_mean": 0.901752425132657,
    "label_org:country_of_headquarters_fscore_std": 0.059129219377114496,
    "label_org:number_of_employees/members_fscore_mean": 0.9247055795291089,
    "label_org:number_of_employees/members_fscore_std": 0.036143601297706184,
    "label_org:dissolved_fscore_mean": 0.8711401442136075,
    "label_org:dissolved_fscore_std": 0.10937972386685328,
    "label_per:children_fscore_mean": 0.874733780076921,
    "label_per:children_fscore_std": 0.06751236174215747,
    "label_per:charges_fscore_mean": 0.9735716135716135,
    "label_per:charges_fscore_std": 0.01709241396421054,
    "label_per:spouse_fscore_mean": 0.9241444953235725,
    "label_per:spouse_fscore_std": 0.04112179109988436,
    "label_org:members_fscore_mean": 0.8136987653906848,
    "label_org:members_fscore_std": 0.08388719801736641,
    "label_org:subsidiaries_fscore_mean": 0.8693646308667584,
    "label_org:subsidiaries_fscore_std": 0.06711960437118532,
    "label_org:founded_fscore_mean": 0.9326988487702773,
    "label_org:founded_fscore_std": 0.04804981890997796,
    "label_org:founded_by_fscore_mean": 0.8834071222787104,
    "label_org:founded_by_fscore_std": 0.06868464150914173,
    "label_org:stateorprovince_of_headquarters_fscore_mean": 0.9311260107552942,
    "label_org:stateorprovince_of_headquarters_fscore_std": 0.03783362308574119,
    "label_per:date_of_death_fscore_mean": 0.879985408852213,
    "label_per:date_of_death_fscore_std": 0.06828375891948897,
    "label_org:alternate_names_fscore_mean": 0.9379332679460931,
    "label_org:alternate_names_fscore_std": 0.031470999240906225,
    "label_per:siblings_fscore_mean": 0.8836742763072245,
    "label_per:siblings_fscore_std": 0.06861776734521534,
    "label_org:top_members/employees_fscore_mean": 0.9499659756985863,
    "label_org:top_members/employees_fscore_std": 0.028752564451130044,
    "label_per:employee_of_fscore_mean": 0.9310604521275943,
    "label_per:employee_of_fscore_std": 0.04029205605825963,
    "label_per:schools_attended_fscore_mean": 0.9394555732956731,
    "label_per:schools_attended_fscore_std": 0.035589007736028494,
    "loss_mean": 0.08280672772360202,
    "loss_std": 0.04296277187079665
}