{
    "model_count": 5,
    "accuracy_mean": 0.9642753082471662,
    "accuracy_std": 0.020914594725059063,
    "macro_fscore_mean": 0.8356841370466972,
    "macro_fscore_std": 0.09370759628971669,
    "micro_fscore_mean": 0.8986126084614255,
    "micro_fscore_std": 0.0585428016680964,
    "label_per:stateorprovince_of_death_fscore_mean": 0.813882075442874,
    "label_per:stateorprovince_of_death_fscore_std": 0.10571886177425004,
    "label_org:alternate_names_fscore_mean": 0.9244587118117685,
    "label_org:alternate_names_fscore_std": 0.04236476908242139,
    "label_per:date_of_birth_fscore_mean": 0.9553834954668785,
    "label_per:date_of_birth_fscore_std": 0.026463880957794395,
    "label_per:siblings_fscore_mean": 0.8490768927316988,
    "label_per:siblings_fscore_std": 0.08559293335933262,
    "label_per:children_fscore_mean": 0.8583384117383628,
    "label_per:children_fscore_std": 0.0730197982717645,
    "label_org:country_of_headquarters_fscore_mean": 0.8781973039557247,
    "label_org:country_of_headquarters_fscore_std": 0.07170095363046541,
    "label_per:country_of_death_fscore_mean": 0.2,
    "label_per:country_of_death_fscore_std": 0.447213595499958,
    "label_org:members_fscore_mean": 0.7029514637504033,
    "label_org:members_fscore_std": 0.1795455633727018,
    "label_org:stateorprovince_of_headquarters_fscore_mean": 0.9013731947062349,
    "label_org:stateorprovince_of_headquarters_fscore_std": 0.056350558728308194,
    "label_per:religion_fscore_mean": 0.8884926341354297,
    "label_per:religion_fscore_std": 0.07654304241309727,
    "label_org:parents_fscore_mean": 0.7948182730850576,
    "label_org:parents_fscore_std": 0.11365900467902923,
    "label_per:employee_of_fscore_mean": 0.9076813654546307,
    "label_per:employee_of_fscore_std": 0.05383149526940152,
    "label_per:country_of_birth_fscore_mean": 0.6644444444444444,
    "label_per:country_of_birth_fscore_std": 0.19726525352153018,
    "label_org:website_fscore_mean": 0.9914888800587605,
    "label_org:website_fscore_std": 0.008901142345742262,
    "label_per:date_of_death_fscore_mean": 0.8712598413511861,
    "label_per:date_of_death_fscore_std": 0.07537899302801802,
    "label_per:parents_fscore_mean": 0.8739860139860139,
    "label_per:parents_fscore_std": 0.05718980138592452,
    "label_org:dissolved_fscore_mean": 0.8081339712918659,
    "label_org:dissolved_fscore_std": 0.15718186827669922,
    "label_org:member_of_fscore_mean": 0.519683257918552,
    "label_org:member_of_fscore_std": 0.31499558899251967,
    "label_org:subsidiaries_fscore_mean": 0.7892101544739658,
    "label_org:subsidiaries_fscore_std": 0.12548153755473837,
    "label_per:schools_attended_fscore_mean": 0.924877108706896,
    "label_per:schools_attended_fscore_std": 0.038828128731778926,
    "label_per:charges_fscore_mean": 0.956590051457976,
    "label_per:charges_fscore_std": 0.0437734477917165,
    "label_per:origin_fscore_mean": 0.8208814956917424,
    "label_per:origin_fscore_std": 0.10927911682562741,
    "label_per:other_family_fscore_mean": 0.6418968505944572,
    "label_per:other_family_fscore_std": 0.21025915431233866,
    "label_org:city_of_headquarters_fscore_mean": 0.8909684555643758,
    "label_org:city_of_headquarters_fscore_std": 0.071556280868055,
    "label_per:title_fscore_mean": 0.9577199008802436,
    "label_per:title_fscore_std": 0.030830399308949173,
    "label_org:top_members/employees_fscore_mean": 0.9347686103085221,
    "label_org:top_members/employees_fscore_std": 0.043971842191322066,
    "label_org:founded_fscore_mean": 0.9188286598485859,
    "label_org:founded_fscore_std": 0.04886284892873207,
    "label_per:stateorprovinces_of_residence_fscore_mean": 0.8710655502470505,
    "label_per:stateorprovinces_of_residence_fscore_std": 0.0753584949342737,
    "label_org:number_of_employees/members_fscore_mean": 0.9174884670340886,
    "label_org:number_of_employees/members_fscore_std": 0.04434076510167557,
    "label_per:city_of_death_fscore_mean": 0.856688428157515,
    "label_per:city_of_death_fscore_std": 0.06731922531760574,
    "label_per:alternate_names_fscore_mean": 0.8961908597731383,
    "label_per:alternate_names_fscore_std": 0.06564268829853072,
    "label_per:cities_of_residence_fscore_mean": 0.8942448786043604,
    "label_per:cities_of_residence_fscore_std": 0.061587857202327886,
    "label_org:founded_by_fscore_mean": 0.8219191652289247,
    "label_org:founded_by_fscore_std": 0.0956618565146145,
    "label_per:cause_of_death_fscore_mean": 0.9731484823989281,
    "label_per:cause_of_death_fscore_std": 0.02349458653253997,
    "label_org:shareholders_fscore_mean": 0.5588582908214831,
    "label_org:shareholders_fscore_std": 0.36883322368579075,
    "label_per:spouse_fscore_mean": 0.9166022080037277,
    "label_per:spouse_fscore_std": 0.0396445640018589,
    "label_org:political/religious_affiliation_fscore_mean": 0.8696933875869989,
    "label_org:political/religious_affiliation_fscore_std": 0.08023188053046924,
    "label_per:stateorprovince_of_birth_fscore_mean": 0.7976857602944559,
    "label_per:stateorprovince_of_birth_fscore_std": 0.13257261594369257,
    "label_per:age_fscore_mean": 0.9802893029976535,
    "label_per:age_fscore_std": 0.013768814639486877,
    "label_per:city_of_birth_fscore_mean": 0.861982905982906,
    "label_per:city_of_birth_fscore_std": 0.08619585870225069,
    "label_per:countries_of_residence_fscore_mean": 0.8078004129267042,
    "label_per:countries_of_residence_fscore_std": 0.10812065403770917,
    "loss_mean": 0.11208119955412549,
    "loss_std": 0.0657334853925116
}