{
  "accuracy": 0.997192907650215,
  "macro_fscore": 0.9894506726426034,
  "micro_fscore": 0.9915187549182477,
  "label_per:stateorprovince_of_death_fscore": 1.0,
  "label_org:alternate_names_fscore": 0.995405819295559,
  "label_per:date_of_birth_fscore": 1.0,
  "label_per:siblings_fscore": 0.9863013698630136,
  "label_per:children_fscore": 0.9704142011834319,
  "label_org:country_of_headquarters_fscore": 0.9948979591836734,
  "label_per:country_of_death_fscore": 1.0,
  "label_org:members_fscore": 0.9861111111111112,
  "label_org:stateorprovince_of_headquarters_fscore": 1.0,
  "label_per:religion_fscore": 1.0,
  "label_org:parents_fscore": 0.9776119402985074,
  "label_per:employee_of_fscore": 0.9914893617021276,
  "label_per:country_of_birth_fscore": 1.0,
  "label_org:website_fscore": 1.0,
  "label_per:date_of_death_fscore": 0.9821428571428571,
  "label_per:parents_fscore": 0.9545454545454546,
  "label_org:dissolved_fscore": 1.0,
  "label_org:member_of_fscore": 1.0,
  "label_org:subsidiaries_fscore": 0.9844961240310077,
  "label_per:schools_attended_fscore": 0.9929078014184397,
  "label_per:charges_fscore": 1.0,
  "label_per:origin_fscore": 0.989247311827957,
  "label_per:other_family_fscore": 0.9868421052631579,
  "label_org:city_of_headquarters_fscore": 0.9911504424778761,
  "label_per:title_fscore": 0.995291902071563,
  "label_org:top_members/employees_fscore": 0.995850622406639,
  "label_org:founded_fscore": 1.0,
  "label_per:stateorprovinces_of_residence_fscore": 0.9933333333333334,
  "label_org:number_of_employees/members_fscore": 0.9866666666666666,
  "label_per:city_of_death_fscore": 0.972972972972973,
  "label_per:alternate_names_fscore": 0.975,
  "label_per:cities_of_residence_fscore": 0.9911504424778761,
  "label_org:founded_by_fscore": 0.9702970297029702,
  "label_per:cause_of_death_fscore": 1.0,
  "label_org:shareholders_fscore": 0.9870129870129869,
  "label_per:spouse_fscore": 0.9867841409691629,
  "label_org:political/religious_affiliation_fscore": 0.9876543209876543,
  "label_per:stateorprovince_of_birth_fscore": 0.962962962962963,
  "label_per:age_fscore": 0.9971181556195965,
  "label_per:city_of_birth_fscore": 1.0,
  "label_per:countries_of_residence_fscore": 0.9818181818181818,
  "loss": 0.008738807199016704
}