{
  "accuracy": 0.9432185623423232,
  "macro_fscore": 0.7546094027034127,
  "micro_fscore": 0.8402035623409669,
  "label_per:stateorprovince_of_death_fscore": 0.7407407407407408,
  "label_org:alternate_names_fscore": 0.8832630098452884,
  "label_per:date_of_birth_fscore": 0.9565217391304348,
  "label_per:siblings_fscore": 0.7916666666666666,
  "label_per:children_fscore": 0.8187134502923976,
  "label_org:country_of_headquarters_fscore": 0.8114558472553699,
  "label_per:country_of_death_fscore": 0,
  "label_org:members_fscore": 0.5942028985507246,
  "label_org:stateorprovince_of_headquarters_fscore": 0.8837209302325582,
  "label_per:religion_fscore": 0.819672131147541,
  "label_org:parents_fscore": 0.6729559748427673,
  "label_per:employee_of_fscore": 0.856372218476062,
  "label_per:country_of_birth_fscore": 0.5,
  "label_org:website_fscore": 0.989247311827957,
  "label_per:date_of_death_fscore": 0.7737226277372262,
  "label_per:parents_fscore": 0.8,
  "label_org:dissolved_fscore": 0.6666666666666665,
  "label_org:member_of_fscore": 0.23076923076923078,
  "label_org:subsidiaries_fscore": 0.6785714285714286,
  "label_per:schools_attended_fscore": 0.9078014184397163,
  "label_per:charges_fscore": 0.92,
  "label_per:origin_fscore": 0.6923076923076923,
  "label_per:other_family_fscore": 0.5688073394495412,
  "label_org:city_of_headquarters_fscore": 0.8597014925373134,
  "label_per:title_fscore": 0.9139878366637706,
  "label_org:top_members/employees_fscore": 0.882178804026051,
  "label_org:founded_fscore": 0.8775510204081634,
  "label_per:stateorprovinces_of_residence_fscore": 0.8086642599277979,
  "label_org:number_of_employees/members_fscore": 0.8857142857142858,
  "label_per:city_of_death_fscore": 0.8095238095238095,
  "label_per:alternate_names_fscore": 0.8051948051948051,
  "label_per:cities_of_residence_fscore": 0.825136612021858,
  "label_org:founded_by_fscore": 0.7142857142857143,
  "label_per:cause_of_death_fscore": 0.9387755102040817,
  "label_org:shareholders_fscore": 0.09756097560975609,
  "label_per:spouse_fscore": 0.8898678414096916,
  "label_org:political/religious_affiliation_fscore": 0.7906976744186046,
  "label_per:stateorprovince_of_birth_fscore": 0.7826086956521738,
  "label_per:age_fscore": 0.9637883008356545,
  "label_per:city_of_birth_fscore": 0.8444444444444444,
  "label_per:countries_of_residence_fscore": 0.6921241050119332,
  "loss": 0.17698321375143972
}