{
  "accuracy": 0.9699747717016665,
  "macro_fscore": 0.8414527914814359,
  "micro_fscore": 0.9119367045063639,
  "label_per:stateorprovince_of_death_fscore": 0.7931034482758621,
  "label_org:alternate_names_fscore": 0.9239766081871346,
  "label_per:siblings_fscore": 0.8759124087591241,
  "label_per:date_of_birth_fscore": 0.9444444444444445,
  "label_per:children_fscore": 0.888888888888889,
  "label_org:country_of_headquarters_fscore": 0.8920187793427231,
  "label_per:country_of_death_fscore": 0,
  "label_org:members_fscore": 0.7480916030534351,
  "label_org:stateorprovince_of_headquarters_fscore": 0.8616600790513834,
  "label_per:religion_fscore": 0.819672131147541,
  "label_org:parents_fscore": 0.8108108108108109,
  "label_per:employee_of_fscore": 0.9278489548213081,
  "label_per:country_of_birth_fscore": 0.5555555555555556,
  "label_org:website_fscore": 1.0,
  "label_per:date_of_death_fscore": 0.8548387096774193,
  "label_per:parents_fscore": 0.8769230769230768,
  "label_org:dissolved_fscore": 0.9090909090909091,
  "label_org:member_of_fscore": 0.6176470588235293,
  "label_org:subsidiaries_fscore": 0.8413284132841329,
  "label_per:schools_attended_fscore": 0.9142857142857144,
  "label_per:charges_fscore": 0.9818181818181818,
  "label_per:origin_fscore": 0.8472222222222223,
  "label_per:other_family_fscore": 0.6000000000000001,
  "label_org:city_of_headquarters_fscore": 0.9279538904899135,
  "label_per:title_fscore": 0.9742388758782201,
  "label_org:top_members/employees_fscore": 0.952662721893491,
  "label_org:founded_fscore": 0.924731182795699,
  "label_per:stateorprovinces_of_residence_fscore": 0.891640866873065,
  "label_org:number_of_employees/members_fscore": 0.927536231884058,
  "label_per:city_of_death_fscore": 0.8333333333333334,
  "label_per:alternate_names_fscore": 0.9333333333333333,
  "label_per:cities_of_residence_fscore": 0.903225806451613,
  "label_org:founded_by_fscore": 0.8367346938775511,
  "label_per:cause_of_death_fscore": 0.9690721649484536,
  "label_org:shareholders_fscore": 0.7714285714285714,
  "label_per:spouse_fscore": 0.9032258064516129,
  "label_org:political/religious_affiliation_fscore": 0.8735632183908046,
  "label_per:stateorprovince_of_birth_fscore": 0.7857142857142856,
  "label_per:age_fscore": 0.9829545454545454,
  "label_per:city_of_birth_fscore": 0.8076923076923077,
  "label_per:countries_of_residence_fscore": 0.8153846153846153,
  "loss": 0.09327783886462501
}