{
  "em_accuracy": 0.20712209302325582,
  "loss": 2.258200408414353
}