{
  "em_accuracy": 0.16497093023255813,
  "loss": 2.4242882513722708
}