{
  "em_accuracy": 0.19367732558139536,
  "loss": 2.2824755699135535
}