{
  "em_accuracy": 0.2351017441860465,
  "loss": 2.207144930612209
}