{
  "em_accuracy": 0.1824127906976744,
  "loss": 2.3528948065846467
}