{
  "em_accuracy": 0.1431686046511628,
  "loss": 2.5916317285493364
}