{
  "em_accuracy": 0.1751453488372093,
  "loss": 2.4013720875562625
}