{
  "em_accuracy": 0.1587936046511628,
  "loss": 2.4477951339510984
}