{
  "accuracy": 0.9712722298221614,
  "macro_fscore": 0.9565598560628124,
  "micro_fscore": 0.9758522727272727,
  "loss": 0.13600846633578287
}