{
  "accuracy": 0.3481781376518219,
  "macro_fscore": 0.36696417405981707,
  "micro_fscore": 0.3820224719101123,
  "label_org:city_of_headquarters_fscore": 0.6835443037974683,
  "label_org:founded_by_fscore": 0.4285714285714285,
  "label_org:stateorprovince_of_headquarters_fscore": 0.5,
  "label_per:cities_of_residence_fscore": 0.5,
  "label_per:countries_of_residence_fscore": 0.3571428571428571,
  "label_per:origin_fscore": 0,
  "label_per:employee_of_fscore": 0.1836734693877551,
  "label_org:members_fscore": 0.07999999999999999,
  "label_org:alternate_names_fscore": 0.2857142857142857,
  "label_org:subsidiaries_fscore": 0.0689655172413793,
  "label_per:alternate_names_fscore": 0,
  "label_per:country_of_birth_fscore": 0.4166666666666667,
  "label_org:founded_fscore": 0.6086956521739131,
  "label_org:country_of_headquarters_fscore": 0.44000000000000006,
  "label_per:stateorprovinces_of_residence_fscore": 0.34285714285714286,
  "label_org:top_members/employees_fscore": 0.4,
  "label_per:spouse_fscore": 0.6666666666666666,
  "label_per:title_fscore": 0.6428571428571429,
  "loss": 2.7353414643195366
}