{
  "accuracy": 0.402834008097166,
  "macro_fscore": 0.4158380900699729,
  "micro_fscore": 0.4321907600596125,
  "label_org:city_of_headquarters_fscore": 0.7228915662650602,
  "label_org:founded_by_fscore": 0.4615384615384615,
  "label_org:stateorprovince_of_headquarters_fscore": 0.4888888888888889,
  "label_per:cities_of_residence_fscore": 0.6363636363636364,
  "label_per:countries_of_residence_fscore": 0.3571428571428571,
  "label_per:origin_fscore": 0.2,
  "label_per:employee_of_fscore": 0.2830188679245283,
  "label_org:members_fscore": 0.15384615384615385,
  "label_org:alternate_names_fscore": 0.4,
  "label_org:subsidiaries_fscore": 0.21621621621621623,
  "label_per:alternate_names_fscore": 0.22222222222222224,
  "label_org:founded_fscore": 0.47619047619047616,
  "label_per:country_of_birth_fscore": 0.1904761904761905,
  "label_org:country_of_headquarters_fscore": 0.5555555555555556,
  "label_per:stateorprovinces_of_residence_fscore": 0.3157894736842105,
  "label_org:top_members/employees_fscore": 0.28571428571428575,
  "label_per:spouse_fscore": 0.7692307692307693,
  "label_per:title_fscore": 0.7499999999999999,
  "loss": 2.573573273997153
}