{
  "accuracy": 0.3097165991902834,
  "macro_fscore": 0.3370074817460438,
  "micro_fscore": 0.3225806451612903,
  "label_org:city_of_headquarters_fscore": 0.5294117647058824,
  "label_org:founded_by_fscore": 0.4285714285714285,
  "label_org:stateorprovince_of_headquarters_fscore": 0.4571428571428571,
  "label_per:cities_of_residence_fscore": 0.2857142857142857,
  "label_per:countries_of_residence_fscore": 0.2692307692307692,
  "label_per:origin_fscore": 0.18181818181818182,
  "label_per:employee_of_fscore": 0.24,
  "label_org:members_fscore": 0.15384615384615385,
  "label_org:alternate_names_fscore": 0.31999999999999995,
  "label_org:subsidiaries_fscore": 0.06666666666666667,
  "label_per:alternate_names_fscore": 0.2,
  "label_org:founded_fscore": 0.72,
  "label_per:country_of_birth_fscore": 0.2727272727272727,
  "label_org:country_of_headquarters_fscore": 0.11428571428571428,
  "label_per:stateorprovinces_of_residence_fscore": 0.14814814814814814,
  "label_org:top_members/employees_fscore": 0.24999999999999994,
  "label_per:spouse_fscore": 0.8571428571428571,
  "label_per:title_fscore": 0.5714285714285714,
  "loss": 3.5030621867026053
}