{"model_count": 3, "accuracy_mean": 0.3535762483130904, "accuracy_std": 0.046792816322768736, "macro_fscore_mean": 0.3732699152919446, "macro_fscore_std": 0.039791807970298305, "micro_fscore_mean": 0.378931292377005, "micro_fscore_std": 0.05487040062898459, "label_org:city_of_headquarters_fscore_mean": 0.6452825449228037, "label_org:city_of_headquarters_fscore_std": 0.10225742049837727, "label_org:founded_by_fscore_mean": 0.4395604395604395, "label_org:founded_by_fscore_std": 0.01903352535789978, "label_org:stateorprovince_of_headquarters_fscore_mean": 0.482010582010582, "label_org:stateorprovince_of_headquarters_fscore_std": 0.022241110642310834, "label_per:cities_of_residence_fscore_mean": 0.474025974025974, "label_per:cities_of_residence_fscore_std": 0.17676178686774285, "label_per:countries_of_residence_fscore_mean": 0.3278388278388278, "label_per:countries_of_residence_fscore_std": 0.05075606762106598, "label_per:origin_fscore_mean": 0.1272727272727273, "label_per:origin_fscore_std": 0.11059568236905853, "label_per:employee_of_fscore_mean": 0.2355641124374278, "label_per:employee_of_fscore_std": 0.0498210284564501, "label_org:members_fscore_mean": 0.12923076923076923, "label_org:members_fscore_std": 0.04263509680169546, "label_org:alternate_names_fscore_mean": 0.3352380952380952, "label_org:alternate_names_fscore_std": 0.058646873593678706, "label_org:subsidiaries_fscore_mean": 0.11728280004142073, "label_org:subsidiaries_fscore_std": 0.08568656140552426, "label_per:alternate_names_fscore_mean": 0.14074074074074075, "label_per:alternate_names_fscore_std": 0.12239045660635783, "label_org:founded_fscore_mean": 0.6016287094547964, "label_org:founded_fscore_std": 0.12205829441133095, "label_per:country_of_birth_fscore_mean": 0.29329004329004327, "label_per:country_of_birth_fscore_std": 0.11448866114044418, "label_org:country_of_headquarters_fscore_mean": 0.36994708994708997, "label_org:country_of_headquarters_fscore_std": 0.22882378779038373, "label_per:stateorprovinces_of_residence_fscore_mean": 0.2689315882298338, "label_per:stateorprovinces_of_residence_fscore_std": 0.10547342900981482, "label_org:top_members/employees_fscore_mean": 0.3119047619047619, "label_org:top_members/employees_fscore_std": 0.07835467939002067, "label_per:spouse_fscore_mean": 0.7643467643467643, "label_per:spouse_fscore_std": 0.09533197214135841, "label_per:title_fscore_mean": 0.6547619047619048, "label_per:title_fscore_std": 0.08987898137227078, "loss_mean": 2.937325641673098, "loss_std": 0.4965738773198679}