{
  "accuracy": 0.9107589658048374,
  "macro_fscore": 0.6568213740320746,
  "micro_fscore": 0.9132266217354675,
  "loss": 0.3544672828291853
}