{
  "accuracy": 0.8961937716262975,
  "macro_fscore": 0.6471049939962439,
  "micro_fscore": 0.8979734451432565,
  "loss": 0.37258150723281797
}