{
  "accuracy": 0.9003460207612457,
  "macro_fscore": 0.6578701796895537,
  "micro_fscore": 0.9119830328738071,
  "loss": 0.3691735947044095
}