{
  "accuracy": 0.8927335640138409,
  "macro_fscore": 0.6097353330147095,
  "micro_fscore": 0.893854748603352,
  "loss": 0.3364416416734457
}