{
  "accuracy": 0.8788927335640139,
  "macro_fscore": 0.6357818290153445,
  "micro_fscore": 0.8831988775868116,
  "loss": 0.4337878809566354
}