{
    "model_count": 5,
    "UAS_mean": 0.6140501070124639,
    "UAS_std": 0.011344765727535327,
    "LAS_mean": 0.5086407318813211,
    "LAS_std": 0.011575095491173198,
    "UEM_mean": 0.0198,
    "UEM_std": 0.002387467277262664,
    "LEM_mean": 0.0058000000000000005,
    "LEM_std": 0.0013038404810405298,
    "LOAS_mean": 0.6685803013135255,
    "LOAS_std": 0.004524767488016757,
    "LOEM_mean": 0.008,
    "LOEM_std": 0.0015811388300841895,
    "loss_mean": 9.492157418339971,
    "loss_std": 0.29104257867504485
}