{
  "UAS": 0.6007385958286122,
  "LAS": 0.49876201267363296,
  "UEM": 0.016,
  "LEM": 0.005,
  "LOAS": 0.6713668219396534,
  "LOEM": 0.008,
  "loss": 9.75396329164505
}