{
  "UAS": 0.612153258634437,
  "LAS": 0.5054765202064712,
  "UEM": 0.021,
  "LEM": 0.007,
  "LOAS": 0.6647782114230559,
  "LOEM": 0.01,
  "loss": 9.517596025315543
}