{
  "UAS": 0.6173150363003064,
  "LAS": 0.5089596709891309,
  "UEM": 0.022,
  "LEM": 0.006,
  "LOAS": 0.6665827353225062,
  "LOEM": 0.007,
  "loss": 9.715415179729462
}