{
    "model_count": 5,
    "UAS_mean": 0.6740973031090404,
    "UAS_std": 0.012239289365783172,
    "LAS_mean": 0.5103395753068721,
    "LAS_std": 0.008259735018406699,
    "UEM_mean": 0.0482,
    "UEM_std": 0.0034205262752974143,
    "LEM_mean": 0.0068000000000000005,
    "LEM_std": 0.0008366600265340755,
    "LOAS_mean": 0.6241465818475047,
    "LOAS_std": 0.0033916312002569937,
    "LOEM_mean": 0.008,
    "LOEM_std": 0.0012247448713915887,
    "loss_mean": 6.565854498744011,
    "loss_std": 0.31872136926685396
}