{
  "UAS": 0.7051889586541878,
  "LAS": 0.5111953560004738,
  "UEM": 0.07,
  "LEM": 0.019,
  "LOAS": 0.6401492714133397,
  "LOEM": 0.026,
  "loss": 7.156695552170277
}