{
  "UAS": 0.6979623267385381,
  "LAS": 0.5060419381589859,
  "UEM": 0.068,
  "LEM": 0.014,
  "LOAS": 0.6342850373178534,
  "LOEM": 0.021,
  "loss": 7.843918338654533
}