{
    "model_count": 5,
    "UAS_mean": 0.6215147129763627,
    "UAS_std": 0.004159850174183724,
    "LAS_mean": 0.45665701881331405,
    "LAS_std": 0.004363545996821569,
    "UEM_mean": 0.06760000000000001,
    "UEM_std": 0.002190890230020661,
    "LEM_mean": 0.014,
    "LEM_std": 0.002121320343559643,
    "LOAS_mean": 0.5908345393150024,
    "LOAS_std": 0.0057102308753387825,
    "LOEM_mean": 0.017,
    "LOEM_std": 0.002121320343559642,
    "loss_mean": 7.888473697006702,
    "loss_std": 0.586345161203162
}