{
  "UAS": 0.6227086348287506,
  "LAS": 0.45465508924264353,
  "UEM": 0.065,
  "LEM": 0.012,
  "LOAS": 0.5856849975880367,
  "LOEM": 0.014,
  "loss": 7.280214309692383
}