{
  "UAS": 0.623191027496382,
  "LAS": 0.45411239749155813,
  "UEM": 0.068,
  "LEM": 0.014,
  "LOAS": 0.5864085865894838,
  "LOEM": 0.019,
  "loss": 8.564327955245972
}