{
  "accuracy": 0.9263157894736842,
  "macro_fscore": 0.4908261793308345,
  "micro_fscore": 0.9326145552560646,
  "loss": 0.43044033478994
}