{
  "accuracy": 0.9210526315789473,
  "macro_fscore": 0.4605648814281908,
  "micro_fscore": 0.9301075268817204,
  "loss": 0.42247578622967313
}