{
  "accuracy": 0.9368421052631579,
  "macro_fscore": 0.5202801968951155,
  "micro_fscore": 0.9405405405405404,
  "loss": 0.30012740813738975
}