{
  "accuracy": 0.8642533936651584,
  "macro_fscore": 0.6987487714131314,
  "micro_fscore": 0.8652482269503546,
  "loss": 0.6362719402781555
}