{
  "accuracy": 0.8642533936651584,
  "macro_fscore": 0.6585796426033429,
  "micro_fscore": 0.8598574821852731,
  "loss": 0.7205236256122589
}