{
  "accuracy": 0.8733031674208145,
  "macro_fscore": 0.7417814817028813,
  "micro_fscore": 0.8693586698337291,
  "loss": 0.5447878234886697
}