{
  "accuracy": 0.8552036199095022,
  "macro_fscore": 0.6399384040037398,
  "micro_fscore": 0.8551068883610452,
  "loss": 0.6396528841661555
}