{
  "em_accuracy": 0.841313269493844,
  "loss": 1.1476310259645635
}