{
  "em_accuracy": 0.8463292293661651,
  "loss": 1.1423492219231346
}