{
  "em_accuracy": 0.8451892384860921,
  "loss": 1.146445236639543
}