{
  "em_accuracy": 0.8442772457820338,
  "loss": 1.144598106470975
}