{
  "em_accuracy": 0.8456452348381213,
  "loss": 1.1464188610423696
}