{
    "model_count": 5,
    "UAS_mean": 0.9161313461385191,
    "UAS_std": 0.0026123294294764293,
    "LAS_mean": 0.8470949230891847,
    "LAS_std": 0.0030220510065588155,
    "UEM_mean": 0.6952335098700048,
    "UEM_std": 0.005436490029194122,
    "LEM_mean": 0.42137698603755414,
    "LEM_std": 0.005546243910576487,
    "LOAS_mean": 0.8931218617996334,
    "LOAS_std": 0.0029934078292342416,
    "LOEM_mean": 0.44390948483389503,
    "LOEM_std": 0.009683286163273358,
    "loss_mean": 2.3423432211377198,
    "loss_std": 0.23873107378289393
}