{
  "UAS": 0.9171913604845779,
  "LAS": 0.8452219654100582,
  "UEM": 0.6928261916225325,
  "LEM": 0.4159845931632162,
  "LOAS": 0.8898142982386228,
  "LOEM": 0.4337987481945113,
  "loss": 2.3400083821797475
}