{
  "UAS": 0.9202598230652745,
  "LAS": 0.851518291224994,
  "UEM": 0.7029369282619162,
  "LEM": 0.4285026480500722,
  "LOAS": 0.8961504742169443,
  "LOEM": 0.4545016851227732,
  "loss": 2.5259080374905185
}