{
  "UAS": 0.914282298557424,
  "LAS": 0.8485295289710688,
  "UEM": 0.6894559460760713,
  "LEM": 0.4236880115551276,
  "LOAS": 0.8955128716027736,
  "LOEM": 0.4520943668753009,
  "loss": 1.979472967007761
}