{
  "UAS": 0.9142025982306528,
  "LAS": 0.8437873595281741,
  "UEM": 0.692344727973038,
  "LEM": 0.4155031295137217,
  "LOAS": 0.8900932493823225,
  "LOEM": 0.4342802118440058,
  "loss": 2.2813457177702277
}