{
  "accuracy": 0.9315789473684211,
  "macro_fscore": 0.444205495818399,
  "micro_fscore": 0.9380053908355794,
  "loss": 0.4308008006676876
}