{
    "model_count": 5,
    "accuracy_mean": 0.6645739910313901,
    "accuracy_std": 0.020402355454847233,
    "macro_fscore_mean": 0.6211348019885171,
    "macro_fscore_std": 0.01589359559846313,
    "micro_fscore_mean": 0.6839923740067361,
    "micro_fscore_std": 0.019044784194226994,
    "label_per:cause_of_death_fscore_mean": 0.905128205128205,
    "label_per:cause_of_death_fscore_std": 0.040134553442303926,
    "label_org:top_members/employees_fscore_mean": 0.6933333333333334,
    "label_org:top_members/employees_fscore_std": 0.09521133035954177,
    "label_org:shareholders_fscore_mean": 0.3047619047619048,
    "label_org:shareholders_fscore_std": 0.026082026547865022,
    "label_per:other_family_fscore_mean": 0.35000000000000003,
    "label_per:other_family_fscore_std": 0.12044157438154889,
    "label_per:alternate_names_fscore_mean": 0.3571717171717172,
    "label_per:alternate_names_fscore_std": 0.07706481569285492,
    "label_per:city_of_birth_fscore_mean": 0.21714285714285717,
    "label_per:city_of_birth_fscore_std": 0.20364033921377672,
    "label_org:member_of_fscore_mean": 0.19999999999999998,
    "label_org:member_of_fscore_std": 0.29814239699997197,
    "label_per:employee_of_fscore_mean": 0.5485314685314685,
    "label_per:employee_of_fscore_std": 0.17229737403388512,
    "label_per:country_of_birth_fscore_mean": 0.5466666666666666,
    "label_per:country_of_birth_fscore_std": 0.11690451944500119,
    "label_org:subsidiaries_fscore_mean": 0.49523809523809526,
    "label_org:subsidiaries_fscore_std": 0.06955207079430686,
    "label_per:schools_attended_fscore_mean": 0.8711111111111112,
    "label_per:schools_attended_fscore_std": 0.03975231959999622,
    "label_per:stateorprovinces_of_residence_fscore_mean": 0.5133333333333333,
    "label_per:stateorprovinces_of_residence_fscore_std": 0.09603240193925287,
    "label_org:website_fscore_mean": 1.0,
    "label_org:website_fscore_std": 0.0,
    "label_per:countries_of_residence_fscore_mean": 0.4709090909090909,
    "label_per:countries_of_residence_fscore_std": 0.08440359555225568,
    "label_per:parents_fscore_mean": 0.7457875457875458,
    "label_per:parents_fscore_std": 0.08065265315471289,
    "label_per:charges_fscore_mean": 0.8569696969696969,
    "label_per:charges_fscore_std": 0.04948773396178261,
    "label_per:spouse_fscore_mean": 0.8142857142857142,
    "label_per:spouse_fscore_std": 0.0586845597326964,
    "label_per:stateorprovince_of_birth_fscore_mean": 0,
    "label_per:stateorprovince_of_birth_fscore_std": 0.0,
    "label_org:founded_fscore_mean": 0.8939393939393939,
    "label_org:founded_fscore_std": 0.03387981784090587,
    "label_per:date_of_birth_fscore_mean": 0.8387878787878787,
    "label_per:date_of_birth_fscore_std": 0.10718880470028676,
    "label_per:title_fscore_mean": 0.6745098039215687,
    "label_per:title_fscore_std": 0.053960547408850625,
    "label_org:city_of_headquarters_fscore_mean": 0.6533333333333333,
    "label_org:city_of_headquarters_fscore_std": 0.1063275860515772,
    "label_per:age_fscore_mean": 0.9799498746867168,
    "label_per:age_fscore_std": 0.027511902757017728,
    "label_org:country_of_headquarters_fscore_mean": 0.6788311688311689,
    "label_org:country_of_headquarters_fscore_std": 0.11337781347466014,
    "label_per:children_fscore_mean": 0.7428571428571428,
    "label_per:children_fscore_std": 0.10432810619146021,
    "label_per:cities_of_residence_fscore_mean": 0.5392673992673993,
    "label_per:cities_of_residence_fscore_std": 0.14178436309864756,
    "label_org:political/religious_affiliation_fscore_mean": 0.925128205128205,
    "label_org:political/religious_affiliation_fscore_std": 0.00458680610769191,
    "label_org:members_fscore_mean": 0.45532467532467535,
    "label_org:members_fscore_std": 0.11188294729053781,
    "label_per:city_of_death_fscore_mean": 0.9714285714285714,
    "label_per:city_of_death_fscore_std": 0.06388765649999402,
    "label_per:religion_fscore_mean": 0.7333333333333333,
    "label_per:religion_fscore_std": 0.14907119849998599,
    "label_per:siblings_fscore_mean": 0.7854545454545455,
    "label_per:siblings_fscore_std": 0.032524625127269675,
    "label_org:stateorprovince_of_headquarters_fscore_mean": 0.6365079365079365,
    "label_org:stateorprovince_of_headquarters_fscore_std": 0.13018655335605572,
    "label_per:stateorprovince_of_death_fscore_mean": 0.92,
    "label_per:stateorprovince_of_death_fscore_std": 0.1095445115010332,
    "label_org:number_of_employees/members_fscore_mean": 0.8571428571428571,
    "label_org:number_of_employees/members_fscore_std": 0.0,
    "label_org:parents_fscore_mean": 0,
    "label_org:parents_fscore_std": 0.0,
    "label_per:origin_fscore_mean": 0.40555555555555556,
    "label_per:origin_fscore_std": 0.17959144305827343,
    "label_per:date_of_death_fscore_mean": 0.7238095238095238,
    "label_per:date_of_death_fscore_std": 0.12777531299998796,
    "label_org:dissolved_fscore_mean": 0,
    "label_org:dissolved_fscore_std": 0.0,
    "label_org:founded_by_fscore_mean": 0.8508158508158508,
    "label_org:founded_by_fscore_std": 0.059286101251094986,
    "label_org:alternate_names_fscore_mean": 0.689044289044289,
    "label_org:alternate_names_fscore_std": 0.05983006891246835,
    "loss_mean": 1.2189691696848188,
    "loss_std": 0.02455978714397313
}