{
    "model_count": 5,
    "accuracy_mean": 0.9556195146217532,
    "accuracy_std": 0.02399841155162796,
    "macro_fscore_mean": 0.7933132021390035,
    "macro_fscore_std": 0.1051374951881429,
    "micro_fscore_mean": 0.8717256860448181,
    "micro_fscore_std": 0.0687125510795983,
    "label_per:stateorprovince_of_death_fscore_mean": 0.8009559159265314,
    "label_per:stateorprovince_of_death_fscore_std": 0.07725420377327832,
    "label_per:countries_of_residence_fscore_mean": 0.7731626423433504,
    "label_per:countries_of_residence_fscore_std": 0.09958229690517578,
    "label_per:children_fscore_mean": 0.7953013278645664,
    "label_per:children_fscore_std": 0.11303055832772953,
    "label_per:religion_fscore_mean": 0.884720041862899,
    "label_per:religion_fscore_std": 0.08359991026517763,
    "label_org:parents_fscore_mean": 0.7165012943780155,
    "label_org:parents_fscore_std": 0.1653698490757097,
    "label_per:city_of_death_fscore_mean": 0.8605588739811518,
    "label_per:city_of_death_fscore_std": 0.06515888919116054,
    "label_org:stateorprovince_of_headquarters_fscore_mean": 0.8658044007881268,
    "label_org:stateorprovince_of_headquarters_fscore_std": 0.058596414058359546,
    "label_per:alternate_names_fscore_mean": 0.8488558311423726,
    "label_per:alternate_names_fscore_std": 0.12072485049717553,
    "label_per:date_of_death_fscore_mean": 0.8711204068241469,
    "label_per:date_of_death_fscore_std": 0.06391748441645409,
    "label_per:origin_fscore_mean": 0.7920739856018625,
    "label_per:origin_fscore_std": 0.09940038681709598,
    "label_per:employee_of_fscore_mean": 0.8872072619129093,
    "label_per:employee_of_fscore_std": 0.092062872291697,
    "label_org:number_of_employees/members_fscore_mean": 0.8942505030181087,
    "label_org:number_of_employees/members_fscore_std": 0.06826277202484969,
    "label_per:siblings_fscore_mean": 0.7855718176201201,
    "label_per:siblings_fscore_std": 0.14632657376311228,
    "label_org:alternate_names_fscore_mean": 0.9002833362628405,
    "label_org:alternate_names_fscore_std": 0.048073758416727806,
    "label_org:city_of_headquarters_fscore_mean": 0.879497804021597,
    "label_org:city_of_headquarters_fscore_std": 0.06692250417371048,
    "label_per:title_fscore_mean": 0.9448390547640139,
    "label_per:title_fscore_std": 0.036441127259048155,
    "label_per:date_of_birth_fscore_mean": 0.9476247875856966,
    "label_per:date_of_birth_fscore_std": 0.025648872933752,
    "label_per:country_of_birth_fscore_mean": 0.45549167035235144,
    "label_per:country_of_birth_fscore_std": 0.30727464833521095,
    "label_per:parents_fscore_mean": 0.8460992635181831,
    "label_per:parents_fscore_std": 0.09063048957505897,
    "label_org:top_members/employees_fscore_mean": 0.8983506056351507,
    "label_org:top_members/employees_fscore_std": 0.05120909373665367,
    "label_org:founded_by_fscore_mean": 0.8033870127284969,
    "label_org:founded_by_fscore_std": 0.060174889629041876,
    "label_per:age_fscore_mean": 0.9728946130222091,
    "label_per:age_fscore_std": 0.016722265654177594,
    "label_per:schools_attended_fscore_mean": 0.9090967398258373,
    "label_per:schools_attended_fscore_std": 0.03852924814271636,
    "label_per:charges_fscore_mean": 0.9566530021702435,
    "label_per:charges_fscore_std": 0.04439890613144982,
    "label_org:dissolved_fscore_mean": 0.5722305764411028,
    "label_org:dissolved_fscore_std": 0.4518598697061599,
    "label_org:founded_fscore_mean": 0.9054655481736889,
    "label_org:founded_fscore_std": 0.03558290203632918,
    "label_org:subsidiaries_fscore_mean": 0.7591418716964022,
    "label_org:subsidiaries_fscore_std": 0.16313272456818156,
    "label_per:other_family_fscore_mean": 0.5048985122894953,
    "label_per:other_family_fscore_std": 0.3527071749024237,
    "label_per:stateorprovinces_of_residence_fscore_mean": 0.8664860428696672,
    "label_per:stateorprovinces_of_residence_fscore_std": 0.06152292417764639,
    "label_org:country_of_headquarters_fscore_mean": 0.8040316976081175,
    "label_org:country_of_headquarters_fscore_std": 0.1244994812292036,
    "label_org:website_fscore_mean": 0.9891990846681923,
    "label_org:website_fscore_std": 0.010870649108911385,
    "label_per:cities_of_residence_fscore_mean": 0.864241120252528,
    "label_per:cities_of_residence_fscore_std": 0.08758443156504968,
    "label_org:shareholders_fscore_mean": 0.5291053391053391,
    "label_org:shareholders_fscore_std": 0.39540155023591655,
    "label_per:cause_of_death_fscore_mean": 0.9748656503619215,
    "label_per:cause_of_death_fscore_std": 0.016084136411306765,
    "label_org:members_fscore_mean": 0.6468137079835276,
    "label_org:members_fscore_std": 0.17163906878111107,
    "label_per:country_of_death_fscore_mean": 0,
    "label_per:country_of_death_fscore_std": 0.0,
    "label_per:city_of_birth_fscore_mean": 0.8569076730528545,
    "label_per:city_of_birth_fscore_std": 0.055408698075291085,
    "label_per:stateorprovince_of_birth_fscore_mean": 0.8500147362216328,
    "label_per:stateorprovince_of_birth_fscore_std": 0.07949069203414583,
    "label_org:member_of_fscore_mean": 0.39927311494475676,
    "label_org:member_of_fscore_std": 0.3287768522230707,
    "label_org:political/religious_affiliation_fscore_mean": 0.8460788868392886,
    "label_org:political/religious_affiliation_fscore_std": 0.10187915631027486,
    "label_per:spouse_fscore_mean": 0.8667855320398467,
    "label_per:spouse_fscore_std": 0.05559383063819097,
    "loss_mean": 0.1371601813040039,
    "loss_std": 0.0722493617215268
}