{
  "accuracy": 0.9231780549337313,
  "macro_fscore": 0.6615987670794308,
  "micro_fscore": 0.7780918727915194,
  "label_per:stateorprovince_of_death_fscore": 0.7142857142857142,
  "label_per:countries_of_residence_fscore": 0.6434782608695652,
  "label_per:children_fscore": 0.6198830409356725,
  "label_per:religion_fscore": 0.7692307692307693,
  "label_org:parents_fscore": 0.49765258215962443,
  "label_per:city_of_death_fscore": 0.7674418604651163,
  "label_org:stateorprovince_of_headquarters_fscore": 0.8018433179723502,
  "label_per:alternate_names_fscore": 0.6557377049180327,
  "label_per:date_of_death_fscore": 0.8333333333333334,
  "label_per:origin_fscore": 0.6527777777777777,
  "label_per:employee_of_fscore": 0.7574893009985736,
  "label_org:number_of_employees/members_fscore": 0.8125,
  "label_per:siblings_fscore": 0.5593220338983051,
  "label_org:alternate_names_fscore": 0.8439490445859873,
  "label_org:city_of_headquarters_fscore": 0.7850467289719626,
  "label_per:title_fscore": 0.8925973470261018,
  "label_per:date_of_birth_fscore": 0.9189189189189189,
  "label_per:country_of_birth_fscore": 0.2857142857142857,
  "label_per:parents_fscore": 0.7234042553191491,
  "label_org:top_members/employees_fscore": 0.832074375363161,
  "label_org:founded_by_fscore": 0.7157894736842105,
  "label_per:age_fscore": 0.9505494505494505,
  "label_per:schools_attended_fscore": 0.864864864864865,
  "label_per:charges_fscore": 0.896551724137931,
  "label_org:dissolved_fscore": 0.16666666666666669,
  "label_org:founded_fscore": 0.8484848484848485,
  "label_org:subsidiaries_fscore": 0.5140186915887851,
  "label_per:other_family_fscore": 0.12195121951219512,
  "label_per:stateorprovinces_of_residence_fscore": 0.7973856209150326,
  "label_org:country_of_headquarters_fscore": 0.6038961038961039,
  "label_per:cities_of_residence_fscore": 0.7428571428571428,
  "label_org:website_fscore": 0.9782608695652174,
  "label_org:shareholders_fscore": 0.1,
  "label_per:cause_of_death_fscore": 0.9583333333333334,
  "label_org:members_fscore": 0.41584158415841577,
  "label_per:country_of_death_fscore": 0,
  "label_per:city_of_birth_fscore": 0.823529411764706,
  "label_per:stateorprovince_of_birth_fscore": 0.7692307692307693,
  "label_org:member_of_fscore": 0,
  "label_org:political/religious_affiliation_fscore": 0.7142857142857143,
  "label_per:spouse_fscore": 0.7763713080168777,
  "loss": 0.23201263592339683
}