{
  "accuracy": 0.9750204313683687,
  "macro_fscore": 0.8758076605724643,
  "micro_fscore": 0.9271331058020478,
  "label_per:stateorprovince_of_death_fscore": 0.8333333333333333,
  "label_per:countries_of_residence_fscore": 0.8490566037735849,
  "label_per:children_fscore": 0.9024390243902439,
  "label_per:religion_fscore": 0.9615384615384615,
  "label_org:parents_fscore": 0.8723404255319148,
  "label_per:city_of_death_fscore": 0.923076923076923,
  "label_org:stateorprovince_of_headquarters_fscore": 0.8661417322834646,
  "label_per:alternate_names_fscore": 0.9195402298850576,
  "label_per:date_of_death_fscore": 0.9464285714285714,
  "label_per:origin_fscore": 0.8543046357615893,
  "label_per:employee_of_fscore": 0.9572039942938658,
  "label_org:number_of_employees/members_fscore": 0.9295774647887325,
  "label_per:siblings_fscore": 0.9014084507042253,
  "label_org:alternate_names_fscore": 0.9321789321789321,
  "label_per:date_of_birth_fscore": 0.9577464788732395,
  "label_org:city_of_headquarters_fscore": 0.8967391304347827,
  "label_per:title_fscore": 0.9794007490636704,
  "label_per:country_of_birth_fscore": 0.6666666666666666,
  "label_per:parents_fscore": 0.9302325581395349,
  "label_org:top_members/employees_fscore": 0.9528246942341293,
  "label_org:founded_by_fscore": 0.854368932038835,
  "label_per:age_fscore": 0.9885057471264367,
  "label_per:schools_attended_fscore": 0.9481481481481481,
  "label_per:charges_fscore": 0.9818181818181818,
  "label_org:dissolved_fscore": 0.9,
  "label_org:founded_fscore": 0.9148936170212767,
  "label_org:subsidiaries_fscore": 0.8830188679245283,
  "label_per:other_family_fscore": 0.8181818181818182,
  "label_per:stateorprovinces_of_residence_fscore": 0.8929663608562692,
  "label_org:country_of_headquarters_fscore": 0.8503253796095445,
  "label_per:cities_of_residence_fscore": 0.9436201780415431,
  "label_org:website_fscore": 1.0,
  "label_org:shareholders_fscore": 0.8571428571428572,
  "label_per:cause_of_death_fscore": 0.9791666666666666,
  "label_org:members_fscore": 0.7928994082840236,
  "label_per:country_of_death_fscore": 0,
  "label_per:city_of_birth_fscore": 0.8936170212765958,
  "label_per:stateorprovince_of_birth_fscore": 0.9166666666666666,
  "label_org:member_of_fscore": 0.5970149253731344,
  "label_org:political/religious_affiliation_fscore": 0.9500000000000001,
  "label_per:spouse_fscore": 0.9135802469135803,
  "loss": 0.07588718830991492
}