{"model_count": 10, "em_accuracy_mean": 0.5411865864144454, "em_accuracy_std": 0.009402450171222848, "loss_mean": 1.5900196164710336, "loss_std": 0.021803547299686477}