{
  "em_accuracy": 0.5491544855259387,
  "loss": 1.5526937164672434
}