{
  "em_accuracy": 0.5465749498423617,
  "loss": 1.5949854796335576
}