{
  "em_accuracy": 0.5500143307537977,
  "loss": 1.6095293460915623
}