{
  "em_accuracy": 0.528804815133276,
  "loss": 1.6129406249686464
}