{
  "em_accuracy": 0.5399828030954428,
  "loss": 1.562105363362456
}