{
  "em_accuracy": 0.52823158498137,
  "loss": 1.5904308565675396
}