{
  "em_accuracy": 0.5396961880194898,
  "loss": 1.6026114516606613
}