{
  "UAS": 0.6469612605141571,
  "LAS": 0.44135765904513685,
  "UEM": 0.056,
  "LEM": 0.01,
  "LOAS": 0.5967894799194409,
  "LOEM": 0.014,
  "loss": 10.985249787569046
}