{
  "UAS": 0.6400308020376733,
  "LAS": 0.4434308731192987,
  "UEM": 0.051,
  "LEM": 0.009,
  "LOAS": 0.599573510247601,
  "LOEM": 0.011,
  "loss": 10.346322268247604
}