{
  "UAS": 0.6465466176993248,
  "LAS": 0.4315839355526596,
  "UEM": 0.051,
  "LEM": 0.008,
  "LOAS": 0.5895036133159578,
  "LOEM": 0.013,
  "loss": 9.571891516447067
}