{
  "accuracy": 0.9849521203830369,
  "macro_fscore": 0.9792547785724756,
  "micro_fscore": 0.9886685552407932,
  "loss": 0.08911354008128199
}