{
  "accuracy": 0.9822161422708618,
  "macro_fscore": 0.9712530538305131,
  "micro_fscore": 0.9851169383416017,
  "loss": 0.0884961552801542
}