{
  "accuracy": 0.9835841313269493,
  "macro_fscore": 0.9705536719042913,
  "micro_fscore": 0.9858156028368794,
  "loss": 0.09577625307618924
}