{
  "accuracy": 0.9822161422708618,
  "macro_fscore": 0.9756417196090272,
  "micro_fscore": 0.9872521246458924,
  "loss": 0.10148597195612914
}