{
    "model_count": 5,
    "UAS_mean": 0.5526598846627357,
    "UAS_std": 0.0050342114641589684,
    "LAS_mean": 0.38355472040432836,
    "LAS_std": 0.005457634138748394,
    "UEM_mean": 0.03071593533487298,
    "UEM_std": 0.0031199205741584976,
    "LEM_mean": 0.002540415704387991,
    "LEM_std": 0.0015055894700237065,
    "LOAS_mean": 0.565295146763429,
    "LOAS_std": 0.005439679952102035,
    "LOEM_mean": 0.004849884526558892,
    "LOEM_std": 0.0018974222546368341,
    "loss_mean": 10.890047703470502,
    "loss_std": 0.8991228004517839
}