{
  "UAS": 0.548759152465496,
  "LAS": 0.38372319056567095,
  "UEM": 0.03117782909930716,
  "LEM": 0.004618937644341801,
  "LOAS": 0.5688459793948033,
  "LOEM": 0.005773672055427252,
  "loss": 10.33692615372794
}