{
  "UAS": 0.5516101859651397,
  "LAS": 0.3775027538391758,
  "UEM": 0.03233256351039261,
  "LEM": 0.003464203233256351,
  "LOAS": 0.556145921078209,
  "LOEM": 0.006928406466512702,
  "loss": 11.114711318697248
}