{"model_count": 10, "em_accuracy_mean": 0.8510943912448701, "em_accuracy_std": 0.0022937467644175025, "loss_mean": 1.1570026092962786, "loss_std": 0.004955328157011333}