{
  "em_accuracy": 0.8531691746466028,
  "loss": 1.154436061815782
}