{
  "em_accuracy": 0.8492932056543547,
  "loss": 1.1593970387632198
}