{
  "em_accuracy": 0.8508891928864569,
  "loss": 1.153633928082206
}