{
  "em_accuracy": 0.8504331965344277,
  "loss": 1.1581738510998814
}