{
  "em_accuracy": 0.076416015625,
  "loss": 2.899088443024084
}