{
  "em_accuracy": 0.086181640625,
  "loss": 3.105694152181968
}