{
  "em_accuracy": 0.0828857421875,
  "loss": 2.7714652778813615
}