{
  "em_accuracy": 0.0543212890625,
  "loss": 3.0006336853839457
}