{
  "em_accuracy": 0.0731201171875,
  "loss": 3.1600035505834967
}