{
  "em_accuracy": 0.0865478515625,
  "loss": 2.7685207563918084
}