{
  "em_accuracy": 0.058349609375,
  "loss": 3.261519805295393
}