{
  "accuracy": 0.8518518518518519,
  "macro_fscore": 0.4585955312357501,
  "micro_fscore": 0.8514851485148515,
  "loss": 0.6553854215890169
}