{
  "accuracy": 0.6851851851851852,
  "macro_fscore": 0.3197330447330447,
  "micro_fscore": 0.686868686868687,
  "loss": 0.9005806278437376
}