{
  "accuracy": 0.8148148148148148,
  "macro_fscore": 0.3507523939808482,
  "micro_fscore": 0.8118811881188118,
  "loss": 0.665196493268013
}