{
  "accuracy": 0.8148148148148148,
  "macro_fscore": 0.540891472868217,
  "micro_fscore": 0.8453608247422681,
  "loss": 0.7508259564638138
}