{
  "accuracy": 0.6851851851851852,
  "macro_fscore": 0.3342366757000903,
  "micro_fscore": 0.7010309278350516,
  "loss": 1.1106427162885666
}