{
  "accuracy": 0.8518518518518519,
  "macro_fscore": 0.7764924506387922,
  "micro_fscore": 0.8571428571428572,
  "loss": 0.873695433139801
}