{
  "accuracy": 0.8518518518518519,
  "macro_fscore": 0.5823693379790942,
  "micro_fscore": 0.8399999999999999,
  "loss": 0.5671256333589554
}