{
  "accuracy": 0.9121107266435986,
  "macro_fscore": 0.6245143124987835,
  "micro_fscore": 0.9143057012941588,
  "loss": 0.4543028366093035
}