{
  "accuracy": 0.9550173010380623,
  "macro_fscore": 0.6377023967928771,
  "micro_fscore": 0.9563395040167656,
  "loss": 0.31736468860497674
}