{
  "accuracy": 0.9474048442906574,
  "macro_fscore": 0.5933184408004774,
  "micro_fscore": 0.9513134851138355,
  "loss": 0.2402224816640348
}