{
  "accuracy": 0.9508650519031142,
  "macro_fscore": 0.630984955586507,
  "micro_fscore": 0.9531468531468531,
  "loss": 0.3172750283921122
}