{"model_count": 10, "em_accuracy_mean": 0.5552452316076294, "em_accuracy_std": 0.010824181851357991, "loss_mean": 1.4141524670564611, "loss_std": 0.012157201949997082}