{
  "em_accuracy": 0.5398501362397821,
  "loss": 1.426830104187779
}