{
  "em_accuracy": 0.5623297002724795,
  "loss": 1.4173017571801725
}