{
  "em_accuracy": 0.5643732970027248,
  "loss": 1.3993831963642784
}