{
  "em_accuracy": 0.5630108991825613,
  "loss": 1.4132859541670135
}