{
  "em_accuracy": 0.547683923705722,
  "loss": 1.4234150094182596
}