{"model_count": 10, "em_accuracy_mean": 0.42832017229002156, "em_accuracy_std": 0.0096447467482635, "loss_mean": 2.025497302157538, "loss_std": 0.03302597151310851}