{
  "em_accuracy": 0.43072505384063176,
  "loss": 2.0499246641567774
}