{
  "em_accuracy": 0.4109834888729361,
  "loss": 1.9990324061257498
}