{
  "em_accuracy": 0.43610911701363964,
  "loss": 2.0417939513070245
}