{
  "em_accuracy": 0.42893036611629576,
  "loss": 2.0602577114105225
}