{
  "em_accuracy": 0.42749461593682697,
  "loss": 2.05146277155195
}