{
    "model_count": 5,
    "accuracy_mean": 0.7216589861751151,
    "accuracy_std": 0.0186051882379598,
    "macro_fscore_mean": 0.6864445015349993,
    "macro_fscore_std": 0.01457997272096534,
    "micro_fscore_mean": 0.7434524408277388,
    "micro_fscore_std": 0.015006956945833677,
    "label_org:subsidiaries_fscore_mean": 0.42095238095238097,
    "label_org:subsidiaries_fscore_std": 0.29649502028222025,
    "label_org:number_of_employees/members_fscore_mean": 0.9777777777777777,
    "label_org:number_of_employees/members_fscore_std": 0.0496903994999953,
    "label_per:city_of_birth_fscore_mean": 0.92,
    "label_per:city_of_birth_fscore_std": 0.1095445115010332,
    "label_org:city_of_headquarters_fscore_mean": 0.5228571428571429,
    "label_org:city_of_headquarters_fscore_std": 0.07532243615122328,
    "label_per:stateorprovinces_of_residence_fscore_mean": 0.5766666666666667,
    "label_per:stateorprovinces_of_residence_fscore_std": 0.26335911734997525,
    "label_per:parents_fscore_mean": 0.8683333333333333,
    "label_per:parents_fscore_std": 0.0667707520800338,
    "label_org:country_of_headquarters_fscore_mean": 0.6392857142857142,
    "label_org:country_of_headquarters_fscore_std": 0.04200542562946987,
    "label_org:member_of_fscore_mean": 0.5093650793650794,
    "label_org:member_of_fscore_std": 0.19290155605919282,
    "label_per:cause_of_death_fscore_mean": 0.8055555555555556,
    "label_per:cause_of_death_fscore_std": 0.0760725774312731,
    "label_per:schools_attended_fscore_mean": 0.9411764705882353,
    "label_per:schools_attended_fscore_std": 0.0,
    "label_per:religion_fscore_mean": 0.8333333333333334,
    "label_per:religion_fscore_std": 0.0760725774312731,
    "label_per:cities_of_residence_fscore_mean": 0.6490336134453781,
    "label_per:cities_of_residence_fscore_std": 0.07376433725976737,
    "label_per:alternate_names_fscore_mean": 0.3504761904761905,
    "label_per:alternate_names_fscore_std": 0.04921146926767167,
    "label_per:countries_of_residence_fscore_mean": 0.2911111111111111,
    "label_per:countries_of_residence_fscore_std": 0.07376556123755419,
    "label_per:siblings_fscore_mean": 0.8240093240093239,
    "label_per:siblings_fscore_std": 0.09467858885625312,
    "label_org:stateorprovince_of_headquarters_fscore_mean": 0.8321895424836602,
    "label_org:stateorprovince_of_headquarters_fscore_std": 0.05466412849701026,
    "label_per:date_of_death_fscore_mean": 0.9411764705882353,
    "label_per:date_of_death_fscore_std": 0.0,
    "label_org:dissolved_fscore_mean": 0,
    "label_org:dissolved_fscore_std": 0.0,
    "label_org:top_members/employees_fscore_mean": 0.6883699633699634,
    "label_org:top_members/employees_fscore_std": 0.13011866704919292,
    "label_per:city_of_death_fscore_mean": 0.7000000000000001,
    "label_per:city_of_death_fscore_std": 0.2449489742783178,
    "label_org:founded_by_fscore_mean": 0.9,
    "label_org:founded_by_fscore_std": 0.14907119849998599,
    "label_org:founded_fscore_mean": 0.9714285714285714,
    "label_org:founded_fscore_std": 0.06388765649999402,
    "label_per:children_fscore_mean": 0.5365079365079365,
    "label_per:children_fscore_std": 0.08558926802884387,
    "label_per:spouse_fscore_mean": 0.88,
    "label_per:spouse_fscore_std": 0.1095445115010332,
    "label_per:date_of_birth_fscore_mean": 0.9692307692307692,
    "label_per:date_of_birth_fscore_std": 0.04213250442347435,
    "label_org:shareholders_fscore_mean": 0.5233333333333333,
    "label_org:shareholders_fscore_std": 0.16397831834998458,
    "label_org:political/religious_affiliation_fscore_mean": 0.9292307692307692,
    "label_org:political/religious_affiliation_fscore_std": 0.005617667256463283,
    "label_per:employee_of_fscore_mean": 0.5706959706959707,
    "label_per:employee_of_fscore_std": 0.13852741809285238,
    "label_per:title_fscore_mean": 0.8967032967032966,
    "label_per:title_fscore_std": 0.03611357522012083,
    "label_per:age_fscore_mean": 1.0,
    "label_per:age_fscore_std": 0.0,
    "label_org:parents_fscore_mean": 0,
    "label_org:parents_fscore_std": 0.0,
    "label_per:stateorprovince_of_death_fscore_mean": 0.8,
    "label_per:stateorprovince_of_death_fscore_std": 0.0,
    "label_per:country_of_birth_fscore_mean": 0.3,
    "label_per:country_of_birth_fscore_std": 0.27386127875258304,
    "label_per:charges_fscore_mean": 0.951048951048951,
    "label_per:charges_fscore_std": 0.04504929624729068,
    "label_org:members_fscore_mean": 0.36,
    "label_org:members_fscore_std": 0.0365148371670111,
    "label_org:website_fscore_mean": 1.0,
    "label_org:website_fscore_std": 0.0,
    "label_per:origin_fscore_mean": 0.6142857142857142,
    "label_per:origin_fscore_std": 0.0760415210603395,
    "label_per:other_family_fscore_mean": 0.40507936507936504,
    "label_per:other_family_fscore_std": 0.1780694885609598,
    "label_org:alternate_names_fscore_mean": 0.8721212121212121,
    "label_org:alternate_names_fscore_std": 0.05197654341332658,
    "loss_mean": 1.2676773697137833,
    "loss_std": 0.18677944601852772
}