{
    "model_count": 3,
    "accuracy_mean": 0.7235023041474654,
    "accuracy_std": 0.018433179723502335,
    "macro_fscore_mean": 0.6922484908533174,
    "macro_fscore_std": 0.016778287405230696,
    "micro_fscore_mean": 0.7475391920131734,
    "micro_fscore_std": 0.015622134864986344,
    "label_per:schools_attended_fscore_mean": 0.9411764705882353,
    "label_per:schools_attended_fscore_std": 0.0,
    "label_org:alternate_names_fscore_mean": 0.8727272727272728,
    "label_org:alternate_names_fscore_std": 0.06298366572977725,
    "label_org:parents_fscore_mean": 0,
    "label_org:parents_fscore_std": 0.0,
    "label_per:other_family_fscore_mean": 0.437037037037037,
    "label_per:other_family_fscore_std": 0.2334215000976108,
    "label_org:shareholders_fscore_mean": 0.5055555555555555,
    "label_org:shareholders_fscore_std": 0.22381374531648537,
    "label_per:city_of_death_fscore_mean": 0.7000000000000001,
    "label_per:city_of_death_fscore_std": 0.17320508075688776,
    "label_org:founded_by_fscore_mean": 0.9444444444444444,
    "label_org:founded_by_fscore_std": 0.0962250448649376,
    "label_org:founded_fscore_mean": 0.9523809523809523,
    "label_org:founded_fscore_std": 0.08247860988423228,
    "label_per:city_of_birth_fscore_mean": 0.8666666666666667,
    "label_per:city_of_birth_fscore_std": 0.11547005383792514,
    "label_org:stateorprovince_of_headquarters_fscore_mean": 0.8208061002178649,
    "label_org:stateorprovince_of_headquarters_fscore_std": 0.06948448160224989,
    "label_per:charges_fscore_mean": 0.9487179487179487,
    "label_per:charges_fscore_std": 0.044411559168432785,
    "label_per:countries_of_residence_fscore_mean": 0.3277777777777778,
    "label_per:countries_of_residence_fscore_std": 0.07515416254704825,
    "label_org:country_of_headquarters_fscore_mean": 0.6527777777777778,
    "label_org:country_of_headquarters_fscore_std": 0.024056261216234387,
    "label_per:title_fscore_mean": 0.923076923076923,
    "label_per:title_fscore_std": 0.0,
    "label_per:spouse_fscore_mean": 0.9333333333333333,
    "label_per:spouse_fscore_std": 0.11547005383792514,
    "label_per:age_fscore_mean": 1.0,
    "label_per:age_fscore_std": 0.0,
    "label_per:parents_fscore_mean": 0.8694444444444445,
    "label_per:parents_fscore_std": 0.06684005230842206,
    "label_per:cities_of_residence_fscore_mean": 0.6511671335200747,
    "label_per:cities_of_residence_fscore_std": 0.1021335276503675,
    "label_org:members_fscore_mean": 0.35555555555555557,
    "label_org:members_fscore_std": 0.03849001794597508,
    "label_per:siblings_fscore_mean": 0.8531468531468531,
    "label_per:siblings_fscore_std": 0.1092342612014917,
    "label_per:country_of_birth_fscore_mean": 0.3333333333333333,
    "label_per:country_of_birth_fscore_std": 0.28867513459481287,
    "label_org:top_members/employees_fscore_mean": 0.7242063492063492,
    "label_org:top_members/employees_fscore_std": 0.10452037453226926,
    "label_org:website_fscore_mean": 1.0,
    "label_org:website_fscore_std": 0.0,
    "label_org:number_of_employees/members_fscore_mean": 0.962962962962963,
    "label_org:number_of_employees/members_fscore_std": 0.06415002990995838,
    "label_per:date_of_birth_fscore_mean": 0.9487179487179487,
    "label_per:date_of_birth_fscore_std": 0.044411559168432785,
    "label_org:dissolved_fscore_mean": 0,
    "label_org:dissolved_fscore_std": 0.0,
    "label_org:subsidiaries_fscore_mean": 0.5904761904761905,
    "label_org:subsidiaries_fscore_std": 0.20067911910195693,
    "label_per:cause_of_death_fscore_mean": 0.7962962962962963,
    "label_per:cause_of_death_fscore_std": 0.08018753738744806,
    "label_per:employee_of_fscore_mean": 0.6349206349206349,
    "label_per:employee_of_fscore_std": 0.054985739922821374,
    "label_per:alternate_names_fscore_mean": 0.35555555555555557,
    "label_per:alternate_names_fscore_std": 0.03849001794597508,
    "label_per:religion_fscore_mean": 0.7962962962962963,
    "label_per:religion_fscore_std": 0.08018753738744806,
    "label_org:city_of_headquarters_fscore_mean": 0.4904761904761905,
    "label_org:city_of_headquarters_fscore_std": 0.08611019676202443,
    "label_org:political/religious_affiliation_fscore_mean": 0.9299145299145299,
    "label_org:political/religious_affiliation_fscore_std": 0.005921541222457743,
    "label_org:member_of_fscore_mean": 0.4933862433862434,
    "label_org:member_of_fscore_std": 0.23598046716877555,
    "label_per:origin_fscore_mean": 0.5793650793650793,
    "label_per:origin_fscore_std": 0.08361629962581531,
    "label_per:stateorprovinces_of_residence_fscore_mean": 0.5277777777777778,
    "label_per:stateorprovinces_of_residence_fscore_std": 0.3274951700708777,
    "label_per:date_of_death_fscore_mean": 0.9411764705882353,
    "label_per:date_of_death_fscore_std": 0.0,
    "label_per:stateorprovince_of_death_fscore_mean": 0.8,
    "label_per:stateorprovince_of_death_fscore_std": 0.0,
    "label_per:children_fscore_mean": 0.537037037037037,
    "label_per:children_fscore_std": 0.11564811108145177,
    "loss_mean": 1.2839593986670175,
    "loss_std": 0.12801797950690616
}