{
  "UAS": 0.8119792930518482,
  "LAS": 0.7517188384696271,
  "UEM": 0.094,
  "LEM": 0.045,
  "LOAS": 0.8609560786216938,
  "LOEM": 0.118,
  "loss": 5.4599939957261086
}