{
  "UAS": 0.8021111380732832,
  "LAS": 0.7413653643937556,
  "UEM": 0.078,
  "LEM": 0.035,
  "LOAS": 0.8564668769716088,
  "LOEM": 0.102,
  "loss": 4.423559606075287
}