{
  "UAS": 0.8052657122057753,
  "LAS": 0.7462185553668204,
  "UEM": 0.064,
  "LEM": 0.029,
  "LOAS": 0.8613200679446736,
  "LOEM": 0.125,
  "loss": 4.819090023636818
}