{
  "UAS": 0.8141227857316186,
  "LAS": 0.7452074739140985,
  "UEM": 0.077,
  "LEM": 0.032,
  "LOAS": 0.8553344657445604,
  "LOEM": 0.099,
  "loss": 5.884684018790722
}