{
    "model_count": 5,
    "UAS_mean": 0.7837677674238845,
    "UAS_std": 0.00935891471957151,
    "LAS_mean": 0.6821746038562289,
    "LAS_std": 0.011296360997305735,
    "UEM_mean": 0.096,
    "UEM_std": 0.011467344941179717,
    "LEM_mean": 0.0196,
    "LEM_std": 0.004159326868617084,
    "LOAS_mean": 0.7888693262335209,
    "LOAS_std": 0.008282076670584145,
    "LOEM_mean": 0.0286,
    "LOEM_std": 0.0077974354758471726,
    "loss_mean": 5.680306769623643,
    "loss_std": 0.391439257506484
}