{
  "UAS": 0.7742517284321725,
  "LAS": 0.6688710439300898,
  "UEM": 0.086,
  "LEM": 0.016,
  "LOAS": 0.7791042212393181,
  "LOEM": 0.022,
  "loss": 5.945295719873338
}