{
  "UAS": 0.7738223042899471,
  "LAS": 0.6714046463692189,
  "UEM": 0.085,
  "LEM": 0.016,
  "LOAS": 0.782110190234895,
  "LOEM": 0.022,
  "loss": 5.933163031935692
}