{
  "UAS": 0.7940481813887577,
  "LAS": 0.691115214497359,
  "UEM": 0.113,
  "LEM": 0.021,
  "LOAS": 0.7920728303345214,
  "LOEM": 0.033,
  "loss": 5.881578207015991
}