{
  "UAS": 0.7808289622544482,
  "LAS": 0.6596729404504782,
  "UEM": 0.134,
  "LEM": 0.027,
  "LOAS": 0.7670472076519592,
  "LOEM": 0.036,
  "loss": 5.858743712306023
}