{
    "model_count": 5,
    "UAS_mean": 0.5999870407568199,
    "UAS_std": 0.007112635491580626,
    "LAS_mean": 0.42378021123566384,
    "LAS_std": 0.00840959030450232,
    "UEM_mean": 0.0418013856812933,
    "UEM_std": 0.005680542206119558,
    "LEM_mean": 0.005773672055427252,
    "LEM_std": 0.0014142550477962924,
    "LOAS_mean": 0.5890364802695522,
    "LOAS_std": 0.015150998651135606,
    "LOEM_mean": 0.008775981524249424,
    "LOEM_std": 0.001751241442044238,
    "loss_mean": 9.130626886231559,
    "loss_std": 1.0745541910757834
}