{
  "UAS": 0.5893863798354176,
  "LAS": 0.42234173524266183,
  "UEM": 0.03695150115473441,
  "LEM": 0.005773672055427252,
  "LOAS": 0.5926909868463681,
  "LOEM": 0.009237875288683603,
  "loss": 10.287439124924797
}