{
  "UAS": 0.6073997278558932,
  "LAS": 0.4275254325147411,
  "UEM": 0.042725173210161664,
  "LEM": 0.005773672055427252,
  "LOAS": 0.5809628717682888,
  "LOEM": 0.008083140877598153,
  "loss": 9.171374934060234
}