{
  "accuracy": 0.9447513812154696,
  "macro_fscore": 0.4014294403892944,
  "micro_fscore": 0.9488636363636364,
  "loss": 0.26038648032893735
}