{
  "accuracy": 0.9447513812154696,
  "macro_fscore": 0.4067712177121771,
  "micro_fscore": 0.945868945868946,
  "loss": 0.39486970255772275
}