{
  "accuracy": 0.9337016574585635,
  "macro_fscore": 0.3847826086956522,
  "micro_fscore": 0.942528735632184,
  "loss": 0.27462751247609657
}