{
  "accuracy": 0.9392265193370166,
  "macro_fscore": 0.4006916996047431,
  "micro_fscore": 0.9431818181818182,
  "loss": 0.2961543748776118
}