{
  "UAS": 0.5980590028771418,
  "LAS": 0.5355348477691416,
  "UEM": 0.118,
  "LEM": 0.051,
  "loss": 1.7369616769608998
}