{
  "accuracy": 0.8608521970705726,
  "macro_fscore": 0.46212294371168333,
  "micro_fscore": 0.6100310406796274,
  "label_per:alternate_names_fscore": 0.32,
  "label_per:children_fscore": 0.411764705882353,
  "label_per:parents_fscore": 0.5827814569536424,
  "label_per:city_of_death_fscore": 0.3783783783783784,
  "label_per:age_fscore": 0.9104859335038363,
  "label_per:stateorprovince_of_birth_fscore": 0.25,
  "label_per:cities_of_residence_fscore": 0.5406976744186046,
  "label_per:religion_fscore": 0.5316455696202532,
  "label_org:shareholders_fscore": 0,
  "label_org:founded_by_fscore": 0.6131386861313869,
  "label_per:country_of_birth_fscore": 0,
  "label_org:dissolved_fscore": 0,
  "label_per:countries_of_residence_fscore": 0.32,
  "label_per:title_fscore": 0.8114169215086646,
  "label_org:subsidiaries_fscore": 0.2545454545454546,
  "label_org:founded_fscore": 0.8219178082191781,
  "label_per:cause_of_death_fscore": 0.4285714285714286,
  "label_per:charges_fscore": 0.7655502392344498,
  "label_per:siblings_fscore": 0.6842105263157895,
  "label_per:employee_of_fscore": 0.3260340632603406,
  "label_per:country_of_death_fscore": 0,
  "label_per:date_of_death_fscore": 0.46913580246913583,
  "label_per:other_family_fscore": 0.4754098360655738,
  "label_per:date_of_birth_fscore": 0.823529411764706,
  "label_org:political/religious_affiliation_fscore": 0.1818181818181818,
  "label_per:schools_attended_fscore": 0.6037735849056605,
  "label_per:stateorprovince_of_death_fscore": 0.11764705882352941,
  "label_org:stateorprovince_of_headquarters_fscore": 0.6915887850467289,
  "label_org:parents_fscore": 0.34615384615384615,
  "label_per:spouse_fscore": 0.6351351351351352,
  "label_org:country_of_headquarters_fscore": 0.4294478527607362,
  "label_per:origin_fscore": 0.5196078431372549,
  "label_per:stateorprovinces_of_residence_fscore": 0.47435897435897434,
  "label_org:number_of_employees/members_fscore": 0.7368421052631579,
  "label_org:website_fscore": 0.7636363636363636,
  "label_org:alternate_names_fscore": 0.8283752860411898,
  "label_org:members_fscore": 0,
  "label_per:city_of_birth_fscore": 0.5714285714285715,
  "label_org:top_members/employees_fscore": 0.5821727019498608,
  "label_org:city_of_headquarters_fscore": 0.6506024096385542,
  "label_org:member_of_fscore": 0.09523809523809525,
  "loss": 0.8423222275670886
}