{
  "accuracy": 0.8532623169107856,
  "macro_fscore": 0.49176240619568773,
  "micro_fscore": 0.6159222120935886,
  "label_per:alternate_names_fscore": 0.2962962962962963,
  "label_per:children_fscore": 0.39252336448598124,
  "label_per:parents_fscore": 0.674698795180723,
  "label_per:city_of_death_fscore": 0.3333333333333333,
  "label_per:age_fscore": 0.8883495145631068,
  "label_per:stateorprovince_of_birth_fscore": 0.39999999999999997,
  "label_per:cities_of_residence_fscore": 0.5632183908045977,
  "label_per:religion_fscore": 0.4285714285714286,
  "label_org:shareholders_fscore": 0,
  "label_org:founded_by_fscore": 0.5166666666666666,
  "label_per:country_of_birth_fscore": 0,
  "label_org:dissolved_fscore": 0.5,
  "label_per:countries_of_residence_fscore": 0.3611111111111111,
  "label_per:title_fscore": 0.8231827111984285,
  "label_org:subsidiaries_fscore": 0.36641221374045796,
  "label_org:founded_fscore": 0.8157894736842105,
  "label_per:cause_of_death_fscore": 0.29850746268656714,
  "label_per:charges_fscore": 0.79,
  "label_per:siblings_fscore": 0.6093750000000001,
  "label_per:employee_of_fscore": 0.4123314065510597,
  "label_per:country_of_death_fscore": 0,
  "label_per:date_of_death_fscore": 0.5060240963855421,
  "label_per:other_family_fscore": 0.390625,
  "label_per:date_of_birth_fscore": 0.823529411764706,
  "label_org:political/religious_affiliation_fscore": 0.47058823529411764,
  "label_per:schools_attended_fscore": 0.65625,
  "label_per:stateorprovince_of_death_fscore": 0.2857142857142857,
  "label_org:stateorprovince_of_headquarters_fscore": 0.7155963302752293,
  "label_org:parents_fscore": 0.3137254901960784,
  "label_per:spouse_fscore": 0.5312499999999999,
  "label_org:country_of_headquarters_fscore": 0.5853658536585366,
  "label_per:origin_fscore": 0.6209386281588447,
  "label_per:stateorprovinces_of_residence_fscore": 0.48554913294797686,
  "label_org:number_of_employees/members_fscore": 0.6857142857142857,
  "label_org:website_fscore": 0.7407407407407408,
  "label_org:alternate_names_fscore": 0.7927927927927929,
  "label_org:members_fscore": 0.1764705882352941,
  "label_per:city_of_birth_fscore": 0.5,
  "label_org:top_members/employees_fscore": 0.6248175182481751,
  "label_org:city_of_headquarters_fscore": 0.6323529411764706,
  "label_org:member_of_fscore": 0.15384615384615383,
  "loss": 0.7218698009252912
}