{
    "model_count": 5,
    "UAS_mean": 0.6518692715870719,
    "UAS_std": 0.004958220241104859,
    "LAS_mean": 0.47894356005788713,
    "LAS_std": 0.004862103216725072,
    "UEM_mean": 0.066,
    "UEM_std": 0.003999999999999998,
    "LEM_mean": 0.0136,
    "LEM_std": 0.0016733200530681513,
    "LOAS_mean": 0.5943921852387843,
    "LOAS_std": 0.005476039941861553,
    "LOEM_mean": 0.015600000000000001,
    "LOEM_std": 0.0013416407864998744,
    "loss_mean": 6.8239676162600515,
    "loss_std": 0.7300054045121146
}