{
  "UAS": 0.6538229618909792,
  "LAS": 0.48727689339122043,
  "UEM": 0.067,
  "LEM": 0.015,
  "LOAS": 0.5986493005306319,
  "LOEM": 0.017,
  "loss": 7.7532768696546555
}