{
  "UAS": 0.6451398938736131,
  "LAS": 0.47768933912204536,
  "UEM": 0.065,
  "LEM": 0.014,
  "LOAS": 0.598589001447178,
  "LOEM": 0.015,
  "loss": 6.697681963443756
}