{
  "accuracy": 0.7962962962962963,
  "macro_fscore": 0.3923395445134576,
  "micro_fscore": 0.7878787878787878,
  "loss": 0.9032175801694393
}