{
  "accuracy": 0.831207065750736,
  "macro_fscore": 0.49279720736840815,
  "micro_fscore": 0.8369077306733166,
  "loss": 0.9015495921194088
}