{
  "accuracy": 0.8537782139352306,
  "macro_fscore": 0.49772495513420184,
  "micro_fscore": 0.8562904027846842,
  "loss": 0.7587128897430375
}