{
  "accuracy": 0.8272816486751717,
  "macro_fscore": 0.5221155382583045,
  "micro_fscore": 0.8298507462686566,
  "loss": 1.0354953829373699
}