{"model_count": 10, "em_accuracy_mean": 0.3849964106245513, "em_accuracy_std": 0.0041036956235409984, "loss_mean": 2.1089070706026893, "loss_std": 0.015285351745889027}