{
  "em_accuracy": 0.3797559224694903,
  "loss": 2.1096074441501074
}