{
  "em_accuracy": 0.3905240488155061,
  "loss": 2.1148415851593017
}