{
    "model_count": 2,
    "em_accuracy_mean": 0.47714285714285715,
    "em_accuracy_std": 0.021578577760221707,
    "loss_mean": 0.0,
    "loss_std": 0.0
}