{"model_count": 10, "em_accuracy_mean": 0.5214631002255882, "em_accuracy_std": 0.010707269150001269, "loss_mean": 1.4773035474352, "loss_std": 0.01260426747776325}