{
  "em_accuracy": 0.5136964228166291,
  "loss": 1.4912980026805525
}