{
  "em_accuracy": 0.5075733161456655,
  "loss": 1.4808058296282267
}