{
  "em_accuracy": 0.529809861424428,
  "loss": 1.4826387781457804
}