{
  "em_accuracy": 0.514018691588785,
  "loss": 1.4856735363449018
}