{
  "em_accuracy": 0.5291653238801161,
  "loss": 1.4687989489319397
}