{
  "em_accuracy": 0.5227199484369964,
  "loss": 1.4749889183290226
}