{"model_count": 10, "em_accuracy_mean": 0.543392370572207, "em_accuracy_std": 0.01660551882508371, "loss_mean": 1.41863293249322, "loss_std": 0.018703216352759962}