{
  "em_accuracy": 0.5197547683923706,
  "loss": 1.4444572423463282
}