{
  "em_accuracy": 0.5466621253405994,
  "loss": 1.421895367619784
}