{
  "em_accuracy": 0.5490463215258855,
  "loss": 1.398668711276158
}