{
  "em_accuracy": 0.5534741144414169,
  "loss": 1.399588111302127
}