{
  "em_accuracy": 0.5555177111716622,
  "loss": 1.435030716916789
}