{
  "em_accuracy": 0.5561989100817438,
  "loss": 1.4181990934454876
}