{
  "em_accuracy": 0.5613079019073569,
  "loss": 1.3986078798770905
}