{
  "em_accuracy": 0.5245231607629428,
  "loss": 1.4413779513991398
}