{
  "accuracy": 0.9337016574585635,
  "macro_fscore": 0.4951338199513382,
  "micro_fscore": 0.9367816091954023,
  "loss": 0.3241229349126418
}