{
  "accuracy": 0.8895027624309392,
  "macro_fscore": 0.23711843711843708,
  "micro_fscore": 0.9014084507042254,
  "loss": 0.47028111045559245
}