{
  "accuracy": 0.9281767955801105,
  "macro_fscore": 0.3801282051282051,
  "micro_fscore": 0.9367816091954023,
  "loss": 0.30501661806677777
}