{
  "accuracy": 0.9226519337016574,
  "macro_fscore": 0.3009884027411703,
  "micro_fscore": 0.9318181818181819,
  "loss": 0.5696253428856531
}