{
    "model_count": 5,
    "UAS_mean": 0.8453611582949122,
    "UAS_std": 0.001593176929547387,
    "LAS_mean": 0.7994904149478282,
    "LAS_std": 0.0032951205041504878,
    "UEM_mean": 0.1546,
    "UEM_std": 0.003646916505762097,
    "LEM_mean": 0.0794,
    "LEM_std": 0.004722287581247037,
    "LOAS_mean": 0.8879721750384211,
    "LOAS_std": 0.003192584749625494,
    "LOEM_mean": 0.1822,
    "LOEM_std": 0.01066302021005306,
    "loss_mean": 4.406328350305557,
    "loss_std": 0.10066597319193775
}