{
  "UAS": 0.8436868074092049,
  "LAS": 0.7954380004853191,
  "UEM": 0.151,
  "LEM": 0.075,
  "LOAS": 0.8843322818086226,
  "LOEM": 0.168,
  "loss": 4.420767724514008
}