{
  "accuracy": 0.7701149425287356,
  "macro_fscore": 0.6259475541629081,
  "micro_fscore": 0.788235294117647,
  "loss": 0.6707562307516733
}