{
  "accuracy": 0.8275862068965517,
  "macro_fscore": 0.6799512987012988,
  "micro_fscore": 0.8372093023255814,
  "loss": 0.7006888513763746
}