{
    "model_count": 2,
    "em_accuracy_mean": 0.4705775075987842,
    "em_accuracy_std": 0.01951528745645548,
    "loss_mean": 0.0,
    "loss_std": 0.0
}