{
    "model_count": 5,
    "accuracy_mean": 0.7757575757575758,
    "accuracy_std": 0.015038395662761637,
    "macro_fscore_mean": 0.8312117205912208,
    "macro_fscore_std": 0.03233040314648371,
    "micro_fscore_mean": 0.7738546140314734,
    "micro_fscore_std": 0.014755978572858252,
    "label_has-highest-mountain_fscore_mean": 1.0,
    "label_has-highest-mountain_fscore_std": 0.0,
    "label_is-where_fscore_mean": 0.7486868686868687,
    "label_is-where_fscore_std": 0.10643608380009363,
    "label_invented-by_fscore_mean": 1.0,
    "label_invented-by_fscore_std": 0.0,
    "label_org-has-founder_fscore_mean": 0.6514285714285714,
    "label_org-has-founder_fscore_std": 0.1629657115139614,
    "label_has-occupation_fscore_mean": 0.9894956140350878,
    "label_has-occupation_fscore_std": 4.903657845392429e-05,
    "label_headquarters_fscore_mean": 0.8604784688995216,
    "label_headquarters_fscore_std": 0.07998133982598041,
    "label_has-child_fscore_mean": 0.9673333333333334,
    "label_has-child_fscore_std": 0.03467307633052225,
    "label_invented-when_fscore_mean": 1.0,
    "label_invented-when_fscore_std": 0.0,
    "label_won-award_fscore_mean": 1.0,
    "label_won-award_fscore_std": 0.0,
    "label_first-product_fscore_mean": 0.9333333333333333,
    "label_first-product_fscore_std": 0.14907119849998599,
    "label_has-spouse_fscore_mean": 0.8485448916408669,
    "label_has-spouse_fscore_std": 0.09030657791513214,
    "label_org-has-member_fscore_mean": 1.0,
    "label_org-has-member_fscore_std": 0.0,
    "label_has-parent_fscore_mean": 0.9724137931034483,
    "label_has-parent_fscore_std": 0.044960016587604464,
    "label_from-country_fscore_mean": 0.2901155920103288,
    "label_from-country_fscore_std": 0.09354444458441141,
    "label_birth-place_fscore_mean": 0.6291364580475761,
    "label_birth-place_fscore_std": 0.03109226077782415,
    "label_has-sibling_fscore_mean": 0.9418181818181818,
    "label_has-sibling_fscore_std": 0.0885139014155497,
    "label_has-nationality_fscore_mean": 0.17022531805277347,
    "label_has-nationality_fscore_std": 0.02384606132292493,
    "label_has-tourist-attraction_fscore_mean": 0.7999999999999999,
    "label_has-tourist-attraction_fscore_std": 0.18257418583505539,
    "label_has-type_fscore_mean": 0.7456516369988856,
    "label_has-type_fscore_std": 0.06325881468366527,
    "label_has-genre_fscore_mean": 0.7665672201895112,
    "label_has-genre_fscore_std": 0.07607658498903626,
    "label_is-member-of_fscore_mean": 0.9714285714285714,
    "label_is-member-of_fscore_std": 0.01597191412499849,
    "label_movie-has-director_fscore_mean": 1.0,
    "label_movie-has-director_fscore_std": 0.0,
    "loss_mean": 1.3342677878620832,
    "loss_std": 0.16692584673587368
}