{
  "accuracy": 0.7851239669421488,
  "macro_fscore": 0.8524150617184674,
  "micro_fscore": 0.7808988764044944,
  "label_has-highest-mountain_fscore": 1.0,
  "label_is-where_fscore": 0.6,
  "label_invented-by_fscore": 1.0,
  "label_org-has-founder_fscore": 0.6666666666666666,
  "label_has-occupation_fscore": 0.9894736842105264,
  "label_has-child_fscore": 1.0,
  "label_headquarters_fscore": 0.8000000000000002,
  "label_invented-when_fscore": 1.0,
  "label_won-award_fscore": 1.0,
  "label_first-product_fscore": 1.0,
  "label_has-spouse_fscore": 0.9411764705882353,
  "label_org-has-member_fscore": 1.0,
  "label_has-parent_fscore": 1.0,
  "label_has-sibling_fscore": 1.0,
  "label_birth-place_fscore": 0.5789473684210525,
  "label_from-country_fscore": 0.3466666666666667,
  "label_has-nationality_fscore": 0.16666666666666669,
  "label_has-tourist-attraction_fscore": 1.0,
  "label_has-type_fscore": 0.8571428571428571,
  "label_has-genre_fscore": 0.8421052631578948,
  "label_is-member-of_fscore": 0.9642857142857143,
  "label_movie-has-director_fscore": 1.0,
  "loss": 1.498158860789693
}