{
  "accuracy": 0.7796143250688705,
  "macro_fscore": 0.8381531916811962,
  "micro_fscore": 0.7785613540197461,
  "label_has-highest-mountain_fscore": 1.0,
  "label_is-where_fscore": 0.7272727272727272,
  "label_invented-by_fscore": 1.0,
  "label_org-has-founder_fscore": 0.8571428571428571,
  "label_has-occupation_fscore": 0.9894736842105264,
  "label_headquarters_fscore": 0.8421052631578948,
  "label_has-child_fscore": 0.9600000000000001,
  "label_invented-when_fscore": 1.0,
  "label_won-award_fscore": 1.0,
  "label_first-product_fscore": 1.0,
  "label_has-spouse_fscore": 0.8,
  "label_org-has-member_fscore": 1.0,
  "label_has-parent_fscore": 1.0,
  "label_from-country_fscore": 0.2456140350877193,
  "label_birth-place_fscore": 0.6588235294117647,
  "label_has-sibling_fscore": 1.0,
  "label_has-nationality_fscore": 0.17647058823529416,
  "label_has-tourist-attraction_fscore": 0.6666666666666666,
  "label_has-type_fscore": 0.7333333333333334,
  "label_has-genre_fscore": 0.8181818181818182,
  "label_is-member-of_fscore": 0.9642857142857143,
  "label_movie-has-director_fscore": 1.0,
  "loss": 1.0616311766207218
}