{
  "accuracy": 0.7493112947658402,
  "macro_fscore": 0.7745580911226914,
  "micro_fscore": 0.7475317348377998,
  "label_has-highest-mountain_fscore": 1.0,
  "label_is-where_fscore": 0.7272727272727272,
  "label_invented-by_fscore": 1.0,
  "label_org-has-founder_fscore": 0.4,
  "label_has-occupation_fscore": 0.9895833333333334,
  "label_has-child_fscore": 0.9166666666666666,
  "label_headquarters_fscore": 0.8421052631578948,
  "label_invented-when_fscore": 1.0,
  "label_won-award_fscore": 1.0,
  "label_first-product_fscore": 0.6666666666666666,
  "label_has-spouse_fscore": 0.7368421052631577,
  "label_org-has-member_fscore": 1.0,
  "label_has-parent_fscore": 0.896551724137931,
  "label_birth-place_fscore": 0.6329113924050632,
  "label_from-country_fscore": 0.14545454545454545,
  "label_has-sibling_fscore": 0.8,
  "label_has-nationality_fscore": 0.20779220779220778,
  "label_has-tourist-attraction_fscore": 0.6666666666666666,
  "label_has-type_fscore": 0.7058823529411765,
  "label_has-genre_fscore": 0.7058823529411764,
  "label_is-member-of_fscore": 1.0,
  "label_movie-has-director_fscore": 1.0,
  "loss": 1.3143926016662433
}