{
  "em_accuracy": 0.22747093023255813,
  "loss": 2.3146083992581037
}