{
  "em_accuracy": 0.1900436046511628,
  "loss": 2.379447327796803
}