{
  "em_accuracy": 0.20930232558139536,
  "loss": 2.3932114998961604
}