{
  "em_accuracy": 0.20094476744186046,
  "loss": 2.3963883124118626
}