{
  "em_accuracy": 0.19585755813953487,
  "loss": 2.4109815054161605
}