{"model_count": 10, "em_accuracy_mean": 0.21337209302325583, "em_accuracy_std": 0.029299900597177922, "loss_mean": 2.3691665126833805, "loss_std": 0.09396842337964392}