{
  "accuracy": 0.9116022099447514,
  "macro_fscore": 0.2476512907321202,
  "micro_fscore": 0.9147727272727273,
  "loss": 0.40748867206275463
}