{
  "accuracy": 0.9226519337016574,
  "macro_fscore": 0.3230976430976431,
  "micro_fscore": 0.9261363636363636,
  "loss": 0.2926895871836071
}