{
  "accuracy": 0.9447513812154696,
  "macro_fscore": 0.35160298638559506,
  "micro_fscore": 0.9488636363636364,
  "loss": 0.23977679728219906
}