{
  "accuracy": 0.8527968596663396,
  "macro_fscore": 0.5686638489055255,
  "micro_fscore": 0.8591338974614235,
  "loss": 0.6867338431766257
}