{
  "accuracy": 0.8331697742885181,
  "macro_fscore": 0.5526397223275302,
  "micro_fscore": 0.844689378757515,
  "loss": 0.9392401185959898
}