{
  "accuracy": 0.8557409224730128,
  "macro_fscore": 0.5493588451048261,
  "micro_fscore": 0.8608349900596421,
  "loss": 0.7087699987459928
}