{
  "accuracy": 0.7288548555516882,
  "macro_fscore": 0.6446295838593036,
  "micro_fscore": 0.7288548555516882,
  "label_position_held_fscore": 0.8831168831168831,
  "label_creator_fscore": 0.2,
  "label_contains_administrative_territorial_entity_fscore": 0.7464788732394366,
  "label_named_after_fscore": 0.5555555555555556,
  "label_parent_organization_fscore": 0.6666666666666666,
  "label_manner_of_death_fscore": 0,
  "label_child_fscore": 0.888888888888889,
  "label_capital_fscore": 0.8867924528301887,
  "label_discoverer_or_inventor_fscore": 0.6666666666666666,
  "label_winner_fscore": 0.8387096774193548,
  "label_color_fscore": 0.864,
  "label_member_of_political_party_fscore": 0.9471264367816092,
  "label_original_language_of_film_or_TV_show_fscore": 0.9175257731958762,
  "label_employer_fscore": 0.627906976744186,
  "label_producer_fscore": 0.5666666666666667,
  "label_ethnic_group_fscore": 0,
  "label_mother_fscore": 0.7066666666666667,
  "label_shares_border_with_fscore": 0.9275362318840579,
  "label_capital_of_fscore": 0.9361702127659575,
  "label_member_of_sports_team_fscore": 0.9007633587786259,
  "label_genre_fscore": 0.5333333333333333,
  "label_production_company_fscore": 0.6433566433566433,
  "label_tributary_fscore": 0.8333333333333333,
  "label_participant_fscore": 0.4,
  "label_spouse_fscore": 0.8971962616822431,
  "label_league_fscore": 0.07608695652173914,
  "label_student_of_fscore": 0.5555555555555556,
  "label_country_of_citizenship_fscore": 0.5,
  "label_award_received_fscore": 0.8604651162790697,
  "label_subsidiary_fscore": 0.8799999999999999,
  "label_father_fscore": 0.8306010928961749,
  "label_performer_fscore": 0.5163204747774481,
  "label_educated_at_fscore": 0.896551724137931,
  "label_owned_by_fscore": 0.11764705882352941,
  "label_place_of_death_fscore": 0.75,
  "label_director_fscore": 0.8910891089108911,
  "label_occupation_fscore": 0.35294117647058826,
  "label_sport_fscore": 0.22040816326530613,
  "label_place_of_birth_fscore": 0.9354838709677419,
  "label_located_in_or_next_to_body_of_water_fscore": 0.6818181818181819,
  "label_founded_by_fscore": 0.8125,
  "label_publisher_fscore": 0.625,
  "label_composer_fscore": 0.29729729729729726,
  "label_material_used_fscore": 0.8899521531100479,
  "label_screenwriter_fscore": 0.5660377358490566,
  "label_present_in_work_fscore": 0.5217391304347826,
  "label_continent_fscore": 0.8440366972477064,
  "label_member_of_fscore": 0.7659574468085107,
  "label_nominated_for_fscore": 0,
  "label_sibling_fscore": 0.6849315068493151,
  "label_writing_system_fscore": 0.7692307692307693,
  "loss": 1.0738890156149865
}