{
  "accuracy": 0.6644591611479028,
  "macro_fscore": 0.589230908166319,
  "micro_fscore": 0.6644591611479028,
  "label_member_of_political_party_fscore": 0.832183908045977,
  "label_color_fscore": 0.9407665505226481,
  "label_sport_fscore": 0.4038727524204702,
  "label_founded_by_fscore": 0.7000000000000001,
  "label_publisher_fscore": 0.6666666666666665,
  "label_material_used_fscore": 0.9368421052631579,
  "label_owned_by_fscore": 0.016129032258064516,
  "label_subsidiary_fscore": 0.7307692307692308,
  "label_place_of_death_fscore": 0.7192118226600985,
  "label_participant_fscore": 0.65,
  "label_production_company_fscore": 0.9326424870466321,
  "label_producer_fscore": 0.2804878048780488,
  "label_original_language_of_film_or_TV_show_fscore": 0.9212121212121213,
  "label_continent_fscore": 0.7984790874524714,
  "label_nominated_for_fscore": 0.26666666666666666,
  "label_contains_administrative_territorial_entity_fscore": 0.6171003717472119,
  "label_award_received_fscore": 0.9,
  "label_sibling_fscore": 0.539440203562341,
  "label_employer_fscore": 0.6276595744680851,
  "label_capital_of_fscore": 0.7948717948717949,
  "label_place_of_birth_fscore": 0.8648648648648649,
  "label_parent_organization_fscore": 0.5483870967741935,
  "label_writing_system_fscore": 0.88,
  "label_shares_border_with_fscore": 0.7699999999999999,
  "label_present_in_work_fscore": 0.2777777777777778,
  "label_performer_fscore": 0.4435643564356435,
  "label_father_fscore": 0.742063492063492,
  "label_mother_fscore": 0.5825825825825826,
  "label_country_of_citizenship_fscore": 0.34146341463414637,
  "label_winner_fscore": 0.6376811594202899,
  "label_spouse_fscore": 0.6686567164179105,
  "label_educated_at_fscore": 0.8677248677248677,
  "label_member_of_sports_team_fscore": 0.8579710144927537,
  "label_named_after_fscore": 0.13043478260869565,
  "label_screenwriter_fscore": 0.4317180616740088,
  "label_capital_fscore": 0.846325167037862,
  "label_ethnic_group_fscore": 0.4285714285714285,
  "label_member_of_fscore": 0.3137254901960784,
  "label_discoverer_or_inventor_fscore": 0.4727272727272727,
  "label_located_in_or_next_to_body_of_water_fscore": 0.6463414634146342,
  "label_occupation_fscore": 0.5090909090909091,
  "label_tributary_fscore": 0.6458333333333334,
  "label_director_fscore": 0.7562814070351759,
  "label_manner_of_death_fscore": 0,
  "label_composer_fscore": 0.2355769230769231,
  "label_student_of_fscore": 0.17647058823529413,
  "label_child_fscore": 0.8067632850241545,
  "label_genre_fscore": 0.5581395348837209,
  "label_league_fscore": 0.14136125654450263,
  "label_position_held_fscore": 0.7588932806324111,
  "label_creator_fscore": 0.4347826086956522,
  "loss": 1.4788950925948574
}}