{
    "model_count": 5,
    "UAS_mean": 0.49732391628328904,
    "UAS_std": 0.014872700715657836,
    "LAS_mean": 0.3348279660467829,
    "LAS_std": 0.01508775400071698,
    "UEM_mean": 0.02771362586605081,
    "UEM_std": 0.0038298207740824477,
    "LEM_mean": 0.003002309468822171,
    "LEM_std": 0.001316599798035956,
    "LOAS_mean": 0.5296572280178837,
    "LOAS_std": 0.013807175067684255,
    "LOEM_mean": 0.004387990762124711,
    "LOEM_std": 0.002503404548346282,
    "loss_mean": 10.368783494404385,
    "loss_std": 1.136056640027466
}