{
  "UAS": 0.48888744897298,
  "LAS": 0.32838722218622435,
  "UEM": 0.023094688221709007,
  "LEM": 0.003464203233256351,
  "LOAS": 0.5311345817404264,
  "LOEM": 0.004618937644341801,
  "loss": 11.359038659504481
}