{
  "UAS": 0.5126028639927428,
  "LAS": 0.35164906369468024,
  "UEM": 0.028868360277136258,
  "LEM": 0.003464203233256351,
  "LOAS": 0.5442234173524266,
  "LOEM": 0.004618937644341801,
  "loss": 9.850462317466736
}