{
  "UAS": 0.4758634095768807,
  "LAS": 0.31322490766539235,
  "UEM": 0.02424942263279446,
  "LEM": 0.0023094688221709007,
  "LOAS": 0.5078727402319705,
  "LOEM": 0.003464203233256351,
  "loss": 11.198379278182983
}