{
    "model_count": 5,
    "UAS_mean": 0.8457336711469918,
    "UAS_std": 0.0029845132353373,
    "LAS_mean": 0.7653626486881092,
    "LAS_std": 0.0035336936674241017,
    "UEM_mean": 0.1802,
    "UEM_std": 0.008555699854482974,
    "LEM_mean": 0.0654,
    "LEM_std": 0.004722287581247038,
    "LOAS_mean": 0.8476918452355391,
    "LOAS_std": 0.002917778259442906,
    "LOEM_mean": 0.1074,
    "LOEM_std": 0.0038470768123342667,
    "loss_mean": 4.676900146901607,
    "loss_std": 0.3922811152565421
}