{
  "UAS": 0.8426589942886589,
  "LAS": 0.7594365955254004,
  "UEM": 0.175,
  "LEM": 0.059,
  "LOAS": 0.8432601880877743,
  "LOEM": 0.101,
  "loss": 4.844424545764923
}