{
  "UAS": 0.8490574140078155,
  "LAS": 0.767295057328123,
  "UEM": 0.191,
  "LEM": 0.071,
  "LOAS": 0.8472538326104694,
  "LOEM": 0.109,
  "loss": 4.676923289895058
}