{
  "UAS": 0.8429166487739941,
  "LAS": 0.76656503628634,
  "UEM": 0.169,
  "LEM": 0.064,
  "LOAS": 0.850646283334049,
  "LOEM": 0.111,
  "loss": 4.008018143475056
}