{
  "UAS": 0.8484132777944776,
  "LAS": 0.7684545025121312,
  "UEM": 0.181,
  "LEM": 0.064,
  "LOAS": 0.8500021471207111,
  "LOEM": 0.109,
  "loss": 5.0124267116189
}