{
  "accuracy": 0.8021529929864623,
  "macro_fscore": 0.771386438850195,
  "micro_fscore": 0.8021529929864623,
  "label_capital_fscore": 0.8981481481481481,
  "label_sport_fscore": 0.5714285714285714,
  "label_present_in_work_fscore": 0.8413793103448276,
  "label_genre_fscore": 0.8041237113402062,
  "label_occupation_fscore": 0.7722007722007721,
  "label_child_fscore": 0.906367041198502,
  "label_material_used_fscore": 0.8571428571428572,
  "label_creator_fscore": 0.8248587570621468,
  "label_member_of_political_party_fscore": 0.8255813953488371,
  "label_member_of_fscore": 0.7446808510638298,
  "label_composer_fscore": 0.2638888888888889,
  "label_father_fscore": 0.6580976863753213,
  "label_mother_fscore": 0.5622489959839357,
  "label_located_in_or_next_to_body_of_water_fscore": 0.9268292682926829,
  "label_contains_administrative_territorial_entity_fscore": 0.8773006134969327,
  "label_place_of_birth_fscore": 0.9325842696629215,
  "label_owned_by_fscore": 0.13559322033898302,
  "label_tributary_fscore": 0.9696969696969696,
  "label_production_company_fscore": 0.8070175438596492,
  "label_educated_at_fscore": 0.9402390438247012,
  "label_continent_fscore": 0.9758713136729222,
  "label_league_fscore": 0.7924528301886793,
  "label_founded_by_fscore": 0.802588996763754,
  "label_original_language_of_film_or_TV_show_fscore": 0.9148418491484185,
  "label_country_of_citizenship_fscore": 0.7228915662650602,
  "label_spouse_fscore": 0.8623188405797102,
  "label_parent_organization_fscore": 0.7390180878552972,
  "label_manner_of_death_fscore": 0.7534883720930233,
  "label_sibling_fscore": 0.88,
  "label_color_fscore": 0.8967391304347827,
  "label_employer_fscore": 0.8043478260869567,
  "label_ethnic_group_fscore": 0.5818181818181818,
  "label_writing_system_fscore": 0.9550173010380624,
  "label_participant_fscore": 0.92018779342723,
  "label_position_held_fscore": 0.8281250000000001,
  "label_winner_fscore": 0.9746192893401016,
  "label_subsidiary_fscore": 0.8433734939759038,
  "label_member_of_sports_team_fscore": 0.9569620253164558,
  "label_shares_border_with_fscore": 0.8288288288288288,
  "label_student_of_fscore": 0.8734177215189874,
  "label_publisher_fscore": 0.4634146341463415,
  "label_producer_fscore": 0.36363636363636365,
  "label_nominated_for_fscore": 0.8235294117647058,
  "label_award_received_fscore": 0.9641873278236914,
  "label_named_after_fscore": 0.3125,
  "label_director_fscore": 0.6358595194085028,
  "label_screenwriter_fscore": 0.6271186440677967,
  "label_performer_fscore": 0.45,
  "label_discoverer_or_inventor_fscore": 0.8864468864468864,
  "label_place_of_death_fscore": 0.8211920529801324,
  "label_capital_of_fscore": 0.9665071770334929,
  "loss": 0.813361710618968
}