{
  "accuracy": 0.7765454248899037,
  "macro_fscore": 0.7305234772048945,
  "micro_fscore": 0.7765454248899036,
  "label_capital_fscore": 0.8533333333333334,
  "label_sport_fscore": 0.4799999999999999,
  "label_present_in_work_fscore": 0.8188976377952756,
  "label_genre_fscore": 0.7357142857142857,
  "label_occupation_fscore": 0.6861924686192469,
  "label_child_fscore": 0.8962962962962963,
  "label_material_used_fscore": 0.822695035460993,
  "label_creator_fscore": 0.79,
  "label_member_of_political_party_fscore": 0.8757062146892657,
  "label_member_of_fscore": 0.7272727272727273,
  "label_composer_fscore": 0.2695035460992908,
  "label_father_fscore": 0.7228915662650601,
  "label_mother_fscore": 0.7220447284345046,
  "label_located_in_or_next_to_body_of_water_fscore": 0.8944099378881987,
  "label_contains_administrative_territorial_entity_fscore": 0.8397435897435899,
  "label_place_of_birth_fscore": 0.8901734104046242,
  "label_owned_by_fscore": 0.21052631578947364,
  "label_tributary_fscore": 0.9795918367346939,
  "label_production_company_fscore": 0.7411167512690356,
  "label_educated_at_fscore": 0.9365079365079365,
  "label_continent_fscore": 0.92987012987013,
  "label_league_fscore": 0.7375565610859729,
  "label_founded_by_fscore": 0.8116883116883117,
  "label_original_language_of_film_or_TV_show_fscore": 0.9306930693069307,
  "label_country_of_citizenship_fscore": 0.75,
  "label_spouse_fscore": 0.8625954198473282,
  "label_parent_organization_fscore": 0.756164383561644,
  "label_manner_of_death_fscore": 0.325,
  "label_sibling_fscore": 0.8383838383838383,
  "label_color_fscore": 0.8777777777777778,
  "label_employer_fscore": 0.7594339622641509,
  "label_ethnic_group_fscore": 0.5454545454545454,
  "label_writing_system_fscore": 0.9820788530465949,
  "label_participant_fscore": 0.9365853658536586,
  "label_position_held_fscore": 0.776349614395887,
  "label_winner_fscore": 0.9411764705882354,
  "label_subsidiary_fscore": 0.9102564102564101,
  "label_member_of_sports_team_fscore": 0.9066666666666667,
  "label_shares_border_with_fscore": 0.8034188034188035,
  "label_student_of_fscore": 0.7301587301587302,
  "label_publisher_fscore": 0.45000000000000007,
  "label_producer_fscore": 0.15873015873015872,
  "label_nominated_for_fscore": 0.3636363636363636,
  "label_award_received_fscore": 0.8997429305912596,
  "label_named_after_fscore": 0.28571428571428575,
  "label_director_fscore": 0.6035087719298246,
  "label_screenwriter_fscore": 0.5135135135135135,
  "label_performer_fscore": 0.5270270270270271,
  "label_discoverer_or_inventor_fscore": 0.8796992481203008,
  "label_place_of_death_fscore": 0.5951219512195122,
  "label_capital_of_fscore": 0.9760765550239235,
  "loss": 0.9712961313392346
}