{
  "accuracy": 0.8354265209590606,
  "macro_fscore": 0.8082810933982955,
  "micro_fscore": 0.8354265209590607,
  "label_capital_fscore": 0.903225806451613,
  "label_sport_fscore": 0.7203791469194313,
  "label_present_in_work_fscore": 0.7919463087248322,
  "label_genre_fscore": 0.8333333333333334,
  "label_occupation_fscore": 0.811023622047244,
  "label_child_fscore": 0.9044117647058824,
  "label_material_used_fscore": 0.8823529411764706,
  "label_creator_fscore": 0.7999999999999999,
  "label_member_of_political_party_fscore": 0.9283819628647214,
  "label_member_of_fscore": 0.8433734939759036,
  "label_composer_fscore": 0.6455026455026455,
  "label_father_fscore": 0.6715328467153284,
  "label_mother_fscore": 0.4684684684684684,
  "label_located_in_or_next_to_body_of_water_fscore": 0.9341317365269461,
  "label_contains_administrative_territorial_entity_fscore": 0.8828828828828829,
  "label_place_of_birth_fscore": 0.8900523560209423,
  "label_owned_by_fscore": 0.10810810810810811,
  "label_tributary_fscore": 0.9746192893401014,
  "label_production_company_fscore": 0.8160919540229885,
  "label_educated_at_fscore": 0.9140624999999999,
  "label_continent_fscore": 0.9660574412532638,
  "label_league_fscore": 0.8661417322834646,
  "label_founded_by_fscore": 0.7975077881619936,
  "label_original_language_of_film_or_TV_show_fscore": 0.9193154034229828,
  "label_country_of_citizenship_fscore": 0.6888888888888889,
  "label_spouse_fscore": 0.8888888888888888,
  "label_parent_organization_fscore": 0.7750677506775069,
  "label_manner_of_death_fscore": 0.8823529411764706,
  "label_sibling_fscore": 0.8629441624365481,
  "label_color_fscore": 0.9226666666666667,
  "label_employer_fscore": 0.8355795148247979,
  "label_ethnic_group_fscore": 0.6227544910179641,
  "label_writing_system_fscore": 0.968421052631579,
  "label_position_held_fscore": 0.7989690721649485,
  "label_participant_fscore": 0.9468599033816425,
  "label_winner_fscore": 0.9746192893401016,
  "label_subsidiary_fscore": 0.9125000000000001,
  "label_member_of_sports_team_fscore": 0.9521410579345088,
  "label_shares_border_with_fscore": 0.8224299065420562,
  "label_student_of_fscore": 0.8427672955974843,
  "label_publisher_fscore": 0.6804123711340206,
  "label_producer_fscore": 0.712871287128713,
  "label_nominated_for_fscore": 0.8235294117647058,
  "label_award_received_fscore": 0.9722222222222222,
  "label_named_after_fscore": 0.37499999999999994,
  "label_director_fscore": 0.7656249999999999,
  "label_screenwriter_fscore": 0.684931506849315,
  "label_performer_fscore": 0.5125,
  "label_discoverer_or_inventor_fscore": 0.9117647058823529,
  "label_place_of_death_fscore": 0.8368794326241134,
  "label_capital_of_fscore": 0.9758454106280193,
  "loss": 0.7674256398652991
}