{
  "UAS": 0.6856464474509453,
  "LAS": 0.528178478630947,
  "UEM": 0.052,
  "LEM": 0.005,
  "LOAS": 0.6373532837559358,
  "LOEM": 0.007,
  "loss": 5.688390627503395
}