{
  "UAS": 0.7020428277036108,
  "LAS": 0.537899829764358,
  "UEM": 0.057,
  "LEM": 0.006,
  "LOAS": 0.6432219335185019,
  "LOEM": 0.008,
  "loss": 5.090029500424862
}