{
  "UAS": 0.7088970522354627,
  "LAS": 0.5435892841143267,
  "UEM": 0.058,
  "LEM": 0.007,
  "LOAS": 0.651464922497984,
  "LOEM": 0.012,
  "loss": 4.428261496126652
}