{
  "accuracy": 0.7592592592592593,
  "macro_fscore": 0.3166537267080745,
  "micro_fscore": 0.7647058823529411,
  "loss": 1.2154667122023446
}