{
    "model_count": 5,
    "UAS_mean": 0.8428941195502709,
    "UAS_std": 0.0025251301305245022,
    "LAS_mean": 0.7735420205451752,
    "LAS_std": 0.003388749260930489,
    "UEM_mean": 0.1528,
    "UEM_std": 0.003768288736283358,
    "LEM_mean": 0.0528,
    "LEM_std": 0.004438468204234431,
    "LOAS_mean": 0.8624524791717221,
    "LOAS_std": 0.00364483294282685,
    "LOEM_mean": 0.11220000000000001,
    "LOEM_std": 0.00834865258589672,
    "loss_mean": 5.083043339848518,
    "loss_std": 0.7655011805260297
}