{
  "UAS": 0.8463560624443905,
  "LAS": 0.7703631804578177,
  "UEM": 0.159,
  "LEM": 0.046,
  "LOAS": 0.8573161853918951,
  "LOEM": 0.099,
  "loss": 4.841333791613579
}