{
  "UAS": 0.8402895737280596,
  "LAS": 0.7712529321362129,
  "UEM": 0.149,
  "LEM": 0.052,
  "LOAS": 0.8610369651379115,
  "LOEM": 0.11,
  "loss": 6.44658987224102
}