{
  "UAS": 0.8408557793415837,
  "LAS": 0.7716573647173016,
  "UEM": 0.151,
  "LEM": 0.055,
  "LOAS": 0.8620480465906334,
  "LOEM": 0.116,
  "loss": 4.7206762582063675
}