{
  "UAS": 0.8425139529240475,
  "LAS": 0.777278977594435,
  "UEM": 0.152,
  "LEM": 0.058,
  "LOAS": 0.8663754752082827,
  "LOEM": 0.121,
  "loss": 4.645956799387932
}