{
  "UAS": 0.8444552293132734,
  "LAS": 0.7771576478201084,
  "UEM": 0.153,
  "LEM": 0.053,
  "LOAS": 0.8654857235298876,
  "LOEM": 0.115,
  "loss": 4.7606599777936935
}