{
  "accuracy": 0.8505747126436781,
  "macro_fscore": 0.802781435154707,
  "micro_fscore": 0.8604651162790696,
  "loss": 0.6035500143965086
}