{
  "accuracy": 0.8160919540229885,
  "macro_fscore": 0.6313254830917874,
  "micro_fscore": 0.8255813953488372,
  "loss": 0.4977012425661087
}