{
  "em_accuracy": 0.5508741759816567,
  "loss": 1.5791869394855411
}