{
  "em_accuracy": 0.5471481799942677,
  "loss": 1.6231188183505785
}