{
  "em_accuracy": 0.5603324734881054,
  "loss": 1.5766072436554792
}