{
    "model_count": 5,
    "UAS_mean": 0.6356802081827382,
    "UAS_std": 0.016730173333832494,
    "LAS_mean": 0.47228567297961543,
    "LAS_std": 0.015194235247034032,
    "UEM_mean": 0.0364,
    "UEM_std": 0.004878524367060186,
    "LEM_mean": 0.0062,
    "LEM_std": 0.0013038404810405298,
    "LOAS_mean": 0.6192761794612308,
    "LOAS_std": 0.014691631061326529,
    "LOEM_mean": 0.0092,
    "LOEM_std": 0.001643167672515498,
    "loss_mean": 7.727805302493156,
    "loss_std": 0.5637758793115127
}