{
  "UAS": 0.6210785022408558,
  "LAS": 0.46460411546431496,
  "UEM": 0.035,
  "LEM": 0.005,
  "LOAS": 0.6162112669268951,
  "LOEM": 0.007,
  "loss": 7.978549554944038
}