{
  "UAS": 0.6540889595682136,
  "LAS": 0.49322924196424267,
  "UEM": 0.043,
  "LEM": 0.008,
  "LOAS": 0.6416558238157197,
  "LOEM": 0.011,
  "loss": 7.355304569005966
}