{
  "UAS": 0.6174642185918751,
  "LAS": 0.4522191701604742,
  "UEM": 0.035,
  "LEM": 0.007,
  "LOAS": 0.601127656498482,
  "LOEM": 0.008,
  "loss": 8.159299199543302
}