{
  "accuracy": 0.896551724137931,
  "macro_fscore": 0.717357910906298,
  "micro_fscore": 0.912280701754386,
  "loss": 0.25291173602454364
}