{
  "accuracy": 0.8390804597701149,
  "macro_fscore": 0.6941885964912281,
  "micro_fscore": 0.8488372093023254,
  "loss": 0.7162093246976534
}