{
  "accuracy": 0.8735632183908046,
  "macro_fscore": 0.711031045457275,
  "micro_fscore": 0.8837209302325582,
  "loss": 0.5177711869279543
}