{
  "accuracy": 0.8850574712643678,
  "macro_fscore": 0.7222222222222221,
  "micro_fscore": 0.9005847953216374,
  "loss": 0.39703997732916224
}