{"model_count": 10, "em_accuracy_mean": 0.5568482114083145, "em_accuracy_std": 0.012574861600357005, "loss_mean": 1.5388243758186853, "loss_std": 0.027424232465386778}