{
  "em_accuracy": 0.5710602642603931,
  "loss": 1.5009187951530378
}