{
  "em_accuracy": 0.5720270705768611,
  "loss": 1.5155178339210982
}