{
  "em_accuracy": 0.5414115372220432,
  "loss": 1.573277132412822
}