{
  "em_accuracy": 0.5601031260070899,
  "loss": 1.527821240965853
}