{
  "em_accuracy": 0.5433451498549791,
  "loss": 1.5812515948236603
}