{
  "em_accuracy": 0.38621679827709976,
  "loss": 1.9753606503350394
}