{
  "em_accuracy": 0.38837042354630297,
  "loss": 1.9815317477498735
}