{
  "em_accuracy": 0.38370423546302945,
  "loss": 2.0016377105031693
}