{
  "em_accuracy": 0.3905240488155061,
  "loss": 1.950057739870889
}