{"model_count": 10, "em_accuracy_mean": 0.5522212668386357, "em_accuracy_std": 0.008010479755488846, "loss_mean": 1.6716110142398644, "loss_std": 0.01670441173017146}