{
  "em_accuracy": 0.5514474061335626,
  "loss": 1.6589368538225078
}