{
  "em_accuracy": 0.5474347950702207,
  "loss": 1.7044071879016753
}