{
  "em_accuracy": 0.5511607910576096,
  "loss": 1.6863368493781241
}