{
  "UAS": 0.5599261390475373,
  "LAS": 0.4935801090737321,
  "UEM": 0.006,
  "LEM": 0.005,
  "loss": 1.8374131369212316
}