{
  "UAS": 0.567398119122257,
  "LAS": 0.5022115343324601,
  "UEM": 0.007,
  "LEM": 0.004,
  "loss": 1.8160499277568998
}