{
  "UAS": 0.5629750504573368,
  "LAS": 0.49546957529952335,
  "UEM": 0.004,
  "LEM": 0.004,
  "loss": 1.8229476459442624
}