{
  "UAS": 0.5635333018422296,
  "LAS": 0.4980890625670975,
  "UEM": 0.009,
  "LEM": 0.005,
  "loss": 1.8144839604695637
}