{
  "accuracy": 0.868421052631579,
  "loss": 1.0145886093378067
}