{
  "em_accuracy": 0.065673828125,
  "loss": 3.2569706212962046
}