{
  "em_accuracy": 0.046875,
  "loss": 3.46968478965573
}