{
  "em_accuracy": 0.0565185546875,
  "loss": 3.2854687043000013
}