{
  "em_accuracy": 0.0570068359375,
  "loss": 3.21296162949875
}