{
  "em_accuracy": 0.06103515625,
  "loss": 2.9523165489081293
}