{
  "em_accuracy": 0.0411376953125,
  "loss": 3.119075986905955
}