{
  "em_accuracy": 0.0814208984375,
  "loss": 3.2378921089693904
}