{
  "em_accuracy": 0.08984375,
  "loss": 2.9125387985259295
}