{
  "UAS": 0.3125814476957706,
  "LAS": 0.16402085061011729,
  "UEM": 0.022,
  "LEM": 0.008,
  "loss": 2.951503136801341
}