{
  "UAS": 0.32590925245823954,
  "LAS": 0.17278758440943015,
  "UEM": 0.019,
  "LEM": 0.008,
  "loss": 2.9939208333454435
}