{
  "UAS": 0.3362753228290487,
  "LAS": 0.18884018481222603,
  "UEM": 0.02,
  "LEM": 0.006,
  "loss": 3.004588732643733
}