{
  "accuracy": 0.887240356083086,
  "macro_fscore": 0.5592599532922237,
  "micro_fscore": 0.8925373134328358,
  "loss": 0.7407943855907267
}