{
  "accuracy": 0.8724035608308606,
  "macro_fscore": 0.6529254928306989,
  "micro_fscore": 0.8815592203898052,
  "loss": 0.4880063903454522
}