{
  "accuracy": 0.8694362017804155,
  "macro_fscore": 0.5648335793521554,
  "micro_fscore": 0.8772455089820359,
  "loss": 0.6670215574859785
}