{
  "accuracy": 0.8333333333333334,
  "macro_fscore": 0.43859553123575007,
  "micro_fscore": 0.8431372549019608,
  "loss": 0.7275967299938202
}