{
  "accuracy": 0.7592592592592593,
  "macro_fscore": 0.3741438703140831,
  "micro_fscore": 0.7524752475247525,
  "loss": 0.8415590673685074
}