{
  "accuracy": 0.7962962962962963,
  "macro_fscore": 0.5283181357649442,
  "micro_fscore": 0.792079207920792,
  "loss": 0.9870545566082001
}