{
    "model_count": 5,
    "UAS_mean": 0.5949389399471232,
    "UAS_std": 0.012321603003788468,
    "LAS_mean": 0.49271895589407866,
    "LAS_std": 0.012937411636575741,
    "UEM_mean": 0.0178,
    "UEM_std": 0.00432434966208793,
    "LEM_mean": 0.005,
    "LEM_std": 0.001414213562373095,
    "LOAS_mean": 0.6586512232993411,
    "LOAS_std": 0.007818859057318859,
    "LOEM_mean": 0.007,
    "LOEM_std": 0.0015811388300841893,
    "loss_mean": 8.199280138384728,
    "loss_std": 0.7644740174864177
}