{
  "UAS": 0.6105585630953879,
  "LAS": 0.50879180830081,
  "UEM": 0.023,
  "LEM": 0.006,
  "LOAS": 0.6680095681732343,
  "LOEM": 0.007,
  "loss": 8.632704332470894
}