{
  "UAS": 0.5891980360065466,
  "LAS": 0.4876411095723698,
  "UEM": 0.016,
  "LEM": 0.004,
  "LOAS": 0.6580637038902178,
  "LOEM": 0.006,
  "loss": 7.004710003733635
}