{"model_count": 10, "em_accuracy_mean": 0.5814373187238157, "em_accuracy_std": 0.014969067436538735, "loss_mean": 1.5093938380787053, "loss_std": 0.01324403498865968}