{
  "em_accuracy": 0.5755720270705769,
  "loss": 1.5303892118414653
}