{
  "em_accuracy": 0.5926522719948437,
  "loss": 1.4995874615059686
}