{
  "em_accuracy": 0.5746052207541089,
  "loss": 1.5165664215677792
}