{
  "em_accuracy": 0.5572027070576862,
  "loss": 1.517596198725946
}