{
  "em_accuracy": 0.5655816951337416,
  "loss": 1.5216784053242083
}