{
  "em_accuracy": 0.8157774737802097,
  "loss": 1.1301020110737194
}