{
  "em_accuracy": 0.8109895120839034,
  "loss": 1.123690148266879
}