{
  "em_accuracy": 0.8116735066119471,
  "loss": 1.1260109554637563
}