{
  "em_accuracy": 0.8107615139078888,
  "loss": 1.12674935947765
}