{
  "em_accuracy": 0.8137254901960784,
  "loss": 1.1208179231123492
}