{
    "model_count": 5,
    "UAS_mean": 0.8354695044770521,
    "UAS_std": 0.006549692392874822,
    "LAS_mean": 0.7711593455534199,
    "LAS_std": 0.0058660697247369855,
    "UEM_mean": 0.0916,
    "UEM_std": 0.012817956155331475,
    "LEM_mean": 0.0516,
    "LEM_std": 0.006985699678629192,
    "LOAS_mean": 0.8929632928601565,
    "LOAS_std": 0.003533063822888754,
    "LOEM_mean": 0.189,
    "LOEM_std": 0.014370107863199914,
    "loss_mean": 4.226969367265701,
    "loss_std": 0.48622604169898614
}