{
  "UAS": 0.8340443486006281,
  "LAS": 0.7687872111012142,
  "UEM": 0.085,
  "LEM": 0.049,
  "LOAS": 0.892363227227978,
  "LOEM": 0.189,
  "loss": 4.842508763074875
}