{
  "UAS": 0.8302001781444845,
  "LAS": 0.764567999624959,
  "UEM": 0.082,
  "LEM": 0.044,
  "LOAS": 0.8908630631475317,
  "LOEM": 0.175,
  "loss": 3.590519927442074
}