{
  "UAS": 0.8446861375462942,
  "LAS": 0.7805541231072148,
  "UEM": 0.114,
  "LEM": 0.059,
  "LOAS": 0.8936289906708547,
  "LOEM": 0.19,
  "loss": 4.557098858058453
}