{
  "accuracy": 0.58,
  "macro_fscore": 0.5626591683357398,
  "micro_fscore": 0.6161137440758294,
  "label_per:origin_fscore": 0.15384615384615385,
  "label_per:countries_of_residence_fscore": 0.5217391304347826,
  "label_per:other_family_fscore": 0.4444444444444444,
  "label_per:date_of_death_fscore": 0.6666666666666666,
  "label_org:founded_by_fscore": 0.4615384615384615,
  "label_org:founded_fscore": 0.625,
  "label_per:children_fscore": 0.7692307692307693,
  "label_per:religion_fscore": 0.2857142857142857,
  "label_per:stateorprovince_of_birth_fscore": 0.8,
  "label_org:political/religious_affiliation_fscore": 0.125,
  "label_per:charges_fscore": 0.8750000000000001,
  "label_per:stateorprovinces_of_residence_fscore": 0.3636363636363636,
  "label_per:parents_fscore": 0.7500000000000001,
  "label_per:age_fscore": 0.9285714285714286,
  "label_org:city_of_headquarters_fscore": 0.7058823529411764,
  "label_per:alternate_names_fscore": 0.33333333333333337,
  "label_per:cities_of_residence_fscore": 0.6666666666666665,
  "label_org:parents_fscore": 0.2,
  "label_org:country_of_headquarters_fscore": 0.33333333333333337,
  "label_org:alternate_names_fscore": 0.5882352941176471,
  "label_org:members_fscore": 0.1111111111111111,
  "label_org:subsidiaries_fscore": 0.18181818181818182,
  "label_per:city_of_birth_fscore": 0.888888888888889,
  "label_per:spouse_fscore": 0.8421052631578948,
  "label_per:city_of_death_fscore": 0.9411764705882353,
  "label_org:number_of_employees/members_fscore": 0.7499999999999999,
  "label_per:title_fscore": 0.75,
  "label_org:website_fscore": 0.923076923076923,
  "label_per:stateorprovince_of_death_fscore": 0.8,
  "label_per:siblings_fscore": 0.7777777777777777,
  "label_org:top_members/employees_fscore": 0.6666666666666667,
  "label_org:member_of_fscore": 0,
  "label_per:cause_of_death_fscore": 0.9565217391304348,
  "label_org:shareholders_fscore": 0.3636363636363636,
  "label_per:country_of_birth_fscore": 0.5454545454545454,
  "label_per:employee_of_fscore": 0.23529411764705882,
  "label_per:date_of_birth_fscore": 1.0,
  "label_org:stateorprovince_of_headquarters_fscore": 0.375,
  "label_per:schools_attended_fscore": 0.8,
  "label_org:dissolved_fscore": 0,
  "loss": 1.7578149642795324
}