{
  "accuracy": 0.8498527968596663,
  "macro_fscore": 0.5725915255725659,
  "micro_fscore": 0.8565737051792829,
  "loss": 0.6884667259218986
}