{
  "accuracy": 0.8537782139352306,
  "macro_fscore": 0.5336945396552445,
  "micro_fscore": 0.8588469184890656,
  "loss": 0.8789265863306355
}