{
  "em_accuracy": 0.5688043828553013,
  "loss": 1.4950710246243428
}