{
  "em_accuracy": 0.5804060586529165,
  "loss": 1.498048425335245
}