{
  "em_accuracy": 0.5646148888172736,
  "loss": 1.507499465008372
}