{
  "em_accuracy": 0.587173702868192,
  "loss": 1.5068307291601122
}