{
    "model_count": 5,
    "UAS_mean": 0.41516231452083197,
    "UAS_std": 0.017526292438395055,
    "LAS_mean": 0.29348798030195034,
    "LAS_std": 0.013310663193590123,
    "UEM_mean": 0.016859122401847573,
    "UEM_std": 0.0033267575729533333,
    "LEM_mean": 0.003002309468822171,
    "LEM_std": 0.001751241442044238,
    "LOAS_mean": 0.5157130823559903,
    "LOAS_std": 0.009923027984380502,
    "LOEM_mean": 0.003464203233256351,
    "LOEM_std": 0.0011547344110854503,
    "loss_mean": 13.908196810313633,
    "loss_std": 1.6221720975267888
}