{
  "UAS": 0.4159269098684637,
  "LAS": 0.29508196721311475,
  "UEM": 0.016166281755196306,
  "LEM": 0.004618937644341801,
  "LOAS": 0.5166850255945052,
  "LOEM": 0.004618937644341801,
  "loss": 15.7133241380964
}