{
  "UAS": 0.39000842350806714,
  "LAS": 0.27460636298840146,
  "UEM": 0.012702078521939953,
  "LEM": 0.003464203233256351,
  "LOAS": 0.5051512991641288,
  "LOEM": 0.003464203233256351,
  "loss": 14.637886115482875
}