{
    "model_count": 5,
    "UAS_mean": 0.7704688930653945,
    "UAS_std": 0.004297469553395682,
    "LAS_mean": 0.625637318683437,
    "LAS_std": 0.008852927754639063,
    "UEM_mean": 0.1114,
    "UEM_std": 0.00589915248150105,
    "LEM_mean": 0.0242,
    "LEM_std": 0.0022803508501982764,
    "LOAS_mean": 0.7320321912197003,
    "LOAS_std": 0.009227596401429679,
    "LOEM_mean": 0.0394,
    "LOEM_std": 0.004560701700396549,
    "loss_mean": 6.294350266645825,
    "loss_std": 0.7306835441623496
}