{
  "UAS": 0.7706616548600067,
  "LAS": 0.627391451014409,
  "UEM": 0.106,
  "LEM": 0.023,
  "LOAS": 0.7348079610621175,
  "LOEM": 0.039,
  "loss": 6.694284960627556
}