{
  "UAS": 0.7699869885788637,
  "LAS": 0.613030697315792,
  "UEM": 0.106,
  "LEM": 0.022,
  "LOAS": 0.7169293046118259,
  "LOEM": 0.035,
  "loss": 6.990285336971283
}