{
  "UAS": 0.7775528890173967,
  "LAS": 0.6359693508746567,
  "UEM": 0.12,
  "LEM": 0.028,
  "LOAS": 0.7391451014408944,
  "LOEM": 0.045,
  "loss": 6.379688173532486
}