{
    "model_count": 3,
    "accuracy_mean": 0.7572964669738863,
    "accuracy_std": 0.021284802550769585,
    "macro_fscore_mean": 0.7195583479143057,
    "macro_fscore_std": 0.017085954360959082,
    "micro_fscore_mean": 0.7701411225165053,
    "micro_fscore_std": 0.019942571765639357,
    "label_org:parents_fscore_mean": 0,
    "label_org:parents_fscore_std": 0.0,
    "label_per:parents_fscore_mean": 0.844047619047619,
    "label_per:parents_fscore_std": 0.039177339695010346,
    "label_org:founded_by_fscore_mean": 0.9444444444444444,
    "label_org:founded_by_fscore_std": 0.0962250448649376,
    "label_per:cities_of_residence_fscore_mean": 0.7058823529411764,
    "label_per:cities_of_residence_fscore_std": 0.0,
    "label_per:city_of_death_fscore_mean": 1.0,
    "label_per:city_of_death_fscore_std": 0.0,
    "label_org:number_of_employees/members_fscore_mean": 0.962962962962963,
    "label_org:number_of_employees/members_fscore_std": 0.06415002990995838,
    "label_org:website_fscore_mean": 1.0,
    "label_org:website_fscore_std": 0.0,
    "label_org:shareholders_fscore_mean": 0.6127946127946128,
    "label_org:shareholders_fscore_std": 0.14891141001680794,
    "label_per:employee_of_fscore_mean": 0.2285714285714286,
    "label_per:employee_of_fscore_std": 0.20603150145508511,
    "label_per:alternate_names_fscore_mean": 0.37777777777777777,
    "label_per:alternate_names_fscore_std": 0.03849001794597508,
    "label_per:countries_of_residence_fscore_mean": 0.37037037037037035,
    "label_per:countries_of_residence_fscore_std": 0.06415002990995845,
    "label_per:religion_fscore_mean": 0.8592592592592593,
    "label_per:religion_fscore_std": 0.051320023927966744,
    "label_org:top_members/employees_fscore_mean": 0.616557734204793,
    "label_org:top_members/employees_fscore_std": 0.07906425843844898,
    "label_org:political/religious_affiliation_fscore_mean": 0.9444444444444444,
    "label_org:political/religious_affiliation_fscore_std": 0.09622504486493767,
    "label_per:charges_fscore_mean": 0.8931623931623931,
    "label_per:charges_fscore_std": 0.051813485696504825,
    "label_org:founded_fscore_mean": 0.9523809523809523,
    "label_org:founded_fscore_std": 0.08247860988423228,
    "label_org:members_fscore_mean": 0.40740740740740744,
    "label_org:members_fscore_std": 0.1889977899581196,
    "label_per:age_fscore_mean": 1.0,
    "label_per:age_fscore_std": 0.0,
    "label_per:siblings_fscore_mean": 0.8968253968253969,
    "label_per:siblings_fscore_std": 0.09014140231429006,
    "label_per:origin_fscore_mean": 0.6031746031746031,
    "label_per:origin_fscore_std": 0.054985739922821374,
    "label_per:date_of_death_fscore_mean": 0.9191176470588235,
    "label_per:date_of_death_fscore_std": 0.03820700310813699,
    "label_org:stateorprovince_of_headquarters_fscore_mean": 0.7990196078431373,
    "label_org:stateorprovince_of_headquarters_fscore_std": 0.04245222567570782,
    "label_org:city_of_headquarters_fscore_mean": 0.43602693602693604,
    "label_org:city_of_headquarters_fscore_std": 0.06857041028422996,
    "label_per:spouse_fscore_mean": 1.0,
    "label_per:spouse_fscore_std": 0.0,
    "label_per:title_fscore_mean": 0.8931623931623931,
    "label_per:title_fscore_std": 0.051813485696504825,
    "label_per:date_of_birth_fscore_mean": 1.0,
    "label_per:date_of_birth_fscore_std": 0.0,
    "label_per:children_fscore_mean": 0.8222222222222222,
    "label_per:children_fscore_std": 0.16777409856157224,
    "label_per:stateorprovince_of_death_fscore_mean": 1.0,
    "label_per:stateorprovince_of_death_fscore_std": 0.0,
    "label_per:schools_attended_fscore_mean": 0.9411764705882353,
    "label_per:schools_attended_fscore_std": 0.0,
    "label_per:stateorprovinces_of_residence_fscore_mean": 0.7222222222222222,
    "label_per:stateorprovinces_of_residence_fscore_std": 0.048112522432468836,
    "label_per:country_of_birth_fscore_mean": 0.16666666666666666,
    "label_per:country_of_birth_fscore_std": 0.2886751345948129,
    "label_per:city_of_birth_fscore_mean": 1.0,
    "label_per:city_of_birth_fscore_std": 0.0,
    "label_org:subsidiaries_fscore_mean": 0.7857142857142856,
    "label_org:subsidiaries_fscore_std": 0.06185895741317423,
    "label_per:other_family_fscore_mean": 0.3888888888888889,
    "label_per:other_family_fscore_std": 0.3469443332443555,
    "label_org:dissolved_fscore_mean": 0,
    "label_org:dissolved_fscore_std": 0.0,
    "label_org:country_of_headquarters_fscore_mean": 0.9259259259259259,
    "label_org:country_of_headquarters_fscore_std": 0.06415002990995838,
    "label_org:member_of_fscore_mean": 0.3174603174603175,
    "label_org:member_of_fscore_std": 0.02749286996141075,
    "label_per:cause_of_death_fscore_mean": 0.7857142857142857,
    "label_per:cause_of_death_fscore_std": 0.06185895741317416,
    "label_org:alternate_names_fscore_mean": 0.9393939393939393,
    "label_org:alternate_names_fscore_std": 0.05248638810814781,
    "loss_mean": 0.9070929707515808,
    "loss_std": 0.01600146513604476
}