{
  "accuracy": 0.9226519337016574,
  "macro_fscore": 0.3223179160021265,
  "micro_fscore": 0.9283667621776505,
  "loss": 0.3667153002073367
}