{
  "accuracy": 0.9226519337016574,
  "macro_fscore": 0.3407857612731632,
  "micro_fscore": 0.9291784702549575,
  "loss": 0.392451165864865
}