{
  "UAS": 0.594122390466804,
  "LAS": 0.43884956545112447,
  "UEM": 0.028,
  "LEM": 0.003,
  "LOAS": 0.5826090852074187,
  "LOEM": 0.004,
  "loss": 5.607515051960945
}