{
  "UAS": 0.600349431054565,
  "LAS": 0.4352656571991757,
  "UEM": 0.027,
  "LEM": 0.003,
  "LOAS": 0.5762476480602097,
  "LOEM": 0.004,
  "loss": 6.411400094628334
}