{
    "model_count": 5,
    "UAS_mean": 0.6045067646268255,
    "UAS_std": 0.014422496611931075,
    "LAS_mean": 0.4396649045784428,
    "LAS_std": 0.012665817107838206,
    "UEM_mean": 0.0286,
    "UEM_std": 0.0034351128074635337,
    "LEM_mean": 0.0028,
    "LEM_std": 0.00044721359549995795,
    "LOAS_mean": 0.577555774572171,
    "LOAS_std": 0.009305197383844091,
    "LOEM_mean": 0.0038,
    "LOEM_std": 0.0010954451150103322,
    "loss_mean": 5.788017800450325,
    "loss_std": 0.563681904634068
}