{
    "model_count": 5,
    "UAS_mean": 0.8487260373695705,
    "UAS_std": 0.001951696266354519,
    "LAS_mean": 0.7907546711963116,
    "LAS_std": 0.004161864758985276,
    "UEM_mean": 0.155,
    "UEM_std": 0.0037416573867739447,
    "LEM_mean": 0.0688,
    "LEM_std": 0.007293833011524186,
    "LOAS_mean": 0.8781849065760737,
    "LOAS_std": 0.003615998211964281,
    "LOEM_mean": 0.1498,
    "LOEM_std": 0.015270887335056861,
    "loss_mean": 4.15984183559342,
    "loss_std": 0.319906835153321
}