{
  "UAS": 0.8478929062525277,
  "LAS": 0.7842352179891612,
  "UEM": 0.161,
  "LEM": 0.056,
  "LOAS": 0.8721993043759605,
  "LOEM": 0.123,
  "loss": 4.7126992051563565
}