{
  "UAS": 0.850966593868802,
  "LAS": 0.7943055892582707,
  "UEM": 0.153,
  "LEM": 0.07,
  "LOAS": 0.8808541616112594,
  "LOEM": 0.158,
  "loss": 3.9504734501242638
}