{
  "UAS": 0.8505621612877133,
  "LAS": 0.7930922915150045,
  "UEM": 0.155,
  "LEM": 0.074,
  "LOAS": 0.8796408638679932,
  "LOEM": 0.156,
  "loss": 4.096617765724659
}