{
  "accuracy": 0.8703703703703703,
  "macro_fscore": 0.5324750830564784,
  "micro_fscore": 0.8712871287128714,
  "loss": 0.5906139867646354
}