{
  "accuracy": 0.8333333333333334,
  "macro_fscore": 0.439739874178271,
  "micro_fscore": 0.8431372549019608,
  "loss": 0.6166867251907077
}