{
  "accuracy": 0.8148148148148148,
  "macro_fscore": 0.4312292358803987,
  "micro_fscore": 0.8118811881188118,
  "loss": 0.7313639117138726
}