{
    "model_count": 5,
    "UAS_mean": 0.8620880408794712,
    "UAS_std": 0.0020308891121346294,
    "LAS_mean": 0.8016876845905021,
    "LAS_std": 0.0018919485959104604,
    "UEM_mean": 0.158,
    "UEM_std": 0.002549509756796395,
    "LEM_mean": 0.0854,
    "LEM_std": 0.004159326868617081,
    "LOAS_mean": 0.8982607472692326,
    "LOAS_std": 0.0011393896490341103,
    "LOEM_mean": 0.2036,
    "LOEM_std": 0.00789303490426844,
    "loss_mean": 3.356170983121745,
    "loss_std": 0.5308259240579158
}