{
  "UAS": 0.8613754629412592,
  "LAS": 0.8005719375556701,
  "UEM": 0.158,
  "LEM": 0.085,
  "LOAS": 0.8983170034222493,
  "LOEM": 0.206,
  "loss": 3.5065042600035667
}