{
  "UAS": 0.8598752988608129,
  "LAS": 0.798931133092682,
  "UEM": 0.157,
  "LEM": 0.082,
  "LOAS": 0.8966293188317472,
  "LOEM": 0.193,
  "loss": 4.161839086562395
}