{
  "UAS": 0.8618911443439126,
  "LAS": 0.8035253855890488,
  "UEM": 0.158,
  "LEM": 0.091,
  "LOAS": 0.8997702873751816,
  "LOEM": 0.212,
  "loss": 3.009591780011616
}