{
    "model_count": 5,
    "em_accuracy_mean": 0.5505384063173008,
    "em_accuracy_std": 0.007687466884714507,
    "loss_mean": 0.0,
    "loss_std": 0.0
}