{"model_count": 5, "accuracy_mean": 0.7652892561983471, "accuracy_std": 0.012227185135632038, "macro_fscore_mean": 0.7896442750401573, "macro_fscore_std": 0.029328222094811698, "micro_fscore_mean": 0.7645143610884994, "micro_fscore_std": 0.011028015540248152, "loss_mean": 1.2400096672384635, "loss_std": 0.2937929308875864}