{
  "accuracy": 0.7796143250688705,
  "macro_fscore": 0.8117284333873104,
  "micro_fscore": 0.7763713080168776,
  "loss": 1.178740099720333
}