{
  "accuracy": 0.7658402203856749,
  "macro_fscore": 0.7834509699178911,
  "micro_fscore": 0.7623066104078763,
  "loss": 1.076856074773747
}