{
  "accuracy": 0.7465564738292011,
  "macro_fscore": 0.7590462999762483,
  "micro_fscore": 0.7471910112359552,
  "loss": 0.9808288696019546
}