{
  "UAS": 0.5676796475085855,
  "LAS": 0.40549471910840407,
  "UEM": 0.03926096997690531,
  "LEM": 0.006928406466512702,
  "LOAS": 0.593403745221279,
  "LOEM": 0.010392609699769052,
  "loss": 9.659102218491691
}