{
  "UAS": 0.5943756884597939,
  "LAS": 0.4217585692995529,
  "UEM": 0.04503464203233257,
  "LEM": 0.006928406466512702,
  "LOAS": 0.601114494913497,
  "LOEM": 0.008083140877598153,
  "loss": 9.488816806248256
}