{
  "UAS": 0.5935981338689821,
  "LAS": 0.41177995205080026,
  "UEM": 0.03810623556581986,
  "LEM": 0.003464203233256351,
  "LOAS": 0.578954189075358,
  "LOEM": 0.004618937644341801,
  "loss": 8.311087318829127
}