{
    "model_count": 4,
    "em_accuracy_mean": 0.372547238372093,
    "em_accuracy_std": 0.008580378823311502,
    "loss_mean": 0.0,
    "loss_std": 0.0
}