{
  "UAS": 0.8561248886596972,
  "LAS": 0.7805541231072148,
  "UEM": 0.154,
  "LEM": 0.067,
  "LOAS": 0.8784867094838498,
  "LOEM": 0.138,
  "loss": 3.7460249587893486
}