{
  "UAS": 0.8610473020486615,
  "LAS": 0.7886175050396137,
  "UEM": 0.153,
  "LEM": 0.07,
  "LOAS": 0.88359664338287,
  "LOEM": 0.158,
  "loss": 3.6413759142160416
}