{
  "UAS": 0.8559373681496414,
  "LAS": 0.7796634006844498,
  "UEM": 0.154,
  "LEM": 0.061,
  "LOAS": 0.8790961511415311,
  "LOEM": 0.142,
  "loss": 3.7666243351995945
}