{
    "model_count": 5,
    "em_accuracy_mean": 0.2948312993539124,
    "em_accuracy_std": 0.01940189412265332,
    "loss_mean": 0.0,
    "loss_std": 0.0
}