{
  "em_accuracy": 0.017207421996475587,
  "tp": 2058,
  "fp": 26965,
  "fn": 31584,
  "p": 7.090927884781036,
  "r": 6.117353308364544,
  "f1": 6.568259794143461,
  "Macro_f1": 1.461879512457761,
  "Macro_p": 1.7621466035116458,
  "Macro_r": 1.4592537446291847,
  "loss": 4.065895134339088
}