{
  "em_accuracy": 0.010469576034000207,
  "tp": 1790,
  "fp": 28495,
  "fn": 31852,
  "p": 5.910516757470695,
  "r": 5.320730039831163,
  "f1": 5.600137657015033,
  "Macro_f1": 1.353784223538793,
  "Macro_p": 1.5894703414615963,
  "Macro_r": 1.3227237108644259,
  "loss": 4.102990191176558
}