{
  "em_accuracy": 0.01917694620089147,
  "tp": 1981,
  "fp": 27964,
  "fn": 31661,
  "p": 6.615461679746201,
  "r": 5.888472742405327,
  "f1": 6.230833346438738,
  "Macro_f1": 1.4237886189810787,
  "Macro_p": 1.5715336214194338,
  "Macro_r": 1.4515408061359525,
  "loss": 4.076639082103622
}