{
  "em_accuracy": 0.012853736913029958,
  "tp": 2062,
  "fp": 29537,
  "fn": 31580,
  "p": 6.525522959587328,
  "r": 6.129243207894893,
  "f1": 6.321178400085834,
  "Macro_f1": 1.385665468428663,
  "Macro_p": 1.5691367796240752,
  "Macro_r": 1.450433391445769,
  "loss": 4.117012645870101
}