{
  "UAS": 0.37785807368795166,
  "LAS": 0.22023456936381947,
  "UEM": 0.027,
  "LEM": 0.008,
  "loss": 2.812584528847346
}