{
  "UAS": 0.3651226158038147,
  "LAS": 0.20886150929984598,
  "UEM": 0.028,
  "LEM": 0.01,
  "loss": 2.8390374864850725
}