{
  "UAS": 0.3756663902381234,
  "LAS": 0.22029380405165264,
  "UEM": 0.026,
  "LEM": 0.011,
  "loss": 2.8031375559549483
}