{
    "model_count": 5,
    "UAS_mean": 0.5632800369297915,
    "UAS_std": 0.007978258140101108,
    "LAS_mean": 0.4218892945570523,
    "LAS_std": 0.0168911282743741,
    "UEM_mean": 0.0118,
    "UEM_std": 0.001923538406167135,
    "LEM_mean": 0.0016,
    "LEM_std": 0.0005477225575051661,
    "LOAS_mean": 0.602987955852113,
    "LOAS_std": 0.014333491869842731,
    "LOEM_mean": 0.003,
    "LOEM_std": 0.0007071067811865475,
    "loss_mean": 8.824320071935654,
    "loss_std": 1.2469327573746136
}