{
  "UAS": 0.5600738595828613,
  "LAS": 0.39854798774602374,
  "UEM": 0.012,
  "LEM": 0.002,
  "LOAS": 0.5782030299215242,
  "LOEM": 0.004,
  "loss": 8.279259979724884
}