{
  "UAS": 0.5761467119895926,
  "LAS": 0.44219228670947164,
  "UEM": 0.011,
  "LEM": 0.001,
  "LOAS": 0.6145872676150909,
  "LOEM": 0.003,
  "loss": 8.877722814679146
}