{
  "UAS": 0.5616685551219103,
  "LAS": 0.4144529774644341,
  "UEM": 0.013,
  "LEM": 0.001,
  "LOAS": 0.6042217466112719,
  "LOEM": 0.002,
  "loss": 7.862645521759987
}