{
  "UAS": 0.55457635654035,
  "LAS": 0.42104158798103153,
  "UEM": 0.014,
  "LEM": 0.002,
  "LOAS": 0.6088799362121784,
  "LOEM": 0.003,
  "loss": 10.954288929700851
}