{
  "em_accuracy": 0.5940054495912807,
  "loss": 1.4662917625644933
}