{
  "em_accuracy": 0.6025204359673024,
  "loss": 1.465780837704306
}