{
  "em_accuracy": 0.603882833787466,
  "loss": 1.4622431539970895
}