{
  "em_accuracy": 0.5912806539509536,
  "loss": 1.472118287630703
}