{
  "em_accuracy": 0.6004768392370572,
  "loss": 1.4725704682262049
}