{
  "em_accuracy": 0.5892370572207084,
  "loss": 1.4684540584035541
}