{
  "em_accuracy": 0.5936648501362398,
  "loss": 1.4677392642783083
}