{
  "em_accuracy": 0.5946866485013624,
  "loss": 1.4668158496851507
}