{
  "em_accuracy": 0.590599455040872,
  "loss": 1.481019791053689
}