{
  "em_accuracy": 0.5923024523160763,
  "loss": 1.4675995840326599
}