{
  "em_accuracy": 0.592983651226158,
  "loss": 1.453465095680693
}