{
  "accuracy": 0.952755905511811,
  "macro_fscore": 0.6281746031746032,
  "micro_fscore": 0.9554655870445343,
  "loss": 0.19535460691986373
}