{
  "accuracy": 0.9448818897637795,
  "macro_fscore": 0.747912087912088,
  "micro_fscore": 0.951219512195122,
  "loss": 0.31538726287544705
}