{
  "accuracy": 0.937007874015748,
  "macro_fscore": 0.6260835303388496,
  "micro_fscore": 0.943089430894309,
  "loss": 0.23978393455035985
}