{
  "accuracy": 0.8956796628029505,
  "macro_fscore": 0.9101224710718978,
  "micro_fscore": 0.8980044345898005,
  "label_org-has-member_fscore": 0.98989898989899,
  "label_has-edu_fscore": 0.8791208791208791,
  "label_has-spouse_fscore": 0.9361702127659575,
  "label_has-occupation_fscore": 0.98989898989899,
  "label_birth-place_fscore": 0.8571428571428572,
  "label_has-genre_fscore": 0.9795918367346939,
  "label_has-author_fscore": 0.9591836734693877,
  "label_has-parent_fscore": 0.9690721649484536,
  "label_from-country_fscore": 0.8599999999999999,
  "label_is-where_fscore": 0.98989898989899,
  "label_org-has-founder_fscore": 0.7166666666666668,
  "label_has-population_fscore": 0.9259259259259259,
  "label_has-type_fscore": 0.8817204301075269,
  "label_movie-has-director_fscore": 0.98,
  "label_event-year_fscore": 0.9583333333333334,
  "label_headquarters_fscore": 1.0,
  "label_org-leader_fscore": 0.5194805194805194,
  "label_is-member-of_fscore": 0.99009900990099,
  "loss": 0.36375302439555524
}