{
  "accuracy": 0.8798735511064278,
  "macro_fscore": 0.8946689205076745,
  "micro_fscore": 0.8784008883953358,
  "label_org-has-member_fscore": 1.0,
  "label_has-edu_fscore": 0.888888888888889,
  "label_has-spouse_fscore": 0.924731182795699,
  "label_birth-place_fscore": 0.8333333333333334,
  "label_has-occupation_fscore": 0.98,
  "label_has-genre_fscore": 0.9795918367346939,
  "label_has-author_fscore": 0.9583333333333334,
  "label_has-parent_fscore": 0.9361702127659575,
  "label_from-country_fscore": 0.8085106382978724,
  "label_is-where_fscore": 0.9375,
  "label_org-has-founder_fscore": 0.7131782945736436,
  "label_has-population_fscore": 0.9259259259259259,
  "label_has-type_fscore": 0.8791208791208791,
  "label_movie-has-director_fscore": 0.9696969696969697,
  "label_event-year_fscore": 0.9591836734693877,
  "label_headquarters_fscore": 0.9690721649484536,
  "label_org-leader_fscore": 0.4507042253521127,
  "label_is-member-of_fscore": 0.99009900990099,
  "loss": 0.5007132814421008
}