{
  "accuracy": 0.8946259220231823,
  "macro_fscore": 0.9073690175157891,
  "micro_fscore": 0.8962839711591791,
  "label_org-has-member_fscore": 0.9795918367346939,
  "label_has-edu_fscore": 0.8791208791208791,
  "label_has-spouse_fscore": 0.9473684210526316,
  "label_has-occupation_fscore": 0.98,
  "label_birth-place_fscore": 0.8495575221238937,
  "label_has-genre_fscore": 0.9795918367346939,
  "label_has-author_fscore": 0.9484536082474226,
  "label_has-parent_fscore": 0.98989898989899,
  "label_from-country_fscore": 0.8478260869565217,
  "label_is-where_fscore": 0.9484536082474226,
  "label_org-has-founder_fscore": 0.7200000000000001,
  "label_has-population_fscore": 0.9433962264150945,
  "label_has-type_fscore": 0.9032258064516129,
  "label_event-year_fscore": 0.9795918367346939,
  "label_movie-has-director_fscore": 0.96,
  "label_headquarters_fscore": 0.98989898989899,
  "label_org-leader_fscore": 0.5066666666666666,
  "label_is-member-of_fscore": 0.98,
  "loss": 0.4860217635189959
}