{
  "accuracy": 0.8946259220231823,
  "macro_fscore": 0.9038310833468783,
  "micro_fscore": 0.8954067515218594,
  "label_has-edu_fscore": 0.8602150537634408,
  "label_org-has-member_fscore": 0.9896907216494846,
  "label_has-spouse_fscore": 0.9583333333333334,
  "label_has-occupation_fscore": 0.98,
  "label_birth-place_fscore": 0.8333333333333334,
  "label_has-genre_fscore": 0.9795918367346939,
  "label_has-author_fscore": 0.9690721649484536,
  "label_has-parent_fscore": 0.98,
  "label_from-country_fscore": 0.8484848484848485,
  "label_is-where_fscore": 0.9484536082474226,
  "label_org-has-founder_fscore": 0.6976744186046512,
  "label_has-population_fscore": 0.9259259259259259,
  "label_has-type_fscore": 0.8791208791208791,
  "label_movie-has-director_fscore": 0.98,
  "label_event-year_fscore": 0.98989898989899,
  "label_headquarters_fscore": 0.98989898989899,
  "label_org-leader_fscore": 0.47887323943661975,
  "label_is-member-of_fscore": 0.9803921568627451,
  "loss": 0.514829947745117
}