{
    "model_count": 5,
    "accuracy_mean": 0.8906217070600633,
    "accuracy_std": 0.006681082185098976,
    "macro_fscore_mean": 0.903431541208041,
    "macro_fscore_std": 0.0059654657562779045,
    "micro_fscore_mean": 0.8914462601310177,
    "micro_fscore_std": 0.008025289103355041,
    "label_org-has-member_fscore_mean": 0.9918363096566337,
    "label_org-has-member_fscore_std": 0.008537791765448508,
    "label_has-edu_fscore_mean": 0.8767500390552221,
    "label_has-edu_fscore_std": 0.010393731046149459,
    "label_has-spouse_fscore_mean": 0.944987296656191,
    "label_has-spouse_fscore_std": 0.014576987518201556,
    "label_has-occupation_fscore_mean": 0.979919191919192,
    "label_has-occupation_fscore_std": 0.007143349786966995,
    "label_birth-place_fscore_mean": 0.8419461364594107,
    "label_birth-place_fscore_std": 0.010821258868087436,
    "label_has-genre_fscore_mean": 0.9816532673675531,
    "label_has-genre_fscore_std": 0.004609499025973623,
    "label_has-author_fscore_mean": 0.9608229889894102,
    "label_has-author_fscore_std": 0.008631122878959523,
    "label_has-parent_fscore_mean": 0.9730080715024781,
    "label_has-parent_fscore_std": 0.022315983674059528,
    "label_from-country_fscore_mean": 0.8240754258589597,
    "label_from-country_fscore_std": 0.04297593536193448,
    "label_is-where_fscore_mean": 0.9507198271373529,
    "label_is-where_fscore_std": 0.023340705171405265,
    "label_org-has-founder_fscore_mean": 0.7130153263506718,
    "label_org-has-founder_fscore_std": 0.008917918044257345,
    "label_has-population_fscore_mean": 0.9294199860237596,
    "label_has-population_fscore_std": 0.007812955896225732,
    "label_has-type_fscore_mean": 0.881970932293513,
    "label_has-type_fscore_std": 0.013250458288042307,
    "label_movie-has-director_fscore_mean": 0.9739393939393939,
    "label_movie-has-director_fscore_std": 0.008979110539411549,
    "label_event-year_fscore_mean": 0.9733199340342198,
    "label_event-year_fscore_std": 0.01394606291808044,
    "label_headquarters_fscore_mean": 0.9856923962962255,
    "label_headquarters_fscore_std": 0.011763792970797661,
    "label_org-leader_fscore_mean": 0.49255338089140904,
    "label_org-leader_fscore_std": 0.02771588510054609,
    "label_is-member-of_fscore_mean": 0.986137837313143,
    "label_is-member-of_fscore_std": 0.005425830709044165,
    "loss_mean": 0.4738026974889605,
    "loss_std": 0.06237232716477165
}