{"model_count": 10, "em_accuracy_mean": 0.8172138622891016, "em_accuracy_std": 0.003162981114102207, "loss_mean": 1.126984712860801, "loss_std": 0.003892043399294995}