{
  "em_accuracy": 0.8194254445964432,
  "loss": 1.1310858737338674
}