{
  "em_accuracy": 0.8171454628362973,
  "loss": 1.129804825782776
}