{
  "em_accuracy": 0.8137254901960784,
  "loss": 1.1302265509692104
}