{
  "em_accuracy": 0.8153214774281806,
  "loss": 1.1298600619489496
}