{
  "UAS": 0.8496319663512093,
  "LAS": 0.7962873089056054,
  "UEM": 0.162,
  "LEM": 0.077,
  "LOAS": 0.8834829733883361,
  "LOEM": 0.171,
  "loss": 5.289235890857757
}