{
  "UAS": 0.8472458141227858,
  "LAS": 0.7920407668041738,
  "UEM": 0.149,
  "LEM": 0.066,
  "LOAS": 0.8811777076761304,
  "LOEM": 0.146,
  "loss": 4.5395718812942505
}