{
  "UAS": 0.8479737927687454,
  "LAS": 0.7909487988352342,
  "UEM": 0.152,
  "LEM": 0.07,
  "LOAS": 0.8780635768017472,
  "LOEM": 0.145,
  "loss": 5.425618588924408
}