{
  "UAS": 0.8475693601876567,
  "LAS": 0.7899781606406212,
  "UEM": 0.165,
  "LEM": 0.074,
  "LOAS": 0.8791151015125779,
  "LOEM": 0.152,
  "loss": 4.676756411790848
}