{
  "accuracy": 0.9281767955801105,
  "macro_fscore": 0.3033816425120773,
  "micro_fscore": 0.9340974212034384,
  "loss": 0.3478786076108615
}