{
  "accuracy": 0.8950276243093923,
  "macro_fscore": 0.34357137689023953,
  "micro_fscore": 0.8939828080229227,
  "loss": 0.5627954928446949
}