{"model_count": 10, "em_accuracy_mean": 0.5914921044150822, "em_accuracy_std": 0.009809307119654376, "loss_mean": 1.5063993206958182, "loss_std": 0.012894921185909505}