{
  "em_accuracy": 0.5961972284885595,
  "loss": 1.5033050775527954
}