{
  "em_accuracy": 0.6103770544634225,
  "loss": 1.483505870878082
}