{
  "em_accuracy": 0.5987753786658073,
  "loss": 1.5076623755631988
}