{
  "em_accuracy": 0.5836287463744763,
  "loss": 1.5164594736295878
}