{
  "em_accuracy": 0.5903963905897519,
  "loss": 1.502841411177645
}