{
  "em_accuracy": 0.5987753786658073,
  "loss": 1.5053147753489386
}