{
  "accuracy": 0.7592592592592593,
  "macro_fscore": 0.3873619920131548,
  "micro_fscore": 0.7676767676767676,
  "loss": 0.8978580385446548
}