{
  "accuracy": 0.6666666666666666,
  "macro_fscore": 0.25559006211180124,
  "micro_fscore": 0.6796116504854369,
  "loss": 1.429347276687622
}