{"model_count": 10, "em_accuracy_mean": 0.8463520291837665, "em_accuracy_std": 0.0032054269611317483, "loss_mean": 1.1434124079400843, "loss_std": 0.0025928586726756808}