{
  "em_accuracy": 0.844733242134063,
  "loss": 1.1447172431512314
}