{
  "em_accuracy": 0.8451892384860921,
  "loss": 1.145218158418482
}