{
  "em_accuracy": 0.8513451892384861,
  "loss": 1.1426611503687771
}