{
  "em_accuracy": 0.8458732330141359,
  "loss": 1.1396646443280307
}