{
  "em_accuracy": 0.8429092567259462,
  "loss": 1.1454567434571006
}