{
  "UAS": 0.6319343945972021,
  "LAS": 0.4571273516642547,
  "UEM": 0.065,
  "LEM": 0.017,
  "LOAS": 0.588880849011095,
  "LOEM": 0.019,
  "loss": 7.016401290893555
}