{
    "model_count": 5,
    "em_accuracy_mean": 0.48623978201634876,
    "em_accuracy_std": 0.009248388514934506,
    "loss_mean": 0.0,
    "loss_std": 0.0
}