{
  "accuracy": 0.856353591160221,
  "macro_fscore": 0.23796649703138253,
  "micro_fscore": 0.8644067796610171,
  "loss": 1.083617592851321
}