{
  "accuracy": 0.9226519337016574,
  "macro_fscore": 0.3717948717948718,
  "micro_fscore": 0.9340974212034384,
  "loss": 0.310492488866051
}