{
  "accuracy": 0.9116022099447514,
  "macro_fscore": 0.3177859177859178,
  "micro_fscore": 0.9204545454545455,
  "loss": 0.5413425813118616
}