{
    "model_count": 5,
    "accuracy_mean": 0.8613049267643142,
    "accuracy_std": 0.0013176705911495986,
    "macro_fscore_mean": 0.48110605587786087,
    "macro_fscore_std": 0.015031360103382161,
    "micro_fscore_mean": 0.626405113851837,
    "micro_fscore_std": 0.004358748360676397,
    "label_org:shareholders_fscore_mean": 0,
    "label_org:shareholders_fscore_std": 0.0,
    "label_org:member_of_fscore_mean": 0.019999999999999997,
    "label_org:member_of_fscore_std": 0.04472135954999579,
    "label_per:city_of_death_fscore_mean": 0.34024373658669266,
    "label_per:city_of_death_fscore_std": 0.05116732702805795,
    "label_per:stateorprovince_of_death_fscore_mean": 0.3236591478696742,
    "label_per:stateorprovince_of_death_fscore_std": 0.09584944266307052,
    "label_per:cities_of_residence_fscore_mean": 0.5526364223792252,
    "label_per:cities_of_residence_fscore_std": 0.011707031645777874,
    "label_per:other_family_fscore_mean": 0.3046347548991425,
    "label_per:other_family_fscore_std": 0.18244246856976845,
    "label_org:subsidiaries_fscore_mean": 0.3464664103933966,
    "label_org:subsidiaries_fscore_std": 0.028933500273724495,
    "label_per:employee_of_fscore_mean": 0.412555744323951,
    "label_per:employee_of_fscore_std": 0.024642068545463226,
    "label_org:top_members/employees_fscore_mean": 0.6472073840549166,
    "label_org:top_members/employees_fscore_std": 0.013660113470564332,
    "label_per:siblings_fscore_mean": 0.640966882572887,
    "label_per:siblings_fscore_std": 0.04304921389074751,
    "label_per:children_fscore_mean": 0.43132854968471407,
    "label_per:children_fscore_std": 0.07068973281128968,
    "label_org:members_fscore_mean": 0.13371591371591374,
    "label_org:members_fscore_std": 0.1204643225869532,
    "label_org:website_fscore_mean": 0.7791954239889936,
    "label_org:website_fscore_std": 0.028516046947897854,
    "label_org:dissolved_fscore_mean": 0.33714285714285713,
    "label_org:dissolved_fscore_std": 0.23919744877639013,
    "label_org:country_of_headquarters_fscore_mean": 0.5584237457801249,
    "label_org:country_of_headquarters_fscore_std": 0.05926131981758506,
    "label_per:charges_fscore_mean": 0.7454265038879601,
    "label_per:charges_fscore_std": 0.0707818091624099,
    "label_per:stateorprovince_of_birth_fscore_mean": 0.38245098039215686,
    "label_per:stateorprovince_of_birth_fscore_std": 0.05691385465078844,
    "label_per:country_of_birth_fscore_mean": 0,
    "label_per:country_of_birth_fscore_std": 0.0,
    "label_org:founded_fscore_mean": 0.8200583276372749,
    "label_org:founded_fscore_std": 0.012563271865405378,
    "label_per:spouse_fscore_mean": 0.5904661807587123,
    "label_per:spouse_fscore_std": 0.05065415289864366,
    "label_per:schools_attended_fscore_mean": 0.6489823866096515,
    "label_per:schools_attended_fscore_std": 0.06289631358563977,
    "label_per:religion_fscore_mean": 0.5589170448954262,
    "label_per:religion_fscore_std": 0.03893036494763567,
    "label_org:stateorprovince_of_headquarters_fscore_mean": 0.674909627183614,
    "label_org:stateorprovince_of_headquarters_fscore_std": 0.02316824093460211,
    "label_org:parents_fscore_mean": 0.2981546160879933,
    "label_org:parents_fscore_std": 0.08882506941955415,
    "label_per:age_fscore_mean": 0.9129621097246532,
    "label_per:age_fscore_std": 0.004432360629997141,
    "label_org:number_of_employees/members_fscore_mean": 0.6785644257703082,
    "label_org:number_of_employees/members_fscore_std": 0.022424282447803978,
    "label_per:title_fscore_mean": 0.8270015038682983,
    "label_per:title_fscore_std": 0.011300006394599334,
    "label_per:date_of_birth_fscore_mean": 0.7791004471964225,
    "label_per:date_of_birth_fscore_std": 0.06477252847277448,
    "label_per:countries_of_residence_fscore_mean": 0.33173043782039285,
    "label_per:countries_of_residence_fscore_std": 0.07986360472182662,
    "label_org:alternate_names_fscore_mean": 0.8195306746043147,
    "label_org:alternate_names_fscore_std": 0.010239241747161884,
    "label_per:parents_fscore_mean": 0.640477601843153,
    "label_per:parents_fscore_std": 0.024206320951181734,
    "label_org:city_of_headquarters_fscore_mean": 0.5996803576897103,
    "label_org:city_of_headquarters_fscore_std": 0.0884177478454358,
    "label_org:founded_by_fscore_mean": 0.41007715280279267,
    "label_org:founded_by_fscore_std": 0.16668838863839136,
    "label_per:alternate_names_fscore_mean": 0.338614023134147,
    "label_per:alternate_names_fscore_std": 0.09122853068756967,
    "label_per:country_of_death_fscore_mean": 0,
    "label_per:country_of_death_fscore_std": 0.0,
    "label_per:date_of_death_fscore_mean": 0.5055702636873874,
    "label_per:date_of_death_fscore_std": 0.09542142067498204,
    "label_per:stateorprovinces_of_residence_fscore_mean": 0.5097125979320931,
    "label_per:stateorprovinces_of_residence_fscore_std": 0.03561326135843837,
    "label_per:city_of_birth_fscore_mean": 0.45142857142857146,
    "label_per:city_of_birth_fscore_std": 0.11093296376181246,
    "label_org:political/religious_affiliation_fscore_mean": 0.39807017543859646,
    "label_org:political/religious_affiliation_fscore_std": 0.1347346719488973,
    "label_per:cause_of_death_fscore_mean": 0.37032264795779496,
    "label_per:cause_of_death_fscore_std": 0.06732945122620337,
    "label_per:origin_fscore_mean": 0.6049626592483818,
    "label_per:origin_fscore_std": 0.014314636010148414,
    "loss_mean": 0.5621982804812177,
    "loss_std": 0.15434810696688694
}