{
  "accuracy": 0.8593209054593874,
  "macro_fscore": 0.5015087405162175,
  "micro_fscore": 0.6314350797266514,
  "label_org:shareholders_fscore": 0,
  "label_org:member_of_fscore": 0,
  "label_per:city_of_death_fscore": 0.3684210526315789,
  "label_per:stateorprovince_of_death_fscore": 0.3157894736842105,
  "label_per:cities_of_residence_fscore": 0.5376344086021506,
  "label_per:other_family_fscore": 0.4485981308411215,
  "label_org:subsidiaries_fscore": 0.3252032520325203,
  "label_per:employee_of_fscore": 0.39147286821705435,
  "label_org:top_members/employees_fscore": 0.6629986244841816,
  "label_per:siblings_fscore": 0.6990291262135923,
  "label_per:children_fscore": 0.4931506849315069,
  "label_org:members_fscore": 0.25641025641025644,
  "label_org:website_fscore": 0.7692307692307692,
  "label_org:dissolved_fscore": 0.28571428571428575,
  "label_org:country_of_headquarters_fscore": 0.6101694915254237,
  "label_per:charges_fscore": 0.7887323943661971,
  "label_per:stateorprovince_of_birth_fscore": 0.39999999999999997,
  "label_per:country_of_birth_fscore": 0,
  "label_org:founded_fscore": 0.8311688311688312,
  "label_per:spouse_fscore": 0.5168539325842696,
  "label_per:schools_attended_fscore": 0.7540983606557377,
  "label_per:religion_fscore": 0.5057471264367817,
  "label_org:stateorprovince_of_headquarters_fscore": 0.6949152542372882,
  "label_org:parents_fscore": 0.25742574257425743,
  "label_per:age_fscore": 0.917705735660848,
  "label_org:number_of_employees/members_fscore": 0.7058823529411765,
  "label_per:title_fscore": 0.8218905472636816,
  "label_per:date_of_birth_fscore": 0.7368421052631577,
  "label_per:countries_of_residence_fscore": 0.4615384615384615,
  "label_org:alternate_names_fscore": 0.8285077951002228,
  "label_per:parents_fscore": 0.6369426751592357,
  "label_org:city_of_headquarters_fscore": 0.6385542168674699,
  "label_org:founded_by_fscore": 0.46428571428571425,
  "label_per:alternate_names_fscore": 0.4705882352941177,
  "label_per:country_of_death_fscore": 0,
  "label_per:date_of_death_fscore": 0.47619047619047616,
  "label_per:stateorprovinces_of_residence_fscore": 0.5273631840796019,
  "label_per:city_of_birth_fscore": 0.4000000000000001,
  "label_org:political/religious_affiliation_fscore": 0.5263157894736842,
  "label_per:cause_of_death_fscore": 0.4383561643835617,
  "label_per:origin_fscore": 0.5981308411214954,
  "loss": 0.4898571471402995
}