{
  "accuracy": 0.8629161118508655,
  "macro_fscore": 0.47590555924958067,
  "micro_fscore": 0.6301798279906178,
  "label_org:shareholders_fscore": 0,
  "label_org:member_of_fscore": 0,
  "label_per:city_of_death_fscore": 0.37209302325581395,
  "label_per:stateorprovince_of_death_fscore": 0.4761904761904762,
  "label_per:cities_of_residence_fscore": 0.545994065281899,
  "label_per:other_family_fscore": 0,
  "label_org:subsidiaries_fscore": 0.35443037974683544,
  "label_per:employee_of_fscore": 0.42950108459869846,
  "label_org:top_members/employees_fscore": 0.6432432432432432,
  "label_per:siblings_fscore": 0.5982905982905983,
  "label_per:children_fscore": 0.4799999999999999,
  "label_org:website_fscore": 0.7826086956521738,
  "label_org:dissolved_fscore": 0.3333333333333333,
  "label_org:members_fscore": 0,
  "label_org:country_of_headquarters_fscore": 0.6,
  "label_per:charges_fscore": 0.781725888324873,
  "label_per:stateorprovince_of_birth_fscore": 0.3333333333333333,
  "label_per:country_of_birth_fscore": 0,
  "label_org:founded_fscore": 0.8,
  "label_per:spouse_fscore": 0.6374999999999998,
  "label_per:schools_attended_fscore": 0.6071428571428571,
  "label_per:religion_fscore": 0.5523809523809523,
  "label_org:stateorprovince_of_headquarters_fscore": 0.6782608695652174,
  "label_org:parents_fscore": 0.42105263157894735,
  "label_per:age_fscore": 0.9077669902912621,
  "label_org:number_of_employees/members_fscore": 0.6666666666666667,
  "label_per:title_fscore": 0.8403846153846154,
  "label_per:date_of_birth_fscore": 0.7058823529411765,
  "label_per:countries_of_residence_fscore": 0.31660231660231664,
  "label_org:alternate_names_fscore": 0.8110599078341013,
  "label_per:parents_fscore": 0.6586826347305389,
  "label_org:city_of_headquarters_fscore": 0.45762711864406774,
  "label_org:founded_by_fscore": 0.5343511450381679,
  "label_per:alternate_names_fscore": 0.33333333333333337,
  "label_per:country_of_death_fscore": 0,
  "label_per:date_of_death_fscore": 0.5714285714285714,
  "label_per:stateorprovinces_of_residence_fscore": 0.509090909090909,
  "label_per:city_of_birth_fscore": 0.2857142857142857,
  "label_org:political/religious_affiliation_fscore": 0.5263157894736842,
  "label_per:origin_fscore": 0.5909090909090908,
  "label_per:cause_of_death_fscore": 0.36923076923076925,
  "loss": 0.46962442818316963
}