{
  "accuracy": 0.8612516644474034,
  "macro_fscore": 0.47984545067036355,
  "micro_fscore": 0.6220609121035191,
  "label_org:shareholders_fscore": 0,
  "label_org:member_of_fscore": 0.09999999999999999,
  "label_per:city_of_death_fscore": 0.2926829268292683,
  "label_per:stateorprovince_of_death_fscore": 0.3,
  "label_per:cities_of_residence_fscore": 0.5623471882640586,
  "label_per:other_family_fscore": 0.40601503759398494,
  "label_org:subsidiaries_fscore": 0.31884057971014496,
  "label_per:employee_of_fscore": 0.3907455012853471,
  "label_org:top_members/employees_fscore": 0.6490566037735849,
  "label_per:siblings_fscore": 0.6393442622950819,
  "label_per:children_fscore": 0.45333333333333337,
  "label_org:website_fscore": 0.7450980392156864,
  "label_org:members_fscore": 0.07407407407407407,
  "label_org:dissolved_fscore": 0.6666666666666666,
  "label_org:country_of_headquarters_fscore": 0.4659090909090909,
  "label_per:charges_fscore": 0.776595744680851,
  "label_per:stateorprovince_of_birth_fscore": 0.47058823529411764,
  "label_per:country_of_birth_fscore": 0,
  "label_org:founded_fscore": 0.8266666666666665,
  "label_per:spouse_fscore": 0.5637583892617449,
  "label_per:schools_attended_fscore": 0.6333333333333333,
  "label_per:religion_fscore": 0.54320987654321,
  "label_org:stateorprovince_of_headquarters_fscore": 0.6355140186915887,
  "label_org:parents_fscore": 0.28846153846153844,
  "label_per:age_fscore": 0.9090909090909091,
  "label_org:number_of_employees/members_fscore": 0.6470588235294117,
  "label_per:title_fscore": 0.8266932270916334,
  "label_per:date_of_birth_fscore": 0.7777777777777778,
  "label_per:countries_of_residence_fscore": 0.24154589371980675,
  "label_org:alternate_names_fscore": 0.8111888111888113,
  "label_per:parents_fscore": 0.6124999999999999,
  "label_org:city_of_headquarters_fscore": 0.6875,
  "label_org:founded_by_fscore": 0.4957264957264957,
  "label_per:alternate_names_fscore": 0.21621621621621623,
  "label_per:country_of_death_fscore": 0,
  "label_per:date_of_death_fscore": 0.36619718309859156,
  "label_per:stateorprovinces_of_residence_fscore": 0.5222929936305732,
  "label_per:city_of_birth_fscore": 0.5714285714285715,
  "label_org:political/religious_affiliation_fscore": 0.25,
  "label_per:origin_fscore": 0.6126760563380281,
  "label_per:cause_of_death_fscore": 0.3235294117647059,
  "loss": 0.8348470569853991
}