{
  "accuracy": 0.8611185086551265,
  "macro_fscore": 0.4875829306232946,
  "micro_fscore": 0.6222222222222222,
  "label_org:shareholders_fscore": 0,
  "label_org:member_of_fscore": 0,
  "label_per:city_of_death_fscore": 0.3902439024390244,
  "label_per:stateorprovince_of_death_fscore": 0.3157894736842105,
  "label_per:cities_of_residence_fscore": 0.5661375661375662,
  "label_per:other_family_fscore": 0.3958333333333333,
  "label_org:subsidiaries_fscore": 0.39175257731958757,
  "label_per:employee_of_fscore": 0.4044943820224719,
  "label_org:top_members/employees_fscore": 0.6265060240963856,
  "label_per:siblings_fscore": 0.6666666666666666,
  "label_per:children_fscore": 0.31746031746031744,
  "label_org:website_fscore": 0.823529411764706,
  "label_org:dissolved_fscore": 0.4,
  "label_org:members_fscore": 0.26666666666666666,
  "label_org:country_of_headquarters_fscore": 0.5812807881773399,
  "label_per:charges_fscore": 0.759825327510917,
  "label_per:stateorprovince_of_birth_fscore": 0.375,
  "label_per:country_of_birth_fscore": 0,
  "label_org:founded_fscore": 0.8157894736842105,
  "label_per:spouse_fscore": 0.6013071895424837,
  "label_per:schools_attended_fscore": 0.6538461538461539,
  "label_per:religion_fscore": 0.6037735849056605,
  "label_org:stateorprovince_of_headquarters_fscore": 0.6776859504132232,
  "label_org:parents_fscore": 0.18421052631578946,
  "label_per:age_fscore": 0.9135802469135802,
  "label_org:number_of_employees/members_fscore": 0.6857142857142857,
  "label_per:title_fscore": 0.8113207547169812,
  "label_per:date_of_birth_fscore": 0.8750000000000001,
  "label_per:countries_of_residence_fscore": 0.3189655172413793,
  "label_org:alternate_names_fscore": 0.832579185520362,
  "label_per:parents_fscore": 0.6708860759493671,
  "label_org:city_of_headquarters_fscore": 0.6369426751592356,
  "label_org:founded_by_fscore": 0.11904761904761905,
  "label_per:alternate_names_fscore": 0.3157894736842105,
  "label_per:country_of_death_fscore": 0,
  "label_per:date_of_death_fscore": 0.5,
  "label_per:stateorprovinces_of_residence_fscore": 0.5405405405405406,
  "label_per:city_of_birth_fscore": 0.5,
  "label_org:political/religious_affiliation_fscore": 0.4210526315789474,
  "label_per:origin_fscore": 0.5968992248062016,
  "label_per:cause_of_death_fscore": 0.4347826086956522,
  "loss": 0.5343078611219249
}