{
  "UAS": 0.6742957746478874,
  "LAS": 0.5382293762575453,
  "UEM": 0.05008347245409015,
  "LEM": 0.015025041736227046,
  "LOAS": 0.7085638832997988,
  "LOEM": 0.025041736227045076,
  "loss": 6.67569983632941
}