{
  "UAS": 0.6528546277665996,
  "LAS": 0.5262826961770624,
  "UEM": 0.04006677796327212,
  "LEM": 0.01335559265442404,
  "LOAS": 0.704225352112676,
  "LOEM": 0.028380634390651086,
  "loss": 7.7639243226302295
}