{
  "UAS": 0.6653672032193159,
  "LAS": 0.5294894366197183,
  "UEM": 0.038397328881469114,
  "LEM": 0.01335559265442404,
  "LOAS": 0.7046654929577465,
  "LOEM": 0.02337228714524207,
  "loss": 5.482138382761102
}