{
  "UAS": 0.6573817907444668,
  "LAS": 0.5165367203219315,
  "UEM": 0.03672787979966611,
  "LEM": 0.011686143572621035,
  "LOAS": 0.6912726358148893,
  "LOEM": 0.02003338898163606,
  "loss": 6.6401749410127335
}