{
  "accuracy": 0.8439897698209718,
  "macro_fscore": 0.7157175139544181,
  "micro_fscore": 0.8453074433656957,
  "loss": 1.5105286797708166
}