{
  "accuracy": 0.870843989769821,
  "macro_fscore": 0.7249270872028479,
  "micro_fscore": 0.8702388637830857,
  "loss": 0.698185898648689
}