{
  "accuracy": 0.840153452685422,
  "macro_fscore": 0.6562163947425397,
  "micro_fscore": 0.8425145819831497,
  "loss": 1.631570155713327
}