{
  "UAS": 0.6371283023338467,
  "LAS": 0.4477550053311219,
  "UEM": 0.052,
  "LEM": 0.014,
  "LOAS": 0.6113612131264068,
  "LOEM": 0.025,
  "loss": 8.073762997984886
}