{
    "model_count": 5,
    "UAS_mean": 0.6280890889705011,
    "UAS_std": 0.013253594287001723,
    "LAS_mean": 0.4251273545788414,
    "LAS_std": 0.014915207355499203,
    "UEM_mean": 0.0432,
    "UEM_std": 0.006140032573203499,
    "LEM_mean": 0.0106,
    "LEM_std": 0.0023021728866442675,
    "LOAS_mean": 0.5902499703826561,
    "LOAS_std": 0.013402533721690639,
    "LOEM_mean": 0.0158,
    "LOEM_std": 0.00521536192416212,
    "loss_mean": 9.158794820308685,
    "loss_std": 1.051304165326898
}