{
  "UAS": 0.765794419546046,
  "LAS": 0.6115367934075466,
  "UEM": 0.102,
  "LEM": 0.015,
  "LOAS": 0.7230976820394198,
  "LOEM": 0.021,
  "loss": 5.647887125611305
}