{
  "UAS": 0.7489277625174691,
  "LAS": 0.5812731916534143,
  "UEM": 0.089,
  "LEM": 0.009,
  "LOAS": 0.6913883668256952,
  "LOEM": 0.015,
  "loss": 7.81036513192313
}