{
  "accuracy": 0.8488488488488488,
  "macro_fscore": 0.8638610530179119,
  "micro_fscore": 0.8503937007874015,
  "label_has-edu_fscore": 0.7906976744186047,
  "label_org-has-member_fscore": 0.9702970297029702,
  "label_has-spouse_fscore": 0.9052631578947369,
  "label_birth-place_fscore": 0.8141592920353983,
  "label_has-occupation_fscore": 0.970873786407767,
  "label_has-child_fscore": 0.7722772277227723,
  "label_has-genre_fscore": 0.98989898989899,
  "label_has-author_fscore": 0.9306930693069307,
  "label_has-parent_fscore": 0.8823529411764707,
  "label_from-country_fscore": 0.7252747252747254,
  "label_is-where_fscore": 0.8431372549019608,
  "label_org-has-founder_fscore": 0.7377049180327869,
  "label_has-population_fscore": 0.9263157894736842,
  "label_has-type_fscore": 0.8666666666666667,
  "label_movie-has-director_fscore": 0.9292929292929293,
  "label_event-year_fscore": 0.924731182795699,
  "label_headquarters_fscore": 0.9306930693069307,
  "label_org-leader_fscore": 0.5333333333333333,
  "label_is-member-of_fscore": 0.9696969696969697,
  "loss": 0.575782953037156
}