{
  "accuracy": 0.8528528528528528,
  "macro_fscore": 0.8678246351891055,
  "micro_fscore": 0.8536969061352909,
  "label_org-has-member_fscore": 0.98,
  "label_has-edu_fscore": 0.8444444444444444,
  "label_has-spouse_fscore": 0.9090909090909091,
  "label_birth-place_fscore": 0.7731092436974789,
  "label_has-occupation_fscore": 0.9702970297029702,
  "label_has-child_fscore": 0.7500000000000001,
  "label_has-genre_fscore": 0.9696969696969697,
  "label_has-author_fscore": 0.9690721649484536,
  "label_has-parent_fscore": 0.8727272727272728,
  "label_from-country_fscore": 0.7555555555555556,
  "label_is-where_fscore": 0.8125,
  "label_org-has-founder_fscore": 0.7479674796747968,
  "label_has-population_fscore": 0.9375,
  "label_has-type_fscore": 0.8314606741573033,
  "label_event-year_fscore": 0.8958333333333334,
  "label_movie-has-director_fscore": 0.970873786407767,
  "label_headquarters_fscore": 0.94,
  "label_org-leader_fscore": 0.5789473684210525,
  "label_is-member-of_fscore": 0.9795918367346939,
  "loss": 0.7377463791608101
}