{
  "accuracy": 0.8438438438438438,
  "macro_fscore": 0.8586903115490363,
  "micro_fscore": 0.8433228180862251,
  "label_org-has-member_fscore": 0.9702970297029702,
  "label_has-edu_fscore": 0.8275862068965518,
  "label_has-spouse_fscore": 0.9278350515463918,
  "label_birth-place_fscore": 0.7692307692307693,
  "label_has-occupation_fscore": 0.9504950495049505,
  "label_has-child_fscore": 0.7999999999999999,
  "label_has-genre_fscore": 0.96,
  "label_has-author_fscore": 0.9591836734693877,
  "label_has-parent_fscore": 0.9074074074074074,
  "label_from-country_fscore": 0.6172839506172839,
  "label_is-where_fscore": 0.7499999999999999,
  "label_org-has-founder_fscore": 0.7377049180327869,
  "label_has-population_fscore": 0.9690721649484536,
  "label_has-type_fscore": 0.8444444444444444,
  "label_event-year_fscore": 0.8958333333333334,
  "label_movie-has-director_fscore": 0.9607843137254902,
  "label_headquarters_fscore": 0.9306930693069307,
  "label_org-leader_fscore": 0.5675675675675675,
  "label_is-member-of_fscore": 0.9696969696969697,
  "loss": 0.7207689771340007
}