{
  "accuracy": 0.8398398398398398,
  "macro_fscore": 0.8544078456165217,
  "micro_fscore": 0.8386757750919601,
  "label_has-edu_fscore": 0.8275862068965518,
  "label_org-has-member_fscore": 0.98,
  "label_has-spouse_fscore": 0.9183673469387755,
  "label_has-occupation_fscore": 0.9320388349514563,
  "label_birth-place_fscore": 0.7603305785123967,
  "label_has-child_fscore": 0.7741935483870969,
  "label_has-genre_fscore": 0.9696969696969697,
  "label_has-author_fscore": 0.9019607843137256,
  "label_has-parent_fscore": 0.8653846153846153,
  "label_from-country_fscore": 0.7500000000000001,
  "label_is-where_fscore": 0.782608695652174,
  "label_org-has-founder_fscore": 0.7258064516129032,
  "label_has-population_fscore": 0.9484536082474226,
  "label_has-type_fscore": 0.8444444444444444,
  "label_event-year_fscore": 0.9263157894736842,
  "label_movie-has-director_fscore": 0.9072164948453608,
  "label_headquarters_fscore": 0.9108910891089109,
  "label_org-leader_fscore": 0.5599999999999999,
  "label_is-member-of_fscore": 0.9484536082474226,
  "loss": 0.6812675667424051
}