{
    "model_count": 5,
    "accuracy_mean": 0.719815668202765,
    "accuracy_std": 0.00824356858064435,
    "macro_fscore_mean": 0.6772021668628003,
    "macro_fscore_std": 0.00915548437698986,
    "micro_fscore_mean": 0.7389369144595651,
    "micro_fscore_std": 0.003953058179420044,
    "label_per:siblings_fscore_mean": 0.8054545454545454,
    "label_per:siblings_fscore_std": 0.12652014143670715,
    "label_org:website_fscore_mean": 1.0,
    "label_org:website_fscore_std": 0.0,
    "label_org:subsidiaries_fscore_mean": 0.48,
    "label_org:subsidiaries_fscore_std": 0.2921186973360886,
    "label_per:charges_fscore_mean": 0.951048951048951,
    "label_per:charges_fscore_std": 0.04504929624729068,
    "label_per:other_family_fscore_mean": 0.3547619047619047,
    "label_per:other_family_fscore_std": 0.17504453595916952,
    "label_per:city_of_birth_fscore_mean": 1.0,
    "label_per:city_of_birth_fscore_std": 0.0,
    "label_org:number_of_employees/members_fscore_mean": 0.9777777777777777,
    "label_org:number_of_employees/members_fscore_std": 0.0496903994999953,
    "label_per:city_of_death_fscore_mean": 0.9333333333333333,
    "label_per:city_of_death_fscore_std": 0.14907119849998599,
    "label_org:top_members/employees_fscore_mean": 0.6333333333333333,
    "label_org:top_members/employees_fscore_std": 0.018633899812498283,
    "label_per:countries_of_residence_fscore_mean": 0.2304761904761905,
    "label_per:countries_of_residence_fscore_std": 0.16042900409998492,
    "label_org:members_fscore_mean": 0.36272727272727273,
    "label_org:members_fscore_std": 0.0649538933741682,
    "label_per:religion_fscore_mean": 0.7571428571428571,
    "label_per:religion_fscore_std": 0.11682448024140085,
    "label_per:schools_attended_fscore_mean": 0.9411764705882353,
    "label_per:schools_attended_fscore_std": 0.0,
    "label_per:employee_of_fscore_mean": 0.37142857142857144,
    "label_per:employee_of_fscore_std": 0.11368891796488882,
    "label_per:title_fscore_mean": 0.923076923076923,
    "label_per:title_fscore_std": 0.0,
    "label_per:cities_of_residence_fscore_mean": 0.6186274509803922,
    "label_per:cities_of_residence_fscore_std": 0.03254362995774451,
    "label_per:date_of_birth_fscore_mean": 1.0,
    "label_per:date_of_birth_fscore_std": 0.0,
    "label_per:children_fscore_mean": 0.4066666666666667,
    "label_per:children_fscore_std": 0.05962847939999439,
    "label_per:spouse_fscore_mean": 0.88,
    "label_per:spouse_fscore_std": 0.1095445115010332,
    "label_per:stateorprovinces_of_residence_fscore_mean": 0.45238095238095244,
    "label_per:stateorprovinces_of_residence_fscore_std": 0.13468700594029479,
    "label_per:age_fscore_mean": 1.0,
    "label_per:age_fscore_std": 0.0,
    "label_org:founded_fscore_mean": 0.9428571428571428,
    "label_org:founded_fscore_std": 0.07824607964359519,
    "label_per:country_of_birth_fscore_mean": 0.16,
    "label_per:country_of_birth_fscore_std": 0.21908902300206645,
    "label_per:stateorprovince_of_death_fscore_mean": 0.96,
    "label_per:stateorprovince_of_death_fscore_std": 0.08944271909999157,
    "label_per:date_of_death_fscore_mean": 0.9411764705882353,
    "label_per:date_of_death_fscore_std": 0.0,
    "label_org:dissolved_fscore_mean": 0,
    "label_org:dissolved_fscore_std": 0.0,
    "label_org:shareholders_fscore_mean": 0.5866666666666667,
    "label_org:shareholders_fscore_std": 0.08366600265340754,
    "label_per:cause_of_death_fscore_mean": 0.75,
    "label_per:cause_of_death_fscore_std": 0.0,
    "label_org:parents_fscore_mean": 0,
    "label_org:parents_fscore_std": 0.0,
    "label_org:alternate_names_fscore_mean": 0.9272727272727272,
    "label_org:alternate_names_fscore_std": 0.0406557814090871,
    "label_org:political/religious_affiliation_fscore_mean": 0.9216666666666667,
    "label_org:political/religious_affiliation_fscore_std": 0.026087459737497504,
    "label_org:founded_by_fscore_mean": 0.9482517482517482,
    "label_org:founded_by_fscore_std": 0.0475832890523189,
    "label_org:member_of_fscore_mean": 0.23809523809523814,
    "label_org:member_of_fscore_std": 0.13468700594029479,
    "label_org:stateorprovince_of_headquarters_fscore_mean": 0.8468954248366014,
    "label_org:stateorprovince_of_headquarters_fscore_std": 0.032369854297068804,
    "label_per:parents_fscore_mean": 0.8763725490196078,
    "label_per:parents_fscore_std": 0.038867016148042666,
    "label_org:city_of_headquarters_fscore_mean": 0.5,
    "label_org:city_of_headquarters_fscore_std": 0.0,
    "label_per:alternate_names_fscore_mean": 0.32825396825396824,
    "label_per:alternate_names_fscore_std": 0.07644138579547784,
    "label_org:country_of_headquarters_fscore_mean": 0.7882051282051282,
    "label_org:country_of_headquarters_fscore_std": 0.02852960214502791,
    "label_per:origin_fscore_mean": 0.6157575757575757,
    "label_per:origin_fscore_std": 0.05153297374419707,
    "loss_mean": 1.1444445720740728,
    "loss_std": 0.08737485006879955
}