{"model_count": 4, "accuracy_mean": 0.9197368421052632, "accuracy_std": 0.014493606703384464, "loss_mean": 0.5684225442819297, "loss_std": 0.10939233463860944}