{
  "accuracy": 0.9052631578947369,
  "loss": 0.6602831184864044
}