{
  "accuracy": 0.9263157894736842,
  "loss": 0.520665792748332
}