{
  "accuracy": 0.9368421052631579,
  "loss": 0.4363515377044678
}