{
  "accuracy": 0.9105263157894737,
  "loss": 0.6563897281885147
}