{
    "model_count": 5,
    "UAS_mean": 0.639676796912687,
    "UAS_std": 0.009593108519281622,
    "LAS_mean": 0.4688615533043898,
    "LAS_std": 0.004945002800661336,
    "UEM_mean": 0.0716,
    "UEM_std": 0.0019493588689617916,
    "LEM_mean": 0.016,
    "LEM_std": 0.0010000000000000009,
    "LOAS_mean": 0.594922817173179,
    "LOAS_std": 0.004106850124618369,
    "LOEM_mean": 0.0178,
    "LOEM_std": 0.00044721359549995676,
    "loss_mean": 7.234544363617897,
    "loss_std": 1.0421121653578644
}