{
  "UAS": 0.6483357452966715,
  "LAS": 0.47654365653642067,
  "UEM": 0.071,
  "LEM": 0.015,
  "LOAS": 0.5978051133622769,
  "LOEM": 0.018,
  "loss": 6.932556763291359
}