{
  "UAS": 0.6348287506029908,
  "LAS": 0.4641823444283647,
  "UEM": 0.07,
  "LEM": 0.017,
  "LOAS": 0.5997949831162567,
  "LOEM": 0.018,
  "loss": 5.5346082746982574
}