{
  "accuracy": 0.8252173913043478,
  "loss": 0.7681540374954542
}