{
  "accuracy": 0.851304347826087,
  "loss": 0.8504548221826553
}