{
  "accuracy": 0.8443478260869566,
  "loss": 1.0947046884232097
}