{"model_count": 5, "accuracy_mean": 0.8222222222222222, "accuracy_std": 0.024845199749997684, "loss_mean": 0.9948750764131546, "loss_std": 0.15942530668412055}