{
  "accuracy": 0.8333333333333334,
  "loss": 1.0196992456912994
}