{
  "accuracy": 0.7962962962962963,
  "loss": 0.8232453614473343
}