{
  "accuracy": 0.8333333333333334,
  "loss": 0.9372812509536743
}