{
  "accuracy": 0.8518518518518519,
  "loss": 0.9431492686271667
}