{
  "accuracy": 0.7962962962962963,
  "loss": 1.2510002553462982
}