{
  "accuracy": 0.85,
  "macro_fscore": 0.8575209169268575,
  "micro_fscore": 0.8250825082508251,
  "label_has-type_fscore": 0.8484848484848485,
  "label_has-genre_fscore": 0.8131868131868132,
  "label_has-occupation_fscore": 0.9108910891089109,
  "loss": 0.6060376339233838
}