{
  "UAS": 0.7791431738229483,
  "LAS": 0.6351983036962074,
  "UEM": 0.119,
  "LEM": 0.022,
  "LOAS": 0.737024721700159,
  "LOEM": 0.036,
  "loss": 7.23833966255188
}