{
  "accuracy": 0.8461538461538461,
  "macro_fscore": 0.7240589121023904,
  "micro_fscore": 0.8428571428571429,
  "loss": 0.6501631364226341
}