{
  "accuracy": 0.8552036199095022,
  "macro_fscore": 0.6873815969745573,
  "micro_fscore": 0.850356294536817,
  "loss": 0.5302072901810918
}