{
  "accuracy": 0.8597285067873304,
  "macro_fscore": 0.6121648200783799,
  "micro_fscore": 0.8605200945626479,
  "loss": 0.5647268987127713
}