{
    "model_count": 5,
    "UAS_mean": 0.591027739309245,
    "UAS_std": 0.007600283293645388,
    "LAS_mean": 0.4904276301984976,
    "LAS_std": 0.006290344883867647,
    "UEM_mean": 0.0178,
    "UEM_std": 0.0025884358211089573,
    "LEM_mean": 0.0048000000000000004,
    "LEM_std": 0.0008366600265340755,
    "LOAS_mean": 0.6663393344244408,
    "LOAS_std": 0.003578345703717747,
    "LOEM_mean": 0.009399999999999999,
    "LOEM_std": 0.0016733200530681508,
    "loss_mean": 9.066135824909287,
    "loss_std": 0.5211815135645469
}