{
  "UAS": 0.5876453061395778,
  "LAS": 0.4902010155692643,
  "UEM": 0.02,
  "LEM": 0.004,
  "LOAS": 0.6628897561794452,
  "LOEM": 0.009,
  "loss": 9.352671101689339
}