{
  "UAS": 0.5904989718410341,
  "LAS": 0.4867598304586848,
  "UEM": 0.016,
  "LEM": 0.005,
  "LOAS": 0.6630576188677662,
  "LOEM": 0.009,
  "loss": 9.777675747871399
}