{
  "UAS": 0.5884846195811826,
  "LAS": 0.4913340887154308,
  "UEM": 0.015,
  "LEM": 0.004,
  "LOAS": 0.6670443577153888,
  "LOEM": 0.007,
  "loss": 8.952541172504425
}