{
  "accuracy": 0.9548563611491108,
  "macro_fscore": 0.9378580257874326,
  "micro_fscore": 0.9602836879432625,
  "loss": 0.22344962732724682
}