{
  "UAS": 0.5987242435687608,
  "LAS": 0.48520710059171596,
  "UEM": 0.017,
  "LEM": 0.005,
  "LOAS": 0.6394729111586722,
  "LOEM": 0.006,
  "loss": 6.3520156890153885
}