{
  "UAS": 0.5949473330815394,
  "LAS": 0.49460741113768936,
  "UEM": 0.018,
  "LEM": 0.003,
  "LOAS": 0.6681774308615552,
  "LOEM": 0.007,
  "loss": 9.176294088363647
}