{
  "UAS": 0.6025011540559823,
  "LAS": 0.4982584246086701,
  "UEM": 0.02,
  "LEM": 0.002,
  "LOAS": 0.668848881614839,
  "LOEM": 0.005,
  "loss": 8.231603920459747
}