{
  "em_accuracy": 0.5322639445862195,
  "loss": 1.3857054122443337
}