{
  "em_accuracy": 0.5259448292623649,
  "loss": 1.4027276621281521
}