{
  "em_accuracy": 0.5205978855267955,
  "loss": 1.4067466425664217
}