{
  "em_accuracy": 0.5181674565560821,
  "loss": 1.403290808779522
}