{
  "em_accuracy": 0.5163446348280472,
  "loss": 1.396480332994924
}