{
  "em_accuracy": 0.5099039980556568,
  "loss": 1.422653498117206
}