{
  "UAS": 0.4608954837037517,
  "LAS": 0.29747942720145143,
  "UEM": 0.021939953810623556,
  "LEM": 0.0,
  "LOAS": 0.5020410808008813,
  "LOEM": 0.0011547344110854503,
  "loss": 10.466889901594682
}