{
  "UAS": 0.4840925289963066,
  "LAS": 0.32203719302792716,
  "UEM": 0.019630484988452657,
  "LEM": 0.0,
  "LOAS": 0.5069007969934556,
  "LOEM": 0.003464203233256351,
  "loss": 9.487746851784843
}