{
  "UAS": 0.4900537808591978,
  "LAS": 0.3328581610833927,
  "UEM": 0.025404157043879907,
  "LEM": 0.003464203233256351,
  "LOAS": 0.5155186937082874,
  "LOEM": 0.004618937644341801,
  "loss": 10.215137464659554
}