{
  "UAS": 0.4991252510853366,
  "LAS": 0.3287112032657293,
  "UEM": 0.017321016166281754,
  "LEM": 0.0011547344110854503,
  "LOAS": 0.5075487591524654,
  "LOEM": 0.003464203233256351,
  "loss": 10.979359899248395
}