{
    "model_count": 5,
    "UAS_mean": 0.8012033323048442,
    "UAS_std": 0.014655537325051623,
    "LAS_mean": 0.6545922040522473,
    "LAS_std": 0.014213695858621256,
    "UEM_mean": 0.1342,
    "UEM_std": 0.006906518659932809,
    "LEM_mean": 0.0228,
    "LEM_std": 0.0016431676725154984,
    "LOAS_mean": 0.7591072714182865,
    "LOAS_std": 0.007879915117795504,
    "LOEM_mean": 0.0396,
    "LOEM_std": 0.0019493588689617944,
    "loss_mean": 6.081059175729751,
    "loss_std": 0.5292854281620403
}