{
  "UAS": 0.8035071479995886,
  "LAS": 0.6566388974596318,
  "UEM": 0.13,
  "LEM": 0.024,
  "LOAS": 0.7608248482978505,
  "LOEM": 0.041,
  "loss": 6.4806511253118515
}