{
  "UAS": 0.8077753779697624,
  "LAS": 0.6585416023860948,
  "UEM": 0.139,
  "LEM": 0.02,
  "LOAS": 0.76159621515993,
  "LOEM": 0.039,
  "loss": 6.733944088220596
}