{
  "UAS": 0.8098323562686414,
  "LAS": 0.6643011416229558,
  "UEM": 0.139,
  "LEM": 0.024,
  "LOAS": 0.7634989200863931,
  "LOEM": 0.039,
  "loss": 5.437626913189888
}