{
  "UAS": 0.775377969762419,
  "LAS": 0.6298467551167335,
  "UEM": 0.124,
  "LEM": 0.023,
  "LOAS": 0.7452432376838425,
  "LOEM": 0.037,
  "loss": 6.01250746846199
}