{
  "accuracy": 0.9216013344453712,
  "macro_fscore": 0.6106884722495034,
  "micro_fscore": 0.9240506329113923,
  "loss": 0.32568296130125723
}