{
  "accuracy": 0.9090909090909091,
  "macro_fscore": 0.6640221852685821,
  "micro_fscore": 0.912236286919831,
  "loss": 0.3610496377944946
}