{
  "accuracy": 0.920767306088407,
  "macro_fscore": 0.6310074688889723,
  "micro_fscore": 0.9212631578947368,
  "loss": 0.36692980201294023
}