{
  "accuracy": 0.9190992493744787,
  "macro_fscore": 0.5868823604807449,
  "micro_fscore": 0.9191919191919192,
  "loss": 0.4202027488616295
}