{"model_count": 5, "accuracy_mean": 0.8842105263157894, "accuracy_std": 0.01664356663246515, "loss_mean": 0.6506375353162488, "loss_std": 0.15198417517908172}