{
  "accuracy": 0.8842105263157894,
  "loss": 0.5726241668065389
}