{
  "accuracy": 0.8947368421052632,
  "loss": 0.6740825626378258
}