{
  "accuracy": 0.9052631578947369,
  "loss": 0.48008906344572705
}