{
    "model_count": 5,
    "em_accuracy_mean": 0.43576294277929156,
    "em_accuracy_std": 0.009366794644374413,
    "loss_mean": 0.0,
    "loss_std": 0.0
}