{
    "model_count": 5,
    "accuracy_mean": 0.4674509803921569,
    "accuracy_std": 0.039230389400543325,
    "macro_fscore_mean": 0.42997960303809746,
    "macro_fscore_std": 0.05583112189065455,
    "micro_fscore_mean": 0.4745672272718743,
    "micro_fscore_std": 0.052850349493669804,
    "label_per:stateorprovince_of_death_fscore_mean": 0.6666666666666666,
    "label_per:stateorprovince_of_death_fscore_std": 0.1166423687039608,
    "label_org:members_fscore_mean": 0.1497076023391813,
    "label_org:members_fscore_std": 0.11903134919381433,
    "label_per:cities_of_residence_fscore_mean": 0.18611111111111112,
    "label_per:cities_of_residence_fscore_std": 0.05499719409228704,
    "label_per:title_fscore_mean": 0.644341290893015,
    "label_per:title_fscore_std": 0.04361952718522772,
    "label_per:origin_fscore_mean": 0.16791208791208792,
    "label_per:origin_fscore_std": 0.06644975378590309,
    "label_per:age_fscore_mean": 0.9216201423097975,
    "label_per:age_fscore_std": 0.03050965670178957,
    "label_per:cause_of_death_fscore_mean": 0.6930856553147574,
    "label_per:cause_of_death_fscore_std": 0.06602166678563384,
    "label_per:country_of_birth_fscore_mean": 0.3477777777777778,
    "label_per:country_of_birth_fscore_std": 0.23065928054969673,
    "label_org:dissolved_fscore_mean": 0,
    "label_org:dissolved_fscore_std": 0.0,
    "label_per:other_family_fscore_mean": 0.1717293233082707,
    "label_per:other_family_fscore_std": 0.12406171994652794,
    "label_per:children_fscore_mean": 0.5406060606060605,
    "label_per:children_fscore_std": 0.09451436940420811,
    "label_org:founded_fscore_mean": 0.5443137254901961,
    "label_org:founded_fscore_std": 0.024552903282350644,
    "label_per:siblings_fscore_mean": 0.6095906432748538,
    "label_per:siblings_fscore_std": 0.11810665072113477,
    "label_org:number_of_employees/members_fscore_mean": 0.6065934065934065,
    "label_org:number_of_employees/members_fscore_std": 0.0909723755386103,
    "label_per:schools_attended_fscore_mean": 0.567485380116959,
    "label_per:schools_attended_fscore_std": 0.08483120837704008,
    "label_per:city_of_death_fscore_mean": 0.7305128205128205,
    "label_per:city_of_death_fscore_std": 0.0609507189298622,
    "label_org:shareholders_fscore_mean": 0.12444444444444444,
    "label_org:shareholders_fscore_std": 0.18162503770402266,
    "label_per:charges_fscore_mean": 0.32867132867132864,
    "label_per:charges_fscore_std": 0.25568874966530697,
    "label_per:parents_fscore_mean": 0.3456687172476646,
    "label_per:parents_fscore_std": 0.22103919335751038,
    "label_org:subsidiaries_fscore_mean": 0.327012987012987,
    "label_org:subsidiaries_fscore_std": 0.2313409544524032,
    "label_org:top_members/employees_fscore_mean": 0.6052661064425771,
    "label_org:top_members/employees_fscore_std": 0.05947564371892305,
    "label_per:countries_of_residence_fscore_mean": 0.39872347535505426,
    "label_per:countries_of_residence_fscore_std": 0.1503706160758157,
    "label_org:website_fscore_mean": 0.7621911421911421,
    "label_org:website_fscore_std": 0.12215768892893726,
    "label_org:founded_by_fscore_mean": 0.19238095238095237,
    "label_org:founded_by_fscore_std": 0.12166643369654333,
    "label_per:city_of_birth_fscore_mean": 0.7125490196078431,
    "label_per:city_of_birth_fscore_std": 0.06467022190253195,
    "label_per:employee_of_fscore_mean": 0.29988687782805434,
    "label_per:employee_of_fscore_std": 0.21568856528754282,
    "label_org:parents_fscore_mean": 0,
    "label_org:parents_fscore_std": 0.0,
    "label_per:religion_fscore_mean": 0.31428571428571433,
    "label_per:religion_fscore_std": 0.20370713939245183,
    "label_org:alternate_names_fscore_mean": 0.6020915032679738,
    "label_org:alternate_names_fscore_std": 0.062099070746282424,
    "label_per:stateorprovinces_of_residence_fscore_mean": 0.20439560439560442,
    "label_per:stateorprovinces_of_residence_fscore_std": 0.13177652495754963,
    "label_per:alternate_names_fscore_mean": 0.2558241758241758,
    "label_per:alternate_names_fscore_std": 0.10413037446917653,
    "label_per:date_of_death_fscore_mean": 0.6271069831441348,
    "label_per:date_of_death_fscore_std": 0.07373667471548233,
    "label_per:date_of_birth_fscore_mean": 0.8237986270022883,
    "label_per:date_of_birth_fscore_std": 0.03923667780201895,
    "label_org:city_of_headquarters_fscore_mean": 0.3423716153127918,
    "label_org:city_of_headquarters_fscore_std": 0.2154276564810371,
    "label_org:political/religious_affiliation_fscore_mean": 0.4035087719298246,
    "label_org:political/religious_affiliation_fscore_std": 0.03922926276315421,
    "label_per:stateorprovince_of_birth_fscore_mean": 0.6333333333333333,
    "label_per:stateorprovince_of_birth_fscore_std": 0.07453559924999298,
    "label_org:member_of_fscore_mean": 0.158974358974359,
    "label_org:member_of_fscore_std": 0.10901205984349392,
    "label_per:spouse_fscore_mean": 0.5161172161172161,
    "label_per:spouse_fscore_std": 0.14051570428694637,
    "label_org:country_of_headquarters_fscore_mean": 0.3246153846153846,
    "label_org:country_of_headquarters_fscore_std": 0.170812345369717,
    "label_org:stateorprovince_of_headquarters_fscore_mean": 0.34791208791208794,
    "label_org:stateorprovince_of_headquarters_fscore_std": 0.1323699243953635,
    "loss_mean": 2.965703320503235,
    "loss_std": 0.5435254149890097
}