{
  "accuracy": 0.5294117647058824,
  "macro_fscore": 0.5130321015354643,
  "micro_fscore": 0.5553772070626003,
  "label_per:stateorprovince_of_death_fscore": 0.5714285714285715,
  "label_org:members_fscore": 0.21052631578947367,
  "label_per:cities_of_residence_fscore": 0.2222222222222222,
  "label_per:title_fscore": 0.6666666666666665,
  "label_per:origin_fscore": 0.15384615384615385,
  "label_per:age_fscore": 0.9655172413793104,
  "label_per:cause_of_death_fscore": 0.7368421052631579,
  "label_per:country_of_birth_fscore": 0.6,
  "label_org:dissolved_fscore": 0,
  "label_per:children_fscore": 0.6666666666666666,
  "label_per:other_family_fscore": 0.2666666666666667,
  "label_org:founded_fscore": 0.5333333333333333,
  "label_per:siblings_fscore": 0.7368421052631577,
  "label_org:number_of_employees/members_fscore": 0.6666666666666666,
  "label_per:schools_attended_fscore": 0.6666666666666666,
  "label_per:city_of_death_fscore": 0.7692307692307693,
  "label_org:shareholders_fscore": 0,
  "label_per:charges_fscore": 0.6666666666666666,
  "label_per:parents_fscore": 0.6363636363636364,
  "label_org:subsidiaries_fscore": 0.5714285714285714,
  "label_org:top_members/employees_fscore": 0.6666666666666666,
  "label_per:countries_of_residence_fscore": 0.4799999999999999,
  "label_org:website_fscore": 0.923076923076923,
  "label_org:founded_by_fscore": 0.2857142857142857,
  "label_per:city_of_birth_fscore": 0.7,
  "label_per:employee_of_fscore": 0.5000000000000001,
  "label_org:parents_fscore": 0,
  "label_per:religion_fscore": 0.5714285714285715,
  "label_org:alternate_names_fscore": 0.6666666666666666,
  "label_per:stateorprovinces_of_residence_fscore": 0.14285714285714288,
  "label_per:alternate_names_fscore": 0.4,
  "label_per:date_of_death_fscore": 0.5882352941176471,
  "label_per:date_of_birth_fscore": 0.8421052631578948,
  "label_org:city_of_headquarters_fscore": 0.47058823529411764,
  "label_org:political/religious_affiliation_fscore": 0.4210526315789474,
  "label_per:stateorprovince_of_birth_fscore": 0.5,
  "label_org:member_of_fscore": 0.3076923076923077,
  "label_per:spouse_fscore": 0.7142857142857143,
  "label_org:country_of_headquarters_fscore": 0.5333333333333333,
  "label_org:stateorprovince_of_headquarters_fscore": 0.5,
  "loss": 2.726888820528984
}