{
  "UAS": 0.7994960403167747,
  "LAS": 0.6664095443793068,
  "UEM": 0.15,
  "LEM": 0.031,
  "LOAS": 0.7669443587370153,
  "LOEM": 0.046,
  "loss": 5.297158986330032
}