{
  "UAS": 0.78921114882238,
  "LAS": 0.650519387020467,
  "UEM": 0.138,
  "LEM": 0.028,
  "LOAS": 0.7553738558058213,
  "LOEM": 0.039,
  "loss": 6.918307036161423
}