{
  "UAS": 0.7925537385580582,
  "LAS": 0.6655867530597552,
  "UEM": 0.145,
  "LEM": 0.03,
  "LOAS": 0.7700298261853338,
  "LOEM": 0.046,
  "loss": 5.546914465725422
}