{
    "model_count": 3,
    "accuracy_mean": 0.7158218125960062,
    "accuracy_std": 0.0053212006376923806,
    "macro_fscore_mean": 0.6737144641586176,
    "macro_fscore_std": 0.006531920427462825,
    "micro_fscore_mean": 0.7321870682123858,
    "micro_fscore_std": 0.0017655399770912274,
    "label_per:cause_of_death_fscore_mean": 0.7962962962962963,
    "label_per:cause_of_death_fscore_std": 0.08018753738744806,
    "label_org:parents_fscore_mean": 0,
    "label_org:parents_fscore_std": 0.0,
    "label_org:number_of_employees/members_fscore_mean": 1.0,
    "label_org:number_of_employees/members_fscore_std": 0.0,
    "label_per:country_of_birth_fscore_mean": 0.3,
    "label_per:country_of_birth_fscore_std": 0.2645751311064591,
    "label_per:stateorprovinces_of_residence_fscore_mean": 0.5978835978835979,
    "label_per:stateorprovinces_of_residence_fscore_std": 0.278720998752718,
    "label_per:alternate_names_fscore_mean": 0.37777777777777777,
    "label_per:alternate_names_fscore_std": 0.03849001794597508,
    "label_per:city_of_death_fscore_mean": 0.7777777777777778,
    "label_per:city_of_death_fscore_std": 0.1924500897298753,
    "label_per:cities_of_residence_fscore_mean": 0.6152882205513784,
    "label_per:cities_of_residence_fscore_std": 0.10806772261829768,
    "label_org:political/religious_affiliation_fscore_mean": 0.913888888888889,
    "label_org:political/religious_affiliation_fscore_std": 0.03367876570272811,
    "label_per:city_of_birth_fscore_mean": 0.8857142857142857,
    "label_per:city_of_birth_fscore_std": 0.10301575072754254,
    "label_org:website_fscore_mean": 1.0,
    "label_org:website_fscore_std": 0.0,
    "label_per:stateorprovince_of_death_fscore_mean": 0.8222222222222222,
    "label_per:stateorprovince_of_death_fscore_std": 0.16777409856157224,
    "label_org:subsidiaries_fscore_mean": 0.1904761904761905,
    "label_org:subsidiaries_fscore_std": 0.32991443953692906,
    "label_org:city_of_headquarters_fscore_mean": 0.5052910052910053,
    "label_org:city_of_headquarters_fscore_std": 0.0636571926746877,
    "label_per:children_fscore_mean": 0.46428571428571436,
    "label_per:children_fscore_std": 0.18557687223952263,
    "label_per:age_fscore_mean": 1.0,
    "label_per:age_fscore_std": 0.0,
    "label_org:stateorprovince_of_headquarters_fscore_mean": 0.8671023965141613,
    "label_org:stateorprovince_of_headquarters_fscore_std": 0.037735311711740244,
    "label_per:origin_fscore_mean": 0.6222222222222221,
    "label_per:origin_fscore_std": 0.03849001794597497,
    "label_per:title_fscore_mean": 0.923076923076923,
    "label_per:title_fscore_std": 0.0,
    "label_per:spouse_fscore_mean": 0.8666666666666667,
    "label_per:spouse_fscore_std": 0.11547005383792514,
    "label_org:dissolved_fscore_mean": 0,
    "label_org:dissolved_fscore_std": 0.0,
    "label_per:schools_attended_fscore_mean": 0.9411764705882353,
    "label_per:schools_attended_fscore_std": 0.0,
    "label_org:country_of_headquarters_fscore_mean": 0.6527777777777778,
    "label_org:country_of_headquarters_fscore_std": 0.024056261216234387,
    "label_org:alternate_names_fscore_mean": 0.9030303030303031,
    "label_org:alternate_names_fscore_std": 0.10013764631429269,
    "label_org:members_fscore_mean": 0.3396825396825397,
    "label_org:members_fscore_std": 0.0574067978413496,
    "label_per:charges_fscore_mean": 0.9487179487179487,
    "label_per:charges_fscore_std": 0.044411559168432785,
    "label_per:employee_of_fscore_mean": 0.33862433862433866,
    "label_per:employee_of_fscore_std": 0.3000517857938164,
    "label_per:siblings_fscore_mean": 0.7919191919191919,
    "label_per:siblings_fscore_std": 0.12141397334397348,
    "label_org:top_members/employees_fscore_mean": 0.6405228758169935,
    "label_org:top_members/employees_fscore_std": 0.04528237405408833,
    "label_per:religion_fscore_mean": 0.75,
    "label_per:religion_fscore_std": 0.0,
    "label_org:member_of_fscore_mean": 0.6404761904761904,
    "label_org:member_of_fscore_std": 0.09592017656420794,
    "label_per:date_of_birth_fscore_mean": 0.9743589743589743,
    "label_per:date_of_birth_fscore_std": 0.044411559168432785,
    "label_org:founded_by_fscore_mean": 0.9333333333333333,
    "label_org:founded_by_fscore_std": 0.11547005383792514,
    "label_per:parents_fscore_mean": 0.875,
    "label_per:parents_fscore_std": 0.0,
    "label_org:shareholders_fscore_mean": 0.611111111111111,
    "label_org:shareholders_fscore_std": 0.0962250448649376,
    "label_org:founded_fscore_mean": 1.0,
    "label_org:founded_fscore_std": 0.0,
    "label_per:countries_of_residence_fscore_mean": 0.2571428571428572,
    "label_per:countries_of_residence_fscore_std": 0.04948716593053937,
    "label_per:date_of_death_fscore_mean": 0.9237472766884531,
    "label_per:date_of_death_fscore_std": 0.030188249369392153,
    "label_per:other_family_fscore_mean": 0.22727272727272727,
    "label_per:other_family_fscore_std": 0.09216306864088211,
    "loss_mean": 1.1829670293345338,
    "loss_std": 0.03694833247434349
}