{
    "model_count": 5,
    "accuracy_mean": 0.7216589861751151,
    "accuracy_std": 0.014053410766799005,
    "macro_fscore_mean": 0.6703357443628937,
    "macro_fscore_std": 0.03290904591012246,
    "micro_fscore_mean": 0.7378752733077142,
    "micro_fscore_std": 0.018854426952683256,
    "label_per:charges_fscore_mean": 0.9328671328671329,
    "label_per:charges_fscore_std": 0.03817438899008724,
    "label_per:other_family_fscore_mean": 0.2883394383394383,
    "label_per:other_family_fscore_std": 0.18640219300515987,
    "label_per:city_of_death_fscore_mean": 0.8666666666666667,
    "label_per:city_of_death_fscore_std": 0.18257418583505539,
    "label_per:date_of_death_fscore_mean": 0.9147058823529411,
    "label_per:date_of_death_fscore_std": 0.03624634571725363,
    "label_per:title_fscore_mean": 0.9051282051282051,
    "label_per:title_fscore_std": 0.04013455344230388,
    "label_org:city_of_headquarters_fscore_mean": 0.6533333333333333,
    "label_org:city_of_headquarters_fscore_std": 0.15018507101425083,
    "label_org:number_of_employees/members_fscore_mean": 0.9777777777777777,
    "label_org:number_of_employees/members_fscore_std": 0.0496903994999953,
    "label_org:stateorprovince_of_headquarters_fscore_mean": 0.8477777777777777,
    "label_org:stateorprovince_of_headquarters_fscore_std": 0.04398196880821637,
    "label_per:origin_fscore_mean": 0.5033333333333333,
    "label_per:origin_fscore_std": 0.17888543819998318,
    "label_org:members_fscore_mean": 0.4292929292929293,
    "label_org:members_fscore_std": 0.14497676863037698,
    "label_per:children_fscore_mean": 0.49333333333333335,
    "label_per:children_fscore_std": 0.10903618155864081,
    "label_org:country_of_headquarters_fscore_mean": 0.7766666666666666,
    "label_org:country_of_headquarters_fscore_std": 0.07031674369909667,
    "label_per:religion_fscore_mean": 0.7468253968253968,
    "label_per:religion_fscore_std": 0.13186311492740216,
    "label_org:alternate_names_fscore_mean": 0.8832323232323233,
    "label_org:alternate_names_fscore_std": 0.047343467747659,
    "label_org:parents_fscore_mean": 0.08,
    "label_org:parents_fscore_std": 0.17888543819998318,
    "label_org:shareholders_fscore_mean": 0.6212121212121212,
    "label_org:shareholders_fscore_std": 0.0946211817939151,
    "label_per:employee_of_fscore_mean": 0.1142857142857143,
    "label_per:employee_of_fscore_std": 0.25555062599997597,
    "label_per:cities_of_residence_fscore_mean": 0.5543570155334862,
    "label_per:cities_of_residence_fscore_std": 0.024507244747816518,
    "label_per:cause_of_death_fscore_mean": 0.75,
    "label_per:cause_of_death_fscore_std": 0.0,
    "label_per:country_of_birth_fscore_mean": 0.2,
    "label_per:country_of_birth_fscore_std": 0.27386127875258304,
    "label_per:parents_fscore_mean": 0.8880392156862745,
    "label_per:parents_fscore_std": 0.046380683695577435,
    "label_org:political/religious_affiliation_fscore_mean": 0.9119413919413919,
    "label_org:political/religious_affiliation_fscore_std": 0.09916583750651647,
    "label_org:website_fscore_mean": 1.0,
    "label_org:website_fscore_std": 0.0,
    "label_per:age_fscore_mean": 1.0,
    "label_per:age_fscore_std": 0.0,
    "label_per:alternate_names_fscore_mean": 0.3638095238095238,
    "label_per:alternate_names_fscore_std": 0.05233764443441556,
    "label_per:siblings_fscore_mean": 0.7748584748584748,
    "label_per:siblings_fscore_std": 0.2759697039675349,
    "label_per:spouse_fscore_mean": 0.92,
    "label_per:spouse_fscore_std": 0.1095445115010332,
    "label_org:member_of_fscore_mean": 0.3761904761904762,
    "label_org:member_of_fscore_std": 0.2510747871707441,
    "label_org:founded_by_fscore_mean": 0.9818181818181818,
    "label_org:founded_by_fscore_std": 0.0406557814090871,
    "label_org:dissolved_fscore_mean": 0,
    "label_org:dissolved_fscore_std": 0.0,
    "label_per:stateorprovinces_of_residence_fscore_mean": 0.466031746031746,
    "label_per:stateorprovinces_of_residence_fscore_std": 0.16491750306389683,
    "label_org:subsidiaries_fscore_mean": 0.5433333333333333,
    "label_org:subsidiaries_fscore_std": 0.32437975001874303,
    "label_per:stateorprovince_of_death_fscore_mean": 0.7933333333333333,
    "label_per:stateorprovince_of_death_fscore_std": 0.21653842358548953,
    "label_org:founded_fscore_mean": 0.9714285714285714,
    "label_org:founded_fscore_std": 0.06388765649999402,
    "label_org:top_members/employees_fscore_mean": 0.634313725490196,
    "label_org:top_members/employees_fscore_std": 0.0331290597825553,
    "label_per:countries_of_residence_fscore_mean": 0.31383838383838386,
    "label_per:countries_of_residence_fscore_std": 0.07541978564628744,
    "label_per:city_of_birth_fscore_mean": 0.77,
    "label_per:city_of_birth_fscore_std": 0.17888543819998318,
    "label_per:date_of_birth_fscore_mean": 0.9538461538461538,
    "label_per:date_of_birth_fscore_std": 0.04213250442347435,
    "label_per:schools_attended_fscore_mean": 0.9411764705882353,
    "label_per:schools_attended_fscore_std": 0.0,
    "loss_mean": 1.1830641028072153,
    "loss_std": 0.11334821573783317
}