{
    "model_count": 5,
    "UAS_mean": 0.665858658948384,
    "UAS_std": 0.01023865297587197,
    "LAS_mean": 0.4639049686444766,
    "LAS_std": 0.007175286895584533,
    "UEM_mean": 0.0698,
    "UEM_std": 0.004207136793592523,
    "LEM_mean": 0.0088,
    "LEM_std": 0.0019235384061671345,
    "LOAS_mean": 0.5711649782923299,
    "LOAS_std": 0.011376361381237434,
    "LOEM_mean": 0.0104,
    "LOEM_std": 0.0019493588689617925,
    "loss_mean": 7.859381633996963,
    "loss_std": 1.190346502888586
}