{
  "UAS": 0.6631090207428847,
  "LAS": 0.4541726965750121,
  "UEM": 0.064,
  "LEM": 0.008,
  "LOAS": 0.5622889532079113,
  "LOEM": 0.009,
  "loss": 9.065877944231033
}