{
  "UAS": 0.6595513748191028,
  "LAS": 0.46852387843704774,
  "UEM": 0.073,
  "LEM": 0.009,
  "LOAS": 0.5821273516642547,
  "LOEM": 0.011,
  "loss": 6.207313105463982
}