{
  "UAS": 0.661058851905451,
  "LAS": 0.46261456825856245,
  "UEM": 0.071,
  "LEM": 0.008,
  "LOAS": 0.5688012542209359,
  "LOEM": 0.011,
  "loss": 8.964581608772278
}