{
  "UAS": 0.6615412445730825,
  "LAS": 0.4729257115291848,
  "UEM": 0.067,
  "LEM": 0.012,
  "LOAS": 0.5838157260009648,
  "LOEM": 0.013,
  "loss": 7.677408963441849
}