{
  "accuracy": 0.9133858267716536,
  "macro_fscore": 0.5813278502890518,
  "micro_fscore": 0.9186991869918699,
  "loss": 0.32734100078232586
}