{
  "accuracy": 0.9212598425196851,
  "macro_fscore": 0.40978570543787934,
  "micro_fscore": 0.9274193548387096,
  "loss": 0.315818045346532
}