{
  "accuracy": 0.9291338582677166,
  "macro_fscore": 0.5342229199372056,
  "micro_fscore": 0.9435483870967742,
  "loss": 0.29421237646602094
}