{
    "model_count": 5,
    "UAS_mean": 0.5112551027020023,
    "UAS_std": 0.017085043239161303,
    "LAS_mean": 0.3584397071211041,
    "LAS_std": 0.014938191059805242,
    "UEM_mean": 0.02725173210161663,
    "UEM_std": 0.0033267575729533337,
    "LEM_mean": 0.0018475750577367205,
    "LEM_std": 0.0006324740848789446,
    "LOAS_mean": 0.5604613490572151,
    "LOAS_std": 0.010438487373973251,
    "LOEM_mean": 0.003233256351039261,
    "LOEM_std": 0.000966120123018563,
    "loss_mean": 12.230090928077697,
    "loss_std": 1.5741580802720083
}