{
  "UAS": 0.5144819542538716,
  "LAS": 0.3639603447158686,
  "UEM": 0.02771362586605081,
  "LEM": 0.0023094688221709007,
  "LOAS": 0.5659949458951598,
  "LOEM": 0.004618937644341801,
  "loss": 11.929180434771947
}