{
  "UAS": 0.5177865612648221,
  "LAS": 0.3660986198406013,
  "UEM": 0.021939953810623556,
  "LEM": 0.0011547344110854503,
  "LOAS": 0.5696883302015162,
  "LOEM": 0.0023094688221709007,
  "loss": 15.009738888059344
}