{
    "model_count": 5,
    "accuracy_mean": 0.4674509803921569,
    "accuracy_std": 0.0370375496568395,
    "macro_fscore_mean": 0.4275173967666152,
    "macro_fscore_std": 0.04720341574196497,
    "micro_fscore_mean": 0.4774270629394033,
    "micro_fscore_std": 0.051276996595946096,
    "label_org:subsidiaries_fscore_mean": 0.24207792207792206,
    "label_org:subsidiaries_fscore_std": 0.10454989100855384,
    "label_per:stateorprovince_of_birth_fscore_mean": 0.4666666666666667,
    "label_per:stateorprovince_of_birth_fscore_std": 0.27386127875258304,
    "label_per:age_fscore_mean": 0.9284656084656085,
    "label_per:age_fscore_std": 0.02636333315870691,
    "label_org:country_of_headquarters_fscore_mean": 0.3665223665223665,
    "label_org:country_of_headquarters_fscore_std": 0.13775185330196904,
    "label_per:cities_of_residence_fscore_mean": 0.127296918767507,
    "label_per:cities_of_residence_fscore_std": 0.010840598510131907,
    "label_org:members_fscore_mean": 0.1521843825249398,
    "label_org:members_fscore_std": 0.09495495557960901,
    "label_org:dissolved_fscore_mean": 0,
    "label_org:dissolved_fscore_std": 0.0,
    "label_per:cause_of_death_fscore_mean": 0.715072463768116,
    "label_per:cause_of_death_fscore_std": 0.08413040357512311,
    "label_per:spouse_fscore_mean": 0.5765834165834166,
    "label_per:spouse_fscore_std": 0.23782797805045086,
    "label_org:top_members/employees_fscore_mean": 0.5816666666666667,
    "label_org:top_members/employees_fscore_std": 0.060495638042938456,
    "label_per:date_of_death_fscore_mean": 0.5109803921568628,
    "label_per:date_of_death_fscore_std": 0.11721817248854055,
    "label_per:children_fscore_mean": 0.6670505964623612,
    "label_per:children_fscore_std": 0.11397442691957717,
    "label_per:country_of_birth_fscore_mean": 0.4888888888888889,
    "label_per:country_of_birth_fscore_std": 0.1030402055055078,
    "label_org:founded_by_fscore_mean": 0.19047619047619047,
    "label_org:founded_by_fscore_std": 0.18120283419467093,
    "label_per:origin_fscore_mean": 0.2563574660633484,
    "label_per:origin_fscore_std": 0.11085378879235708,
    "label_per:employee_of_fscore_mean": 0.4325601333650869,
    "label_per:employee_of_fscore_std": 0.12653649605310152,
    "label_per:countries_of_residence_fscore_mean": 0.43081822202565234,
    "label_per:countries_of_residence_fscore_std": 0.1305429629531487,
    "label_per:siblings_fscore_mean": 0.5426416720534367,
    "label_per:siblings_fscore_std": 0.16173847666114707,
    "label_org:founded_fscore_mean": 0.5123809523809524,
    "label_org:founded_fscore_std": 0.0468509480999956,
    "label_org:alternate_names_fscore_mean": 0.5902287581699347,
    "label_org:alternate_names_fscore_std": 0.08495635298751629,
    "label_org:parents_fscore_mean": 0.04444444444444444,
    "label_org:parents_fscore_std": 0.09938079899999064,
    "label_per:stateorprovince_of_death_fscore_mean": 0.6490476190476191,
    "label_per:stateorprovince_of_death_fscore_std": 0.17453858834327057,
    "label_per:charges_fscore_mean": 0.39761904761904765,
    "label_per:charges_fscore_std": 0.2831732240695295,
    "label_org:city_of_headquarters_fscore_mean": 0.34791208791208794,
    "label_org:city_of_headquarters_fscore_std": 0.1323699243953635,
    "label_org:stateorprovince_of_headquarters_fscore_mean": 0.3679120879120879,
    "label_org:stateorprovince_of_headquarters_fscore_std": 0.14874875625977466,
    "label_org:shareholders_fscore_mean": 0.04444444444444444,
    "label_org:shareholders_fscore_std": 0.09938079899999064,
    "label_per:city_of_death_fscore_mean": 0.6426373626373627,
    "label_per:city_of_death_fscore_std": 0.14655072940897668,
    "label_per:city_of_birth_fscore_mean": 0.6830266843579537,
    "label_per:city_of_birth_fscore_std": 0.12448371288486787,
    "label_per:schools_attended_fscore_mean": 0.621010101010101,
    "label_per:schools_attended_fscore_std": 0.10848691757333138,
    "label_org:political/religious_affiliation_fscore_mean": 0.34761904761904766,
    "label_org:political/religious_affiliation_fscore_std": 0.22054354622684594,
    "label_per:date_of_birth_fscore_mean": 0.8190649350649352,
    "label_per:date_of_birth_fscore_std": 0.06741388189700752,
    "label_per:other_family_fscore_mean": 0.16531721460514032,
    "label_per:other_family_fscore_std": 0.04764952769485949,
    "label_per:parents_fscore_mean": 0.3908187134502924,
    "label_per:parents_fscore_std": 0.1943711773321261,
    "label_per:stateorprovinces_of_residence_fscore_mean": 0.30534798534798535,
    "label_per:stateorprovinces_of_residence_fscore_std": 0.16863300863688213,
    "label_per:title_fscore_mean": 0.6173925729442971,
    "label_per:title_fscore_std": 0.08670532283488293,
    "label_per:alternate_names_fscore_mean": 0.23296703296703297,
    "label_per:alternate_names_fscore_std": 0.07222715044024168,
    "label_org:website_fscore_mean": 0.7155244755244755,
    "label_org:website_fscore_std": 0.13233090173283635,
    "label_org:member_of_fscore_mean": 0.18974358974358976,
    "label_org:member_of_fscore_std": 0.12736906878994658,
    "label_org:number_of_employees/members_fscore_mean": 0.6065934065934065,
    "label_org:number_of_employees/members_fscore_std": 0.0909723755386103,
    "label_per:religion_fscore_mean": 0.13333333333333336,
    "label_per:religion_fscore_std": 0.18257418583505539,
    "loss_mean": 2.824503584951162,
    "loss_std": 0.23425096841443338
}