{
  "accuracy": 0.9263157894736842,
  "macro_fscore": 0.44480676328502416,
  "micro_fscore": 0.935483870967742,
  "loss": 0.34729641703112674
}