{
  "accuracy": 0.9368421052631579,
  "macro_fscore": 0.4423232323232324,
  "micro_fscore": 0.9433962264150944,
  "loss": 0.36391686911429133
}