{
  "UAS": 0.4721138109026816,
  "LAS": 0.3494061857400646,
  "UEM": 0.002,
  "LEM": 0.0,
  "LOAS": 0.5544504595241093,
  "LOEM": 0.001,
  "loss": 10.423649996519089
}