{
  "UAS": 0.5074908724663225,
  "LAS": 0.37907591590079315,
  "UEM": 0.002,
  "LEM": 0.001,
  "LOAS": 0.5669981954761005,
  "LOEM": 0.002,
  "loss": 9.455747038125992
}