{
    "model_count": 10,
    "em_accuracy_mean": 0.4149318018664752,
    "em_accuracy_std": 0.011011318846464247,
    "loss_mean": 1.8591860078743525,
    "loss_std": 0.029817694625967152
}