{
  "em_accuracy": 0.41385498923187364,
  "loss": 1.8619346727643695
}