{
  "em_accuracy": 0.41852117731514715,
  "loss": 1.8147527027130126
}