{
  "em_accuracy": 0.41888011486001436,
  "loss": 1.8331846679959978
}