{
  "em_accuracy": 0.3962670495333812,
  "loss": 1.9080410317012242
}