{
  "em_accuracy": 0.4296482412060301,
  "loss": 1.8384141731262207
}