{
  "em_accuracy": 0.4066762383345298,
  "loss": 1.852503275871277
}