{
  "em_accuracy": 0.39985642498205315,
  "loss": 1.845725633757455
}