{
    "model_count": 5,
    "UAS_mean": 0.2650089152330008,
    "UAS_std": 0.03556937308887986,
    "LAS_mean": 0.20685268179846755,
    "LAS_std": 0.02773262137011107,
    "UEM_mean": 0.0028,
    "UEM_std": 0.00044721359549995795,
    "LEM_mean": 0.0026,
    "LEM_std": 0.0008944271909999159,
    "LOAS_mean": 0.5262204231121392,
    "LOAS_std": 0.009763092324852922,
    "LOEM_mean": 0.0028,
    "LOEM_std": 0.0010954451150103322,
    "loss_mean": 13.941504621505738,
    "loss_std": 0.7161964405589613
}