{
  "UAS": 0.30967182304467256,
  "LAS": 0.24109681461134402,
  "UEM": 0.003,
  "LEM": 0.003,
  "LOAS": 0.5370343597898897,
  "LOEM": 0.003,
  "loss": 14.426297008991241
}