{
  "UAS": 0.23251891475109634,
  "LAS": 0.18326827622765168,
  "UEM": 0.003,
  "LEM": 0.003,
  "LOAS": 0.5112042793118404,
  "LOEM": 0.003,
  "loss": 13.795942425727844
}