{
  "UAS": 0.28808250204809405,
  "LAS": 0.22702520360464556,
  "UEM": 0.003,
  "LEM": 0.003,
  "LOAS": 0.5266734133294781,
  "LOEM": 0.004,
  "loss": 14.857085108757019
}