{
  "UAS": 0.2680834658570671,
  "LAS": 0.20668883427304707,
  "UEM": 0.003,
  "LEM": 0.003,
  "LOAS": 0.5320707435786227,
  "LOEM": 0.003,
  "loss": 13.60562527179718
}