{
    "model_count": 5,
    "UAS_mean": 0.4544042708080563,
    "UAS_std": 0.010151241672462563,
    "LAS_mean": 0.4006632694329855,
    "LAS_std": 0.010815278886254548,
    "UEM_mean": 0.0732,
    "UEM_std": 0.003346640106136305,
    "LEM_mean": 0.037,
    "LEM_std": 0.0015811388300841888,
    "loss_mean": 1.7956095752261934,
    "loss_std": 0.01742617254862239
}