{
  "UAS": 0.44952681388012616,
  "LAS": 0.3946453126263852,
  "UEM": 0.071,
  "LEM": 0.036,
  "loss": 1.7930134175315735
}