{
  "UAS": 0.45474399417617084,
  "LAS": 0.40119712044002265,
  "UEM": 0.071,
  "LEM": 0.035,
  "loss": 1.8016279178952415
}