{
  "UAS": 0.47071908112917576,
  "LAS": 0.41858772142683814,
  "UEM": 0.073,
  "LEM": 0.038,
  "loss": 1.7677399676943581
}