{
  "UAS": 0.44337943864757745,
  "LAS": 0.3903987705249535,
  "UEM": 0.079,
  "LEM": 0.039,
  "loss": 1.814767701285226
}