{
    "model_count": 5,
    "em_accuracy_mean": 0.40928632846087704,
    "em_accuracy_std": 0.005296565953733527,
    "loss_mean": 0.0,
    "loss_std": 0.0
}