{
  "UAS": 0.7469978165938864,
  "LAS": 0.5816048034934498,
  "UEM": 0.078,
  "LEM": 0.012,
  "LOAS": 0.6749454148471615,
  "LOEM": 0.016,
  "loss": 4.670160293579102
}