{
    "model_count": 4,
    "UAS_mean": 0.757209788937409,
    "UAS_std": 0.0069242369441225235,
    "LAS_mean": 0.5885644104803494,
    "LAS_std": 0.004658134415376591,
    "UEM_mean": 0.0745,
    "UEM_std": 0.008698658900466593,
    "LEM_mean": 0.0085,
    "LEM_std": 0.0025166114784235835,
    "LOAS_mean": 0.6788118631732168,
    "LOAS_std": 0.003164143249821469,
    "LOEM_mean": 0.0135,
    "LOEM_std": 0.0019148542155126764,
    "loss_mean": 5.602582156658173,
    "loss_std": 0.6237787349683714
}