{"model_count": 5, "accuracy_mean": 0.799, "accuracy_std": 0.016355427233796103, "loss_mean": 0.9847671908991678, "loss_std": 0.21352159931498418}