{
    "model_count": 5,
    "UAS_mean": 0.443217665615142,
    "UAS_std": 0.010016424244780397,
    "LAS_mean": 0.39115101512577855,
    "LAS_std": 0.010566709663880295,
    "UEM_mean": 0.0594,
    "UEM_std": 0.0035071355833500364,
    "LEM_mean": 0.0298,
    "LEM_std": 0.0025884358211089578,
    "loss_mean": 1.6842224760661049,
    "loss_std": 0.024265793700836535
}