{
  "UAS": 0.43779826902855296,
  "LAS": 0.3855051362937798,
  "UEM": 0.055,
  "LEM": 0.029,
  "loss": 1.711452847435361
}