{
  "UAS": 0.4396586589015611,
  "LAS": 0.3893472458141228,
  "UEM": 0.06,
  "LEM": 0.03,
  "loss": 1.6971840498939392
}