{
  "UAS": 0.45668527056539676,
  "LAS": 0.40479657041171235,
  "UEM": 0.064,
  "LEM": 0.033,
  "loss": 1.6620863278706868
}