{
  "UAS": 0.4501334627517593,
  "LAS": 0.39820431933996603,
  "UEM": 0.061,
  "LEM": 0.031,
  "loss": 1.6552847245382885
}