{
  "UAS": 0.4318126668284397,
  "LAS": 0.37790180376931165,
  "UEM": 0.057,
  "LEM": 0.026,
  "loss": 1.6951044305922494
}