{
  "accuracy": 0.9794801641586868,
  "macro_fscore": 0.9732243276291673,
  "micro_fscore": 0.9851169383416017,
  "loss": 0.09094148347313698
}