{
  "accuracy": 0.9794801641586868,
  "macro_fscore": 0.9716942444505025,
  "micro_fscore": 0.9829787234042554,
  "loss": 0.09311964818390032
}