{
  "accuracy": 0.9822161422708618,
  "macro_fscore": 0.9768643368658002,
  "micro_fscore": 0.9851169383416017,
  "loss": 0.11542245044329716
}