{
  "accuracy": 0.857566765578635,
  "macro_fscore": 0.5590572555557639,
  "micro_fscore": 0.8626865671641791,
  "loss": 1.1661086873236028
}