{
  "accuracy": 0.884272997032641,
  "macro_fscore": 0.5556229182102281,
  "micro_fscore": 0.8908819133034379,
  "loss": 0.523171886865219
}