{
  "accuracy": 0.8635014836795252,
  "macro_fscore": 0.5446427666618486,
  "micro_fscore": 0.875187969924812,
  "loss": 0.6273470145904205
}