{
  "accuracy": 0.887240356083086,
  "macro_fscore": 0.5253504761565441,
  "micro_fscore": 0.8898809523809523,
  "loss": 0.6242698555367745
}