{
  "accuracy": 0.8635014836795252,
  "macro_fscore": 0.5893178201119305,
  "micro_fscore": 0.87125748502994,
  "loss": 0.7254008240005615
}