{
  "UAS": 0.5933430397152795,
  "LAS": 0.548167920407668,
  "UEM": 0.008,
  "LEM": 0.005,
  "LOAS": 0.7639731456766157,
  "LOEM": 0.011,
  "loss": 9.322518795728683
}