{
  "accuracy": 0.640299239636988,
  "macro_fscore": 0.5787055268745528,
  "micro_fscore": 0.640299239636988,
  "label_sport_fscore": 0.40607734806629836,
  "label_educated_at_fscore": 0.9032258064516129,
  "label_sibling_fscore": 0.48547008547008547,
  "label_creator_fscore": 0.10937499999999999,
  "label_student_of_fscore": 0.17910447761194032,
  "label_place_of_death_fscore": 0.7512195121951221,
  "label_owned_by_fscore": 0.0425531914893617,
  "label_material_used_fscore": 0.9210526315789475,
  "label_subsidiary_fscore": 0.6666666666666667,
  "label_award_received_fscore": 0.83271375464684,
  "label_original_language_of_film_or_TV_show_fscore": 0.7756653992395437,
  "label_founded_by_fscore": 0.6461538461538461,
  "label_screenwriter_fscore": 0.5935483870967742,
  "label_contains_administrative_territorial_entity_fscore": 0.7099236641221374,
  "label_mother_fscore": 0.679245283018868,
  "label_occupation_fscore": 0.2857142857142857,
  "label_parent_organization_fscore": 0.5538461538461539,
  "label_country_of_citizenship_fscore": 0.15238095238095237,
  "label_capital_fscore": 0.8464912280701754,
  "label_position_held_fscore": 0.7841409691629957,
  "label_composer_fscore": 0.5638629283489096,
  "label_shares_border_with_fscore": 0.794979079497908,
  "label_participant_fscore": 0.7222222222222222,
  "label_father_fscore": 0.7438423645320198,
  "label_winner_fscore": 0.9166666666666666,
  "label_publisher_fscore": 0.7407407407407408,
  "label_manner_of_death_fscore": 0.44776119402985076,
  "label_child_fscore": 0.5844845908607864,
  "label_writing_system_fscore": 0.7058823529411764,
  "label_director_fscore": 0.8106312292358804,
  "label_member_of_fscore": 0.6442953020134228,
  "label_producer_fscore": 0.30903790087463556,
  "label_capital_of_fscore": 0.851063829787234,
  "label_league_fscore": 0.11563169164882228,
  "label_member_of_political_party_fscore": 0.5742296918767508,
  "label_named_after_fscore": 0.2545454545454546,
  "label_located_in_or_next_to_body_of_water_fscore": 0.6863905325443787,
  "label_place_of_birth_fscore": 0.7790697674418604,
  "label_tributary_fscore": 0.7209302325581396,
  "label_color_fscore": 0.9247311827956989,
  "label_member_of_sports_team_fscore": 0.8875,
  "label_discoverer_or_inventor_fscore": 0.5154639175257733,
  "label_performer_fscore": 0.04838709677419355,
  "label_production_company_fscore": 0.7576923076923077,
  "label_spouse_fscore": 0.704111175448755,
  "label_employer_fscore": 0.3087885985748218,
  "label_nominated_for_fscore": 0,
  "label_present_in_work_fscore": 0.3050847457627119,
  "label_genre_fscore": 0.611111111111111,
  "label_ethnic_group_fscore": 0.22222222222222224,
  "label_continent_fscore": 0.9380530973451328,
  "loss": 1.4255941257757299
}