{
  "accuracy": 0.7017055342847198,
  "macro_fscore": 0.619822011244208,
  "micro_fscore": 0.7017055342847198,
  "label_employer_fscore": 0.6,
  "label_ethnic_group_fscore": 0,
  "label_nominated_for_fscore": 0,
  "label_member_of_fscore": 0.38297872340425526,
  "label_composer_fscore": 0.49833887043189373,
  "label_material_used_fscore": 0.8756756756756757,
  "label_place_of_death_fscore": 0.8307692307692307,
  "label_color_fscore": 0.927536231884058,
  "label_sibling_fscore": 0.5263157894736842,
  "label_parent_organization_fscore": 0.6363636363636364,
  "label_performer_fscore": 0.15277777777777776,
  "label_subsidiary_fscore": 0.7857142857142856,
  "label_position_held_fscore": 0.8533333333333334,
  "label_winner_fscore": 0.9285714285714286,
  "label_student_of_fscore": 0.29411764705882354,
  "label_capital_of_fscore": 0.888888888888889,
  "label_owned_by_fscore": 0.125,
  "label_participant_fscore": 0.7499999999999999,
  "label_located_in_or_next_to_body_of_water_fscore": 0.7916666666666666,
  "label_publisher_fscore": 0.6666666666666666,
  "label_creator_fscore": 0.2857142857142857,
  "label_award_received_fscore": 0.8764044943820224,
  "label_production_company_fscore": 0.7317073170731707,
  "label_capital_fscore": 0.8867924528301887,
  "label_founded_by_fscore": 0.6363636363636364,
  "label_member_of_political_party_fscore": 0.8155844155844156,
  "label_producer_fscore": 0.5576923076923076,
  "label_league_fscore": 0.10071942446043167,
  "label_country_of_citizenship_fscore": 0.18181818181818182,
  "label_screenwriter_fscore": 0.3259259259259259,
  "label_sport_fscore": 0.5657894736842105,
  "label_tributary_fscore": 0.7142857142857143,
  "label_present_in_work_fscore": 0.3,
  "label_original_language_of_film_or_TV_show_fscore": 0.7975460122699386,
  "label_named_after_fscore": 0.625,
  "label_contains_administrative_territorial_entity_fscore": 0.6356589147286822,
  "label_continent_fscore": 0.8932038834951457,
  "label_genre_fscore": 0.7222222222222223,
  "label_child_fscore": 0.8851351351351352,
  "label_spouse_fscore": 0.8269794721407625,
  "label_father_fscore": 0.7999999999999998,
  "label_member_of_sports_team_fscore": 0.8,
  "label_educated_at_fscore": 0.8275862068965517,
  "label_writing_system_fscore": 1.0,
  "label_occupation_fscore": 0.43749999999999994,
  "label_shares_border_with_fscore": 0.8571428571428571,
  "label_discoverer_or_inventor_fscore": 0.631578947368421,
  "label_mother_fscore": 0.6082474226804124,
  "label_director_fscore": 0.8448471121177803,
  "label_manner_of_death_fscore": 0.07142857142857142,
  "label_place_of_birth_fscore": 0.8533333333333333,
  "loss": 1.102907238735093
}