{
  "accuracy": 0.7381653176355163,
  "macro_fscore": 0.6259666223470752,
  "micro_fscore": 0.7381653176355163,
  "label_employer_fscore": 0.6051282051282051,
  "label_ethnic_group_fscore": 0.5,
  "label_nominated_for_fscore": 0,
  "label_composer_fscore": 0.46397188049209137,
  "label_member_of_fscore": 0.6163522012578617,
  "label_material_used_fscore": 0.9255319148936171,
  "label_place_of_death_fscore": 0.7042253521126761,
  "label_color_fscore": 0.943661971830986,
  "label_sibling_fscore": 0.5572139303482587,
  "label_parent_organization_fscore": 0.5070422535211268,
  "label_performer_fscore": 0.19631901840490795,
  "label_subsidiary_fscore": 0.8163265306122449,
  "label_position_held_fscore": 0.8372093023255814,
  "label_winner_fscore": 0.6984126984126985,
  "label_student_of_fscore": 0.3076923076923077,
  "label_capital_of_fscore": 0.9253731343283582,
  "label_owned_by_fscore": 0.05128205128205128,
  "label_participant_fscore": 0.7428571428571428,
  "label_located_in_or_next_to_body_of_water_fscore": 0.5,
  "label_publisher_fscore": 0.47619047619047616,
  "label_creator_fscore": 0.28571428571428575,
  "label_award_received_fscore": 0.897119341563786,
  "label_production_company_fscore": 0.8883720930232558,
  "label_capital_fscore": 0.8564593301435407,
  "label_founded_by_fscore": 0.7187499999999999,
  "label_member_of_political_party_fscore": 0.9211356466876971,
  "label_producer_fscore": 0.6239316239316239,
  "label_league_fscore": 0.391304347826087,
  "label_country_of_citizenship_fscore": 0.27586206896551724,
  "label_screenwriter_fscore": 0.5915492957746478,
  "label_sport_fscore": 0.7221006564551422,
  "label_tributary_fscore": 0.625,
  "label_present_in_work_fscore": 0.3181818181818182,
  "label_original_language_of_film_or_TV_show_fscore": 0.9382716049382717,
  "label_named_after_fscore": 0.3928571428571429,
  "label_contains_administrative_territorial_entity_fscore": 0.6347305389221557,
  "label_continent_fscore": 0.8125,
  "label_genre_fscore": 0.6536585365853659,
  "label_child_fscore": 0.8453768453768453,
  "label_spouse_fscore": 0.7903682719546743,
  "label_father_fscore": 0.7493261455525606,
  "label_member_of_sports_team_fscore": 0.6525096525096525,
  "label_educated_at_fscore": 0.8669950738916257,
  "label_writing_system_fscore": 0.6923076923076923,
  "label_occupation_fscore": 0.4489795918367347,
  "label_shares_border_with_fscore": 0.7699530516431925,
  "label_discoverer_or_inventor_fscore": 0.7246376811594204,
  "label_mother_fscore": 0.7446808510638298,
  "label_director_fscore": 0.8187654320987653,
  "label_manner_of_death_fscore": 0.0425531914893617,
  "label_place_of_birth_fscore": 0.8555555555555555,
  "loss": 1.1842530303726009
}