{
  "accuracy": 0.7029678685307824,
  "macro_fscore": 0.6173197965082544,
  "micro_fscore": 0.7029678685307824,
  "label_employer_fscore": 0.7195121951219511,
  "label_ethnic_group_fscore": 0.36363636363636365,
  "label_nominated_for_fscore": 0,
  "label_composer_fscore": 0.6124137931034482,
  "label_member_of_fscore": 0.6037735849056604,
  "label_material_used_fscore": 0.9054726368159204,
  "label_place_of_death_fscore": 0.7902439024390244,
  "label_color_fscore": 0.9169675090252707,
  "label_sibling_fscore": 0.5987654320987654,
  "label_parent_organization_fscore": 0.4642857142857143,
  "label_performer_fscore": 0.18006430868167203,
  "label_subsidiary_fscore": 0.7164179104477612,
  "label_position_held_fscore": 0.8600000000000001,
  "label_winner_fscore": 0.8,
  "label_student_of_fscore": 0.2857142857142857,
  "label_capital_of_fscore": 0.8571428571428571,
  "label_owned_by_fscore": 0.05128205128205128,
  "label_participant_fscore": 0.5581395348837209,
  "label_located_in_or_next_to_body_of_water_fscore": 0.6086956521739131,
  "label_publisher_fscore": 0.6923076923076923,
  "label_creator_fscore": 0.4489795918367347,
  "label_award_received_fscore": 0.8560885608856088,
  "label_production_company_fscore": 0.8389830508474576,
  "label_capital_fscore": 0.8050632911392406,
  "label_founded_by_fscore": 0.7368421052631579,
  "label_member_of_political_party_fscore": 0.9404517453798767,
  "label_producer_fscore": 0.6431535269709544,
  "label_league_fscore": 0.12162162162162161,
  "label_country_of_citizenship_fscore": 0.21505376344086022,
  "label_screenwriter_fscore": 0.6486486486486487,
  "label_sport_fscore": 0.2750373692077728,
  "label_tributary_fscore": 0.6741573033707866,
  "label_present_in_work_fscore": 0.19672131147540983,
  "label_original_language_of_film_or_TV_show_fscore": 0.8088235294117647,
  "label_named_after_fscore": 0.3225806451612903,
  "label_contains_administrative_territorial_entity_fscore": 0.6111111111111112,
  "label_continent_fscore": 0.8015267175572519,
  "label_genre_fscore": 0.6387434554973822,
  "label_child_fscore": 0.83861459100958,
  "label_member_of_sports_team_fscore": 0.8855421686746988,
  "label_spouse_fscore": 0.6794258373205742,
  "label_father_fscore": 0.7923566878980893,
  "label_educated_at_fscore": 0.8491620111731844,
  "label_writing_system_fscore": 0.846153846153846,
  "label_occupation_fscore": 0.5317919075144508,
  "label_shares_border_with_fscore": 0.8416666666666667,
  "label_discoverer_or_inventor_fscore": 0.5952380952380952,
  "label_mother_fscore": 0.6491228070175439,
  "label_director_fscore": 0.8371352785145889,
  "label_manner_of_death_fscore": 0.08695652173913042,
  "label_place_of_birth_fscore": 0.8817204301075268,
  "loss": 1.2623195627156425
}