{
  "accuracy": 0.7459101983988862,
  "macro_fscore": 0.6681776225899658,
  "micro_fscore": 0.7459101983988863,
  "label_employer_fscore": 0.7027027027027027,
  "label_ethnic_group_fscore": 0,
  "label_nominated_for_fscore": 0,
  "label_composer_fscore": 0.5766871165644172,
  "label_member_of_fscore": 0.425,
  "label_material_used_fscore": 0.8877005347593584,
  "label_place_of_death_fscore": 0.8219178082191781,
  "label_color_fscore": 0.9436619718309859,
  "label_sibling_fscore": 0.60431654676259,
  "label_parent_organization_fscore": 0.7499999999999999,
  "label_performer_fscore": 0.36206896551724144,
  "label_subsidiary_fscore": 0.8799999999999999,
  "label_position_held_fscore": 0.8354430379746834,
  "label_winner_fscore": 0.8666666666666666,
  "label_student_of_fscore": 0.5263157894736842,
  "label_capital_of_fscore": 0.9090909090909091,
  "label_owned_by_fscore": 0.11111111111111112,
  "label_participant_fscore": 0.4444444444444444,
  "label_located_in_or_next_to_body_of_water_fscore": 0.6190476190476191,
  "label_publisher_fscore": 0.7499999999999999,
  "label_creator_fscore": 0.2,
  "label_award_received_fscore": 0.8666666666666666,
  "label_production_company_fscore": 0.8440366972477064,
  "label_capital_fscore": 0.8627450980392157,
  "label_founded_by_fscore": 0.742857142857143,
  "label_member_of_political_party_fscore": 0.9116945107398569,
  "label_producer_fscore": 0.6206896551724138,
  "label_league_fscore": 0.08536585365853658,
  "label_country_of_citizenship_fscore": 0.37499999999999994,
  "label_screenwriter_fscore": 0.5806451612903225,
  "label_sport_fscore": 0.379182156133829,
  "label_tributary_fscore": 0.6666666666666666,
  "label_present_in_work_fscore": 0.42857142857142855,
  "label_original_language_of_film_or_TV_show_fscore": 0.9171270718232044,
  "label_named_after_fscore": 0.6,
  "label_contains_administrative_territorial_entity_fscore": 0.7101449275362318,
  "label_continent_fscore": 0.8349514563106796,
  "label_genre_fscore": 0.8256880733944953,
  "label_child_fscore": 0.8859060402684564,
  "label_father_fscore": 0.7928994082840237,
  "label_spouse_fscore": 0.8644067796610171,
  "label_member_of_sports_team_fscore": 0.9291338582677166,
  "label_educated_at_fscore": 0.9375,
  "label_writing_system_fscore": 0.9090909090909091,
  "label_occupation_fscore": 0.48,
  "label_shares_border_with_fscore": 0.8192771084337349,
  "label_discoverer_or_inventor_fscore": 0.761904761904762,
  "label_mother_fscore": 0.748091603053435,
  "label_director_fscore": 0.8886227544910179,
  "label_manner_of_death_fscore": 0.6829268292682927,
  "label_place_of_birth_fscore": 0.9090909090909091,
  "loss": 0.9118235898100667
}