{
    "model_count": 5,
    "UAS_mean": 0.8279218039473067,
    "UAS_std": 0.0036851776152479815,
    "LAS_mean": 0.75512634194365,
    "LAS_std": 0.005550555624299669,
    "UEM_mean": 0.1036,
    "UEM_std": 0.011458621208504972,
    "LEM_mean": 0.0488,
    "LEM_std": 0.003768288736283355,
    "LOAS_mean": 0.87509258825184,
    "LOAS_std": 0.004346801668360917,
    "LOEM_mean": 0.1376,
    "LOEM_std": 0.014010710188994698,
    "loss_mean": 4.134756301343441,
    "loss_std": 0.3433004681155396
}