{
  "UAS": 0.8286062538090103,
  "LAS": 0.7588955041957715,
  "UEM": 0.09,
  "LEM": 0.045,
  "LOAS": 0.8790492710140172,
  "LOEM": 0.151,
  "loss": 4.041016593575478
}