{
  "UAS": 0.8301532980169706,
  "LAS": 0.7527542074914444,
  "UEM": 0.107,
  "LEM": 0.049,
  "LOAS": 0.8717359711218414,
  "LOEM": 0.132,
  "loss": 3.9676233902573586
}