{
    "model_count": 5,
    "em_accuracy_mean": 0.3319767441860465,
    "em_accuracy_std": 0.006286442229261224,
    "loss_mean": 0.0,
    "loss_std": 0.0
}