{
    "model_count": 5,
    "UAS_mean": 0.443381672323357,
    "UAS_std": 0.006854322706424905,
    "LAS_mean": 0.3331584901779286,
    "LAS_std": 0.007180721656309243,
    "UEM_mean": 0.0046,
    "UEM_std": 0.0008944271909999159,
    "LEM_mean": 0.0028,
    "LEM_std": 0.00044721359549995795,
    "loss_mean": 2.500425598734901,
    "loss_std": 0.02639367051355391
}