{
  "UAS": 0.4506325208269053,
  "LAS": 0.3427954335081765,
  "UEM": 0.005,
  "LEM": 0.003,
  "loss": 2.5201505668579585
}