{
  "UAS": 0.4454900750797079,
  "LAS": 0.33523603825979637,
  "UEM": 0.004,
  "LEM": 0.002,
  "loss": 2.489576814666627
}