{
  "UAS": 0.4482669957831945,
  "LAS": 0.3357502828345161,
  "UEM": 0.004,
  "LEM": 0.003,
  "loss": 2.468244929162283
}