{
  "UAS": 0.48441651007581155,
  "LAS": 0.3506123242402644,
  "UEM": 0.016166281755196306,
  "LEM": 0.003464203233256351,
  "LOAS": 0.563727078338625,
  "LOEM": 0.005773672055427252,
  "loss": 10.312699113573347
}