{
  "UAS": 0.4909609278818117,
  "LAS": 0.3590358323073932,
  "UEM": 0.018475750577367205,
  "LEM": 0.003464203233256351,
  "LOAS": 0.5661245383269617,
  "LOEM": 0.003464203233256351,
  "loss": 9.785025204930987
}