{
  "UAS": 0.4894706149160889,
  "LAS": 0.3510011015356703,
  "UEM": 0.02424942263279446,
  "LEM": 0.005773672055427252,
  "LOAS": 0.5541372383852783,
  "LOEM": 0.006928406466512702,
  "loss": 9.586913364274162
}