{"model_count": 10, "em_accuracy_mean": 0.8607935930105569, "em_accuracy_std": 0.0016308186764848022, "loss_mean": 1.0125920556312384, "loss_std": 0.0022247373636077603}