{
  "em_accuracy": 0.8585123164664482,
  "loss": 1.0119365995475489
}