{
  "em_accuracy": 0.8605751729159082,
  "loss": 1.0106393544710883
}