{
  "em_accuracy": 0.8622739958742871,
  "loss": 1.011222777787105
}