{
  "em_accuracy": 0.8610605509040165,
  "loss": 1.0120765147514121
}