{
  "accuracy": 0.7097111033762618,
  "macro_fscore": 0.6474860557289743,
  "micro_fscore": 0.7097111033762618,
  "label_continent_fscore": 0.8333333333333333,
  "label_present_in_work_fscore": 0.3870967741935484,
  "label_manner_of_death_fscore": 0.33333333333333337,
  "label_contains_administrative_territorial_entity_fscore": 0.7096774193548387,
  "label_discoverer_or_inventor_fscore": 0.7000000000000001,
  "label_nominated_for_fscore": 0,
  "label_founded_by_fscore": 0.7000000000000001,
  "label_shares_border_with_fscore": 0.888888888888889,
  "label_creator_fscore": 0.3333333333333333,
  "label_winner_fscore": 0.8387096774193548,
  "label_member_of_sports_team_fscore": 0.898550724637681,
  "label_employer_fscore": 0.8813559322033898,
  "label_owned_by_fscore": 0.18181818181818182,
  "label_named_after_fscore": 0.28571428571428575,
  "label_place_of_birth_fscore": 0.7733333333333334,
  "label_publisher_fscore": 0.8235294117647058,
  "label_writing_system_fscore": 0.9090909090909091,
  "label_student_of_fscore": 0.6153846153846154,
  "label_screenwriter_fscore": 0.5333333333333333,
  "label_country_of_citizenship_fscore": 0.5333333333333333,
  "label_located_in_or_next_to_body_of_water_fscore": 0.5499999999999999,
  "label_participant_fscore": 0.8,
  "label_member_of_fscore": 0.4931506849315069,
  "label_producer_fscore": 0.6376811594202898,
  "label_sibling_fscore": 0.7777777777777778,
  "label_league_fscore": 0.08187134502923978,
  "label_mother_fscore": 0.5858585858585859,
  "label_director_fscore": 0.8202866593164277,
  "label_father_fscore": 0.8040201005025126,
  "label_tributary_fscore": 0.7142857142857143,
  "label_award_received_fscore": 0.8913043478260869,
  "label_position_held_fscore": 0.8767123287671232,
  "label_sport_fscore": 0.30350194552529186,
  "label_capital_of_fscore": 0.8837209302325582,
  "label_parent_organization_fscore": 0.6666666666666667,
  "label_capital_fscore": 0.8737864077669903,
  "label_subsidiary_fscore": 0.888888888888889,
  "label_genre_fscore": 0.7586206896551724,
  "label_production_company_fscore": 0.6818181818181819,
  "label_original_language_of_film_or_TV_show_fscore": 0.7975460122699386,
  "label_child_fscore": 0.8789808917197452,
  "label_member_of_political_party_fscore": 0.9202733485193622,
  "label_composer_fscore": 0.4713804713804714,
  "label_place_of_death_fscore": 0.7017543859649122,
  "label_color_fscore": 0.9022556390977443,
  "label_educated_at_fscore": 0.8148148148148148,
  "label_spouse_fscore": 0.7491166077738516,
  "label_occupation_fscore": 0.5,
  "label_performer_fscore": 0.15384615384615385,
  "label_material_used_fscore": 0.882051282051282,
  "label_ethnic_group_fscore": 0,
  "loss": 1.2012346353795793
}