{
    "model_count": 5,
    "accuracy_mean": 0.6867410168390061,
    "accuracy_std": 0.025558965112434065,
    "macro_fscore_mean": 0.6021039536717834,
    "macro_fscore_std": 0.03867966901451183,
    "micro_fscore_mean": 0.6867410168390061,
    "micro_fscore_std": 0.0255589651124341,
    "label_continent_fscore_mean": 0.8554996984090053,
    "label_continent_fscore_std": 0.03913907986807576,
    "label_present_in_work_fscore_mean": 0.32963968226630463,
    "label_present_in_work_fscore_std": 0.17079350509167904,
    "label_manner_of_death_fscore_mean": 0.13750745378652357,
    "label_manner_of_death_fscore_std": 0.16838014997352077,
    "label_contains_administrative_territorial_entity_fscore_mean": 0.6553459670864175,
    "label_contains_administrative_territorial_entity_fscore_std": 0.05738578583890918,
    "label_discoverer_or_inventor_fscore_mean": 0.6369659442724458,
    "label_discoverer_or_inventor_fscore_std": 0.0673535086390876,
    "label_nominated_for_fscore_mean": 0,
    "label_nominated_for_fscore_std": 0.0,
    "label_founded_by_fscore_mean": 0.7461069946273521,
    "label_founded_by_fscore_std": 0.061933863323703556,
    "label_shares_border_with_fscore_mean": 0.8134610402081256,
    "label_shares_border_with_fscore_std": 0.08497398183503108,
    "label_creator_fscore_mean": 0.3005259361269591,
    "label_creator_fscore_std": 0.12081119769985335,
    "label_winner_fscore_mean": 0.8198172794946988,
    "label_winner_fscore_std": 0.07678085255558269,
    "label_member_of_sports_team_fscore_mean": 0.8703102636477505,
    "label_member_of_sports_team_fscore_std": 0.04971445317193621,
    "label_employer_fscore_mean": 0.603624353368313,
    "label_employer_fscore_std": 0.2502616203810091,
    "label_owned_by_fscore_mean": 0.09515816651791406,
    "label_owned_by_fscore_std": 0.049528995403422406,
    "label_named_after_fscore_mean": 0.3599188779454434,
    "label_named_after_fscore_std": 0.18063627842441554,
    "label_place_of_birth_fscore_mean": 0.7462976530060697,
    "label_place_of_birth_fscore_std": 0.18847513325239398,
    "label_publisher_fscore_mean": 0.6324396253124906,
    "label_publisher_fscore_std": 0.11648806164421525,
    "label_writing_system_fscore_mean": 0.8583873825979089,
    "label_writing_system_fscore_std": 0.10017473135309586,
    "label_student_of_fscore_mean": 0.3411111111111111,
    "label_student_of_fscore_std": 0.17632449631456323,
    "label_screenwriter_fscore_mean": 0.46255747579480216,
    "label_screenwriter_fscore_std": 0.19056175079297846,
    "label_country_of_citizenship_fscore_mean": 0.36643198609300304,
    "label_country_of_citizenship_fscore_std": 0.12711026244854234,
    "label_located_in_or_next_to_body_of_water_fscore_mean": 0.6026767099038891,
    "label_located_in_or_next_to_body_of_water_fscore_std": 0.12880730587733497,
    "label_participant_fscore_mean": 0.7138173302107729,
    "label_participant_fscore_std": 0.1724047913306899,
    "label_member_of_fscore_mean": 0.4881138601119508,
    "label_member_of_fscore_std": 0.25643367007701157,
    "label_producer_fscore_mean": 0.37347900203732204,
    "label_producer_fscore_std": 0.23608506153819314,
    "label_sibling_fscore_mean": 0.6788024590791751,
    "label_sibling_fscore_std": 0.059841067432702164,
    "label_league_fscore_mean": 0.19416146618979283,
    "label_league_fscore_std": 0.20204075770661467,
    "label_mother_fscore_mean": 0.6541297029379027,
    "label_mother_fscore_std": 0.05130194375596886,
    "label_director_fscore_mean": 0.7821127813509012,
    "label_director_fscore_std": 0.05287904534642929,
    "label_father_fscore_mean": 0.7748473865755384,
    "label_father_fscore_std": 0.035501502850181645,
    "label_tributary_fscore_mean": 0.6738855542216886,
    "label_tributary_fscore_std": 0.05029951200478785,
    "label_award_received_fscore_mean": 0.8953640087325854,
    "label_award_received_fscore_std": 0.004083316839809313,
    "label_position_held_fscore_mean": 0.7846205189272812,
    "label_position_held_fscore_std": 0.08338870420347781,
    "label_sport_fscore_mean": 0.46706219210017513,
    "label_sport_fscore_std": 0.25319299930070577,
    "label_capital_of_fscore_mean": 0.8216307480011364,
    "label_capital_of_fscore_std": 0.0777991447979238,
    "label_parent_organization_fscore_mean": 0.5468989715668482,
    "label_parent_organization_fscore_std": 0.11294508252648146,
    "label_capital_fscore_mean": 0.8719293061799085,
    "label_capital_fscore_std": 0.007132117923357599,
    "label_subsidiary_fscore_mean": 0.7438433667703072,
    "label_subsidiary_fscore_std": 0.11159363998768346,
    "label_genre_fscore_mean": 0.6668970913949474,
    "label_genre_fscore_std": 0.12102664561983123,
    "label_production_company_fscore_mean": 0.8491667382486303,
    "label_production_company_fscore_std": 0.0988390932897368,
    "label_original_language_of_film_or_TV_show_fscore_mean": 0.7965235881187619,
    "label_original_language_of_film_or_TV_show_fscore_std": 0.07732738457027796,
    "label_child_fscore_mean": 0.8315679434815992,
    "label_child_fscore_std": 0.02774202478828102,
    "label_member_of_political_party_fscore_mean": 0.8218653489057668,
    "label_member_of_political_party_fscore_std": 0.13284428227530765,
    "label_composer_fscore_mean": 0.4945361605415119,
    "label_composer_fscore_std": 0.15674120406676714,
    "label_place_of_death_fscore_mean": 0.48391245327878873,
    "label_place_of_death_fscore_std": 0.26737016985190065,
    "label_color_fscore_mean": 0.8763557504183651,
    "label_color_fscore_std": 0.06901241782758302,
    "label_educated_at_fscore_mean": 0.8735186298969378,
    "label_educated_at_fscore_std": 0.04282492305089268,
    "label_spouse_fscore_mean": 0.7551197195615843,
    "label_spouse_fscore_std": 0.06875447966676987,
    "label_occupation_fscore_mean": 0.4247174536292112,
    "label_occupation_fscore_std": 0.1685514428460031,
    "label_performer_fscore_mean": 0.14203619673327464,
    "label_performer_fscore_std": 0.10589784004162668,
    "label_material_used_fscore_mean": 0.87154967490281,
    "label_material_used_fscore_std": 0.05893911092257384,
    "label_ethnic_group_fscore_mean": 0.12105263157894737,
    "label_ethnic_group_fscore_std": 0.2166861984235674,
    "loss_mean": 1.3524792531074261,
    "loss_std": 0.1097934194242627
}