{
  "em_accuracy": 0.17151162790697674,
  "loss": 2.4544956621735596
}