{
  "em_accuracy": 0.1744186046511628,
  "loss": 2.4441202026466993
}