{
  "em_accuracy": 0.18531976744186046,
  "loss": 2.354443912589273
}