{
  "em_accuracy": 0.17550872093023256,
  "loss": 2.3917205007963402
}