{
  "em_accuracy": 0.13154069767441862,
  "loss": 2.562223902275396
}