{
  "em_accuracy": 0.1438953488372093,
  "loss": 2.469595246536787
}