{"model_count": 10, "em_accuracy_mean": 0.1711845930232558, "em_accuracy_std": 0.01989198097137328, "loss_mean": 2.4160951096651164, "loss_std": 0.0690952889088993}