{
    "model_count": 5,
    "em_accuracy_mean": 0.5115122615803814,
    "em_accuracy_std": 0.008423899734276307,
    "loss_mean": 0.0,
    "loss_std": 0.0
}