{
  "accuracy": 0.8557409224730128,
  "macro_fscore": 0.5524786857595805,
  "micro_fscore": 0.8599801390268124,
  "loss": 0.7881543764960952
}