{
  "accuracy": 0.858684985279686,
  "macro_fscore": 0.5091295744287038,
  "micro_fscore": 0.859970311726868,
  "loss": 0.8525783173190575
}