{
  "accuracy": 0.8547595682041217,
  "macro_fscore": 0.478600990335534,
  "micro_fscore": 0.8588469184890656,
  "loss": 0.7776216052297968
}