{
  "accuracy": 0.8508341511285574,
  "macro_fscore": 0.5681550551808822,
  "micro_fscore": 0.8558648111332007,
  "loss": 0.8460472867700446
}