{
    "model_count": 5,
    "em_accuracy_mean": 0.5582122093023256,
    "em_accuracy_std": 0.007043234820743229,
    "loss_mean": 0.0,
    "loss_std": 0.0
}