{
    "model_count": 5,
    "em_accuracy_mean": 0.4321624234611666,
    "em_accuracy_std": 0.008599203392927047,
    "loss_mean": 0.0,
    "loss_std": 0.0
}