{
  "UAS": 0.5766083343824752,
  "LAS": 0.3910361324436611,
  "UEM": 0.011,
  "LEM": 0.001,
  "LOAS": 0.5685509253430694,
  "LOEM": 0.001,
  "loss": 9.369858384132385
}