{
  "UAS": 0.5840362583406773,
  "LAS": 0.39510680263544423,
  "UEM": 0.013,
  "LEM": 0.001,
  "LOAS": 0.5722019388140501,
  "LOEM": 0.003,
  "loss": 8.356810569763184
}