{
  "UAS": 0.593478534558731,
  "LAS": 0.4232238029292039,
  "UEM": 0.013,
  "LEM": 0.001,
  "LOAS": 0.5935624659028914,
  "LOEM": 0.001,
  "loss": 7.93719194829464
}