{
  "UAS": 0.598052792815477,
  "LAS": 0.4308615552478073,
  "UEM": 0.019,
  "LEM": 0.002,
  "LOAS": 0.5917999076755214,
  "LOEM": 0.003,
  "loss": 8.557843640446663
}