{
  "UAS": 0.5986822778966805,
  "LAS": 0.42632926266314153,
  "UEM": 0.019,
  "LEM": 0.002,
  "LOAS": 0.5984724495362793,
  "LOEM": 0.002,
  "loss": 8.32404638826847
}