{
  "accuracy": 0.7985646713423585,
  "macro_fscore": 0.7501265910550298,
  "micro_fscore": 0.7985646713423585,
  "label_original_language_of_film_or_TV_show_fscore": 0.9038461538461539,
  "label_ethnic_group_fscore": 0.5232558139534884,
  "label_employer_fscore": 0.8467532467532466,
  "label_color_fscore": 0.913978494623656,
  "label_nominated_for_fscore": 0,
  "label_spouse_fscore": 0.8673835125448027,
  "label_producer_fscore": 0.5371428571428573,
  "label_league_fscore": 0.8109452736318409,
  "label_occupation_fscore": 0.7383512544802867,
  "label_located_in_or_next_to_body_of_water_fscore": 0.9364161849710982,
  "label_owned_by_fscore": 0.07407407407407406,
  "label_contains_administrative_territorial_entity_fscore": 0.8475609756097561,
  "label_genre_fscore": 0.8041237113402062,
  "label_publisher_fscore": 0.7428571428571429,
  "label_parent_organization_fscore": 0.7195767195767196,
  "label_shares_border_with_fscore": 0.8288288288288288,
  "label_member_of_sports_team_fscore": 0.9828850855745721,
  "label_sibling_fscore": 0.8512820512820513,
  "label_subsidiary_fscore": 0.8470588235294116,
  "label_place_of_death_fscore": 0.6936416184971099,
  "label_founded_by_fscore": 0.8,
  "label_composer_fscore": 0.35526315789473684,
  "label_position_held_fscore": 0.7990074441687345,
  "label_winner_fscore": 0.9641025641025641,
  "label_creator_fscore": 0.8241206030150754,
  "label_member_of_fscore": 0.7500000000000001,
  "label_sport_fscore": 0.6099999999999999,
  "label_child_fscore": 0.9083969465648855,
  "label_educated_at_fscore": 0.9354838709677418,
  "label_member_of_political_party_fscore": 0.9260273972602739,
  "label_mother_fscore": 0.4170616113744075,
  "label_material_used_fscore": 0.8759124087591241,
  "label_production_company_fscore": 0.8645161290322582,
  "label_award_received_fscore": 0.8928571428571428,
  "label_named_after_fscore": 0.3225806451612903,
  "label_writing_system_fscore": 0.9752650176678445,
  "label_director_fscore": 0.6556701030927836,
  "label_place_of_birth_fscore": 0.85,
  "label_student_of_fscore": 0.8701298701298701,
  "label_capital_fscore": 0.8990825688073394,
  "label_father_fscore": 0.6635514018691588,
  "label_country_of_citizenship_fscore": 0.5693430656934306,
  "label_discoverer_or_inventor_fscore": 0.8780487804878049,
  "label_tributary_fscore": 0.9644670050761421,
  "label_present_in_work_fscore": 0.8467153284671532,
  "label_screenwriter_fscore": 0.4878048780487805,
  "label_manner_of_death_fscore": 0.44827586206896547,
  "label_capital_of_fscore": 0.9577464788732395,
  "label_continent_fscore": 0.9705093833780161,
  "label_performer_fscore": 0.5526315789473685,
  "label_participant_fscore": 0.9519230769230769,
  "loss": 0.8599033534992486
}