{
  "accuracy": 0.8129179579187734,
  "macro_fscore": 0.7737741871839694,
  "micro_fscore": 0.8129179579187734,
  "label_original_language_of_film_or_TV_show_fscore": 0.9261083743842364,
  "label_ethnic_group_fscore": 0.6046511627906977,
  "label_employer_fscore": 0.8821917808219178,
  "label_color_fscore": 0.8901098901098902,
  "label_nominated_for_fscore": 0.5714285714285715,
  "label_spouse_fscore": 0.8505747126436782,
  "label_producer_fscore": 0.25,
  "label_league_fscore": 0.8763440860215055,
  "label_occupation_fscore": 0.8076923076923077,
  "label_located_in_or_next_to_body_of_water_fscore": 0.9079754601226994,
  "label_owned_by_fscore": 0.11009174311926606,
  "label_contains_administrative_territorial_entity_fscore": 0.8311688311688312,
  "label_genre_fscore": 0.8108108108108109,
  "label_publisher_fscore": 0.5365853658536586,
  "label_shares_border_with_fscore": 0.803921568627451,
  "label_parent_organization_fscore": 0.7578947368421054,
  "label_member_of_sports_team_fscore": 0.9405940594059405,
  "label_sibling_fscore": 0.8426395939086294,
  "label_subsidiary_fscore": 0.9271523178807947,
  "label_place_of_death_fscore": 0.7612903225806452,
  "label_founded_by_fscore": 0.7692307692307694,
  "label_composer_fscore": 0.5411764705882353,
  "label_position_held_fscore": 0.8571428571428571,
  "label_winner_fscore": 0.9696969696969697,
  "label_sport_fscore": 0.761467889908257,
  "label_creator_fscore": 0.7741935483870969,
  "label_member_of_fscore": 0.8414634146341463,
  "label_child_fscore": 0.8571428571428571,
  "label_educated_at_fscore": 0.9354838709677418,
  "label_member_of_political_party_fscore": 0.9767441860465117,
  "label_mother_fscore": 0.5738396624472574,
  "label_material_used_fscore": 0.833922261484099,
  "label_production_company_fscore": 0.8488372093023256,
  "label_award_received_fscore": 0.945945945945946,
  "label_named_after_fscore": 0.27027027027027023,
  "label_director_fscore": 0.639344262295082,
  "label_writing_system_fscore": 0.9928057553956835,
  "label_place_of_birth_fscore": 0.9213483146067416,
  "label_student_of_fscore": 0.8518518518518517,
  "label_capital_fscore": 0.9066666666666666,
  "label_father_fscore": 0.6698795180722892,
  "label_country_of_citizenship_fscore": 0.7228915662650602,
  "label_discoverer_or_inventor_fscore": 0.8817204301075268,
  "label_tributary_fscore": 0.9458128078817735,
  "label_present_in_work_fscore": 0.6705882352941176,
  "label_screenwriter_fscore": 0.5316455696202532,
  "label_manner_of_death_fscore": 0.7476635514018691,
  "label_capital_of_fscore": 0.9711538461538463,
  "label_continent_fscore": 0.9238578680203046,
  "label_performer_fscore": 0.5270270270270271,
  "label_participant_fscore": 0.9124423963133641,
  "loss": 0.8172346075201252
}