{
  "em_accuracy": 0.006323209287861511,
  "tp": 1715,
  "fp": 26795,
  "fn": 31927,
  "p": 6.015433181339881,
  "r": 5.09779442363712,
  "f1": 5.518728279057793,
  "Macro_f1": 1.064155672403602,
  "Macro_p": 1.1939394325043156,
  "Macro_r": 1.072966097848645,
  "loss": 4.048678722349961
}