{
  "em_accuracy": 0.011195190214574479,
  "tp": 1984,
  "fp": 27757,
  "fn": 31658,
  "p": 6.670925658182307,
  "r": 5.897390167053088,
  "f1": 6.260353722607009,
  "Macro_f1": 1.2924229115892247,
  "Macro_p": 1.3965807065466567,
  "Macro_r": 1.3300141422863274,
  "loss": 4.095822004536491
}