{
  "em_accuracy": 0.007463460143049653,
  "tp": 1833,
  "fp": 28061,
  "fn": 31809,
  "p": 6.131665217100421,
  "r": 5.448546459782415,
  "f1": 5.769957189624779,
  "Macro_f1": 1.2140979507024152,
  "Macro_p": 1.2809010318123837,
  "Macro_r": 1.273317100061083,
  "loss": 4.081712284293737
}