{
  "em_accuracy": 0.01275007774437649,
  "tp": 1930,
  "fp": 28938,
  "fn": 31712,
  "p": 6.252429700660879,
  "r": 5.736876523393377,
  "f1": 5.983568439001704,
  "Macro_f1": 1.221078488525564,
  "Macro_p": 1.2911754542226517,
  "Macro_r": 1.2908242487891137,
  "loss": 4.061273859903389
}