{
  "em_accuracy": 0.008914688504198196,
  "tp": 1743,
  "fp": 28144,
  "fn": 31899,
  "p": 5.831967075986214,
  "r": 5.181023720349563,
  "f1": 5.4872577877819575,
  "Macro_f1": 1.2605291194237382,
  "Macro_p": 1.424854637559289,
  "Macro_r": 1.2969290614756683,
  "loss": 4.1318350352260405
}