{
  "em_accuracy": 0.01036591686534674,
  "tp": 1807,
  "fp": 28573,
  "fn": 31835,
  "p": 5.947992100065833,
  "r": 5.371262112835146,
  "f1": 5.64493455374715,
  "Macro_f1": 1.2277012066050632,
  "Macro_p": 1.3771105683645704,
  "Macro_r": 1.2327028794892851,
  "loss": 4.080503698209823
}