{
  "em_accuracy": 0.011402508551881414,
  "tp": 1881,
  "fp": 29305,
  "fn": 31761,
  "p": 6.03155261976528,
  "r": 5.591225254146602,
  "f1": 5.8030480656506445,
  "Macro_f1": 1.292018278548978,
  "Macro_p": 1.366739913288692,
  "Macro_r": 1.3733367804176522,
  "loss": 4.078691702379318
}