{"model_count": 10, "em_accuracy_mean": 0.010054939359386337, "em_accuracy_std": 0.002401375260549954, "tp_mean": 1859.8, "tp_std": 93.8613634865569, "fp_mean": 28114.3, "fp_std": 791.2186170711607, "fn_mean": 31782.2, "fn_std": 93.8613634865569, "p_mean": 6.206158428332356, "p_std": 0.3019992641916254, "r_mean": 5.528208786635753, "r_std": 0.27900054540918157, "f1_mean": 5.846629601354284, "f1_std": 0.27967251573425767, "Macro_f1_mean": 1.2345335324666162, "Macro_f1_std": 0.07244354303938098, "Macro_p_mean": 1.3427069793455348, "Macro_p_std": 0.08892622736368044, "Macro_r_mean": 1.2737547747255153, "Macro_r_std": 0.08174607462660831, "loss_mean": 4.080818466483855, "loss_std": 0.02217752458580476}