{
  "accuracy": 0.9,
  "macro_fscore": 0.37013537962443077,
  "micro_fscore": 0.9086021505376345,
  "loss": 0.47083247342379764
}