{
  "accuracy": 0.9210526315789473,
  "macro_fscore": 0.4697520661157025,
  "micro_fscore": 0.9326145552560646,
  "loss": 0.5384070028861364
}