{
  "accuracy": 0.9210526315789473,
  "macro_fscore": 0.44489316497676745,
  "micro_fscore": 0.9243243243243242,
  "loss": 0.5302346646785736
}