{
  "accuracy": 0.9368421052631579,
  "macro_fscore": 0.523893759669933,
  "micro_fscore": 0.9405405405405404,
  "loss": 0.46701107784368406
}