{
    "model_count": 5,
    "UAS_mean": 0.6012367415296088,
    "UAS_std": 0.001936698120630355,
    "LAS_mean": 0.5367200584016834,
    "LAS_std": 0.0019494153420000849,
    "UEM_mean": 0.12179999999999999,
    "UEM_std": 0.004147288270665548,
    "LEM_mean": 0.046,
    "LEM_std": 0.0029999999999999996,
    "loss_mean": 1.7572491044089908,
    "loss_std": 0.011490272259189614
}