{
  "UAS": 0.5990466784042598,
  "LAS": 0.5353630781122515,
  "UEM": 0.118,
  "LEM": 0.043,
  "loss": 1.772892885737949
}