{
  "UAS": 0.5998196418602654,
  "LAS": 0.5344183449993558,
  "UEM": 0.124,
  "LEM": 0.045,
  "loss": 1.7583078751488337
}