{
  "UAS": 0.6034268046549577,
  "LAS": 0.5387984712500536,
  "UEM": 0.128,
  "LEM": 0.051,
  "loss": 1.7483588135431682
}