{
    "model_count": 5,
    "UAS_mean": 0.2808007718282682,
    "UAS_std": 0.0028251906347026216,
    "LAS_mean": 0.12900385914134105,
    "LAS_std": 0.0016582796114256667,
    "UEM_mean": 0.017,
    "UEM_std": 0.0007071067811865469,
    "LEM_mean": 0.0054,
    "LEM_std": 0.0005477225575051661,
    "loss_mean": 3.217561595780509,
    "loss_std": 0.019136855373023447
}