{
  "UAS": 0.2800892426435118,
  "LAS": 0.12789435600578872,
  "UEM": 0.017,
  "LEM": 0.006,
  "loss": 3.2356454152909535
}