{
  "UAS": 0.282561505065123,
  "LAS": 0.12662807525325614,
  "UEM": 0.016,
  "LEM": 0.005,
  "loss": 3.2362292702235873
}