{
  "UAS": 0.2791244573082489,
  "LAS": 0.1299445248432224,
  "UEM": 0.018,
  "LEM": 0.005,
  "loss": 3.20615425753215
}