{"model_count": 5, "accuracy_mean": 0.822, "accuracy_std": 0.019557607215607925, "loss_mean": 1.097001397157354, "loss_std": 0.24252758712265424}