{
  "accuracy": 0.8664688427299704,
  "macro_fscore": 0.5694608934214342,
  "micro_fscore": 0.8716417910447761,
  "loss": 0.7213237510136836
}