{
    "model_count": 5,
    "UAS_mean": 0.8290033065658952,
    "UAS_std": 0.017106961097284826,
    "LAS_mean": 0.7371494825439087,
    "LAS_std": 0.029766682919136,
    "UEM_mean": 0.1502,
    "UEM_std": 0.036751870700686785,
    "LEM_mean": 0.0486,
    "LEM_std": 0.013612494260788503,
    "LOAS_mean": 0.8241164598273715,
    "LOAS_std": 0.02739920203690232,
    "LOEM_mean": 0.0808,
    "LOEM_std": 0.023605084198112913,
    "loss_mean": 4.934303669631481,
    "loss_std": 0.3463621478756536
}