{
  "UAS": 0.8314080817623567,
  "LAS": 0.7461673895306394,
  "UEM": 0.166,
  "LEM": 0.06,
  "LOAS": 0.8347146476574913,
  "LOEM": 0.086,
  "loss": 4.968046426773071
}