{
  "UAS": 0.8348864173143814,
  "LAS": 0.7479709709279856,
  "UEM": 0.165,
  "LEM": 0.053,
  "LOAS": 0.8341134538583759,
  "LOEM": 0.095,
  "loss": 4.520060315728188
}