{
  "UAS": 0.8400824494353073,
  "LAS": 0.7539829089191394,
  "UEM": 0.174,
  "LEM": 0.054,
  "LOAS": 0.8373341349250655,
  "LOEM": 0.091,
  "loss": 5.287895642220974
}