{
  "UAS": 0.8395671404646369,
  "LAS": 0.753381715120024,
  "UEM": 0.161,
  "LEM": 0.051,
  "LOAS": 0.8391806587366342,
  "LOEM": 0.093,
  "loss": 4.6463102251291275
}