{
    "model_count": 5,
    "UAS_mean": 0.7343260565755867,
    "UAS_std": 0.005721182566318694,
    "LAS_mean": 0.6150257818900294,
    "LAS_std": 0.00732325182186183,
    "UEM_mean": 0.0816,
    "UEM_std": 0.0035777087639996667,
    "LEM_mean": 0.0168,
    "LEM_std": 0.00506951674225463,
    "LOAS_mean": 0.7388752349284372,
    "LOAS_std": 0.00888160558483776,
    "LOEM_mean": 0.0354,
    "LOEM_std": 0.007503332592921627,
    "loss_mean": 7.014743968844414,
    "loss_std": 0.782581870828999
}