{
  "UAS": 0.7368801503541998,
  "LAS": 0.6099946990506482,
  "UEM": 0.08,
  "LEM": 0.02,
  "LOAS": 0.7319165341429329,
  "LOEM": 0.037,
  "loss": 5.719609886407852
}