{
  "UAS": 0.7331694858079129,
  "LAS": 0.6108139366777505,
  "UEM": 0.084,
  "LEM": 0.01,
  "LOAS": 0.7328321526673414,
  "LOEM": 0.025,
  "loss": 7.843461841344833
}