{
  "accuracy": 0.7548209366391184,
  "macro_fscore": 0.7519794963209127,
  "micro_fscore": 0.752808988764045,
  "loss": 1.123860706453738
}