{
  "accuracy": 0.7493112947658402,
  "macro_fscore": 0.8168798200736002,
  "micro_fscore": 0.7485875706214689,
  "loss": 1.271520928034316
}