{
  "accuracy": 0.7493112947658402,
  "macro_fscore": 0.7440653939321326,
  "micro_fscore": 0.7485875706214689,
  "loss": 0.8835116571382337
}