{
  "accuracy": 0.768595041322314,
  "macro_fscore": 0.8144148282308703,
  "micro_fscore": 0.768361581920904,
  "loss": 1.2653901447420535
}