{
  "UAS": 0.488952245188881,
  "LAS": 0.33687552646925417,
  "UEM": 0.017321016166281754,
  "LEM": 0.0011547344110854503,
  "LOAS": 0.5306810082291195,
  "LOEM": 0.0011547344110854503,
  "loss": 11.723687819072179
}