{
  "UAS": 0.49731095704010886,
  "LAS": 0.33953217132119484,
  "UEM": 0.017321016166281754,
  "LEM": 0.0011547344110854503,
  "LOAS": 0.5376142033305255,
  "LOEM": 0.0011547344110854503,
  "loss": 11.408148118427821
}