{
  "UAS": 0.5098814229249012,
  "LAS": 0.3503531393766604,
  "UEM": 0.026558891454965358,
  "LEM": 0.003464203233256351,
  "LOAS": 0.5416963649322879,
  "LOEM": 0.003464203233256351,
  "loss": 12.486888647079468
}