{
  "em_accuracy": 0.5318993802406125,
  "loss": 1.4938286855382827
}