{
  "em_accuracy": 0.5240004860857942,
  "loss": 1.4673018644156965
}