{
  "em_accuracy": 0.5339652448657188,
  "loss": 1.4910263563822774
}