{
  "em_accuracy": 0.5327500303803622,
  "loss": 1.4619074719623455
}