{
  "em_accuracy": 0.5325069874832908,
  "loss": 1.4741117439223725
}