{
  "em_accuracy": 0.5108761696439421,
  "loss": 1.512333789496746
}