{
  "em_accuracy": 0.5343298092113258,
  "loss": 1.4652500098191419
}