{
  "em_accuracy": 0.5373678454247175,
  "loss": 1.4617642609818469
}