{
  "em_accuracy": 0.5363956738364322,
  "loss": 1.4733811857630905
}