{
    "model_count": 5,
    "UAS_mean": 0.6669517102615694,
    "UAS_std": 0.008390451936020803,
    "LAS_mean": 0.5263581488933602,
    "LAS_std": 0.008281725719278564,
    "UEM_mean": 0.04340567612687813,
    "UEM_std": 0.003915205141755785,
    "LEM_mean": 0.01669449081803005,
    "LEM_std": 0.0011804787665885598,
    "LOAS_mean": 0.6935739436619719,
    "LOAS_std": 0.008739894402268453,
    "LOEM_mean": 0.024373956594323874,
    "LOEM_std": 0.0025318448894996832,
    "loss_mean": 6.290852985884014,
    "loss_std": 0.8693830607774004
}