{
  "UAS": 0.6715920523138833,
  "LAS": 0.5353998993963782,
  "UEM": 0.04674457429048414,
  "LEM": 0.01669449081803005,
  "LOAS": 0.7003898390342053,
  "LOEM": 0.02337228714524207,
  "loss": 4.815478287245098
}