{
  "UAS": 0.6703973843058351,
  "LAS": 0.5286091549295775,
  "UEM": 0.045075125208681135,
  "LEM": 0.018363939899833055,
  "LOAS": 0.6928445674044266,
  "LOEM": 0.025041736227045076,
  "loss": 6.915714188625938
}