{
  "UAS": 0.670648893360161,
  "LAS": 0.5152791750503019,
  "UEM": 0.04674457429048414,
  "LEM": 0.01669449081803005,
  "LOAS": 0.6800176056338029,
  "LOEM": 0.02337228714524207,
  "loss": 6.952746592069927
}