{
  "UAS": 0.670145875251509,
  "LAS": 0.5319416498993964,
  "UEM": 0.04006677796327212,
  "LEM": 0.015025041736227046,
  "LOAS": 0.7021504024144869,
  "LOEM": 0.021702838063439065,
  "loss": 6.3743526559127
}