{
  "accuracy": 0.8868778280542986,
  "macro_fscore": 0.7076438008328874,
  "micro_fscore": 0.8857142857142857,
  "loss": 0.6906523236289753
}