{
  "accuracy": 0.8914027149321267,
  "macro_fscore": 0.7518985674413305,
  "micro_fscore": 0.8878281622911695,
  "loss": 0.7244296056284968
}