{
  "accuracy": 0.8687782805429864,
  "macro_fscore": 0.704724135837745,
  "micro_fscore": 0.86810551558753,
  "loss": 0.7368592437622803
}