{
  "accuracy": 0.9363321799307959,
  "macro_fscore": 0.5725755943804195,
  "micro_fscore": 0.9397759103641457,
  "loss": 0.31379337178653227
}