{
  "accuracy": 0.9474048442906574,
  "macro_fscore": 0.578281531907687,
  "micro_fscore": 0.9496503496503496,
  "loss": 0.35947219726390006
}