{
  "accuracy": 0.9550173010380623,
  "macro_fscore": 0.5919498001656287,
  "micro_fscore": 0.9553384508025122,
  "loss": 0.30133290969572224
}