{"model_count": 10, "em_accuracy_mean": 0.5630790190735695, "em_accuracy_std": 0.01798187359905814, "loss_mean": 1.4068137036717456, "loss_std": 0.013799878431170958}