{
    "model_count": 5,
    "em_accuracy_mean": 0.455858310626703,
    "em_accuracy_std": 0.010088300577974066,
    "loss_mean": 0.0,
    "loss_std": 0.0
}