{
  "accuracy": 0.8505747126436781,
  "macro_fscore": 0.7223922902494332,
  "micro_fscore": 0.8604651162790696,
  "loss": 0.486064122368892
}