{
  "accuracy": 0.8045977011494253,
  "macro_fscore": 0.6030020703933747,
  "micro_fscore": 0.8187134502923976,
  "loss": 0.6892751057942709
}