{
  "accuracy": 0.8160919540229885,
  "macro_fscore": 0.6030536804885889,
  "micro_fscore": 0.8208092485549133,
  "loss": 0.7507986376682917
}