{
  "accuracy": 0.8160919540229885,
  "macro_fscore": 0.6468253968253969,
  "micro_fscore": 0.8304093567251463,
  "loss": 0.6796529591083527
}