{
  "accuracy": 0.8694798822374877,
  "macro_fscore": 0.580003579654312,
  "micro_fscore": 0.8730711796913888,
  "loss": 1.0433517178171314
}