{
  "accuracy": 0.8616290480863592,
  "macro_fscore": 0.505524448404646,
  "micro_fscore": 0.865107018417123,
  "loss": 1.0348452409257334
}