{
  "accuracy": 0.8675171736997056,
  "macro_fscore": 0.5668875580267568,
  "micro_fscore": 0.8706467661691543,
  "loss": 0.9121429294968948
}