{
  "UAS": 0.35049729321415085,
  "LAS": 0.24331696672122205,
  "UEM": 0.006,
  "LEM": 0.003,
  "loss": 2.9131176131112233
}