{
  "UAS": 0.3402576692265727,
  "LAS": 0.23643459650006296,
  "UEM": 0.006,
  "LEM": 0.002,
  "loss": 2.9985301986573236
}