{
  "UAS": 0.3369004154601536,
  "LAS": 0.23001384867178648,
  "UEM": 0.006,
  "LEM": 0.003,
  "loss": 3.0272712593986872
}