{
  "UAS": 0.3510428469511939,
  "LAS": 0.2384489487599144,
  "UEM": 0.006,
  "LEM": 0.003,
  "loss": 2.993082084353008
}