{
  "accuracy": 0.9149291075896581,
  "macro_fscore": 0.6631466121315083,
  "micro_fscore": 0.9152970922882427,
  "loss": 0.3619649760394047
}