{
  "accuracy": 0.9107589658048374,
  "macro_fscore": 0.6041304782786846,
  "micro_fscore": 0.9119258322798146,
  "loss": 0.4028679727188622
}