{
  "UAS": 0.713422580263002,
  "LAS": 0.5045018362753229,
  "UEM": 0.066,
  "LEM": 0.011,
  "LOAS": 0.6303163132330293,
  "LOEM": 0.017,
  "loss": 8.760890037294418
}