{
  "UAS": 0.7106977846226751,
  "LAS": 0.5089444378628125,
  "UEM": 0.072,
  "LEM": 0.014,
  "LOAS": 0.6363582513920152,
  "LOEM": 0.021,
  "loss": 9.101055517792702
}