{
  "UAS": 0.7193460490463215,
  "LAS": 0.5182442838526241,
  "UEM": 0.07,
  "LEM": 0.015,
  "LOAS": 0.6418670773605023,
  "LOEM": 0.02,
  "loss": 8.9119221419096
}