{
  "UAS": 0.7167989574694942,
  "LAS": 0.5166449472811279,
  "UEM": 0.065,
  "LEM": 0.018,
  "LOAS": 0.6415116692335031,
  "LOEM": 0.024,
  "loss": 9.154211670160294
}