{
  "accuracy": 0.957592339261286,
  "macro_fscore": 0.9347171542298556,
  "micro_fscore": 0.9624911535739562,
  "loss": 0.15529162013832398
}