{
  "accuracy": 0.9548563611491108,
  "macro_fscore": 0.922975848990536,
  "micro_fscore": 0.9602836879432625,
  "loss": 0.20993176817643436
}