{
  "accuracy": 0.9671682626538988,
  "macro_fscore": 0.9521973245082157,
  "micro_fscore": 0.9723991507430998,
  "loss": 0.16112399625822232
}