{
  "accuracy": 0.9671682626538988,
  "macro_fscore": 0.9497543170716058,
  "micro_fscore": 0.9716312056737588,
  "loss": 0.17984755786006723
}