{
  "accuracy": 0.9726402188782489,
  "macro_fscore": 0.9550076798577518,
  "micro_fscore": 0.9759206798866855,
  "loss": 0.18393469208493354
}