{
  "UAS": 0.4638841705087762,
  "LAS": 0.4111057186766966,
  "UEM": 0.084,
  "LEM": 0.04,
  "loss": 1.7867460950972542
}