{
  "UAS": 0.4443500768421904,
  "LAS": 0.39270403623715927,
  "UEM": 0.074,
  "LEM": 0.038,
  "loss": 1.8060741897613284
}