{
  "UAS": 0.4750465097468252,
  "LAS": 0.4242902208201893,
  "UEM": 0.079,
  "LEM": 0.04,
  "loss": 1.779348751855275
}