{
  "UAS": 0.4499716897193238,
  "LAS": 0.39723368114535307,
  "UEM": 0.074,
  "LEM": 0.038,
  "loss": 1.8052682763054257
}