{
  "accuracy": 0.914095079232694,
  "macro_fscore": 0.666814429380056,
  "micro_fscore": 0.9161399072903498,
  "loss": 0.3234089426199595
}