{
  "accuracy": 0.9199332777314428,
  "macro_fscore": 0.6395099003068014,
  "micro_fscore": 0.9208087615838247,
  "loss": 0.3611304452456534
}