{
    "model_count": 5,
    "em_accuracy_mean": 0.23115577889447236,
    "em_accuracy_std": 0.012193314968745886,
    "loss_mean": 0.0,
    "loss_std": 0.0
}