{
    "model_count": 5,
    "accuracy_mean": 0.6412556053811659,
    "accuracy_std": 0.023084372513423785,
    "macro_fscore_mean": 0.5880230117319901,
    "macro_fscore_std": 0.04418091960348034,
    "micro_fscore_mean": 0.6529749116882305,
    "micro_fscore_std": 0.027483334383145312,
    "label_per:children_fscore_mean": 0.738095238095238,
    "label_per:children_fscore_std": 0.07851729737067213,
    "label_org:website_fscore_mean": 1.0,
    "label_org:website_fscore_std": 0.0,
    "label_per:alternate_names_fscore_mean": 0.39714285714285713,
    "label_per:alternate_names_fscore_std": 0.14406631126261382,
    "label_org:members_fscore_mean": 0.5755555555555555,
    "label_org:members_fscore_std": 0.10012338067616715,
    "label_per:country_of_birth_fscore_mean": 0.6666666666666666,
    "label_per:country_of_birth_fscore_std": 0.0,
    "label_org:shareholders_fscore_mean": 0.1,
    "label_org:shareholders_fscore_std": 0.223606797749979,
    "label_org:subsidiaries_fscore_mean": 0.5777777777777777,
    "label_org:subsidiaries_fscore_std": 0.12171612389003691,
    "label_per:spouse_fscore_mean": 0.8357142857142856,
    "label_per:spouse_fscore_std": 0.047915742374995525,
    "label_per:date_of_death_fscore_mean": 0.7314285714285714,
    "label_per:date_of_death_fscore_std": 0.09095113437191103,
    "label_org:number_of_employees/members_fscore_mean": 0.9214285714285714,
    "label_org:number_of_employees/members_fscore_std": 0.11406228159050942,
    "label_per:parents_fscore_mean": 0.8105494505494505,
    "label_per:parents_fscore_std": 0.04434988397583974,
    "label_org:founded_fscore_mean": 0.7684848484848484,
    "label_org:founded_fscore_std": 0.10306594748839426,
    "label_org:alternate_names_fscore_mean": 0.5753246753246753,
    "label_org:alternate_names_fscore_std": 0.0818284883221993,
    "label_per:city_of_death_fscore_mean": 0.819047619047619,
    "label_per:city_of_death_fscore_std": 0.08518354199999198,
    "label_per:schools_attended_fscore_mean": 0.8433333333333334,
    "label_per:schools_attended_fscore_std": 0.0648359753817563,
    "label_per:charges_fscore_mean": 0.8508158508158508,
    "label_per:charges_fscore_std": 0.059286101251094986,
    "label_per:title_fscore_mean": 0.636934046345811,
    "label_per:title_fscore_std": 0.06374666514306133,
    "label_per:countries_of_residence_fscore_mean": 0.4937062937062937,
    "label_per:countries_of_residence_fscore_std": 0.0347370187608945,
    "label_per:date_of_birth_fscore_mean": 0.9054545454545454,
    "label_per:date_of_birth_fscore_std": 0.07088577705315607,
    "label_org:political/religious_affiliation_fscore_mean": 0.9120879120879121,
    "label_org:political/religious_affiliation_fscore_std": 0.05917763524323632,
    "label_org:country_of_headquarters_fscore_mean": 0.580952380952381,
    "label_org:country_of_headquarters_fscore_std": 0.1856532256154088,
    "label_org:stateorprovince_of_headquarters_fscore_mean": 0.29333333333333333,
    "label_org:stateorprovince_of_headquarters_fscore_std": 0.2890597785157173,
    "label_per:age_fscore_mean": 0.9483709273182958,
    "label_per:age_fscore_std": 0.0022416721578944762,
    "label_per:other_family_fscore_mean": 0.20076923076923076,
    "label_per:other_family_fscore_std": 0.1292762943825486,
    "label_per:siblings_fscore_mean": 0.8032323232323233,
    "label_per:siblings_fscore_std": 0.05731110537857664,
    "label_org:parents_fscore_mean": 0.08,
    "label_org:parents_fscore_std": 0.17888543819998318,
    "label_per:religion_fscore_mean": 0.7999999999999999,
    "label_per:religion_fscore_std": 0.18257418583505539,
    "label_org:dissolved_fscore_mean": 0,
    "label_org:dissolved_fscore_std": 0.0,
    "label_per:origin_fscore_mean": 0.27142857142857146,
    "label_per:origin_fscore_std": 0.01956151991089881,
    "label_per:stateorprovinces_of_residence_fscore_mean": 0.5466666666666666,
    "label_per:stateorprovinces_of_residence_fscore_std": 0.28828997747252866,
    "label_org:top_members/employees_fscore_mean": 0.6054545454545455,
    "label_org:top_members/employees_fscore_std": 0.09345918315733932,
    "label_org:founded_by_fscore_mean": 0.8290909090909091,
    "label_org:founded_by_fscore_std": 0.07883448504974108,
    "label_org:member_of_fscore_mean": 0.3771428571428571,
    "label_org:member_of_fscore_std": 0.2673969591952161,
    "label_per:cities_of_residence_fscore_mean": 0.4098701298701299,
    "label_per:cities_of_residence_fscore_std": 0.09205493091235871,
    "label_per:stateorprovince_of_death_fscore_mean": 0.32,
    "label_per:stateorprovince_of_death_fscore_std": 0.4381780460041329,
    "label_per:stateorprovince_of_birth_fscore_mean": 0.13333333333333333,
    "label_per:stateorprovince_of_birth_fscore_std": 0.29814239699997197,
    "label_org:city_of_headquarters_fscore_mean": 0.5797868797868798,
    "label_org:city_of_headquarters_fscore_std": 0.06408941572796796,
    "label_per:employee_of_fscore_mean": 0.49219669219669215,
    "label_per:employee_of_fscore_std": 0.19795780459670087,
    "label_per:city_of_birth_fscore_mean": 0.16666666666666666,
    "label_per:city_of_birth_fscore_std": 0.23570226039551584,
    "label_per:cause_of_death_fscore_mean": 0.923076923076923,
    "label_per:cause_of_death_fscore_std": 0.0,
    "loss_mean": 1.3486484659569604,
    "loss_std": 0.17072868679271613
}