{
    "model_count": 5,
    "em_accuracy_mean": 0.21665470208183776,
    "em_accuracy_std": 0.012479469201699263,
    "loss_mean": 0.0,
    "loss_std": 0.0
}