{
  "accuracy": 0.8337595907928389,
  "macro_fscore": 0.6465096985439116,
  "micro_fscore": 0.8369987063389392,
  "loss": 1.1024976801982491
}