{
  "accuracy": 0.8478260869565217,
  "macro_fscore": 0.6222727719469197,
  "micro_fscore": 0.8488372093023255,
  "loss": 1.0083826757321248
}