{
  "accuracy": 0.8516624040920716,
  "macro_fscore": 0.6795707624502116,
  "micro_fscore": 0.8518041237113402,
  "loss": 0.9991343686955848
}