{
    "model_count": 5,
    "UAS_mean": 0.7939113442353183,
    "UAS_std": 0.0033812509543785616,
    "LAS_mean": 0.674699166923789,
    "LAS_std": 0.006444122678235391,
    "UEM_mean": 0.1452,
    "UEM_std": 0.009364827814754522,
    "LEM_mean": 0.0352,
    "LEM_std": 0.003271085446759225,
    "LOAS_mean": 0.7792245191813226,
    "LOAS_std": 0.0067665089817336484,
    "LOEM_mean": 0.0534,
    "LOEM_std": 0.006188699378706321,
    "loss_mean": 5.60412063295879,
    "loss_std": 0.6130555385545815
}