{
  "UAS": 0.7972333641880078,
  "LAS": 0.6781343206829168,
  "UEM": 0.146,
  "LEM": 0.036,
  "LOAS": 0.7822688470636635,
  "LOEM": 0.058,
  "loss": 5.828750893473625
}