{
  "UAS": 0.7882855085878844,
  "LAS": 0.6666152422091947,
  "UEM": 0.139,
  "LEM": 0.031,
  "LOAS": 0.7729095958037643,
  "LOEM": 0.049,
  "loss": 4.703012093665108
}