{
  "UAS": 0.7953306592615448,
  "LAS": 0.6688779183379615,
  "UEM": 0.161,
  "LEM": 0.034,
  "LOAS": 0.7710583153347732,
  "LOEM": 0.046,
  "loss": 6.255400463938713
}