{
  "accuracy": 0.8390804597701149,
  "macro_fscore": 0.6540375302663438,
  "micro_fscore": 0.8538011695906432,
  "loss": 0.6067643364270529
}