{
  "accuracy": 0.8735632183908046,
  "macro_fscore": 0.591288974606236,
  "micro_fscore": 0.8837209302325582,
  "loss": 0.5369643221298853
}