{
    "model_count": 5,
    "UAS_mean": 0.797524872603737,
    "UAS_std": 0.007420406617817926,
    "LAS_mean": 0.7103615627274933,
    "LAS_std": 0.008030843741070588,
    "UEM_mean": 0.0794,
    "UEM_std": 0.006107372593840988,
    "LEM_mean": 0.0194,
    "LEM_std": 0.005504543577809154,
    "LOAS_mean": 0.8182318207554801,
    "LOAS_std": 0.005881790267456838,
    "LOEM_mean": 0.038599999999999995,
    "LOEM_std": 0.010876580344942982,
    "loss_mean": 4.62137660571034,
    "loss_std": 0.3173616721941289
}