{
  "UAS": 0.8092695947585538,
  "LAS": 0.7213459516298633,
  "UEM": 0.088,
  "LEM": 0.023,
  "LOAS": 0.8226967564506996,
  "LOEM": 0.046,
  "loss": 5.02383828908205
}