{
  "UAS": 0.7903825932217099,
  "LAS": 0.7050068753538785,
  "UEM": 0.073,
  "LEM": 0.015,
  "LOAS": 0.8142036722478363,
  "LOEM": 0.027,
  "loss": 4.63682147115469
}