{
  "UAS": 0.8000080886516218,
  "LAS": 0.7161287713338187,
  "UEM": 0.083,
  "LEM": 0.027,
  "LOAS": 0.8263366496804982,
  "LOEM": 0.053,
  "loss": 4.625954955816269
}