{
  "UAS": 0.7941033729677263,
  "LAS": 0.7069481517431044,
  "UEM": 0.078,
  "LEM": 0.014,
  "LOAS": 0.8141227857316186,
  "LOEM": 0.03,
  "loss": 4.6852632779923695
}