{"model_count": 10, "em_accuracy_mean": 0.5518732970027248, "em_accuracy_std": 0.007997522123870303, "loss_mean": 1.4089734322350957, "loss_std": 0.010398921849170904}