{
  "em_accuracy": 0.555858310626703,
  "loss": 1.4121475763942883
}