{
  "em_accuracy": 0.5432561307901907,
  "loss": 1.418763690020727
}