{
  "em_accuracy": 0.5510899182561307,
  "loss": 1.4205252330588258
}