{
  "em_accuracy": 0.5446185286103542,
  "loss": 1.4081220289935237
}