{
    "model_count": 5,
    "UAS_mean": 0.8446085798943617,
    "UAS_std": 0.002845497999313819,
    "LAS_mean": 0.7687121569974664,
    "LAS_std": 0.0031018278120464324,
    "UEM_mean": 0.186,
    "UEM_std": 0.004301162633521317,
    "LEM_mean": 0.066,
    "LEM_std": 0.003391164991562637,
    "LOAS_mean": 0.8491089449048825,
    "LOAS_std": 0.002423375543793929,
    "LOEM_mean": 0.1096,
    "LOEM_std": 0.0037815340802378108,
    "loss_mean": 4.333288035825604,
    "loss_std": 0.3033884747160423
}