{
  "UAS": 0.8461373298406837,
  "LAS": 0.7710739897797054,
  "UEM": 0.186,
  "LEM": 0.065,
  "LOAS": 0.850646283334049,
  "LOEM": 0.113,
  "loss": 4.088597737252712
}