{
  "UAS": 0.8399965646068622,
  "LAS": 0.7653626486881092,
  "UEM": 0.179,
  "LEM": 0.066,
  "LOAS": 0.8471679477820243,
  "LOEM": 0.113,
  "loss": 4.136084232479334
}