{
  "UAS": 0.8448919998282304,
  "LAS": 0.7658779576587795,
  "UEM": 0.189,
  "LEM": 0.061,
  "LOAS": 0.8458796753553485,
  "LOEM": 0.104,
  "loss": 4.848511071432204
}