{
  "UAS": 0.844462575686005,
  "LAS": 0.768840984240134,
  "UEM": 0.186,
  "LEM": 0.068,
  "LOAS": 0.8505174560913814,
  "LOEM": 0.108,
  "loss": 4.271402135491371
}