{
  "accuracy": 0.8304347826086956,
  "loss": 1.0941750386522875
}