{
  "accuracy": 0.8452173913043478,
  "loss": 0.805483470360438
}