{
  "accuracy": 0.831304347826087,
  "loss": 0.9558265304399861
}