{
  "accuracy": 0.8382608695652174,
  "loss": 1.0071661927633815
}