{
  "accuracy": 0.8321739130434782,
  "loss": 0.7759984065261152
}