{
  "UAS": 0.6450065158156616,
  "LAS": 0.4188484776685227,
  "UEM": 0.048,
  "LEM": 0.008,
  "LOAS": 0.5712593294633337,
  "LOEM": 0.01,
  "loss": 8.500487104058266
}