{
  "UAS": 0.6563795758796351,
  "LAS": 0.4151166923350314,
  "UEM": 0.049,
  "LEM": 0.009,
  "LOAS": 0.5697192275796706,
  "LOEM": 0.011,
  "loss": 9.220299124717712
}