{
    "model_count": 5,
    "UAS_mean": 0.6520554436678119,
    "UAS_std": 0.011175750643558998,
    "LAS_mean": 0.4049520199028551,
    "LAS_std": 0.01270895377701799,
    "UEM_mean": 0.0474,
    "UEM_std": 0.00730068489937759,
    "LEM_mean": 0.0072,
    "LEM_std": 0.001643167672515498,
    "LOAS_mean": 0.5550764127473048,
    "LOAS_std": 0.014539395155971233,
    "LOEM_mean": 0.0088,
    "LOEM_std": 0.0019235384061671342,
    "loss_mean": 8.442382791638375,
    "loss_std": 0.7407820286288268
}