{
  "accuracy": 0.8427109974424553,
  "macro_fscore": 0.6830748475946604,
  "micro_fscore": 0.8429217840982548,
  "loss": 1.6017991983954205
}