{
  "accuracy": 0.8427109974424553,
  "macro_fscore": 0.6957469088431053,
  "micro_fscore": 0.8434670116429495,
  "loss": 1.3184055292854746
}