{
  "accuracy": 0.628,
  "macro_fscore": 0.6275752359447653,
  "micro_fscore": 0.6696696696696697,
  "label_per:children_fscore": 0.9333333333333333,
  "label_per:date_of_birth_fscore": 1.0,
  "label_org:number_of_employees/members_fscore": 0.7499999999999999,
  "label_per:stateorprovince_of_birth_fscore": 0.8,
  "label_per:religion_fscore": 0.5,
  "label_per:spouse_fscore": 0.7499999999999999,
  "label_org:political/religious_affiliation_fscore": 0.33333333333333337,
  "label_org:city_of_headquarters_fscore": 0.6,
  "label_per:siblings_fscore": 0.8000000000000002,
  "label_per:parents_fscore": 0.8799999999999999,
  "label_org:dissolved_fscore": 0,
  "label_org:stateorprovince_of_headquarters_fscore": 0.5263157894736842,
  "label_per:age_fscore": 0.9655172413793104,
  "label_per:stateorprovince_of_death_fscore": 0.75,
  "label_org:subsidiaries_fscore": 0.4615384615384615,
  "label_org:top_members/employees_fscore": 0.6956521739130435,
  "label_per:country_of_birth_fscore": 0.25,
  "label_per:charges_fscore": 0.9411764705882353,
  "label_per:city_of_death_fscore": 0.9473684210526316,
  "label_per:countries_of_residence_fscore": 0.48000000000000004,
  "label_per:other_family_fscore": 0.4,
  "label_per:alternate_names_fscore": 0.4615384615384615,
  "label_org:alternate_names_fscore": 0.7000000000000001,
  "label_per:city_of_birth_fscore": 0.9473684210526316,
  "label_per:employee_of_fscore": 0.5263157894736842,
  "label_org:parents_fscore": 0.42857142857142855,
  "label_per:date_of_death_fscore": 0.6666666666666666,
  "label_per:title_fscore": 0.7692307692307692,
  "label_org:country_of_headquarters_fscore": 0.33333333333333337,
  "label_per:stateorprovinces_of_residence_fscore": 0.5,
  "label_org:members_fscore": 0.3157894736842105,
  "label_org:founded_fscore": 0.7058823529411764,
  "label_org:shareholders_fscore": 0.3636363636363636,
  "label_org:member_of_fscore": 0.28571428571428575,
  "label_per:cities_of_residence_fscore": 0.6666666666666665,
  "label_per:origin_fscore": 0.5,
  "label_org:founded_by_fscore": 0.4615384615384615,
  "label_per:schools_attended_fscore": 0.7499999999999999,
  "label_per:cause_of_death_fscore": 0.9565217391304348,
  "label_org:website_fscore": 1.0,
  "loss": 1.9316137377172709
}