{
    "model_count": 5,
    "accuracy_mean": 0.6332,
    "accuracy_std": 0.021052315787105248,
    "macro_fscore_mean": 0.6379704646093355,
    "macro_fscore_std": 0.02765589228658743,
    "micro_fscore_mean": 0.6759971286521461,
    "micro_fscore_std": 0.021787426569333808,
    "label_per:children_fscore_mean": 0.8167032967032967,
    "label_per:children_fscore_std": 0.10202685033704594,
    "label_per:date_of_birth_fscore_mean": 0.9904761904761905,
    "label_per:date_of_birth_fscore_std": 0.02129588549999802,
    "label_org:number_of_employees/members_fscore_mean": 0.7313725490196078,
    "label_org:number_of_employees/members_fscore_std": 0.06625811956511064,
    "label_per:stateorprovince_of_birth_fscore_mean": 0.8400000000000001,
    "label_per:stateorprovince_of_birth_fscore_std": 0.08944271909999157,
    "label_per:religion_fscore_mean": 0.396031746031746,
    "label_per:religion_fscore_std": 0.11985178131132262,
    "label_per:spouse_fscore_mean": 0.817251461988304,
    "label_per:spouse_fscore_std": 0.0943803758571896,
    "label_org:political/religious_affiliation_fscore_mean": 0.3488132094943241,
    "label_org:political/religious_affiliation_fscore_std": 0.07714095143305498,
    "label_org:city_of_headquarters_fscore_mean": 0.5265445476436188,
    "label_org:city_of_headquarters_fscore_std": 0.1041230353941439,
    "label_per:siblings_fscore_mean": 0.7300000000000001,
    "label_per:siblings_fscore_std": 0.09585144756340415,
    "label_per:parents_fscore_mean": 0.8613333333333333,
    "label_per:parents_fscore_std": 0.025560386016907733,
    "label_org:dissolved_fscore_mean": 0,
    "label_org:dissolved_fscore_std": 0.0,
    "label_org:stateorprovince_of_headquarters_fscore_mean": 0.478213716108453,
    "label_org:stateorprovince_of_headquarters_fscore_std": 0.11854842011260437,
    "label_per:age_fscore_mean": 0.964002919175333,
    "label_per:age_fscore_std": 0.025276651992980233,
    "label_per:stateorprovince_of_death_fscore_mean": 0.8706349206349207,
    "label_per:stateorprovince_of_death_fscore_std": 0.08942229412636918,
    "label_org:top_members/employees_fscore_mean": 0.7270092226613966,
    "label_org:top_members/employees_fscore_std": 0.05687061986094953,
    "label_org:subsidiaries_fscore_mean": 0.6020695970695971,
    "label_org:subsidiaries_fscore_std": 0.18051459421402744,
    "label_per:country_of_birth_fscore_mean": 0.4677777777777778,
    "label_per:country_of_birth_fscore_std": 0.14446581038560774,
    "label_per:charges_fscore_mean": 0.8345475113122172,
    "label_per:charges_fscore_std": 0.13564823924663497,
    "label_per:city_of_death_fscore_mean": 0.9527089783281734,
    "label_per:city_of_death_fscore_std": 0.0516553169120177,
    "label_per:countries_of_residence_fscore_mean": 0.5370862470862471,
    "label_per:countries_of_residence_fscore_std": 0.13128387857318582,
    "label_per:other_family_fscore_mean": 0.4142670401493931,
    "label_per:other_family_fscore_std": 0.07743414763934044,
    "label_per:alternate_names_fscore_mean": 0.4835164835164835,
    "label_per:alternate_names_fscore_std": 0.04914435115384158,
    "label_org:alternate_names_fscore_mean": 0.7362711125640188,
    "label_org:alternate_names_fscore_std": 0.0368638333292326,
    "label_per:city_of_birth_fscore_mean": 0.9109047127622979,
    "label_per:city_of_birth_fscore_std": 0.05501805565469493,
    "label_per:employee_of_fscore_mean": 0.49415204678362573,
    "label_per:employee_of_fscore_std": 0.076824390242626,
    "label_org:parents_fscore_mean": 0.4758658008658008,
    "label_org:parents_fscore_std": 0.1286989488881434,
    "label_per:date_of_death_fscore_mean": 0.6140350877192983,
    "label_per:date_of_death_fscore_std": 0.1079695932025541,
    "label_per:title_fscore_mean": 0.7409765886287626,
    "label_per:title_fscore_std": 0.04247469517757685,
    "label_org:country_of_headquarters_fscore_mean": 0.55,
    "label_org:country_of_headquarters_fscore_std": 0.136295226948301,
    "label_per:stateorprovinces_of_residence_fscore_mean": 0.46087912087912086,
    "label_per:stateorprovinces_of_residence_fscore_std": 0.15332249970041031,
    "label_org:members_fscore_mean": 0.34038277511961723,
    "label_org:members_fscore_std": 0.06418406602601305,
    "label_org:founded_fscore_mean": 0.7184640522875817,
    "label_org:founded_fscore_std": 0.06341995634253297,
    "label_org:shareholders_fscore_mean": 0.5188811188811189,
    "label_org:shareholders_fscore_std": 0.2363470842882405,
    "label_org:member_of_fscore_mean": 0.2304761904761905,
    "label_org:member_of_fscore_std": 0.19750713985773927,
    "label_per:origin_fscore_mean": 0.39103174603174606,
    "label_per:origin_fscore_std": 0.1872560981888011,
    "label_per:cities_of_residence_fscore_mean": 0.5406535947712418,
    "label_per:cities_of_residence_fscore_std": 0.08994755949162186,
    "label_org:founded_by_fscore_mean": 0.6266788766788767,
    "label_org:founded_by_fscore_std": 0.18812063922926406,
    "label_per:schools_attended_fscore_mean": 0.8684371184371185,
    "label_per:schools_attended_fscore_std": 0.07445542403446712,
    "label_per:cause_of_death_fscore_mean": 0.9565217391304348,
    "label_per:cause_of_death_fscore_std": 0.0,
    "label_org:website_fscore_mean": 0.9538461538461538,
    "label_org:website_fscore_std": 0.04213250442347435,
    "loss_mean": 1.736521827429533,
    "loss_std": 0.12628467588179879
}