{
  "accuracy": 0.8823529411764706,
  "macro_fscore": 0.6699785114160164,
  "micro_fscore": 0.8836104513064132,
  "loss": 0.8033161903066295
}