{
  "accuracy": 0.8778280542986425,
  "macro_fscore": 0.7497487422716189,
  "micro_fscore": 0.8755980861244019,
  "loss": 0.7735804171035332
}