{
  "accuracy": 0.8778280542986425,
  "macro_fscore": 0.7017007897503253,
  "micro_fscore": 0.8714285714285714,
  "loss": 0.8238840635333743
}