{
  "accuracy": 0.8505747126436781,
  "macro_fscore": 0.6616416263475087,
  "micro_fscore": 0.8604651162790696,
  "loss": 0.5118255764245987
}