{
  "accuracy": 0.7931034482758621,
  "macro_fscore": 0.715983436853002,
  "micro_fscore": 0.8023255813953488,
  "loss": 0.6883026460806528
}