{
  "accuracy": 0.8620689655172413,
  "macro_fscore": 0.687379150903741,
  "micro_fscore": 0.8670520231213873,
  "loss": 0.5506188968817393
}