{
    "model_count": 5,
    "accuracy_mean": 0.8540878828229028,
    "accuracy_std": 0.005938248233885834,
    "macro_fscore_mean": 0.46928535019983364,
    "macro_fscore_std": 0.018081810974335547,
    "micro_fscore_mean": 0.614477238917331,
    "micro_fscore_std": 0.011228499743777055,
    "label_per:religion_fscore_mean": 0.5226217126949099,
    "label_per:religion_fscore_std": 0.07668801368668576,
    "label_org:alternate_names_fscore_mean": 0.7942234937408695,
    "label_org:alternate_names_fscore_std": 0.013049898057776675,
    "label_per:countries_of_residence_fscore_mean": 0.3505769770119467,
    "label_per:countries_of_residence_fscore_std": 0.02882434077782736,
    "label_per:country_of_death_fscore_mean": 0.03636363636363636,
    "label_per:country_of_death_fscore_std": 0.08131156281817417,
    "label_per:cause_of_death_fscore_mean": 0.42162322830426274,
    "label_per:cause_of_death_fscore_std": 0.1012369193852488,
    "label_per:children_fscore_mean": 0.3332292985514476,
    "label_per:children_fscore_std": 0.18206434784678793,
    "label_per:cities_of_residence_fscore_mean": 0.5598043188186298,
    "label_per:cities_of_residence_fscore_std": 0.014253720608848035,
    "label_org:member_of_fscore_mean": 0.016666666666666666,
    "label_org:member_of_fscore_std": 0.037267799624996496,
    "label_per:date_of_death_fscore_mean": 0.4659024048537157,
    "label_per:date_of_death_fscore_std": 0.04276012072104851,
    "label_per:alternate_names_fscore_mean": 0.3494949494949494,
    "label_per:alternate_names_fscore_std": 0.03052667193708586,
    "label_org:founded_by_fscore_mean": 0.42773641602588974,
    "label_org:founded_by_fscore_std": 0.14681296091211243,
    "label_per:city_of_birth_fscore_mean": 0.4387301587301588,
    "label_per:city_of_birth_fscore_std": 0.08700961276508394,
    "label_org:shareholders_fscore_mean": 0,
    "label_org:shareholders_fscore_std": 0.0,
    "label_org:website_fscore_mean": 0.7466691203533308,
    "label_org:website_fscore_std": 0.02087853430586053,
    "label_per:origin_fscore_mean": 0.5912952378234162,
    "label_per:origin_fscore_std": 0.03163470155038125,
    "label_per:stateorprovince_of_death_fscore_mean": 0.25833333333333336,
    "label_per:stateorprovince_of_death_fscore_std": 0.1415031736327781,
    "label_per:country_of_birth_fscore_mean": 0.03333333333333333,
    "label_per:country_of_birth_fscore_std": 0.07453559924999299,
    "label_org:country_of_headquarters_fscore_mean": 0.5589966309980041,
    "label_org:country_of_headquarters_fscore_std": 0.05726774309692947,
    "label_per:date_of_birth_fscore_mean": 0.7847368421052632,
    "label_per:date_of_birth_fscore_std": 0.08376010295866071,
    "label_per:schools_attended_fscore_mean": 0.657781479078966,
    "label_per:schools_attended_fscore_std": 0.05273572920363071,
    "label_org:members_fscore_mean": 0.17352923538230886,
    "label_org:members_fscore_std": 0.07164232948104553,
    "label_org:city_of_headquarters_fscore_mean": 0.6324064601188292,
    "label_org:city_of_headquarters_fscore_std": 0.02770783941113838,
    "label_per:age_fscore_mean": 0.8886656038127674,
    "label_per:age_fscore_std": 0.01698732887766504,
    "label_per:parents_fscore_mean": 0.6152283236564536,
    "label_per:parents_fscore_std": 0.03202604397317032,
    "label_org:founded_fscore_mean": 0.8010526315789473,
    "label_org:founded_fscore_std": 0.009415023063156995,
    "label_org:political/religious_affiliation_fscore_mean": 0.3207862186123056,
    "label_org:political/religious_affiliation_fscore_std": 0.15222408752932481,
    "label_org:top_members/employees_fscore_mean": 0.632285944641114,
    "label_org:top_members/employees_fscore_std": 0.03229808166869871,
    "label_org:stateorprovince_of_headquarters_fscore_mean": 0.6585502032402523,
    "label_org:stateorprovince_of_headquarters_fscore_std": 0.03046864041655373,
    "label_org:parents_fscore_mean": 0.25535529853472894,
    "label_org:parents_fscore_std": 0.13137983356108512,
    "label_per:city_of_death_fscore_mean": 0.3970142686696916,
    "label_per:city_of_death_fscore_std": 0.11158045892749242,
    "label_org:number_of_employees/members_fscore_mean": 0.6767477251687778,
    "label_org:number_of_employees/members_fscore_std": 0.03761178956638597,
    "label_per:title_fscore_mean": 0.8256249798619868,
    "label_per:title_fscore_std": 0.01095491076105829,
    "label_per:spouse_fscore_mean": 0.5777798444736517,
    "label_per:spouse_fscore_std": 0.02606068504728561,
    "label_org:subsidiaries_fscore_mean": 0.3435730359641228,
    "label_org:subsidiaries_fscore_std": 0.09109139287803916,
    "label_per:employee_of_fscore_mean": 0.3202046874246713,
    "label_per:employee_of_fscore_std": 0.06355571374989549,
    "label_per:siblings_fscore_mean": 0.5971290768141162,
    "label_per:siblings_fscore_std": 0.06202421367461061,
    "label_org:dissolved_fscore_mean": 0.19999999999999998,
    "label_org:dissolved_fscore_std": 0.29814239699997197,
    "label_per:stateorprovinces_of_residence_fscore_mean": 0.4814397740250181,
    "label_per:stateorprovinces_of_residence_fscore_std": 0.012756037718951325,
    "label_per:stateorprovince_of_birth_fscore_mean": 0.3381578947368421,
    "label_per:stateorprovince_of_birth_fscore_std": 0.0845490727706176,
    "label_per:other_family_fscore_mean": 0.418262744543068,
    "label_per:other_family_fscore_std": 0.07599439574192653,
    "label_per:charges_fscore_mean": 0.7387861686507963,
    "label_per:charges_fscore_std": 0.02289164052832272,
    "loss_mean": 0.5947482363865026,
    "loss_std": 0.1625695823805804
}