{
  "accuracy": 0.8545272969374168,
  "macro_fscore": 0.48204006417778433,
  "micro_fscore": 0.6061739943872778,
  "label_per:religion_fscore": 0.5679012345679013,
  "label_org:alternate_names_fscore": 0.7999999999999999,
  "label_per:countries_of_residence_fscore": 0.3284457478005865,
  "label_per:country_of_death_fscore": 0,
  "label_per:children_fscore": 0.5142857142857143,
  "label_per:cause_of_death_fscore": 0.28124999999999994,
  "label_per:cities_of_residence_fscore": 0.5395894428152492,
  "label_org:member_of_fscore": 0.08333333333333333,
  "label_per:date_of_death_fscore": 0.4054054054054055,
  "label_per:alternate_names_fscore": 0.33333333333333326,
  "label_org:founded_by_fscore": 0.4912280701754386,
  "label_per:city_of_birth_fscore": 0.4444444444444445,
  "label_org:shareholders_fscore": 0,
  "label_org:website_fscore": 0.7272727272727272,
  "label_per:origin_fscore": 0.5964912280701754,
  "label_per:stateorprovince_of_death_fscore": 0.22222222222222224,
  "label_per:country_of_birth_fscore": 0,
  "label_org:country_of_headquarters_fscore": 0.5185185185185186,
  "label_per:date_of_birth_fscore": 0.7368421052631577,
  "label_per:schools_attended_fscore": 0.689655172413793,
  "label_org:members_fscore": 0.20689655172413793,
  "label_org:city_of_headquarters_fscore": 0.6274509803921569,
  "label_per:age_fscore": 0.8951048951048952,
  "label_per:parents_fscore": 0.6432748538011697,
  "label_org:founded_fscore": 0.8,
  "label_org:political/religious_affiliation_fscore": 0.34782608695652173,
  "label_org:top_members/employees_fscore": 0.5971830985915493,
  "label_org:stateorprovince_of_headquarters_fscore": 0.672566371681416,
  "label_org:parents_fscore": 0.3464566929133858,
  "label_per:city_of_death_fscore": 0.35555555555555557,
  "label_org:number_of_employees/members_fscore": 0.6857142857142857,
  "label_per:title_fscore": 0.8336633663366336,
  "label_per:spouse_fscore": 0.5822784810126582,
  "label_org:subsidiaries_fscore": 0.19718309859154928,
  "label_per:employee_of_fscore": 0.3242009132420091,
  "label_per:siblings_fscore": 0.6814814814814815,
  "label_org:dissolved_fscore": 0.6666666666666666,
  "label_per:stateorprovinces_of_residence_fscore": 0.47126436781609193,
  "label_per:stateorprovince_of_birth_fscore": 0.4,
  "label_per:other_family_fscore": 0.39455782312925164,
  "label_per:charges_fscore": 0.7540983606557378,
  "loss": 0.7518780448013288
}