{
  "accuracy": 0.8585885486018642,
  "macro_fscore": 0.4414184574976743,
  "micro_fscore": 0.6210230817217717,
  "label_per:religion_fscore": 0.4788732394366197,
  "label_org:alternate_names_fscore": 0.7839195979899498,
  "label_per:countries_of_residence_fscore": 0.3828125,
  "label_per:country_of_death_fscore": 0,
  "label_per:cause_of_death_fscore": 0.375,
  "label_per:children_fscore": 0.08695652173913043,
  "label_per:cities_of_residence_fscore": 0.5734939759036146,
  "label_org:member_of_fscore": 0,
  "label_per:date_of_death_fscore": 0.43589743589743596,
  "label_per:alternate_names_fscore": 0.30303030303030304,
  "label_org:founded_by_fscore": 0.38181818181818183,
  "label_per:city_of_birth_fscore": 0.4000000000000001,
  "label_org:shareholders_fscore": 0,
  "label_org:website_fscore": 0.7692307692307692,
  "label_per:origin_fscore": 0.6016260162601625,
  "label_per:stateorprovince_of_death_fscore": 0.22222222222222224,
  "label_per:country_of_birth_fscore": 0,
  "label_org:country_of_headquarters_fscore": 0.5698924731182795,
  "label_per:date_of_birth_fscore": 0.7000000000000001,
  "label_per:schools_attended_fscore": 0.6461538461538462,
  "label_org:members_fscore": 0.08695652173913045,
  "label_org:city_of_headquarters_fscore": 0.6216216216216216,
  "label_per:age_fscore": 0.8925233644859811,
  "label_per:parents_fscore": 0.5889570552147239,
  "label_org:founded_fscore": 0.7894736842105263,
  "label_org:political/religious_affiliation_fscore": 0.25,
  "label_org:top_members/employees_fscore": 0.658354114713217,
  "label_org:stateorprovince_of_headquarters_fscore": 0.6206896551724138,
  "label_org:parents_fscore": 0.06060606060606061,
  "label_per:city_of_death_fscore": 0.358974358974359,
  "label_org:number_of_employees/members_fscore": 0.6842105263157895,
  "label_per:title_fscore": 0.8373435996150144,
  "label_per:spouse_fscore": 0.5534591194968553,
  "label_org:subsidiaries_fscore": 0.44943820224719094,
  "label_per:employee_of_fscore": 0.4,
  "label_per:siblings_fscore": 0.5692307692307692,
  "label_org:dissolved_fscore": 0,
  "label_per:stateorprovinces_of_residence_fscore": 0.4840764331210191,
  "label_per:stateorprovince_of_birth_fscore": 0.3157894736842105,
  "label_per:other_family_fscore": 0.4166666666666667,
  "label_per:charges_fscore": 0.7488584474885844,
  "loss": 0.4667137642663778
}