{
  "accuracy": 0.9171270718232044,
  "macro_fscore": 0.3219020787979681,
  "micro_fscore": 0.9226361031518626,
  "loss": 0.4405836910009384
}