{
  "accuracy": 0.9171270718232044,
  "macro_fscore": 0.30590973602043714,
  "micro_fscore": 0.9235127478753541,
  "loss": 0.45671528329451877
}