{
  "em_accuracy": 0.5291043869242922,
  "loss": 1.5016047527489154
}