{
  "em_accuracy": 0.5010329323125532,
  "loss": 1.5688131988627239
}