{
  "em_accuracy": 0.5303196014096488,
  "loss": 1.5201670191820384
}