{
  "em_accuracy": 0.5222991858062949,
  "loss": 1.5197480206350678
}