{
  "em_accuracy": 0.5009114108640175,
  "loss": 1.532009851469577
}