{
  "em_accuracy": 0.5162231133795114,
  "loss": 1.5253979675978133
}