{
  "em_accuracy": 0.5233928788431158,
  "loss": 1.495399354036572
}