{
  "em_accuracy": 0.5103900838497994,
  "loss": 1.5229252834921903
}