{
  "accuracy": 0.9105263157894737,
  "loss": 0.481536403298378
}