{
  "accuracy": 0.9263157894736842,
  "loss": 0.4277849458158016
}