{
  "accuracy": 0.9052631578947369,
  "loss": 0.6774892111619314
}