{
    "model_count": 5,
    "accuracy_mean": 0.7271889400921658,
    "accuracy_std": 0.01576279389537981,
    "macro_fscore_mean": 0.6732617784427739,
    "macro_fscore_std": 0.018228700832280485,
    "micro_fscore_mean": 0.7444507349816142,
    "micro_fscore_std": 0.020343893696998187,
    "label_org:parents_fscore_mean": 0,
    "label_org:parents_fscore_std": 0.0,
    "label_per:employee_of_fscore_mean": 0.20380952380952383,
    "label_per:employee_of_fscore_std": 0.1904285654747019,
    "label_per:stateorprovince_of_death_fscore_mean": 0.49333333333333335,
    "label_per:stateorprovince_of_death_fscore_std": 0.4657133119086128,
    "label_org:founded_fscore_mean": 0.9314285714285714,
    "label_org:founded_fscore_std": 0.0960442075084092,
    "label_org:subsidiaries_fscore_mean": 0.6533333333333333,
    "label_org:subsidiaries_fscore_std": 0.029814239699997188,
    "label_per:age_fscore_mean": 1.0,
    "label_per:age_fscore_std": 0.0,
    "label_per:parents_fscore_mean": 0.861941391941392,
    "label_per:parents_fscore_std": 0.05927931613170663,
    "label_org:top_members/employees_fscore_mean": 0.6721288515406163,
    "label_org:top_members/employees_fscore_std": 0.06596103387800191,
    "label_per:stateorprovinces_of_residence_fscore_mean": 0.7644444444444445,
    "label_per:stateorprovinces_of_residence_fscore_std": 0.09635325950523918,
    "label_org:political/religious_affiliation_fscore_mean": 0.9066666666666666,
    "label_org:political/religious_affiliation_fscore_std": 0.07226494462892936,
    "label_per:siblings_fscore_mean": 0.793939393939394,
    "label_per:siblings_fscore_std": 0.09618527423093264,
    "label_org:shareholders_fscore_mean": 0.5254545454545454,
    "label_org:shareholders_fscore_std": 0.3155999141082329,
    "label_org:member_of_fscore_mean": 0.4909090909090909,
    "label_org:member_of_fscore_std": 0.32365423852577996,
    "label_per:other_family_fscore_mean": 0.21717171717171715,
    "label_per:other_family_fscore_std": 0.22124440518999505,
    "label_org:country_of_headquarters_fscore_mean": 0.7508547008547009,
    "label_org:country_of_headquarters_fscore_std": 0.1132438315682932,
    "label_per:date_of_death_fscore_mean": 0.9411764705882353,
    "label_per:date_of_death_fscore_std": 0.0,
    "label_org:dissolved_fscore_mean": 0,
    "label_org:dissolved_fscore_std": 0.0,
    "label_per:religion_fscore_mean": 0.7977777777777778,
    "label_per:religion_fscore_std": 0.056737428585274634,
    "label_per:spouse_fscore_mean": 0.92,
    "label_per:spouse_fscore_std": 0.1095445115010332,
    "label_per:countries_of_residence_fscore_mean": 0.351010101010101,
    "label_per:countries_of_residence_fscore_std": 0.0699362748693244,
    "label_org:stateorprovince_of_headquarters_fscore_mean": 0.8366013071895425,
    "label_org:stateorprovince_of_headquarters_fscore_std": 0.02922964676470313,
    "label_org:website_fscore_mean": 1.0,
    "label_org:website_fscore_std": 0.0,
    "label_per:schools_attended_fscore_mean": 0.9202614379084967,
    "label_per:schools_attended_fscore_std": 0.02863908797412635,
    "label_per:alternate_names_fscore_mean": 0.3638095238095238,
    "label_per:alternate_names_fscore_std": 0.05233764443441556,
    "label_per:city_of_death_fscore_mean": 0.8333333333333334,
    "label_per:city_of_death_fscore_std": 0.23570226039551584,
    "label_per:title_fscore_mean": 0.9098901098901099,
    "label_per:title_fscore_std": 0.02948661069230491,
    "label_per:children_fscore_mean": 0.5419047619047619,
    "label_per:children_fscore_std": 0.0989972399349559,
    "label_per:charges_fscore_mean": 0.8787878787878788,
    "label_per:charges_fscore_std": 0.04149413314433073,
    "label_org:city_of_headquarters_fscore_mean": 0.46095238095238095,
    "label_org:city_of_headquarters_fscore_std": 0.06468716508927003,
    "label_per:cities_of_residence_fscore_mean": 0.5844871794871794,
    "label_per:cities_of_residence_fscore_std": 0.10528482704572699,
    "label_per:country_of_birth_fscore_mean": 0.06666666666666667,
    "label_per:country_of_birth_fscore_std": 0.14907119849998599,
    "label_org:founded_by_fscore_mean": 0.9664335664335664,
    "label_org:founded_by_fscore_std": 0.04622795491199557,
    "label_per:cause_of_death_fscore_mean": 0.7714285714285715,
    "label_per:cause_of_death_fscore_std": 0.047915742374995476,
    "label_per:date_of_birth_fscore_mean": 1.0,
    "label_per:date_of_birth_fscore_std": 0.0,
    "label_org:members_fscore_mean": 0.4903174603174603,
    "label_org:members_fscore_std": 0.22509369287461714,
    "label_per:origin_fscore_mean": 0.5819047619047619,
    "label_per:origin_fscore_std": 0.06008308684033329,
    "label_org:number_of_employees/members_fscore_mean": 0.9277777777777778,
    "label_org:number_of_employees/members_fscore_std": 0.11041448285750999,
    "label_org:alternate_names_fscore_mean": 0.9272727272727272,
    "label_org:alternate_names_fscore_std": 0.0406557814090871,
    "label_per:city_of_birth_fscore_mean": 0.92,
    "label_per:city_of_birth_fscore_std": 0.1095445115010332,
    "loss_mean": 0.977394997222083,
    "loss_std": 0.07839526951965578
}