{
    "model_count": 5,
    "accuracy_mean": 0.7216589861751153,
    "accuracy_std": 0.022244273522851948,
    "macro_fscore_mean": 0.6663898975342176,
    "macro_fscore_std": 0.017890191102165883,
    "micro_fscore_mean": 0.7398248746415617,
    "micro_fscore_std": 0.015267236595672957,
    "label_org:shareholders_fscore_mean": 0.6654545454545454,
    "label_org:shareholders_fscore_std": 0.04502830453577382,
    "label_org:website_fscore_mean": 1.0,
    "label_org:website_fscore_std": 0.0,
    "label_per:country_of_birth_fscore_mean": 0,
    "label_per:country_of_birth_fscore_std": 0.0,
    "label_per:cause_of_death_fscore_mean": 0.7928571428571428,
    "label_per:cause_of_death_fscore_std": 0.058684559732696345,
    "label_org:member_of_fscore_mean": 0.3031746031746032,
    "label_org:member_of_fscore_std": 0.2803958257499736,
    "label_per:other_family_fscore_mean": 0.47551115551115547,
    "label_per:other_family_fscore_std": 0.15872299681037477,
    "label_per:siblings_fscore_mean": 0.8698901098901098,
    "label_per:siblings_fscore_std": 0.09345699997378984,
    "label_per:spouse_fscore_mean": 0.96,
    "label_per:spouse_fscore_std": 0.08944271909999157,
    "label_org:stateorprovince_of_headquarters_fscore_mean": 0.8378571428571429,
    "label_org:stateorprovince_of_headquarters_fscore_std": 0.035319243757360355,
    "label_per:countries_of_residence_fscore_mean": 0.33487179487179486,
    "label_per:countries_of_residence_fscore_std": 0.10747230274814142,
    "label_per:parents_fscore_mean": 0.8888461538461538,
    "label_per:parents_fscore_std": 0.07147881439488088,
    "label_org:number_of_employees/members_fscore_mean": 0.9777777777777777,
    "label_org:number_of_employees/members_fscore_std": 0.0496903994999953,
    "label_per:employee_of_fscore_mean": 0.08,
    "label_per:employee_of_fscore_std": 0.17888543819998318,
    "label_org:dissolved_fscore_mean": 0,
    "label_org:dissolved_fscore_std": 0.0,
    "label_per:origin_fscore_mean": 0.38095238095238093,
    "label_per:origin_fscore_std": 0.2586376307428623,
    "label_per:charges_fscore_mean": 0.8512820512820513,
    "label_per:charges_fscore_std": 0.04013455344230388,
    "label_per:cities_of_residence_fscore_mean": 0.59,
    "label_per:cities_of_residence_fscore_std": 0.07006941003192635,
    "label_org:subsidiaries_fscore_mean": 0.7047619047619047,
    "label_org:subsidiaries_fscore_std": 0.13293946928708217,
    "label_org:founded_fscore_mean": 0.8400000000000001,
    "label_org:founded_fscore_std": 0.08944271909999157,
    "label_per:title_fscore_mean": 0.8967032967032966,
    "label_per:title_fscore_std": 0.03611357522012083,
    "label_per:city_of_death_fscore_mean": 0.78,
    "label_per:city_of_death_fscore_std": 0.17888543819998318,
    "label_org:founded_by_fscore_mean": 0.9846153846153846,
    "label_org:founded_by_fscore_std": 0.034401045807689094,
    "label_per:age_fscore_mean": 1.0,
    "label_per:age_fscore_std": 0.0,
    "label_per:date_of_death_fscore_mean": 0.9111344537815126,
    "label_per:date_of_death_fscore_std": 0.04161838409623135,
    "label_per:alternate_names_fscore_mean": 0.4,
    "label_per:alternate_names_fscore_std": 0.0,
    "label_org:alternate_names_fscore_mean": 0.8872727272727273,
    "label_org:alternate_names_fscore_std": 0.04878693769090442,
    "label_per:religion_fscore_mean": 0.75,
    "label_per:religion_fscore_std": 0.0,
    "label_org:top_members/employees_fscore_mean": 0.6674922600619194,
    "label_org:top_members/employees_fscore_std": 0.0262945340007283,
    "label_org:political/religious_affiliation_fscore_mean": 0.9180952380952381,
    "label_org:political/religious_affiliation_fscore_std": 0.03407341679999682,
    "label_org:city_of_headquarters_fscore_mean": 0.4205905205905206,
    "label_org:city_of_headquarters_fscore_std": 0.0696584555053871,
    "label_per:city_of_birth_fscore_mean": 1.0,
    "label_per:city_of_birth_fscore_std": 0.0,
    "label_per:schools_attended_fscore_mean": 0.9411764705882353,
    "label_per:schools_attended_fscore_std": 0.0,
    "label_per:stateorprovince_of_death_fscore_mean": 0.5666666666666667,
    "label_per:stateorprovince_of_death_fscore_std": 0.3651483716701107,
    "label_per:stateorprovinces_of_residence_fscore_mean": 0.4276190476190476,
    "label_per:stateorprovinces_of_residence_fscore_std": 0.10543076523720868,
    "label_org:country_of_headquarters_fscore_mean": 0.6753968253968253,
    "label_org:country_of_headquarters_fscore_std": 0.1523106650065226,
    "label_per:children_fscore_mean": 0.76,
    "label_per:children_fscore_std": 0.14605934866804432,
    "label_org:parents_fscore_mean": 0,
    "label_org:parents_fscore_std": 0.0,
    "label_org:members_fscore_mean": 0.4492063492063492,
    "label_org:members_fscore_std": 0.1052298351997919,
    "label_per:date_of_birth_fscore_mean": 1.0,
    "label_per:date_of_birth_fscore_std": 0.0,
    "loss_mean": 1.0614196947642736,
    "loss_std": 0.01569097716859922
}