{
  "accuracy": 0.8272251308900523,
  "macro_fscore": 0.7192298715789496,
  "micro_fscore": 0.8297872340425532,
  "loss": 0.7697650006836435
}