{
  "accuracy": 0.837696335078534,
  "macro_fscore": 0.771207849467498,
  "micro_fscore": 0.8373333333333334,
  "loss": 0.8493643606877109
}