{
  "accuracy": 0.8272251308900523,
  "macro_fscore": 0.7338477204313837,
  "micro_fscore": 0.8271276595744681,
  "loss": 0.6970178049911434
}