{
  "accuracy": 0.8900523560209425,
  "macro_fscore": 0.871296870278099,
  "micro_fscore": 0.8909574468085106,
  "loss": 0.41365105220271897
}