{
  "accuracy": 0.8821989528795812,
  "macro_fscore": 0.8242358536663394,
  "micro_fscore": 0.8844621513944223,
  "loss": 0.43199408278936363
}