{
    "model_count": 5,
    "em_accuracy_mean": 0.8011399908800729,
    "em_accuracy_std": 0.003778859129772513,
    "loss_mean": 0.0,
    "loss_std": 0.0
}