{
    "model_count": 5,
    "UAS_mean": 0.9355224356419861,
    "UAS_std": 0.0010163744915005224,
    "LAS_mean": 0.9152147923806487,
    "LAS_std": 0.000564692423174271,
    "UEM_mean": 0.7343283582089553,
    "UEM_std": 0.0031276613902574356,
    "LEM_mean": 0.6464130958112663,
    "LEM_std": 0.002940477897853124,
    "LOAS_mean": 0.9524428150155415,
    "LOAS_std": 0.0006379761000647746,
    "LOEM_mean": 0.7077515647568609,
    "LOEM_std": 0.004013801637104758,
    "loss_mean": 1.1735049707441252,
    "loss_std": 0.11148129948934406
}