{
  "UAS": 0.934924683191201,
  "LAS": 0.9151988523152945,
  "UEM": 0.7380837746750121,
  "LEM": 0.6514203177660086,
  "LOAS": 0.9524587550808958,
  "LOEM": 0.7130476649013,
  "loss": 1.1760457016770685
}