{
  "UAS": 0.9347254323742727,
  "LAS": 0.9144416992109667,
  "UEM": 0.7342320654790563,
  "LEM": 0.6437168993740973,
  "LOAS": 0.9517813023033395,
  "LOEM": 0.7019740009629273,
  "loss": 1.1525809493216632
}