{
    "model_count": 5,
    "accuracy_mean": 0.8289253553960781,
    "accuracy_std": 0.0019186269302349035,
    "macro_fscore_mean": 0.5272446980289899,
    "macro_fscore_std": 0.013038492579410886,
    "micro_fscore_mean": 0.6195630132206337,
    "micro_fscore_std": 0.008294027567058073,
    "label_per:cause_of_death_fscore_mean": 0.7820487566934496,
    "label_per:cause_of_death_fscore_std": 0.01511106580670703,
    "label_per:cities_of_residence_fscore_mean": 0.4693814391347937,
    "label_per:cities_of_residence_fscore_std": 0.02459969892114846,
    "label_per:countries_of_residence_fscore_mean": 0.39664264360981294,
    "label_per:countries_of_residence_fscore_std": 0.03765597136916863,
    "label_per:alternate_names_fscore_mean": 0.24127599938794966,
    "label_per:alternate_names_fscore_std": 0.05959980451052773,
    "label_org:parents_fscore_mean": 0.2607471687537436,
    "label_org:parents_fscore_std": 0.02683674038136614,
    "label_per:parents_fscore_mean": 0.46214972138934735,
    "label_per:parents_fscore_std": 0.0515051753572725,
    "label_per:city_of_death_fscore_mean": 0.6722996716932644,
    "label_per:city_of_death_fscore_std": 0.07636985225675885,
    "label_per:age_fscore_mean": 0.8953838051943839,
    "label_per:age_fscore_std": 0.008329772977479211,
    "label_per:date_of_birth_fscore_mean": 0.8483576522979508,
    "label_per:date_of_birth_fscore_std": 0.046949859264632576,
    "label_org:stateorprovince_of_headquarters_fscore_mean": 0.582857067382985,
    "label_org:stateorprovince_of_headquarters_fscore_std": 0.028527493131817662,
    "label_per:country_of_birth_fscore_mean": 0.3092987377279102,
    "label_per:country_of_birth_fscore_std": 0.09807582974942493,
    "label_per:spouse_fscore_mean": 0.6933779821553993,
    "label_per:spouse_fscore_std": 0.023518830327451383,
    "label_per:city_of_birth_fscore_mean": 0.712386706808099,
    "label_per:city_of_birth_fscore_std": 0.028522383705192365,
    "label_per:stateorprovince_of_birth_fscore_mean": 0.5557951482479785,
    "label_per:stateorprovince_of_birth_fscore_std": 0.07293583388372059,
    "label_org:members_fscore_mean": 0.6142747807888921,
    "label_org:members_fscore_std": 0.044967014708279844,
    "label_org:city_of_headquarters_fscore_mean": 0.5715666825151878,
    "label_org:city_of_headquarters_fscore_std": 0.005922800158151052,
    "label_org:alternate_names_fscore_mean": 0.8069955876744871,
    "label_org:alternate_names_fscore_std": 0.0038664175143897513,
    "label_per:other_family_fscore_mean": 0.15887916548623893,
    "label_per:other_family_fscore_std": 0.05268767911183908,
    "label_org:number_of_employees/members_fscore_mean": 0.768620746340129,
    "label_org:number_of_employees/members_fscore_std": 0.04863997661651908,
    "label_per:children_fscore_mean": 0.5185668667838095,
    "label_per:children_fscore_std": 0.0747311698338334,
    "label_org:shareholders_fscore_mean": 0.18140078780997237,
    "label_org:shareholders_fscore_std": 0.04586740177319089,
    "label_per:religion_fscore_mean": 0.6079725302880531,
    "label_per:religion_fscore_std": 0.03510822172682278,
    "label_per:charges_fscore_mean": 0.7299227538107584,
    "label_per:charges_fscore_std": 0.04762002921401928,
    "label_org:dissolved_fscore_mean": 0.18444444444444444,
    "label_org:dissolved_fscore_std": 0.12059523156635675,
    "label_per:employee_of_fscore_mean": 0.3913615795379135,
    "label_per:employee_of_fscore_std": 0.03190248917892929,
    "label_per:stateorprovince_of_death_fscore_mean": 0.5811420442999391,
    "label_per:stateorprovince_of_death_fscore_std": 0.15149899250485177,
    "label_org:founded_fscore_mean": 0.7707265323870737,
    "label_org:founded_fscore_std": 0.018590859630387625,
    "label_per:country_of_death_fscore_mean": 0,
    "label_per:country_of_death_fscore_std": 0.0,
    "label_org:website_fscore_mean": 0.9160647614647299,
    "label_org:website_fscore_std": 0.009061236024866155,
    "label_org:founded_by_fscore_mean": 0.5569798354761706,
    "label_org:founded_by_fscore_std": 0.049002777084272656,
    "label_per:origin_fscore_mean": 0.5435135323698452,
    "label_per:origin_fscore_std": 0.028376331679583585,
    "label_org:subsidiaries_fscore_mean": 0.20374109503707288,
    "label_org:subsidiaries_fscore_std": 0.08624321324443607,
    "label_per:schools_attended_fscore_mean": 0.6902596063518357,
    "label_per:schools_attended_fscore_std": 0.03981695418013876,
    "label_per:date_of_death_fscore_mean": 0.7039457885193253,
    "label_per:date_of_death_fscore_std": 0.02174324125391692,
    "label_per:title_fscore_mean": 0.7956216140083925,
    "label_per:title_fscore_std": 0.009017882701882507,
    "label_org:member_of_fscore_mean": 0,
    "label_org:member_of_fscore_std": 0.0,
    "label_org:top_members/employees_fscore_mean": 0.6113460557884064,
    "label_org:top_members/employees_fscore_std": 0.01224602660441056,
    "label_per:siblings_fscore_mean": 0.5317025543482435,
    "label_per:siblings_fscore_std": 0.071828326997095,
    "label_org:political/religious_affiliation_fscore_mean": 0.25501683501683503,
    "label_org:political/religious_affiliation_fscore_std": 0.0506773715682987,
    "label_org:country_of_headquarters_fscore_mean": 0.5579411836237366,
    "label_org:country_of_headquarters_fscore_std": 0.015133660389856208,
    "label_per:stateorprovinces_of_residence_fscore_mean": 0.483022754540027,
    "label_per:stateorprovinces_of_residence_fscore_std": 0.033216471292397506,
    "loss_mean": 0.6057739637045964,
    "loss_std": 0.05786564953361696
}