{
  "accuracy": 0.8296841431640536,
  "macro_fscore": 0.5256659527522252,
  "micro_fscore": 0.6097097911581231,
  "label_per:cause_of_death_fscore": 0.7639751552795031,
  "label_per:cities_of_residence_fscore": 0.4489795918367347,
  "label_per:countries_of_residence_fscore": 0.3476394849785408,
  "label_org:parents_fscore": 0.22115384615384617,
  "label_per:alternate_names_fscore": 0.16470588235294117,
  "label_per:parents_fscore": 0.4173913043478261,
  "label_per:city_of_death_fscore": 0.5405405405405405,
  "label_per:age_fscore": 0.8993839835728954,
  "label_per:date_of_birth_fscore": 0.8923076923076922,
  "label_org:stateorprovince_of_headquarters_fscore": 0.6304347826086958,
  "label_per:country_of_birth_fscore": 0.4,
  "label_per:spouse_fscore": 0.6807228915662651,
  "label_per:city_of_birth_fscore": 0.7397260273972603,
  "label_per:stateorprovince_of_birth_fscore": 0.6037735849056604,
  "label_org:members_fscore": 0.6419753086419753,
  "label_org:city_of_headquarters_fscore": 0.5669291338582677,
  "label_org:alternate_names_fscore": 0.8105726872246696,
  "label_per:other_family_fscore": 0.22580645161290322,
  "label_org:number_of_employees/members_fscore": 0.7419354838709677,
  "label_per:children_fscore": 0.5276073619631901,
  "label_org:shareholders_fscore": 0.26285714285714284,
  "label_per:religion_fscore": 0.5714285714285715,
  "label_per:charges_fscore": 0.7317073170731706,
  "label_org:dissolved_fscore": 0.2,
  "label_per:employee_of_fscore": 0.34756995581737854,
  "label_per:stateorprovince_of_death_fscore": 0.7142857142857143,
  "label_org:founded_fscore": 0.7692307692307692,
  "label_per:country_of_death_fscore": 0,
  "label_org:website_fscore": 0.91005291005291,
  "label_org:founded_by_fscore": 0.48214285714285726,
  "label_per:origin_fscore": 0.5194174757281552,
  "label_org:subsidiaries_fscore": 0.23225806451612904,
  "label_per:schools_attended_fscore": 0.6972477064220184,
  "label_per:date_of_death_fscore": 0.7104622871046229,
  "label_per:title_fscore": 0.7848101265822784,
  "label_org:member_of_fscore": 0,
  "label_org:top_members/employees_fscore": 0.6102719033232629,
  "label_per:siblings_fscore": 0.5925925925925927,
  "label_org:political/religious_affiliation_fscore": 0.16666666666666669,
  "label_org:country_of_headquarters_fscore": 0.5529715762273902,
  "label_per:stateorprovinces_of_residence_fscore": 0.4307692307692308,
  "loss": 0.7058338999587563
}