{
  "accuracy": 0.8316039676372446,
  "macro_fscore": 0.5231613749074399,
  "micro_fscore": 0.6145402195429188,
  "label_per:cause_of_death_fscore": 0.7697160883280758,
  "label_per:cities_of_residence_fscore": 0.484375,
  "label_per:countries_of_residence_fscore": 0.3707317073170731,
  "label_org:parents_fscore": 0.2523364485981308,
  "label_per:alternate_names_fscore": 0.20689655172413793,
  "label_per:parents_fscore": 0.5087719298245614,
  "label_per:city_of_death_fscore": 0.6909090909090909,
  "label_per:age_fscore": 0.895397489539749,
  "label_per:date_of_birth_fscore": 0.8787878787878788,
  "label_org:stateorprovince_of_headquarters_fscore": 0.5539906103286385,
  "label_per:country_of_birth_fscore": 0.4,
  "label_per:spouse_fscore": 0.7058823529411764,
  "label_per:city_of_birth_fscore": 0.732394366197183,
  "label_per:stateorprovince_of_birth_fscore": 0.6037735849056604,
  "label_org:members_fscore": 0.5507246376811594,
  "label_org:city_of_headquarters_fscore": 0.5637065637065637,
  "label_org:alternate_names_fscore": 0.8033946251768034,
  "label_per:other_family_fscore": 0.13186813186813184,
  "label_org:number_of_employees/members_fscore": 0.7666666666666667,
  "label_per:children_fscore": 0.40875912408759124,
  "label_org:shareholders_fscore": 0.1627906976744186,
  "label_per:religion_fscore": 0.6548672566371682,
  "label_per:charges_fscore": 0.6974358974358975,
  "label_org:dissolved_fscore": 0.3333333333333333,
  "label_per:employee_of_fscore": 0.3840749414519906,
  "label_per:stateorprovince_of_death_fscore": 0.5000000000000001,
  "label_org:founded_fscore": 0.7560975609756098,
  "label_per:country_of_death_fscore": 0,
  "label_org:website_fscore": 0.9189189189189189,
  "label_org:founded_by_fscore": 0.5481481481481482,
  "label_per:origin_fscore": 0.5530145530145529,
  "label_org:subsidiaries_fscore": 0.12790697674418602,
  "label_per:schools_attended_fscore": 0.6923076923076923,
  "label_per:date_of_death_fscore": 0.696808510638298,
  "label_per:title_fscore": 0.7913087417887822,
  "label_org:member_of_fscore": 0,
  "label_org:top_members/employees_fscore": 0.6079593564775614,
  "label_per:siblings_fscore": 0.43678160919540227,
  "label_org:political/religious_affiliation_fscore": 0.2727272727272727,
  "label_org:country_of_headquarters_fscore": 0.5435897435897437,
  "label_per:stateorprovinces_of_residence_fscore": 0.4924623115577889,
  "loss": 0.5696185197012652
}