{"model_count": 10, "em_accuracy_mean": 0.3778535534816942, "em_accuracy_std": 0.01028126179724498, "loss_mean": 2.0289667677198135, "loss_std": 0.03156529826858997}