{
  "em_accuracy": 0.3854989231873654,
  "loss": 2.028788274696895
}