{
  "em_accuracy": 0.38657573582196697,
  "loss": 2.035325342587062
}