{
  "em_accuracy": 0.38944723618090454,
  "loss": 2.0540278877530778
}