{
  "em_accuracy": 0.3797559224694903,
  "loss": 2.016957183224814
}