{
  "em_accuracy": 0.36683417085427134,
  "loss": 2.021127427646092
}