{
  "accuracy": 0.9685362517099864,
  "macro_fscore": 0.9527018062686345,
  "micro_fscore": 0.9730878186968838,
  "loss": 0.14214047577115707
}