{
  "accuracy": 0.9712722298221614,
  "macro_fscore": 0.9576039175487444,
  "micro_fscore": 0.9766123316796598,
  "loss": 0.1463210744139202
}