{
  "accuracy": 0.9699042407660738,
  "macro_fscore": 0.950293815432761,
  "micro_fscore": 0.9751596877217884,
  "loss": 0.16425094653981354
}