{
    "model_count": 4,
    "em_accuracy_mean": 0.22038765254845658,
    "em_accuracy_std": 0.019644522084472482,
    "loss_mean": 0.0,
    "loss_std": 0.0
}