{
  "UAS": 0.8651470471028931,
  "LAS": 0.8333466167211285,
  "UEM": 0.4886856042368801,
  "LEM": 0.42272508425613864,
  "LOAS": 0.920219972901889,
  "LOEM": 0.5878671160327396,
  "loss": 2.845501493826143
}