{
  "UAS": 0.8702478680162589,
  "LAS": 0.8359767275045827,
  "UEM": 0.49590755897929706,
  "LEM": 0.4260953298025999,
  "LOAS": 0.917550011955049,
  "LOEM": 0.5782378430428503,
  "loss": 2.882716455754066
}