{
  "accuracy": 0.7410468319559229,
  "macro_fscore": 0.7598570532161406,
  "micro_fscore": 0.7369901547116737,
  "loss": 1.184936980838361
}