{
  "em_accuracy": 0.5037060908797938,
  "loss": 1.4952609711086626
}