{
  "em_accuracy": 0.5191749919432807,
  "loss": 1.479341003698172
}