{
    "model_count": 5,
    "UAS_mean": 0.7718664160763337,
    "UAS_std": 0.005177614635841119,
    "LAS_mean": 0.6340706471977254,
    "LAS_std": 0.007151663912041147,
    "UEM_mean": 0.1108,
    "UEM_std": 0.003701351104664353,
    "LEM_mean": 0.021,
    "LEM_std": 0.0037416573867739417,
    "LOAS_mean": 0.7399643390679967,
    "LOAS_std": 0.007202658659633695,
    "LOEM_mean": 0.036199999999999996,
    "LOEM_std": 0.00454972526643093,
    "loss_mean": 6.536640933156013,
    "loss_std": 0.9646877990131713
}