{
  "UAS": 0.7751433665847429,
  "LAS": 0.6457038215025782,
  "UEM": 0.115,
  "LEM": 0.024,
  "LOAS": 0.7523010939231844,
  "LOEM": 0.041,
  "loss": 6.8642497807741165
}