{
  "UAS": 0.7747578429955183,
  "LAS": 0.6320177340851043,
  "UEM": 0.11,
  "LEM": 0.015,
  "LOAS": 0.7361572936244036,
  "LOEM": 0.029,
  "loss": 6.161131143569946
}