{
  "UAS": 0.7631439448701267,
  "LAS": 0.6260903089007759,
  "UEM": 0.105,
  "LEM": 0.024,
  "LOAS": 0.733844152089056,
  "LOEM": 0.039,
  "loss": 5.254404634237289
}