{
  "accuracy": 0.9068684516880093,
  "macro_fscore": 0.662622914626038,
  "micro_fscore": 0.9084507042253521,
  "loss": 0.46939870894507124
}