{
  "accuracy": 0.919674039580908,
  "macro_fscore": 0.6347095213393427,
  "micro_fscore": 0.9213615023474179,
  "loss": 0.36835929232270076
}