{
  "accuracy": 0.9313154831199069,
  "macro_fscore": 0.7185365255255998,
  "micro_fscore": 0.9330199764982373,
  "loss": 0.3836125291849452
}