{
  "accuracy": 0.9243306169965075,
  "macro_fscore": 0.6478405974705854,
  "micro_fscore": 0.926056338028169,
  "loss": 0.4943693056521389
}