{
    "model_count": 5,
    "em_accuracy_mean": 0.6507881914588707,
    "em_accuracy_std": 0.008621350993646677,
    "loss_mean": 0.0,
    "loss_std": 0.0
}