{
    "model_count": 5,
    "UAS_mean": 0.8636327408942377,
    "UAS_std": 0.010540726032264353,
    "LAS_mean": 0.8097712600621663,
    "LAS_std": 0.010492200667989218,
    "UEM_mean": 0.5644679826673086,
    "UEM_std": 0.018868215815913195,
    "LEM_mean": 0.41222917669715936,
    "LEM_std": 0.020453423587931112,
    "LOAS_mean": 0.8804495098429904,
    "LOAS_std": 0.00521542581543035,
    "LOEM_mean": 0.4390948483389504,
    "LOEM_std": 0.021671213163075385,
    "loss_mean": 2.8262277017329827,
    "loss_std": 0.1814128083132143
}