{
  "UAS": 0.8533912489041205,
  "LAS": 0.7946919582370288,
  "UEM": 0.5435724602792489,
  "LEM": 0.3760231102551757,
  "LOAS": 0.8712839722642863,
  "LOEM": 0.40105922002888783,
  "loss": 3.1000750777813093
}