{
  "UAS": 0.8754682394197816,
  "LAS": 0.8203554634574002,
  "UEM": 0.5849783341357727,
  "LEM": 0.42465093885411653,
  "LOAS": 0.8839563242209293,
  "LOEM": 0.45113143957631197,
  "loss": 2.696127454607855
}