{
  "UAS": 0.8745915358252969,
  "LAS": 0.8191201083924444,
  "UEM": 0.5840154068367838,
  "LEM": 0.4232065479056331,
  "LOAS": 0.8834382720969156,
  "LOEM": 0.4520943668753009,
  "loss": 2.6841517810612388
}