{
  "UAS": 0.8578943173667012,
  "LAS": 0.8082808639515422,
  "UEM": 0.5541646605681271,
  "LEM": 0.4169475204622051,
  "LOAS": 0.8818044153981032,
  "LOEM": 0.4415021665864227,
  "loss": 2.9242278317992505
}