{
    "model_count": 5,
    "em_accuracy_mean": 0.4702316076294278,
    "em_accuracy_std": 0.008503398109163242,
    "loss_mean": 0.0,
    "loss_std": 0.0
}