{
    "model_count": 5,
    "accuracy_mean": 0.8914862914862915,
    "accuracy_std": 0.00514243280842871,
    "macro_fscore_mean": 0.9196001500109026,
    "macro_fscore_std": 0.006306072775944702,
    "micro_fscore_mean": 0.8945185171923966,
    "micro_fscore_std": 0.005021289735624232,
    "label_org-has-member_fscore_mean": 0.992118035332945,
    "label_org-has-member_fscore_std": 0.00821431505533279,
    "label_has-occupation_fscore_mean": 0.9784481248810203,
    "label_has-occupation_fscore_std": 0.017342204243580978,
    "label_birth-place_fscore_mean": 0.8201276327916643,
    "label_birth-place_fscore_std": 0.02449616164244926,
    "label_has-genre_fscore_mean": 0.9677126733081471,
    "label_has-genre_fscore_std": 0.013265411300652272,
    "label_has-author_fscore_mean": 0.946083913760838,
    "label_has-author_fscore_std": 0.004121394922633896,
    "label_has-parent_fscore_mean": 0.9451841280984085,
    "label_has-parent_fscore_std": 0.013870113458032735,
    "label_from-country_fscore_mean": 0.7506821409308547,
    "label_from-country_fscore_std": 0.05181381668410741,
    "label_is-where_fscore_mean": 0.909615046010558,
    "label_is-where_fscore_std": 0.01966965493912433,
    "label_org-has-founder_fscore_mean": 0.8672215010077319,
    "label_org-has-founder_fscore_std": 0.0404286649615406,
    "label_has-type_fscore_mean": 0.9068026541341666,
    "label_has-type_fscore_std": 0.023623450256332126,
    "label_movie-has-director_fscore_mean": 0.980078431372549,
    "label_movie-has-director_fscore_std": 0.00017537788058820823,
    "label_headquarters_fscore_mean": 0.970873786407767,
    "label_headquarters_fscore_std": 0.0,
    "label_is-member-of_fscore_mean": 0.9198538821050832,
    "label_is-member-of_fscore_std": 0.01774635159392737,
    "loss_mean": 0.44489878646987063,
    "loss_std": 0.04153771702801424
}