{
  "accuracy": 0.8874458874458875,
  "macro_fscore": 0.9129089184530291,
  "micro_fscore": 0.8888888888888888,
  "label_org-has-member_fscore": 0.99009900990099,
  "label_has-occupation_fscore": 0.98,
  "label_birth-place_fscore": 0.7933884297520661,
  "label_has-genre_fscore": 0.9702970297029702,
  "label_has-author_fscore": 0.9473684210526316,
  "label_has-parent_fscore": 0.9565217391304347,
  "label_from-country_fscore": 0.6835443037974683,
  "label_is-where_fscore": 0.9010989010989012,
  "label_org-has-founder_fscore": 0.8695652173913043,
  "label_has-type_fscore": 0.888888888888889,
  "label_movie-has-director_fscore": 0.98,
  "label_headquarters_fscore": 0.970873786407767,
  "label_is-member-of_fscore": 0.9361702127659575,
  "loss": 0.4233323192985898
}