{
  "accuracy": 0.898989898989899,
  "macro_fscore": 0.9296410021151222,
  "micro_fscore": 0.9010819165378671,
  "label_org-has-member_fscore": 1.0,
  "label_has-occupation_fscore": 0.9803921568627451,
  "label_birth-place_fscore": 0.8599999999999999,
  "label_has-genre_fscore": 0.98989898989899,
  "label_has-author_fscore": 0.9484536082474226,
  "label_has-parent_fscore": 0.9438202247191011,
  "label_from-country_fscore": 0.8247422680412372,
  "label_is-where_fscore": 0.9247311827956989,
  "label_org-has-founder_fscore": 0.813953488372093,
  "label_has-type_fscore": 0.9473684210526316,
  "label_movie-has-director_fscore": 0.98,
  "label_headquarters_fscore": 0.970873786407767,
  "label_is-member-of_fscore": 0.9010989010989011,
  "loss": 0.3834856688891622
}