{
    "model_count": 5,
    "UAS_mean": 0.8490900266925503,
    "UAS_std": 0.0017947422040893628,
    "LAS_mean": 0.7958181671115425,
    "LAS_std": 0.002843796675284802,
    "UEM_mean": 0.1578,
    "UEM_std": 0.004549725266430934,
    "LEM_mean": 0.0768,
    "LEM_std": 0.00420713679359253,
    "LOAS_mean": 0.8827388174391329,
    "LOAS_std": 0.0026843174810738148,
    "LOEM_mean": 0.166,
    "LOEM_std": 0.008093207028119323,
    "loss_mean": 4.510048234368128,
    "loss_std": 0.383305014422784
}