{
  "accuracy": 0.7037037037037037,
  "macro_fscore": 0.33703913783323874,
  "micro_fscore": 0.72,
  "loss": 0.8372185677289963
}