{
  "accuracy": 0.7592592592592593,
  "macro_fscore": 0.40522400968690536,
  "micro_fscore": 0.7676767676767676,
  "loss": 0.6160342022776604
}