{
  "accuracy": 0.7592592592592593,
  "macro_fscore": 0.42438672438672437,
  "micro_fscore": 0.7676767676767676,
  "loss": 0.9786380082368851
}