{
  "accuracy": 0.7407407407407407,
  "macro_fscore": 0.32160110420979987,
  "micro_fscore": 0.7326732673267328,
  "loss": 0.6947240903973579
}