{
  "accuracy": 0.7407407407407407,
  "macro_fscore": 0.2792967540909185,
  "micro_fscore": 0.7450980392156863,
  "loss": 0.7735450267791748
}