{
    "model_count": 5,
    "accuracy_mean": 0.42470588235294116,
    "accuracy_std": 0.03876208248831865,
    "macro_fscore_mean": 0.35298214957295587,
    "macro_fscore_std": 0.061999926538808585,
    "micro_fscore_mean": 0.41290916794237886,
    "micro_fscore_std": 0.056166353458057636,
    "label_org:website_fscore_mean": 0.6763636363636364,
    "label_org:website_fscore_std": 0.0697101436824757,
    "label_org:number_of_employees/members_fscore_mean": 0.5465201465201466,
    "label_org:number_of_employees/members_fscore_std": 0.08677531205764712,
    "label_per:schools_attended_fscore_mean": 0.506587098607559,
    "label_per:schools_attended_fscore_std": 0.1843839339711369,
    "label_per:children_fscore_mean": 0.3333333333333333,
    "label_per:children_fscore_std": 0.24944382578492943,
    "label_per:city_of_birth_fscore_mean": 0.6616541353383458,
    "label_per:city_of_birth_fscore_std": 0.11115846253295224,
    "label_per:age_fscore_mean": 0.8948571428571429,
    "label_per:age_fscore_std": 0.03216031272058336,
    "label_per:date_of_death_fscore_mean": 0.6007843137254902,
    "label_per:date_of_death_fscore_std": 0.10680966481676599,
    "label_per:countries_of_residence_fscore_mean": 0.31871345029239767,
    "label_per:countries_of_residence_fscore_std": 0.21916906526619817,
    "label_per:stateorprovince_of_birth_fscore_mean": 0.26666666666666666,
    "label_per:stateorprovince_of_birth_fscore_std": 0.3651483716701107,
    "label_per:parents_fscore_mean": 0.20043859649122808,
    "label_per:parents_fscore_std": 0.1425573542870068,
    "label_org:founded_by_fscore_mean": 0.0879120879120879,
    "label_org:founded_by_fscore_std": 0.12909164971945858,
    "label_per:spouse_fscore_mean": 0.6369192211297475,
    "label_per:spouse_fscore_std": 0.1569052903601357,
    "label_per:siblings_fscore_mean": 0.22657342657342655,
    "label_per:siblings_fscore_std": 0.1711216102845626,
    "label_per:city_of_death_fscore_mean": 0.8197058823529412,
    "label_per:city_of_death_fscore_std": 0.09974038772860377,
    "label_per:date_of_birth_fscore_mean": 0.800217517036739,
    "label_per:date_of_birth_fscore_std": 0.04686983509888608,
    "label_org:political/religious_affiliation_fscore_mean": 0.20539215686274512,
    "label_org:political/religious_affiliation_fscore_std": 0.1434231967969946,
    "label_org:city_of_headquarters_fscore_mean": 0.3477970945463206,
    "label_org:city_of_headquarters_fscore_std": 0.2565818109644355,
    "label_org:alternate_names_fscore_mean": 0.458921568627451,
    "label_org:alternate_names_fscore_std": 0.08808565743060959,
    "label_org:member_of_fscore_mean": 0.03333333333333334,
    "label_org:member_of_fscore_std": 0.074535599249993,
    "label_per:stateorprovinces_of_residence_fscore_mean": 0.35862348178137654,
    "label_per:stateorprovinces_of_residence_fscore_std": 0.2158722862148536,
    "label_per:title_fscore_mean": 0.567952380952381,
    "label_per:title_fscore_std": 0.04523233045975922,
    "label_per:charges_fscore_mean": 0.1393939393939394,
    "label_per:charges_fscore_std": 0.1414862730900455,
    "label_org:founded_fscore_mean": 0.36712454212454215,
    "label_org:founded_fscore_std": 0.17140829358639187,
    "label_org:parents_fscore_mean": 0.05,
    "label_org:parents_fscore_std": 0.1118033988749895,
    "label_per:employee_of_fscore_mean": 0.25238095238095243,
    "label_per:employee_of_fscore_std": 0.2066085061896823,
    "label_per:origin_fscore_mean": 0.15677655677655677,
    "label_per:origin_fscore_std": 0.1182815589064515,
    "label_org:subsidiaries_fscore_mean": 0.14153846153846153,
    "label_org:subsidiaries_fscore_std": 0.13648156994594998,
    "label_per:alternate_names_fscore_mean": 0.18021978021978022,
    "label_per:alternate_names_fscore_std": 0.05897322138460982,
    "label_org:shareholders_fscore_mean": 0,
    "label_org:shareholders_fscore_std": 0.0,
    "label_org:country_of_headquarters_fscore_mean": 0.18606060606060607,
    "label_org:country_of_headquarters_fscore_std": 0.14212735012913283,
    "label_per:cause_of_death_fscore_mean": 0.6633613445378151,
    "label_per:cause_of_death_fscore_std": 0.12320988674633807,
    "label_per:other_family_fscore_mean": 0.04444444444444444,
    "label_per:other_family_fscore_std": 0.09938079899999064,
    "label_org:dissolved_fscore_mean": 0,
    "label_org:dissolved_fscore_std": 0.0,
    "label_org:top_members/employees_fscore_mean": 0.5521804511278195,
    "label_org:top_members/employees_fscore_std": 0.09592523517510837,
    "label_org:members_fscore_mean": 0.1393939393939394,
    "label_org:members_fscore_std": 0.15556867319740167,
    "label_per:stateorprovince_of_death_fscore_mean": 0.780952380952381,
    "label_per:stateorprovince_of_death_fscore_std": 0.10432810619146021,
    "label_per:country_of_birth_fscore_mean": 0.3477777777777778,
    "label_per:country_of_birth_fscore_std": 0.23065928054969673,
    "label_per:religion_fscore_mean": 0.12380952380952383,
    "label_per:religion_fscore_std": 0.17036708399998401,
    "label_per:cities_of_residence_fscore_mean": 0.17729691876750703,
    "label_per:cities_of_residence_fscore_std": 0.06021477356125318,
    "label_org:stateorprovince_of_headquarters_fscore_mean": 0.2673076923076923,
    "label_org:stateorprovince_of_headquarters_fscore_std": 0.1615270142464131,
    "loss_mean": 2.6370901338756085,
    "loss_std": 0.28419746331109735
}