{
  "accuracy": 0.4549019607843137,
  "macro_fscore": 0.4131114848343951,
  "micro_fscore": 0.45534150612959723,
  "label_per:schools_attended_fscore": 0.4444444444444445,
  "label_per:children_fscore": 0.4,
  "label_per:city_of_birth_fscore": 0.7368421052631577,
  "label_per:date_of_death_fscore": 0.7000000000000001,
  "label_per:siblings_fscore": 0.30769230769230765,
  "label_org:political/religious_affiliation_fscore": 0.33333333333333337,
  "label_org:city_of_headquarters_fscore": 0.47058823529411764,
  "label_org:alternate_names_fscore": 0.5000000000000001,
  "label_per:stateorprovinces_of_residence_fscore": 0.5333333333333333,
  "label_per:title_fscore": 0.5714285714285715,
  "label_org:parents_fscore": 0,
  "label_org:shareholders_fscore": 0,
  "label_per:cause_of_death_fscore": 0.761904761904762,
  "label_org:members_fscore": 0.36363636363636365,
  "label_per:cities_of_residence_fscore": 0.25000000000000006,
  "label_org:stateorprovince_of_headquarters_fscore": 0.15384615384615385,
  "label_org:website_fscore": 0.7272727272727273,
  "label_org:number_of_employees/members_fscore": 0.5714285714285715,
  "label_per:age_fscore": 0.88,
  "label_per:countries_of_residence_fscore": 0.25000000000000006,
  "label_per:stateorprovince_of_birth_fscore": 0.6666666666666666,
  "label_per:parents_fscore": 0.33333333333333337,
  "label_org:founded_by_fscore": 0,
  "label_per:spouse_fscore": 0.5,
  "label_per:city_of_death_fscore": 0.7999999999999999,
  "label_per:date_of_birth_fscore": 0.8571428571428572,
  "label_org:member_of_fscore": 0.16666666666666669,
  "label_per:charges_fscore": 0.18181818181818182,
  "label_org:founded_fscore": 0.42857142857142855,
  "label_org:subsidiaries_fscore": 0.30769230769230765,
  "label_per:origin_fscore": 0.33333333333333326,
  "label_per:employee_of_fscore": 0.16666666666666669,
  "label_per:alternate_names_fscore": 0.2857142857142857,
  "label_org:country_of_headquarters_fscore": 0.16666666666666669,
  "label_per:other_family_fscore": 0,
  "label_org:dissolved_fscore": 0,
  "label_org:top_members/employees_fscore": 0.631578947368421,
  "label_per:stateorprovince_of_death_fscore": 0.8571428571428571,
  "label_per:country_of_birth_fscore": 0.6,
  "label_per:religion_fscore": 0.28571428571428575,
  "loss": 2.4111898355185986
}