{
    "model_count": 5,
    "em_accuracy_mean": 0.18736539842067482,
    "em_accuracy_std": 0.01375953265045423,
    "loss_mean": 0.0,
    "loss_std": 0.0
}