{
    "model_count": 5,
    "accuracy_mean": 0.7041474654377881,
    "accuracy_std": 0.019111927514587776,
    "macro_fscore_mean": 0.6599400683111091,
    "macro_fscore_std": 0.028398450031105072,
    "micro_fscore_mean": 0.7226581636276928,
    "micro_fscore_std": 0.020037869082798893,
    "label_org:political/religious_affiliation_fscore_mean": 0.9064285714285715,
    "label_org:political/religious_affiliation_fscore_std": 0.03737791919753446,
    "label_org:number_of_employees/members_fscore_mean": 0.9777777777777777,
    "label_org:number_of_employees/members_fscore_std": 0.0496903994999953,
    "label_org:country_of_headquarters_fscore_mean": 0.7850505050505051,
    "label_org:country_of_headquarters_fscore_std": 0.1264652918949548,
    "label_per:other_family_fscore_mean": 0.08888888888888888,
    "label_per:other_family_fscore_std": 0.19876159799998128,
    "label_per:alternate_names_fscore_mean": 0.3504761904761905,
    "label_per:alternate_names_fscore_std": 0.04921146926767167,
    "label_per:country_of_birth_fscore_mean": 0.28,
    "label_per:country_of_birth_fscore_std": 0.2588435821108957,
    "label_per:stateorprovinces_of_residence_fscore_mean": 0.45555555555555555,
    "label_per:stateorprovinces_of_residence_fscore_std": 0.1383322177554303,
    "label_per:siblings_fscore_mean": 0.7683916083916084,
    "label_per:siblings_fscore_std": 0.16281426387903042,
    "label_per:spouse_fscore_mean": 0.88,
    "label_per:spouse_fscore_std": 0.1095445115010332,
    "label_per:date_of_death_fscore_mean": 0.9129411764705883,
    "label_per:date_of_death_fscore_std": 0.0631360370117588,
    "label_per:origin_fscore_mean": 0.6152380952380953,
    "label_per:origin_fscore_std": 0.04837495275885815,
    "label_org:top_members/employees_fscore_mean": 0.6282679738562091,
    "label_org:top_members/employees_fscore_std": 0.05999758812985997,
    "label_per:city_of_death_fscore_mean": 0.8266666666666667,
    "label_per:city_of_death_fscore_std": 0.16733200530681513,
    "label_per:children_fscore_mean": 0.6476190476190476,
    "label_per:children_fscore_std": 0.1687623347301843,
    "label_org:website_fscore_mean": 1.0,
    "label_org:website_fscore_std": 0.0,
    "label_per:cause_of_death_fscore_mean": 0.7928571428571428,
    "label_per:cause_of_death_fscore_std": 0.058684559732696345,
    "label_per:schools_attended_fscore_mean": 0.9411764705882353,
    "label_per:schools_attended_fscore_std": 0.0,
    "label_per:charges_fscore_mean": 0.8664335664335664,
    "label_per:charges_fscore_std": 0.04559329728228077,
    "label_org:members_fscore_mean": 0.4404040404040404,
    "label_org:members_fscore_std": 0.13123540823363,
    "label_org:stateorprovince_of_headquarters_fscore_mean": 0.8227450980392157,
    "label_org:stateorprovince_of_headquarters_fscore_std": 0.041580135702981934,
    "label_per:religion_fscore_mean": 0.7333333333333333,
    "label_per:religion_fscore_std": 0.037267799624996566,
    "label_per:stateorprovince_of_death_fscore_mean": 0.72,
    "label_per:stateorprovince_of_death_fscore_std": 0.41472882706655445,
    "label_per:countries_of_residence_fscore_mean": 0.31333333333333335,
    "label_per:countries_of_residence_fscore_std": 0.10127276454953807,
    "label_per:age_fscore_mean": 1.0,
    "label_per:age_fscore_std": 0.0,
    "label_org:subsidiaries_fscore_mean": 0.44666666666666666,
    "label_org:subsidiaries_fscore_std": 0.27446918466985204,
    "label_per:employee_of_fscore_mean": 0.17142857142857146,
    "label_per:employee_of_fscore_std": 0.255550625999976,
    "label_org:member_of_fscore_mean": 0.16999999999999998,
    "label_org:member_of_fscore_std": 0.2636285265292813,
    "label_org:city_of_headquarters_fscore_mean": 0.48,
    "label_org:city_of_headquarters_fscore_std": 0.04472135954999579,
    "label_per:date_of_birth_fscore_mean": 1.0,
    "label_per:date_of_birth_fscore_std": 0.0,
    "label_per:city_of_birth_fscore_mean": 0.8761904761904762,
    "label_per:city_of_birth_fscore_std": 0.13718914562750414,
    "label_org:alternate_names_fscore_mean": 0.9090909090909091,
    "label_org:alternate_names_fscore_std": 0.0,
    "label_per:cities_of_residence_fscore_mean": 0.5845848595848596,
    "label_per:cities_of_residence_fscore_std": 0.033318528760296874,
    "label_per:parents_fscore_mean": 0.8497058823529412,
    "label_per:parents_fscore_std": 0.035620427831410645,
    "label_org:parents_fscore_mean": 0,
    "label_org:parents_fscore_std": 0.0,
    "label_org:founded_fscore_mean": 1.0,
    "label_org:founded_fscore_std": 0.0,
    "label_per:title_fscore_mean": 0.923076923076923,
    "label_per:title_fscore_std": 0.0,
    "label_org:shareholders_fscore_mean": 0.5733333333333334,
    "label_org:shareholders_fscore_std": 0.07226494462892931,
    "label_org:founded_by_fscore_mean": 1.0,
    "label_org:founded_by_fscore_std": 0.0,
    "label_org:dissolved_fscore_mean": 0,
    "label_org:dissolved_fscore_std": 0.0,
    "loss_mean": 1.1552822193929126,
    "loss_std": 0.054537196134105875
}