{
    "model_count": 5,
    "UAS_mean": 0.7747289287263265,
    "UAS_std": 0.00863682552219011,
    "LAS_mean": 0.6237578911859669,
    "LAS_std": 0.0062044711377036415,
    "UEM_mean": 0.1108,
    "UEM_std": 0.004324349662087929,
    "LEM_mean": 0.0234,
    "LEM_std": 0.0013416407864998733,
    "LOAS_mean": 0.7294780974410872,
    "LOAS_std": 0.003385631965410211,
    "LOEM_mean": 0.0376,
    "LOEM_std": 0.0043931765272977605,
    "loss_mean": 6.371855697035789,
    "loss_std": 0.8779006232356613
}