{
  "UAS": 0.7811189822177245,
  "LAS": 0.6271023083224905,
  "UEM": 0.111,
  "LEM": 0.024,
  "LOAS": 0.7319165341429329,
  "LOEM": 0.042,
  "loss": 4.8626463413238525
}