{
  "UAS": 0.34668223040316065,
  "LAS": 0.21774265960312472,
  "UEM": 0.01701701701701702,
  "LEM": 0.003003003003003003,
  "loss": 2.6417206790712147
}