{
  "UAS": 0.36787285624494925,
  "LAS": 0.23825985453892431,
  "UEM": 0.021021021021021023,
  "LEM": 0.005005005005005005,
  "loss": 2.584297914353628
}