{
    "model_count": 5,
    "UAS_mean": 0.37676214420400467,
    "UAS_std": 0.028383210915919124,
    "LAS_mean": 0.24695160276555625,
    "LAS_std": 0.025669873316823973,
    "UEM_mean": 0.023223223223223222,
    "UEM_std": 0.004090654002342852,
    "LEM_mean": 0.004004004004004004,
    "LEM_std": 0.0007078145957823298,
    "loss_mean": 2.5563133061878265,
    "loss_std": 0.06768973280672556
}