{
  "UAS": 0.3919760575911995,
  "LAS": 0.32374828116153037,
  "UEM": 0.004,
  "LEM": 0.002,
  "loss": 2.107160492548867
}