{
  "UAS": 0.39027744075062687,
  "LAS": 0.3222114373533932,
  "UEM": 0.004,
  "LEM": 0.002,
  "loss": 2.0736536563388883
}