{
  "UAS": 0.4012780069562404,
  "LAS": 0.3323222518806115,
  "UEM": 0.003,
  "LEM": 0.003,
  "loss": 2.055531836691357
}