{
  "accuracy": 0.908256880733945,
  "macro_fscore": 0.5875233288181527,
  "micro_fscore": 0.9092436974789916,
  "loss": 0.3732619100001951
}