{
  "accuracy": 0.9049207673060884,
  "macro_fscore": 0.634050314418682,
  "micro_fscore": 0.9052631578947368,
  "loss": 0.5862405674314747
}