{
    "model_count": 2,
    "em_accuracy_mean": 0.0235256203673864,
    "em_accuracy_std": 0.0004557568683123098,
    "loss_mean": 0.0,
    "loss_std": 0.0
}