{
  "accuracy": 0.9448818897637795,
  "macro_fscore": 0.5352359870345482,
  "micro_fscore": 0.951219512195122,
  "loss": 0.28043640653322655
}