{
  "accuracy": 0.952755905511811,
  "macro_fscore": 0.6293565147881696,
  "micro_fscore": 0.959349593495935,
  "loss": 0.22269838396459818
}