{
  "accuracy": 0.9448818897637795,
  "macro_fscore": 0.7553834506775684,
  "micro_fscore": 0.9551020408163265,
  "loss": 0.25328932207776234
}