{
  "accuracy": 0.9115250291036089,
  "macro_fscore": 0.6532125635528012,
  "micro_fscore": 0.9141176470588235,
  "loss": 0.48226559691614024
}