{
  "accuracy": 0.89988358556461,
  "macro_fscore": 0.6322779929723213,
  "micro_fscore": 0.9029982363315697,
  "loss": 0.47242837253509573
}