{
  "accuracy": 0.930151338766007,
  "macro_fscore": 0.7066698417539704,
  "micro_fscore": 0.9330199764982373,
  "loss": 0.3713214135668413
}