{
  "accuracy": 0.9243306169965075,
  "macro_fscore": 0.6606406226410391,
  "micro_fscore": 0.927144535840188,
  "loss": 0.460567858139122
}