{
  "accuracy": 0.86,
  "macro_fscore": 0.8644027809282298,
  "micro_fscore": 0.8604187437686939,
  "label_org-has-member_fscore": 0.9702970297029702,
  "label_has-edu_fscore": 0.6578947368421052,
  "label_has-spouse_fscore": 0.9803921568627451,
  "label_has-occupation_fscore": 0.8521739130434782,
  "label_birth-place_fscore": 0.7130434782608696,
  "label_has-child_fscore": 0.8387096774193548,
  "label_has-genre_fscore": 0.9484536082474226,
  "label_has-author_fscore": 0.96,
  "label_won-award_fscore": 0.8125,
  "label_has-parent_fscore": 0.888888888888889,
  "label_from-country_fscore": 0.8453608247422681,
  "label_is-where_fscore": 0.9696969696969697,
  "label_org-has-founder_fscore": 0.7058823529411766,
  "label_has-population_fscore": 0.98989898989899,
  "label_has-type_fscore": 0.8842105263157894,
  "label_event-year_fscore": 0.924731182795699,
  "label_movie-has-director_fscore": 0.9142857142857144,
  "label_headquarters_fscore": 0.9494949494949495,
  "label_org-leader_fscore": 0.5316455696202531,
  "label_is-member-of_fscore": 0.9504950495049505,
  "loss": 0.6106774509235313
}