{
  "accuracy": 0.8561904761904762,
  "macro_fscore": 0.8591752649509591,
  "micro_fscore": 0.8561473369835739,
  "label_org-has-member_fscore": 0.970873786407767,
  "label_has-edu_fscore": 0.6923076923076923,
  "label_has-spouse_fscore": 0.9615384615384615,
  "label_has-occupation_fscore": 0.8727272727272728,
  "label_birth-place_fscore": 0.6417910447761195,
  "label_has-child_fscore": 0.8089887640449438,
  "label_has-genre_fscore": 0.9494949494949495,
  "label_has-author_fscore": 0.9591836734693877,
  "label_has-parent_fscore": 0.9074074074074074,
  "label_won-award_fscore": 0.8478260869565217,
  "label_from-country_fscore": 0.5945945945945945,
  "label_is-where_fscore": 0.9803921568627451,
  "label_org-has-founder_fscore": 0.7166666666666668,
  "label_has-population_fscore": 0.98989898989899,
  "label_has-type_fscore": 0.9166666666666666,
  "label_movie-has-director_fscore": 0.9259259259259259,
  "label_event-year_fscore": 0.98989898989899,
  "label_headquarters_fscore": 0.9591836734693877,
  "label_org-leader_fscore": 0.5569620253164557,
  "label_is-member-of_fscore": 0.9411764705882353,
  "loss": 0.6199896149337292
}