{
  "accuracy": 0.8685714285714285,
  "macro_fscore": 0.8783699039929076,
  "micro_fscore": 0.871641791044776,
  "label_org-has-member_fscore": 0.9803921568627451,
  "label_has-edu_fscore": 0.6578947368421052,
  "label_has-spouse_fscore": 0.96,
  "label_has-occupation_fscore": 0.8807339449541285,
  "label_birth-place_fscore": 0.743362831858407,
  "label_has-child_fscore": 0.8085106382978724,
  "label_has-genre_fscore": 0.9690721649484536,
  "label_has-author_fscore": 0.9696969696969697,
  "label_has-parent_fscore": 0.8867924528301886,
  "label_won-award_fscore": 0.8571428571428571,
  "label_from-country_fscore": 0.8461538461538461,
  "label_is-where_fscore": 0.9514563106796116,
  "label_org-has-founder_fscore": 0.6972477064220184,
  "label_has-population_fscore": 0.98989898989899,
  "label_has-type_fscore": 0.8842105263157894,
  "label_movie-has-director_fscore": 0.9345794392523363,
  "label_event-year_fscore": 0.9690721649484536,
  "label_headquarters_fscore": 0.9494949494949495,
  "label_org-leader_fscore": 0.6516853932584269,
  "label_is-member-of_fscore": 0.98,
  "loss": 0.5054327713494952
}