{
  "accuracy": 0.86,
  "macro_fscore": 0.8682271616546059,
  "micro_fscore": 0.8606965174129352,
  "label_has-edu_fscore": 0.7088607594936709,
  "label_org-has-member_fscore": 0.9803921568627451,
  "label_has-spouse_fscore": 0.970873786407767,
  "label_has-occupation_fscore": 0.8928571428571428,
  "label_birth-place_fscore": 0.6521739130434783,
  "label_has-child_fscore": 0.8181818181818181,
  "label_has-genre_fscore": 0.9690721649484536,
  "label_has-author_fscore": 0.9696969696969697,
  "label_has-parent_fscore": 0.8749999999999999,
  "label_won-award_fscore": 0.8764044943820225,
  "label_from-country_fscore": 0.5866666666666667,
  "label_is-where_fscore": 0.96,
  "label_org-has-founder_fscore": 0.7169811320754718,
  "label_has-population_fscore": 0.98,
  "label_has-type_fscore": 0.9130434782608696,
  "label_event-year_fscore": 0.9690721649484536,
  "label_movie-has-director_fscore": 0.9259259259259259,
  "label_headquarters_fscore": 0.98,
  "label_org-leader_fscore": 0.6593406593406594,
  "label_is-member-of_fscore": 0.96,
  "loss": 0.6682539396552425
}