{
    "model_count": 5,
    "accuracy_mean": 0.8634285714285714,
    "accuracy_std": 0.006754523133903675,
    "macro_fscore_mean": 0.8693670628951348,
    "macro_fscore_std": 0.008124919311855168,
    "micro_fscore_mean": 0.86456911899795,
    "micro_fscore_std": 0.007762212481075929,
    "label_org-has-member_fscore_mean": 0.9764694573397945,
    "label_org-has-member_fscore_std": 0.005375246756043855,
    "label_has-edu_fscore_mean": 0.6749705324655357,
    "label_has-edu_fscore_std": 0.02410328290882041,
    "label_has-spouse_fscore_mean": 0.9686202869023888,
    "label_has-spouse_fscore_std": 0.0082299490516078,
    "label_has-occupation_fscore_mean": 0.8795149684778724,
    "label_has-occupation_fscore_std": 0.01841192975586487,
    "label_birth-place_fscore_mean": 0.6876742535877749,
    "label_birth-place_fscore_std": 0.042161784979582985,
    "label_has-child_fscore_mean": 0.8157477448061892,
    "label_has-child_fscore_std": 0.0137948608263931,
    "label_has-genre_fscore_mean": 0.9590553122217335,
    "label_has-genre_fscore_std": 0.010055941233098208,
    "label_has-author_fscore_mean": 0.9635522572665429,
    "label_has-author_fscore_std": 0.005619220634984105,
    "label_has-parent_fscore_mean": 0.8893955276030747,
    "label_has-parent_fscore_std": 0.01160763103418693,
    "label_won-award_fscore_mean": 0.8508176984489684,
    "label_won-award_fscore_std": 0.02377076881001583,
    "label_from-country_fscore_mean": 0.7291006409769296,
    "label_from-country_fscore_std": 0.1299042721780573,
    "label_is-where_fscore_mean": 0.9703288894280633,
    "label_is-where_fscore_std": 0.015454663721318696,
    "label_org-has-founder_fscore_mean": 0.7156314336900322,
    "label_org-has-founder_fscore_std": 0.01657447245759688,
    "label_has-population_fscore_mean": 0.987919191919192,
    "label_has-population_fscore_std": 0.004426962864545066,
    "label_has-type_fscore_mean": 0.9014444213300048,
    "label_has-type_fscore_std": 0.015958837086193174,
    "label_movie-has-director_fscore_mean": 0.9253285862631657,
    "label_movie-has-director_fscore_std": 0.00722138744556312,
    "label_event-year_fscore_mean": 0.9685346984981172,
    "label_event-year_fscore_std": 0.026609169577352855,
    "label_headquarters_fscore_mean": 0.9615741084312512,
    "label_headquarters_fscore_std": 0.013257268721056115,
    "label_org-leader_fscore_mean": 0.6052279343264362,
    "label_org-leader_fscore_std": 0.057626387123118405,
    "label_is-member-of_fscore_mean": 0.9564333139196273,
    "label_is-member-of_fscore_std": 0.014759803346950727,
    "loss_mean": 0.6043206979414787,
    "loss_std": 0.059831772738785365
}