{
    "model_count": 5,
    "UAS_mean": 0.5683662763859163,
    "UAS_std": 0.009539075123128191,
    "LAS_mean": 0.42652230475471065,
    "LAS_std": 0.009120879451687328,
    "UEM_mean": 0.012,
    "UEM_std": 0.002915475947422651,
    "LEM_mean": 0.0018,
    "LEM_std": 0.0013038404810405298,
    "LOAS_mean": 0.6058248352847371,
    "LOAS_std": 0.007947172628262963,
    "LOEM_mean": 0.003,
    "LOEM_std": 0.0015811388300841897,
    "loss_mean": 8.255073378341539,
    "loss_std": 1.0995922726533045
}