{
  "UAS": 0.5778253388728021,
  "LAS": 0.4244827730916111,
  "UEM": 0.012,
  "LEM": 0.002,
  "LOAS": 0.605816442150321,
  "LOEM": 0.002,
  "loss": 9.243807137012482
}