{
  "UAS": 0.5702295522262789,
  "LAS": 0.43182676570565276,
  "UEM": 0.011,
  "LEM": 0.0,
  "LOAS": 0.6009903898610937,
  "LOEM": 0.001,
  "loss": 8.624480098485947
}