{
  "UAS": 0.5717403164211675,
  "LAS": 0.4284695119392337,
  "UEM": 0.017,
  "LEM": 0.003,
  "LOAS": 0.6046414033320744,
  "LOEM": 0.004,
  "loss": 6.631580625261579
}