{
  "UAS": 0.569725964161316,
  "LAS": 0.43581350455327544,
  "UEM": 0.01,
  "LEM": 0.003,
  "LOAS": 0.6190775945276764,
  "LOEM": 0.005,
  "loss": 9.112808912992477
}