{
    "model_count": 5,
    "accuracy_mean": 0.9248338840919589,
    "accuracy_std": 0.009411622410452713,
    "macro_fscore_mean": 0.722429751612774,
    "macro_fscore_std": 0.034913624677738654,
    "micro_fscore_mean": 0.8034452021656027,
    "micro_fscore_std": 0.0227822720023705,
    "label_per:cause_of_death_fscore_mean": 0.9250710134782951,
    "label_per:cause_of_death_fscore_std": 0.007873274238698776,
    "label_per:cities_of_residence_fscore_mean": 0.7624016600448376,
    "label_per:cities_of_residence_fscore_std": 0.032326122432376814,
    "label_per:countries_of_residence_fscore_mean": 0.679481815062934,
    "label_per:countries_of_residence_fscore_std": 0.019285509651637046,
    "label_org:parents_fscore_mean": 0.6253940910059262,
    "label_org:parents_fscore_std": 0.0787724534265881,
    "label_per:alternate_names_fscore_mean": 0.7258315611256787,
    "label_per:alternate_names_fscore_std": 0.05161239086537426,
    "label_per:parents_fscore_mean": 0.7797160836079461,
    "label_per:parents_fscore_std": 0.031548984275240825,
    "label_per:city_of_death_fscore_mean": 0.7746049217705795,
    "label_per:city_of_death_fscore_std": 0.022635381570892062,
    "label_per:age_fscore_mean": 0.9254980084352178,
    "label_per:age_fscore_std": 0.014690333629750732,
    "label_per:date_of_birth_fscore_mean": 0.9215735735735736,
    "label_per:date_of_birth_fscore_std": 0.013842273855202406,
    "label_org:stateorprovince_of_headquarters_fscore_mean": 0.828824207085481,
    "label_org:stateorprovince_of_headquarters_fscore_std": 0.03760096241641774,
    "label_per:country_of_birth_fscore_mean": 0.34383990667205094,
    "label_per:country_of_birth_fscore_std": 0.07762720902354849,
    "label_per:spouse_fscore_mean": 0.789472844516482,
    "label_per:spouse_fscore_std": 0.04454493263787699,
    "label_per:city_of_birth_fscore_mean": 0.8079249551780073,
    "label_per:city_of_birth_fscore_std": 0.03622742659854642,
    "label_per:stateorprovince_of_birth_fscore_mean": 0.6495438596491229,
    "label_per:stateorprovince_of_birth_fscore_std": 0.16262966746922639,
    "label_org:members_fscore_mean": 0.5333751515354392,
    "label_org:members_fscore_std": 0.05922565309669364,
    "label_org:city_of_headquarters_fscore_mean": 0.7836388220570284,
    "label_org:city_of_headquarters_fscore_std": 0.02353948914454512,
    "label_org:alternate_names_fscore_mean": 0.867787247959592,
    "label_org:alternate_names_fscore_std": 0.020251387408022455,
    "label_per:other_family_fscore_mean": 0.3480352355627294,
    "label_per:other_family_fscore_std": 0.17313027523194988,
    "label_org:number_of_employees/members_fscore_mean": 0.8009756097560976,
    "label_org:number_of_employees/members_fscore_std": 0.018981955313837312,
    "label_per:children_fscore_mean": 0.7618340259952929,
    "label_per:children_fscore_std": 0.027037652057871998,
    "label_org:shareholders_fscore_mean": 0.3587398560818726,
    "label_org:shareholders_fscore_std": 0.1308420422249242,
    "label_per:religion_fscore_mean": 0.8035011418561142,
    "label_per:religion_fscore_std": 0.05370412005970625,
    "label_per:charges_fscore_mean": 0.9036261158861778,
    "label_per:charges_fscore_std": 0.0360737312690563,
    "label_org:dissolved_fscore_mean": 0.6818253968253968,
    "label_org:dissolved_fscore_std": 0.15791267667375725,
    "label_per:employee_of_fscore_mean": 0.7971293734666982,
    "label_per:employee_of_fscore_std": 0.04231975128304851,
    "label_per:stateorprovince_of_death_fscore_mean": 0.7266984598219465,
    "label_per:stateorprovince_of_death_fscore_std": 0.059249123281909524,
    "label_org:founded_fscore_mean": 0.8285321890553784,
    "label_org:founded_fscore_std": 0.07696840178237031,
    "label_per:country_of_death_fscore_mean": 0,
    "label_per:country_of_death_fscore_std": 0.0,
    "label_org:website_fscore_mean": 0.95446336754995,
    "label_org:website_fscore_std": 0.011258289369900639,
    "label_org:founded_by_fscore_mean": 0.7208336251735667,
    "label_org:founded_by_fscore_std": 0.04771022471925053,
    "label_per:origin_fscore_mean": 0.702627810947192,
    "label_per:origin_fscore_std": 0.0225125667323956,
    "label_org:subsidiaries_fscore_mean": 0.6317576678532183,
    "label_org:subsidiaries_fscore_std": 0.06443010566030549,
    "label_per:schools_attended_fscore_mean": 0.8739427687059278,
    "label_per:schools_attended_fscore_std": 0.0381122054945586,
    "label_per:date_of_death_fscore_mean": 0.8052884713251125,
    "label_per:date_of_death_fscore_std": 0.013365400457094426,
    "label_per:title_fscore_mean": 0.8954552447833276,
    "label_per:title_fscore_std": 0.008710974867419974,
    "label_org:member_of_fscore_mean": 0.39845197581407626,
    "label_org:member_of_fscore_std": 0.13043429130225356,
    "label_org:top_members/employees_fscore_mean": 0.8503293104164633,
    "label_org:top_members/employees_fscore_std": 0.01805428070710956,
    "label_per:siblings_fscore_mean": 0.7444822529566687,
    "label_per:siblings_fscore_std": 0.0599945426156225,
    "label_org:political/religious_affiliation_fscore_mean": 0.7710372451598224,
    "label_org:political/religious_affiliation_fscore_std": 0.017230706243918908,
    "label_org:country_of_headquarters_fscore_mean": 0.7725071905325596,
    "label_org:country_of_headquarters_fscore_std": 0.03444943298881,
    "label_per:stateorprovinces_of_residence_fscore_mean": 0.7635657578399514,
    "label_per:stateorprovinces_of_residence_fscore_std": 0.04120388034864271,
    "loss_mean": 0.22498824243014706,
    "loss_std": 0.02274375370225431
}