{
  "accuracy": 0.9189851828163309,
  "macro_fscore": 0.6871924548939727,
  "micro_fscore": 0.7843999348640286,
  "label_per:cause_of_death_fscore": 0.9278350515463918,
  "label_per:cities_of_residence_fscore": 0.7723342939481268,
  "label_per:countries_of_residence_fscore": 0.6621923937360178,
  "label_org:parents_fscore": 0.4915662650602409,
  "label_per:alternate_names_fscore": 0.7567567567567567,
  "label_per:parents_fscore": 0.7662337662337662,
  "label_per:city_of_death_fscore": 0.7857142857142857,
  "label_per:age_fscore": 0.9291784702549574,
  "label_per:date_of_birth_fscore": 0.9066666666666667,
  "label_org:stateorprovince_of_headquarters_fscore": 0.8368200836820084,
  "label_per:country_of_birth_fscore": 0.23529411764705882,
  "label_per:spouse_fscore": 0.7368421052631579,
  "label_per:city_of_birth_fscore": 0.7924528301886793,
  "label_per:stateorprovince_of_birth_fscore": 0.42105263157894735,
  "label_org:members_fscore": 0.5039370078740157,
  "label_org:city_of_headquarters_fscore": 0.7897727272727273,
  "label_org:alternate_names_fscore": 0.8575757575757575,
  "label_per:other_family_fscore": 0.21978021978021978,
  "label_org:number_of_employees/members_fscore": 0.8,
  "label_per:children_fscore": 0.7263157894736841,
  "label_org:shareholders_fscore": 0.30508474576271183,
  "label_per:religion_fscore": 0.8070175438596492,
  "label_per:charges_fscore": 0.912280701754386,
  "label_org:dissolved_fscore": 0.42857142857142855,
  "label_per:employee_of_fscore": 0.7747287811104021,
  "label_per:stateorprovince_of_death_fscore": 0.7307692307692306,
  "label_org:founded_fscore": 0.7049180327868853,
  "label_per:country_of_death_fscore": 0,
  "label_org:website_fscore": 0.9583333333333333,
  "label_org:founded_by_fscore": 0.6616541353383459,
  "label_per:origin_fscore": 0.6995884773662552,
  "label_org:subsidiaries_fscore": 0.5514018691588786,
  "label_per:schools_attended_fscore": 0.823529411764706,
  "label_per:date_of_death_fscore": 0.8166666666666667,
  "label_per:title_fscore": 0.892511013215859,
  "label_org:member_of_fscore": 0.38235294117647056,
  "label_org:top_members/employees_fscore": 0.8504622077215879,
  "label_per:siblings_fscore": 0.703030303030303,
  "label_org:political/religious_affiliation_fscore": 0.7710843373493975,
  "label_org:country_of_headquarters_fscore": 0.7325842696629213,
  "label_per:stateorprovinces_of_residence_fscore": 0.7500000000000001,
  "loss": 0.2434489879907533
}