{
  "accuracy": 0.9224673986426465,
  "macro_fscore": 0.7173251675421298,
  "micro_fscore": 0.8008973639932698,
  "label_per:cause_of_death_fscore": 0.9183673469387755,
  "label_per:cities_of_residence_fscore": 0.760705289672544,
  "label_per:countries_of_residence_fscore": 0.6626984126984128,
  "label_org:parents_fscore": 0.6561514195583595,
  "label_per:alternate_names_fscore": 0.6470588235294117,
  "label_per:parents_fscore": 0.8000000000000002,
  "label_per:city_of_death_fscore": 0.7341772151898734,
  "label_per:age_fscore": 0.906166219839142,
  "label_per:date_of_birth_fscore": 0.9189189189189189,
  "label_org:stateorprovince_of_headquarters_fscore": 0.823045267489712,
  "label_per:country_of_birth_fscore": 0.3333333333333333,
  "label_per:spouse_fscore": 0.7547169811320755,
  "label_per:city_of_birth_fscore": 0.7916666666666666,
  "label_per:stateorprovince_of_birth_fscore": 0.5599999999999999,
  "label_org:members_fscore": 0.5205479452054794,
  "label_org:city_of_headquarters_fscore": 0.7719298245614036,
  "label_org:alternate_names_fscore": 0.8607954545454546,
  "label_per:other_family_fscore": 0.44067796610169496,
  "label_org:number_of_employees/members_fscore": 0.8266666666666665,
  "label_per:children_fscore": 0.7727272727272727,
  "label_org:shareholders_fscore": 0.35294117647058826,
  "label_per:religion_fscore": 0.7812500000000001,
  "label_per:charges_fscore": 0.912280701754386,
  "label_org:dissolved_fscore": 0.7999999999999999,
  "label_per:employee_of_fscore": 0.834541858932103,
  "label_per:stateorprovince_of_death_fscore": 0.6545454545454545,
  "label_org:founded_fscore": 0.9130434782608695,
  "label_per:country_of_death_fscore": 0,
  "label_org:website_fscore": 0.9387755102040817,
  "label_org:founded_by_fscore": 0.7,
  "label_per:origin_fscore": 0.6880000000000001,
  "label_org:subsidiaries_fscore": 0.6371681415929205,
  "label_per:schools_attended_fscore": 0.8689655172413793,
  "label_per:date_of_death_fscore": 0.7846153846153845,
  "label_per:title_fscore": 0.897302001740644,
  "label_org:member_of_fscore": 0.32786885245901637,
  "label_org:top_members/employees_fscore": 0.8266666666666667,
  "label_per:siblings_fscore": 0.794701986754967,
  "label_org:political/religious_affiliation_fscore": 0.7608695652173914,
  "label_org:country_of_headquarters_fscore": 0.7629310344827586,
  "label_per:stateorprovinces_of_residence_fscore": 0.7135135135135136,
  "loss": 0.23138694184387
}