{
  "accuracy": 0.9411576590981772,
  "macro_fscore": 0.7809752115130887,
  "micro_fscore": 0.8426680244399185,
  "label_per:cause_of_death_fscore": 0.9166666666666666,
  "label_per:cities_of_residence_fscore": 0.7925531914893617,
  "label_per:countries_of_residence_fscore": 0.7093596059113301,
  "label_per:alternate_names_fscore": 0.7837837837837837,
  "label_org:parents_fscore": 0.6985294117647058,
  "label_per:parents_fscore": 0.8211920529801323,
  "label_per:city_of_death_fscore": 0.7826086956521738,
  "label_per:age_fscore": 0.9322033898305084,
  "label_per:date_of_birth_fscore": 0.9444444444444445,
  "label_org:stateorprovince_of_headquarters_fscore": 0.8888888888888891,
  "label_per:country_of_birth_fscore": 0.4,
  "label_per:spouse_fscore": 0.8433734939759038,
  "label_per:city_of_birth_fscore": 0.8627450980392156,
  "label_per:stateorprovince_of_birth_fscore": 0.8000000000000002,
  "label_org:members_fscore": 0.6240000000000001,
  "label_org:city_of_headquarters_fscore": 0.8222811671087533,
  "label_org:alternate_names_fscore": 0.9031296572280179,
  "label_per:other_family_fscore": 0.6106870229007633,
  "label_org:number_of_employees/members_fscore": 0.8048780487804879,
  "label_per:children_fscore": 0.7975460122699387,
  "label_org:shareholders_fscore": 0.5744680851063829,
  "label_per:religion_fscore": 0.8571428571428572,
  "label_per:charges_fscore": 0.9454545454545454,
  "label_org:dissolved_fscore": 0.7777777777777778,
  "label_per:employee_of_fscore": 0.8495934959349594,
  "label_per:stateorprovince_of_death_fscore": 0.8135593220338984,
  "label_org:founded_fscore": 0.8514851485148515,
  "label_per:country_of_death_fscore": 0,
  "label_org:website_fscore": 0.968421052631579,
  "label_org:founded_by_fscore": 0.792079207920792,
  "label_per:origin_fscore": 0.7415730337078652,
  "label_org:subsidiaries_fscore": 0.7000000000000001,
  "label_per:schools_attended_fscore": 0.9305555555555556,
  "label_per:date_of_death_fscore": 0.8091603053435114,
  "label_per:title_fscore": 0.9096744612563044,
  "label_org:member_of_fscore": 0.626865671641791,
  "label_org:top_members/employees_fscore": 0.8741144414168937,
  "label_per:siblings_fscore": 0.8226950354609929,
  "label_org:political/religious_affiliation_fscore": 0.7954545454545454,
  "label_org:country_of_headquarters_fscore": 0.8238341968911916,
  "label_per:stateorprovinces_of_residence_fscore": 0.8172043010752689,
  "loss": 0.1864424663598635
}