{
  "accuracy": 0.7134986225895317,
  "macro_fscore": 0.7017229963125647,
  "micro_fscore": 0.711864406779661,
  "loss": 1.0898383376391039
}