{
  "accuracy": 0.9291338582677166,
  "macro_fscore": 0.618052377320112,
  "micro_fscore": 0.9465020576131686,
  "loss": 0.2662801032420248
}