{
  "accuracy": 0.889763779527559,
  "macro_fscore": 0.35248366013071897,
  "micro_fscore": 0.891566265060241,
  "loss": 0.5386947862571105
}