{
  "em_accuracy": 0.5974114441416893,
  "loss": 1.4747991604001627
}