{
  "em_accuracy": 0.6001362397820164,
  "loss": 1.442970430397469
}