{
  "em_accuracy": 0.6059264305177112,
  "loss": 1.4609056014729582
}