{
  "em_accuracy": 0.6103542234332425,
  "loss": 1.4365094832104186
}