{
  "em_accuracy": 0.6042234332425068,
  "loss": 1.4370456697500271
}