{
  "em_accuracy": 0.603542234332425,
  "loss": 1.4770570374701335
}