{
    "model_count": 5,
    "em_accuracy_mean": 0.448609916881628,
    "em_accuracy_std": 0.008059440621682878,
    "loss_mean": 0.0,
    "loss_std": 0.0
}