{
    "model_count": 5,
    "UAS_mean": 0.8581095082489838,
    "UAS_std": 0.011663735056242918,
    "LAS_mean": 0.8044313381684864,
    "LAS_std": 0.012188275239804813,
    "UEM_mean": 0.5575349061145883,
    "UEM_std": 0.018104569741899997,
    "LEM_mean": 0.4139624458353394,
    "LEM_std": 0.014453535550204183,
    "LOAS_mean": 0.8782736909221328,
    "LOAS_std": 0.006640620513141311,
    "LOEM_mean": 0.44005777563793935,
    "LOEM_std": 0.019297625251642827,
    "loss_mean": 2.6336762898897548,
    "loss_std": 0.24952417047423017
}