{
  "UAS": 0.8662628516776919,
  "LAS": 0.8121463297999522,
  "UEM": 0.5714973519499278,
  "LEM": 0.41742898411169954,
  "LOAS": 0.8812465131107038,
  "LOEM": 0.44005777563793935,
  "loss": 2.8813345590080224
}