{
  "UAS": 0.8650673467761217,
  "LAS": 0.8154538933609627,
  "UEM": 0.5647568608570053,
  "LEM": 0.4337987481945113,
  "LOAS": 0.8862676336972981,
  "LOEM": 0.46701974000962926,
  "loss": 2.2615073178823177
}