{
  "UAS": 0.8670200047820196,
  "LAS": 0.8117079780027098,
  "UEM": 0.5739046701974001,
  "LEM": 0.41646605681271065,
  "LOAS": 0.8811269626205468,
  "LOEM": 0.44535387578237845,
  "loss": 2.8384374618530273
}