{
  "accuracy": 0.8427109974424553,
  "macro_fscore": 0.610038090890172,
  "micro_fscore": 0.8418334409296321,
  "loss": 1.4856445066089152
}