{
  "accuracy": 0.829923273657289,
  "macro_fscore": 0.6158746211010674,
  "micro_fscore": 0.8299935358758888,
  "loss": 1.5306029284583929
}