{
  "accuracy": 0.8957464553794829,
  "macro_fscore": 0.659625513697638,
  "micro_fscore": 0.8969289019772824,
  "loss": 0.5023396604756514
}