{
  "accuracy": 0.9199332777314428,
  "macro_fscore": 0.6531496809141493,
  "micro_fscore": 0.9213294068153134,
  "loss": 0.411009271175911
}