{
    "model_count": 5,
    "em_accuracy_mean": 0.27724335965541996,
    "em_accuracy_std": 0.010109684792947713,
    "loss_mean": 0.0,
    "loss_std": 0.0
}