{"model_count": 10, "em_accuracy_mean": 0.8412220702234382, "em_accuracy_std": 0.004202979390658158, "loss_mean": 1.147176255833019, "loss_std": 0.004919590249910807}