{
  "em_accuracy": 0.8406292749658003,
  "loss": 1.1410896182060242
}