{
  "em_accuracy": 0.84359325125399,
  "loss": 1.145753537308086
}