{
  "em_accuracy": 0.8372093023255814,
  "loss": 1.1469580966776067
}