{
  "em_accuracy": 0.8401732786137711,
  "loss": 1.1503242217410694
}