{
  "em_accuracy": 0.8442772457820338,
  "loss": 1.1396575862711127
}