{
  "UAS": 0.701279469257197,
  "LAS": 0.511254590688307,
  "UEM": 0.066,
  "LEM": 0.017,
  "LOAS": 0.646013505508826,
  "LOEM": 0.025,
  "loss": 7.980396807193756
}