{
  "UAS": 0.6975476839237057,
  "LAS": 0.494550408719346,
  "UEM": 0.067,
  "LEM": 0.016,
  "LOAS": 0.6298424357303637,
  "LOEM": 0.024,
  "loss": 8.850569173693657
}