{
    "model_count": 5,
    "UAS_mean": 0.5414112615823236,
    "UAS_std": 0.017774819714136046,
    "LAS_mean": 0.37925225166850257,
    "LAS_std": 0.011281521756868489,
    "UEM_mean": 0.03926096997690531,
    "UEM_std": 0.0069763544882185755,
    "LEM_mean": 0.004157043879907622,
    "LEM_std": 0.0010328258556581015,
    "LOAS_mean": 0.5710101730058964,
    "LOAS_std": 0.007081280772502472,
    "LOEM_mean": 0.007159353348729793,
    "LOEM_std": 0.0018974222546368341,
    "loss_mean": 10.347317212154339,
    "loss_std": 1.177470879631739
}