{
  "UAS": 0.5569234756690209,
  "LAS": 0.3889716840536513,
  "UEM": 0.042725173210161664,
  "LEM": 0.003464203233256351,
  "LOAS": 0.5698179226333182,
  "LOEM": 0.005773672055427252,
  "loss": 9.561651127679008
}