{
  "UAS": 0.5479815978746841,
  "LAS": 0.3864446316335126,
  "UEM": 0.03695150115473441,
  "LEM": 0.003464203233256351,
  "LOAS": 0.570854662087734,
  "LOEM": 0.004618937644341801,
  "loss": 10.47663448538099
}