{
  "UAS": 0.5121492904814359,
  "LAS": 0.36026696040951206,
  "UEM": 0.03233256351039261,
  "LEM": 0.003464203233256351,
  "LOAS": 0.5618479880774963,
  "LOEM": 0.008083140877598153,
  "loss": 10.888728107724871
}