{
  "accuracy": 0.8282630029440629,
  "macro_fscore": 0.533533207978109,
  "micro_fscore": 0.8335817188276203,
  "loss": 0.6890513391699642
}