{
  "accuracy": 0.8577036310107949,
  "macro_fscore": 0.5250347430383859,
  "micro_fscore": 0.8612487611496531,
  "loss": 0.6312092978550936
}