{
  "UAS": 0.8546247245792509,
  "LAS": 0.7427218602034598,
  "UEM": 0.14,
  "LEM": 0.034,
  "LOAS": 0.8401856453049552,
  "LOEM": 0.062,
  "loss": 4.314027741551399
}