{
  "UAS": 0.04772396980919788,
  "LAS": 0.006656978106980451,
  "UEM": 0.0,
  "LEM": 0.0,
  "LOAS": 0.11771600018752051,
  "LOEM": 0.0,
  "loss": 5.7679425194149925
}