{
  "UAS": 0.8536871220289719,
  "LAS": 0.7428625005860016,
  "UEM": 0.141,
  "LEM": 0.031,
  "LOAS": 0.8408419670901505,
  "LOEM": 0.064,
  "loss": 4.1981276869773865
}