{
  "accuracy": 0.8324808184143222,
  "macro_fscore": 0.5696026617975223,
  "micro_fscore": 0.8330109606705351,
  "loss": 0.9105693661816874
}