{
  "accuracy": 0.8312020460358056,
  "macro_fscore": 0.5887791798565246,
  "micro_fscore": 0.8327953518398968,
  "loss": 1.2209896349196074
}