{
  "accuracy": 0.840153452685422,
  "macro_fscore": 0.6629952217135996,
  "micro_fscore": 0.8410852713178295,
  "loss": 1.5175156083898809
}