{
  "accuracy": 0.8414322250639387,
  "macro_fscore": 0.6336050803164716,
  "micro_fscore": 0.844905905256327,
  "loss": 1.2508916884128536
}