{
  "accuracy": 0.8452685421994884,
  "macro_fscore": 0.7150614425534905,
  "micro_fscore": 0.8444157520981278,
  "loss": 1.0770528140686908
}