{
  "accuracy": 0.8783382789317508,
  "macro_fscore": 0.6442222111554187,
  "micro_fscore": 0.8835820895522388,
  "loss": 0.4126389397477562
}