{
  "accuracy": 0.8753709198813057,
  "macro_fscore": 0.6060515078912728,
  "micro_fscore": 0.8819133034379671,
  "loss": 0.49190123766311444
}