{
  "accuracy": 0.8753709198813057,
  "macro_fscore": 0.535609421381348,
  "micro_fscore": 0.87667161961367,
  "loss": 0.48455558632585133
}