{
  "accuracy": 0.8456973293768546,
  "macro_fscore": 0.5115389331330342,
  "micro_fscore": 0.8558558558558559,
  "loss": 0.6179176289588213
}