{
  "UAS": 0.47210890196246835,
  "LAS": 0.40790999269978956,
  "UEM": 0.004,
  "LEM": 0.003,
  "loss": 2.126839808055333
}