{
  "UAS": 0.47339717438914414,
  "LAS": 0.4080817623566797,
  "UEM": 0.007,
  "LEM": 0.004,
  "loss": 2.1616130007637873
}