{
  "UAS": 0.4673852363979903,
  "LAS": 0.40009447331128956,
  "UEM": 0.006,
  "LEM": 0.004,
  "loss": 2.1570561594433255
}