{
  "UAS": 0.46270451324773476,
  "LAS": 0.3958431743032593,
  "UEM": 0.004,
  "LEM": 0.003,
  "loss": 2.1540310080089267
}