{
  "accuracy": 0.8420019627085378,
  "macro_fscore": 0.491366646508154,
  "micro_fscore": 0.8445106805762543,
  "loss": 1.0344116884516552
}