{
  "accuracy": 0.8439646712463199,
  "macro_fscore": 0.49003175743212657,
  "micro_fscore": 0.8518518518518519,
  "loss": 1.0466636720284441
}