{
  "accuracy": 0.8557409224730128,
  "macro_fscore": 0.5674827884361027,
  "micro_fscore": 0.8584202682563338,
  "loss": 0.8771783062111354
}