{
  "accuracy": 0.8704612365063789,
  "macro_fscore": 0.5209182856014211,
  "micro_fscore": 0.8753738783649052,
  "loss": 0.8376030504950904
}