{
  "accuracy": 0.9392265193370166,
  "macro_fscore": 0.3833068867026341,
  "micro_fscore": 0.9371428571428572,
  "loss": 0.23487919237231836
}