{
    "model_count": 5,
    "em_accuracy_mean": 0.4661295520464067,
    "em_accuracy_std": 0.008199191462786467,
    "loss_mean": 0.0,
    "loss_std": 0.0
}