{
  "UAS": 0.7759279475982532,
  "LAS": 0.6012554585152838,
  "UEM": 0.082,
  "LEM": 0.008,
  "LOAS": 0.6806768558951966,
  "LOEM": 0.012,
  "loss": 5.885889619588852
}