{
  "UAS": 0.7705604075691412,
  "LAS": 0.597707423580786,
  "UEM": 0.074,
  "LEM": 0.008,
  "LOAS": 0.6814046579330422,
  "LOEM": 0.014,
  "loss": 4.352811798453331
}