{
  "UAS": 0.763646288209607,
  "LAS": 0.5931586608442504,
  "UEM": 0.074,
  "LEM": 0.01,
  "LOAS": 0.6768558951965066,
  "LOEM": 0.016,
  "loss": 5.933188438415527
}