{
    "model_count": 5,
    "UAS_mean": 0.76990538573508,
    "UAS_std": 0.005929255956151951,
    "LAS_mean": 0.598471615720524,
    "LAS_std": 0.004077985454668524,
    "UEM_mean": 0.07680000000000001,
    "UEM_std": 0.005932958789676532,
    "LEM_mean": 0.0092,
    "LEM_std": 0.0010954451150103322,
    "LOAS_mean": 0.6822780203784571,
    "LOAS_std": 0.00400528826470486,
    "LOEM_mean": 0.0156,
    "LOEM_std": 0.0026076809620810587,
    "loss_mean": 5.209598204493522,
    "loss_std": 0.6953377096533426
}