{
    "model_count": 5,
    "em_accuracy_mean": 0.48393895348837207,
    "em_accuracy_std": 0.005804862077824366,
    "loss_mean": 0.0,
    "loss_std": 0.0
}