{
    "model_count": 3,
    "em_accuracy_mean": 0.219310839913855,
    "em_accuracy_std": 0.025210092875309228,
    "loss_mean": 0.0,
    "loss_std": 0.0
}