{
  "em_accuracy": 0.577316076294278,
  "loss": 1.552020125415014
}