{
  "em_accuracy": 0.5766348773841962,
  "loss": 1.5533427958903105
}