{
  "em_accuracy": 0.5701634877384196,
  "loss": 1.5627010649313098
}