{
  "em_accuracy": 0.5698228882833788,
  "loss": 1.6158257181877675
}