{
  "em_accuracy": 0.5725476839237057,
  "loss": 1.5629277877185657
}