{
  "em_accuracy": 0.5674386920980926,
  "loss": 1.57366837658312
}