{
  "UAS": 0.6130765034202023,
  "LAS": 0.5112258172814638,
  "UEM": 0.019,
  "LEM": 0.007,
  "LOAS": 0.6568886650719711,
  "LOEM": 0.008,
  "loss": 9.069540023803711
}