{
  "UAS": 0.6179025557094296,
  "LAS": 0.5190314322883881,
  "UEM": 0.018,
  "LEM": 0.007,
  "LOAS": 0.6621343740820009,
  "LOEM": 0.007,
  "loss": 9.132477149367332
}