{
  "UAS": 0.6228125393428176,
  "LAS": 0.5247387636913006,
  "UEM": 0.023,
  "LEM": 0.01,
  "LOAS": 0.6675479457803517,
  "LOEM": 0.01,
  "loss": 7.307463078271775
}