{
  "UAS": 0.3239545077597441,
  "LAS": 0.17290605378509655,
  "UEM": 0.022,
  "LEM": 0.008,
  "loss": 2.8373465897544983
}