{
  "accuracy": 0.8888888888888888,
  "macro_fscore": 0.7908514249977664,
  "micro_fscore": 0.88,
  "loss": 0.3333010580390692
}