{
  "accuracy": 0.8703703703703703,
  "macro_fscore": 0.4946778711484594,
  "micro_fscore": 0.8712871287128714,
  "loss": 0.5795723516494036
}