{
  "accuracy": 0.7962962962962963,
  "macro_fscore": 0.45159759804284977,
  "micro_fscore": 0.7878787878787878,
  "loss": 0.9486766196787357
}