{
  "accuracy": 0.8416289592760181,
  "macro_fscore": 0.7242099625207841,
  "micro_fscore": 0.8388625592417062,
  "loss": 0.5821381977626255
}