{
  "accuracy": 0.832579185520362,
  "macro_fscore": 0.6248984680902498,
  "micro_fscore": 0.8313539192399049,
  "loss": 0.7433741507785661
}