{
  "accuracy": 0.8506787330316742,
  "macro_fscore": 0.6845375554623065,
  "micro_fscore": 0.850356294536817,
  "loss": 0.659736138635448
}