{"model_count": 10, "em_accuracy_mean": 0.39673366834170853, "em_accuracy_std": 0.01045933302982527, "loss_mean": 2.059126521621432, "loss_std": 0.029828623133019268}