{
  "em_accuracy": 0.4012921751615219,
  "loss": 2.0370587369373867
}