{
  "em_accuracy": 0.37293610911701364,
  "loss": 2.0884750887325834
}