{
  "em_accuracy": 0.39985642498205315,
  "loss": 2.063494335583278
}