{
  "em_accuracy": 0.3905240488155061,
  "loss": 2.0521411957059588
}