{
  "em_accuracy": 0.3869346733668342,
  "loss": 2.1297052090508597
}