{"model_count": 10, "em_accuracy_mean": 0.5985354223433242, "em_accuracy_std": 0.00725555899487085, "loss_mean": 1.4735528952725556, "loss_std": 0.010412522999169688}