{
  "em_accuracy": 0.6055858310626703,
  "loss": 1.4825725999215376
}