{
  "em_accuracy": 0.5980926430517711,
  "loss": 1.4796094531598298
}