{
  "em_accuracy": 0.5831062670299727,
  "loss": 1.480445060717023
}