{
  "em_accuracy": 0.5970708446866485,
  "loss": 1.4773804117803988
}