{
  "em_accuracy": 0.6086512261580381,
  "loss": 1.464315684269304
}