{
  "em_accuracy": 0.5936648501362398,
  "loss": 1.4573858017506807
}