{
  "accuracy": 0.8417391304347827,
  "loss": 1.1041479127274618
}