{
  "accuracy": 0.8486956521739131,
  "loss": 0.5778675780942043
}