{
  "accuracy": 0.8443478260869566,
  "loss": 0.7781081973678536
}