{
    "model_count": 4,
    "em_accuracy_mean": 0.8074555403556771,
    "em_accuracy_std": 0.0027009204505117927,
    "loss_mean": 0.0,
    "loss_std": 0.0
}