{
    "model_count": 5,
    "UAS_mean": 0.7824231204360794,
    "UAS_std": 0.007071657599353686,
    "LAS_mean": 0.6724776303609997,
    "LAS_std": 0.009508867494238512,
    "UEM_mean": 0.1286,
    "UEM_std": 0.004615192303685735,
    "LEM_mean": 0.0332,
    "LEM_std": 0.0035637059362410915,
    "LOAS_mean": 0.7805307004011107,
    "LOAS_std": 0.0076360038200464055,
    "LOEM_mean": 0.054400000000000004,
    "LOEM_std": 0.00753657747256671,
    "loss_mean": 5.599052251875401,
    "loss_std": 0.22119938611680595
}