{
  "UAS": 0.7778977681785457,
  "LAS": 0.668003702560938,
  "UEM": 0.125,
  "LEM": 0.035,
  "LOAS": 0.7788234084130412,
  "LOEM": 0.057,
  "loss": 5.912683814764023
}