{
  "UAS": 0.7779491926360177,
  "LAS": 0.6702663786897048,
  "UEM": 0.127,
  "LEM": 0.036,
  "LOAS": 0.7807261133395043,
  "LOEM": 0.055,
  "loss": 5.73741090297699
}