{
  "em_accuracy": 0.065673828125,
  "loss": 3.183207866270095
}