{
  "em_accuracy": 0.0841064453125,
  "loss": 3.090674635954201
}