{
  "em_accuracy": 0.101806640625,
  "loss": 2.9044047748902813
}