{
  "em_accuracy": 0.1092529296875,
  "loss": 2.940711053321138
}