{
    "model_count": 5,
    "em_accuracy_mean": 0.5293596730245231,
    "em_accuracy_std": 0.008100970265933023,
    "loss_mean": 0.0,
    "loss_std": 0.0
}