{
  "accuracy": 0.8620689655172413,
  "macro_fscore": 0.7258333333333333,
  "micro_fscore": 0.8670520231213873,
  "loss": 0.4944760473445058
}