{
  "accuracy": 0.8505747126436781,
  "macro_fscore": 0.6309116809116809,
  "micro_fscore": 0.8505747126436781,
  "loss": 0.5851381793618202
}