{
  "accuracy": 0.8275862068965517,
  "macro_fscore": 0.7474933668482056,
  "micro_fscore": 0.8323699421965317,
  "loss": 0.6924861003644764
}