{"model_count": 10, "em_accuracy_mean": 0.571866485013624, "em_accuracy_std": 0.010175002952955517, "loss_mean": 1.4910788496551306, "loss_std": 0.024067019478301206}