{
  "em_accuracy": 0.5742506811989101,
  "loss": 1.500947347153788
}