{
  "em_accuracy": 0.5776566757493188,
  "loss": 1.4850276919162793
}