{
  "em_accuracy": 0.5861716621253406,
  "loss": 1.472813021229661
}