{
  "em_accuracy": 0.5514305177111717,
  "loss": 1.5218950704387997
}