{
  "em_accuracy": 0.5759536784741145,
  "loss": 1.4623143604916076
}