{
  "accuracy": 0.937007874015748,
  "macro_fscore": 0.5373479318734793,
  "micro_fscore": 0.946938775510204,
  "loss": 0.20502057039993815
}