{
  "accuracy": 0.937007874015748,
  "macro_fscore": 0.5384353741496598,
  "micro_fscore": 0.9477911646586344,
  "loss": 0.22676570125622675
}