{
  "accuracy": 0.9448818897637795,
  "macro_fscore": 0.41957100985877965,
  "micro_fscore": 0.9477911646586344,
  "loss": 0.25342369824647903
}