{
  "accuracy": 0.937007874015748,
  "macro_fscore": 0.46741917502787067,
  "micro_fscore": 0.943089430894309,
  "loss": 0.23095591855235398
}