{
    "model_count": 5,
    "em_accuracy_mean": 0.23488872936109118,
    "em_accuracy_std": 0.015475162560732527,
    "loss_mean": 0.0,
    "loss_std": 0.0
}