{
  "accuracy": 0.819693094629156,
  "macro_fscore": 0.6873548942573363,
  "micro_fscore": 0.8207119741100323,
  "loss": 1.1834936260568851
}