{
  "accuracy": 0.8273657289002557,
  "macro_fscore": 0.6471239870320661,
  "micro_fscore": 0.8287007110536523,
  "loss": 1.3036938171206536
}