{
  "accuracy": 0.8363171355498721,
  "macro_fscore": 0.6484211011330829,
  "micro_fscore": 0.8364576599870717,
  "loss": 1.013132063101749
}