{
  "UAS": 0.7049547531583191,
  "LAS": 0.4619657736761939,
  "UEM": 0.032,
  "LEM": 0.002,
  "LOAS": 0.5462324164501389,
  "LOEM": 0.002,
  "loss": 6.708375930786133
}