{
  "UAS": 0.6884687751993549,
  "LAS": 0.4746438491174626,
  "UEM": 0.039,
  "LEM": 0.001,
  "LOAS": 0.5708269868291371,
  "LOEM": 0.001,
  "loss": 7.019347831606865
}