{
  "UAS": 0.6490905832810681,
  "LAS": 0.44686856016485976,
  "UEM": 0.025,
  "LEM": 0.001,
  "LOAS": 0.5538034226323806,
  "LOEM": 0.001,
  "loss": 6.349514156579971
}