{
  "UAS": 0.7062987187527999,
  "LAS": 0.4796165218170415,
  "UEM": 0.047,
  "LEM": 0.002,
  "LOAS": 0.5748588836125795,
  "LOEM": 0.002,
  "loss": 5.727534741163254
}