{
    "model_count": 5,
    "UAS_mean": 0.6863094704775557,
    "UAS_std": 0.023183534191994277,
    "LAS_mean": 0.4659528716064869,
    "LAS_std": 0.012677244339896752,
    "UEM_mean": 0.036,
    "UEM_std": 0.00818535277187245,
    "LEM_mean": 0.0014,
    "LEM_std": 0.0005477225575051661,
    "LOAS_mean": 0.5633366185825642,
    "LOAS_std": 0.012554290121804779,
    "LOEM_mean": 0.0014,
    "LOEM_std": 0.0005477225575051661,
    "loss_mean": 6.252676713466644,
    "loss_std": 0.6540524570334659
}