{
    "model_count": 5,
    "UAS_mean": 0.5836195166202294,
    "UAS_std": 0.01755708442330218,
    "LAS_mean": 0.4148124149549666,
    "LAS_std": 0.013501842979898612,
    "UEM_mean": 0.03833718244803695,
    "UEM_std": 0.003777234926973702,
    "LEM_mean": 0.004157043879907622,
    "LEM_std": 0.001751241442044238,
    "LOAS_mean": 0.588427395840083,
    "LOAS_std": 0.016111693418142444,
    "LOEM_mean": 0.006928406466512702,
    "LOEM_std": 0.003055140082060728,
    "loss_mean": 8.325525270189559,
    "loss_std": 1.4287674580122214
}