{
  "UAS": 0.5730577334283677,
  "LAS": 0.41152076718719627,
  "UEM": 0.03464203233256351,
  "LEM": 0.004618937644341801,
  "LOAS": 0.5935981338689821,
  "LOEM": 0.008083140877598153,
  "loss": 7.226711222103664
}