{
  "UAS": 0.5755199896326054,
  "LAS": 0.41028963908507743,
  "UEM": 0.03810623556581986,
  "LEM": 0.003464203233256351,
  "LOAS": 0.5802501133933778,
  "LOEM": 0.005773672055427252,
  "loss": 10.147808347429548
}