{
  "UAS": 0.5849154409382492,
  "LAS": 0.42052744119743407,
  "UEM": 0.042725173210161664,
  "LEM": 0.003464203233256351,
  "LOAS": 0.6022160305838139,
  "LOEM": 0.005773672055427252,
  "loss": 6.8118416752134054
}