{
  "accuracy": 0.9822161422708618,
  "macro_fscore": 0.9751253385417072,
  "micro_fscore": 0.9864960909737029,
  "loss": 0.10722377640780431
}