{
  "accuracy": 0.9767441860465116,
  "macro_fscore": 0.9737853961314472,
  "micro_fscore": 0.9808646350106308,
  "loss": 0.09966933013010534
}