{
  "accuracy": 0.9794801641586868,
  "macro_fscore": 0.9671918542940975,
  "micro_fscore": 0.9836995038979448,
  "loss": 0.08317671263711932
}