{
  "accuracy": 0.8505747126436781,
  "macro_fscore": 0.712938596491228,
  "micro_fscore": 0.8604651162790696,
  "loss": 0.705940306186676
}