{
  "accuracy": 0.896551724137931,
  "macro_fscore": 0.8037080405932865,
  "micro_fscore": 0.9017341040462429,
  "loss": 0.41609224677085876
}