{
  "accuracy": 0.8333333333333334,
  "macro_fscore": 0.35065406976744184,
  "micro_fscore": 0.8543689320388349,
  "loss": 0.7498175916927201
}