{
  "accuracy": 0.9074074074074074,
  "macro_fscore": 0.570046511627907,
  "micro_fscore": 0.9108910891089109,
  "loss": 0.42131764122418
}