{
  "UAS": 0.6082117706237424,
  "LAS": 0.47365442655935613,
  "UEM": 0.02003338898163606,
  "LEM": 0.008347245409015025,
  "LOAS": 0.670145875251509,
  "LOEM": 0.01669449081803005,
  "loss": 8.373997562809995
}