{
  "UAS": 0.6181463782696177,
  "LAS": 0.4823314889336016,
  "UEM": 0.015025041736227046,
  "LEM": 0.00667779632721202,
  "LOAS": 0.6743586519114688,
  "LOEM": 0.018363939899833055,
  "loss": 9.928582392240825
}