{
  "UAS": 0.6189009054325956,
  "LAS": 0.4759808853118712,
  "UEM": 0.021702838063439065,
  "LEM": 0.008347245409015025,
  "LOAS": 0.6727238430583501,
  "LOEM": 0.018363939899833055,
  "loss": 7.895353442744205
}