{
  "UAS": 0.7267269957889078,
  "LAS": 0.558955290744557,
  "UEM": 0.053,
  "LEM": 0.007,
  "LOAS": 0.6584087447361348,
  "LOEM": 0.013,
  "loss": 6.467749398852152
}