{
  "UAS": 0.7459009049368336,
  "LAS": 0.5684078487590718,
  "UEM": 0.063,
  "LEM": 0.008,
  "LOAS": 0.6602454977152585,
  "LOEM": 0.013,
  "loss": 6.033113971352577
}