{
  "UAS": 0.7385538930203387,
  "LAS": 0.5686318430248186,
  "UEM": 0.053,
  "LEM": 0.009,
  "LOAS": 0.6613654690439925,
  "LOEM": 0.016,
  "loss": 6.3370345532894135
}