{
  "UAS": 0.7556222560702446,
  "LAS": 0.5795627631932623,
  "UEM": 0.067,
  "LEM": 0.007,
  "LOAS": 0.6683988889884419,
  "LOEM": 0.011,
  "loss": 4.614595875144005
}