{
    "model_count": 5,
    "UAS_mean": 0.7408744736134755,
    "UAS_std": 0.01071481434285001,
    "LAS_mean": 0.5677089866499417,
    "LAS_std": 0.007758457794999141,
    "UEM_mean": 0.059,
    "UEM_std": 0.006164414002968979,
    "LEM_mean": 0.0078,
    "LEM_std": 0.0008366600265340752,
    "LOAS_mean": 0.6615984230803692,
    "LOAS_std": 0.003949851649084987,
    "LOEM_mean": 0.0134,
    "LOEM_std": 0.0018165902124584953,
    "loss_mean": 5.611714979391249,
    "loss_std": 0.9276322726200121
}