{
    "model_count": 5,
    "UAS_mean": 0.3936380041126359,
    "UAS_std": 0.006634094528354095,
    "LAS_mean": 0.2930462881363045,
    "LAS_std": 0.003991043526822254,
    "UEM_mean": 0.0068,
    "UEM_std": 0.003271085446759225,
    "LEM_mean": 0.0026,
    "LEM_std": 0.0008944271909999159,
    "loss_mean": 2.880212185874818,
    "loss_std": 0.018247591140988426
}