{
  "UAS": 0.3853707667128289,
  "LAS": 0.28792647614251543,
  "UEM": 0.007,
  "LEM": 0.003,
  "loss": 2.8800173335605197
}