{
  "UAS": 0.40387762810021405,
  "LAS": 0.2989634478996181,
  "UEM": 0.011,
  "LEM": 0.003,
  "loss": 2.8548500594638644
}