{
    "model_count": 5,
    "em_accuracy_mean": 0.42636858698767555,
    "em_accuracy_std": 0.004387177187349266,
    "loss_mean": 0.0,
    "loss_std": 0.0
}