{
  "accuracy": 0.937007874015748,
  "macro_fscore": 0.6220949263502454,
  "micro_fscore": 0.9473684210526316,
  "loss": 0.2613015214446932
}