{
  "UAS": 0.8382788680379611,
  "LAS": 0.7538111392622493,
  "UEM": 0.167,
  "LEM": 0.049,
  "LOAS": 0.8383218104521836,
  "LOEM": 0.088,
  "loss": 4.502578616142273
}