{
  "UAS": 0.8367758835401726,
  "LAS": 0.7456520805599691,
  "UEM": 0.156,
  "LEM": 0.04,
  "LOAS": 0.8315369090050243,
  "LOEM": 0.073,
  "loss": 3.7725839763879776
}