{
  "UAS": 0.8402971615064199,
  "LAS": 0.7597801348391806,
  "UEM": 0.168,
  "LEM": 0.058,
  "LOAS": 0.8445914029286726,
  "LOEM": 0.098,
  "loss": 5.036933213472366
}