{
    "model_count": 10,
    "em_accuracy_mean": 0.5285852400902352,
    "em_accuracy_std": 0.01613905651472583,
    "loss_mean": 1.4674826910200807,
    "loss_std": 0.01901824118416538
}