{
  "em_accuracy": 0.5236867547534644,
  "loss": 1.4806352454362457
}