{
  "em_accuracy": 0.5172413793103449,
  "loss": 1.492743602733022
}