{
  "em_accuracy": 0.500161134386078,
  "loss": 1.4914586697657084
}