{
  "em_accuracy": 0.5259426361585562,
  "loss": 1.4701752742541205
}