{
  "em_accuracy": 0.5272317112471802,
  "loss": 1.4599348785950965
}