{
  "em_accuracy": 0.5304543989687399,
  "loss": 1.4581294360849046
}