{
  "em_accuracy": 0.5404447309055752,
  "loss": 1.4455322629397678
}