{
    "model_count": 5,
    "UAS_mean": 0.8407609395800232,
    "UAS_std": 0.0020336305076086316,
    "LAS_mean": 0.7653197062738867,
    "LAS_std": 0.001765868097646931,
    "UEM_mean": 0.1692,
    "UEM_std": 0.0056302753041036924,
    "LEM_mean": 0.06820000000000001,
    "LEM_std": 0.0016431676725155,
    "LOAS_mean": 0.84984755442951,
    "LOAS_std": 0.0021448865432147496,
    "LOEM_mean": 0.1132,
    "LOEM_std": 0.005167204273105525,
    "loss_mean": 4.522446136176586,
    "loss_std": 0.1438089317253606
}