{
  "UAS": 0.8405548159917551,
  "LAS": 0.7670803452570103,
  "UEM": 0.166,
  "LEM": 0.07,
  "LOAS": 0.8521922102460601,
  "LOEM": 0.12,
  "loss": 4.76652005314827
}