{
  "UAS": 0.8395241980504144,
  "LAS": 0.7642461459183235,
  "UEM": 0.174,
  "LEM": 0.066,
  "LOAS": 0.8511615923047193,
  "LOEM": 0.111,
  "loss": 4.446520552039146
}