{
  "UAS": 0.8437754970584447,
  "LAS": 0.7673379997423455,
  "UEM": 0.174,
  "LEM": 0.069,
  "LOAS": 0.8494868381500408,
  "LOEM": 0.114,
  "loss": 4.401242151856422
}