{
    "model_count": 5,
    "em_accuracy_mean": 0.23962670495333813,
    "em_accuracy_std": 0.00868376675762184,
    "loss_mean": 0.0,
    "loss_std": 0.0
}