{
  "UAS": 0.9224914322148721,
  "LAS": 0.889057145134295,
  "UEM": 0.7168993740972557,
  "LEM": 0.562349542609533,
  "LOAS": 0.9328923248585319,
  "LOEM": 0.6066441983630236,
  "loss": 1.736530928233137
}