{
  "UAS": 0.9228899338487287,
  "LAS": 0.8906511516697219,
  "UEM": 0.7053442465093885,
  "LEM": 0.5642753972075109,
  "LOAS": 0.9343667809038017,
  "LOEM": 0.6157920077034184,
  "loss": 1.552275918641177
}