{
    "model_count": 5,
    "UAS_mean": 0.7774966574102643,
    "UAS_std": 0.013021023987002937,
    "LAS_mean": 0.6702869484726937,
    "LAS_std": 0.013413140914760417,
    "UEM_mean": 0.1266,
    "UEM_std": 0.008324662155306972,
    "LEM_mean": 0.032,
    "LEM_std": 0.004949747468305833,
    "LOAS_mean": 0.7809112413864033,
    "LOAS_std": 0.009457040220389002,
    "LOEM_mean": 0.0526,
    "LOEM_std": 0.007162401831787994,
    "loss_mean": 6.084625335392498,
    "loss_std": 0.6286000382542071
}