{
  "UAS": 0.7875655661832768,
  "LAS": 0.6803455723542117,
  "UEM": 0.139,
  "LEM": 0.038,
  "LOAS": 0.7877712640131647,
  "LOEM": 0.059,
  "loss": 5.0043021366000175
}