{
  "UAS": 0.7873084438959169,
  "LAS": 0.6763344646713977,
  "UEM": 0.129,
  "LEM": 0.033,
  "LOAS": 0.7834516095855188,
  "LOEM": 0.056,
  "loss": 6.0528202801942825
}