{
  "UAS": 0.7844286742774864,
  "LAS": 0.6820425794507868,
  "UEM": 0.118,
  "LEM": 0.035,
  "LOAS": 0.7911652782063149,
  "LOEM": 0.058,
  "loss": 6.444823503494263
}