{
  "accuracy": 0.845927379784102,
  "macro_fscore": 0.5366741475884721,
  "micro_fscore": 0.8538538538538537,
  "loss": 0.7403266326364246
}