{
  "accuracy": 0.8508341511285574,
  "macro_fscore": 0.5228749854949437,
  "micro_fscore": 0.8528827037773359,
  "loss": 0.7798270748899085
}