{
  "accuracy": 0.8527968596663396,
  "macro_fscore": 0.5099872531263369,
  "micro_fscore": 0.8571428571428571,
  "loss": 0.8516439212107798
}