{
  "accuracy": 0.8498527968596663,
  "macro_fscore": 0.5223182046728312,
  "micro_fscore": 0.852312282446544,
  "loss": 0.7945903108375205
}