{
    "model_count": 5,
    "UAS_mean": 0.861609863578829,
    "UAS_std": 0.0007101991190072464,
    "LAS_mean": 0.7994561905208383,
    "LAS_std": 0.003197210948583638,
    "UEM_mean": 0.1522,
    "UEM_std": 0.004868264577855238,
    "LEM_mean": 0.0776,
    "LEM_std": 0.0081117199162693,
    "LOAS_mean": 0.8970137358773616,
    "LOAS_std": 0.003304533600628892,
    "LOEM_mean": 0.19519999999999998,
    "LOEM_std": 0.015690761613127643,
    "loss_mean": 3.5738473700625555,
    "loss_std": 0.48171892975293484
}