{
  "UAS": 0.8610473020486615,
  "LAS": 0.8031972246964512,
  "UEM": 0.157,
  "LEM": 0.091,
  "LOAS": 0.9004266091603769,
  "LOEM": 0.209,
  "loss": 3.314375538378954
}