{
  "UAS": 0.8627349866391637,
  "LAS": 0.7995874548778773,
  "UEM": 0.153,
  "LEM": 0.071,
  "LOAS": 0.8967230790867751,
  "LOEM": 0.188,
  "loss": 4.092181205749512
}