{
  "UAS": 0.8616567437063429,
  "LAS": 0.7964464863344428,
  "UEM": 0.145,
  "LEM": 0.072,
  "LOAS": 0.8940977919459941,
  "LOEM": 0.191,
  "loss": 3.4632667414844036
}