{
  "UAS": 0.8616567437063429,
  "LAS": 0.7960714453143313,
  "UEM": 0.156,
  "LEM": 0.075,
  "LOAS": 0.8934883502883127,
  "LOEM": 0.175,
  "loss": 4.033089825085232
}