{
  "UAS": 0.8609535417936337,
  "LAS": 0.8019783413810886,
  "UEM": 0.15,
  "LEM": 0.079,
  "LOAS": 0.900332848905349,
  "LOEM": 0.213,
  "loss": 2.9663235396146774
}