{"model_count": 10, "em_accuracy_mean": 0.5473447563494956, "em_accuracy_std": 0.006504507348630312, "loss_mean": 1.3838891393814272, "loss_std": 0.01323483417407651}