{
  "em_accuracy": 0.5474541256531777,
  "loss": 1.376389406606989
}