{
  "em_accuracy": 0.5371248025276462,
  "loss": 1.3952308545992211
}