{
  "em_accuracy": 0.5501275975209624,
  "loss": 1.37967066868995
}