{
  "em_accuracy": 0.5552314983594604,
  "loss": 1.3772096403594156
}