{
  "em_accuracy": 0.5480617328958561,
  "loss": 1.3927870496962835
}