{
    "model_count": 5,
    "UAS_mean": 0.8097225592493731,
    "UAS_std": 0.006812522472449409,
    "LAS_mean": 0.7184825689557551,
    "LAS_std": 0.007485357695321433,
    "UEM_mean": 0.1018,
    "UEM_std": 0.008105553651663778,
    "LEM_mean": 0.031,
    "LEM_std": 0.005338539126015656,
    "LOAS_mean": 0.8192348135565801,
    "LOAS_std": 0.009550630660399267,
    "LOEM_mean": 0.052000000000000005,
    "LOEM_std": 0.009591663046625442,
    "loss_mean": 4.78494335268698,
    "loss_std": 0.192264848396632
}