{
  "UAS": 0.8081776267896141,
  "LAS": 0.7187575831108954,
  "UEM": 0.101,
  "LEM": 0.031,
  "LOAS": 0.8202701609641673,
  "LOEM": 0.047,
  "loss": 4.846939720213413
}