{
  "UAS": 0.816832484024913,
  "LAS": 0.7087276550998949,
  "UEM": 0.106,
  "LEM": 0.029,
  "LOAS": 0.8044568470435979,
  "LOEM": 0.046,
  "loss": 4.963170036673546
}