{
  "UAS": 0.816872927283022,
  "LAS": 0.723651217342069,
  "UEM": 0.113,
  "LEM": 0.029,
  "LOAS": 0.821321685674998,
  "LOEM": 0.049,
  "loss": 4.801282659409538
}