{
  "accuracy": 0.9005524861878453,
  "macro_fscore": 0.3192699946323135,
  "micro_fscore": 0.906515580736544,
  "loss": 0.4928471934981644
}