{
  "accuracy": 0.9116022099447514,
  "macro_fscore": 0.43262919202768824,
  "micro_fscore": 0.9169054441260744,
  "loss": 0.41120668302755803
}