{
  "accuracy": 0.8895027624309392,
  "macro_fscore": 0.2945165360007209,
  "micro_fscore": 0.895184135977337,
  "loss": 0.5209599311153094
}