{
  "accuracy": 0.8950276243093923,
  "macro_fscore": 0.28217085698837524,
  "micro_fscore": 0.896551724137931,
  "loss": 0.5219728133330742
}