{"model_count": 5, "accuracy_mean": 0.776, "accuracy_std": 0.022748626332154673, "loss_mean": 1.1389966692243303, "loss_std": 0.1354917107185832}