{
    "model_count": 5,
    "UAS_mean": 0.5431866778980108,
    "UAS_std": 0.00799609983109238,
    "LAS_mean": 0.3802371541501976,
    "LAS_std": 0.007538587915135768,
    "UEM_mean": 0.03625866050808314,
    "UEM_std": 0.002780968724894296,
    "LEM_mean": 0.003695150115473441,
    "LEM_std": 0.0009661201230185629,
    "LOAS_mean": 0.5651785135748072,
    "LOAS_std": 0.007750207098665557,
    "LOEM_mean": 0.005773672055427252,
    "LOEM_std": 0.0014142550477962924,
    "loss_mean": 8.636849807082832,
    "loss_std": 0.550377553426765
}