{
  "UAS": 0.5460377113976543,
  "LAS": 0.38365839434976995,
  "UEM": 0.03926096997690531,
  "LEM": 0.0023094688221709007,
  "LOAS": 0.5664485194064667,
  "LOEM": 0.004618937644341801,
  "loss": 8.017185960497175
}