{
  "UAS": 0.5533596837944664,
  "LAS": 0.38974923864446315,
  "UEM": 0.03926096997690531,
  "LEM": 0.003464203233256351,
  "LOAS": 0.5700123112810211,
  "LOEM": 0.005773672055427252,
  "loss": 8.677112443106514
}