{
  "UAS": 0.5374846108987236,
  "LAS": 0.3773083651914728,
  "UEM": 0.03464203233256351,
  "LEM": 0.004618937644341801,
  "LOAS": 0.5710490507354371,
  "LOEM": 0.008083140877598153,
  "loss": 9.454719339098249
}