{
    "model_count": 5,
    "UAS_mean": 0.5268969092205016,
    "UAS_std": 0.006802615227038784,
    "LAS_mean": 0.3715415019762846,
    "LAS_std": 0.0036802881672164784,
    "UEM_mean": 0.03210161662817552,
    "UEM_std": 0.006603223305078891,
    "LEM_mean": 0.003002309468822171,
    "LEM_std": 0.0006324740848789448,
    "LOAS_mean": 0.5702585369014449,
    "LOAS_std": 0.011049835314821215,
    "LOEM_mean": 0.004849884526558892,
    "LOEM_std": 0.0012649481697578895,
    "loss_mean": 10.22629632268633,
    "loss_std": 0.5530424230490756
}