{
  "UAS": 0.5210911682757727,
  "LAS": 0.36635780470420526,
  "UEM": 0.025404157043879907,
  "LEM": 0.0023094688221709007,
  "LOAS": 0.5748072312576945,
  "LOEM": 0.004618937644341801,
  "loss": 10.071934308324542
}