{
  "UAS": 0.5219335190824855,
  "LAS": 0.3730966111579084,
  "UEM": 0.03002309468822171,
  "LEM": 0.003464203233256351,
  "LOAS": 0.5797317436661699,
  "LOEM": 0.004618937644341801,
  "loss": 10.219884940556117
}