{
    "model_count": 5,
    "UAS_mean": 0.8188458112606066,
    "UAS_std": 0.01127773548965163,
    "LAS_mean": 0.7488444048567812,
    "LAS_std": 0.009859694410915719,
    "UEM_mean": 0.0926,
    "UEM_std": 0.017868967513541455,
    "LEM_mean": 0.0466,
    "LEM_std": 0.009289779329994873,
    "LOAS_mean": 0.8737424405794384,
    "LOAS_std": 0.00265947124857383,
    "LOEM_mean": 0.1398,
    "LOEM_std": 0.00990959131346999,
    "loss_mean": 4.547142703831196,
    "loss_std": 0.5908537873144171
}