{
  "UAS": 0.8213398340443486,
  "LAS": 0.7464253902770616,
  "UEM": 0.079,
  "LEM": 0.037,
  "LOAS": 0.8726266935446064,
  "LOEM": 0.135,
  "loss": 4.2398141995072365
}