{
  "UAS": 0.8049786695419812,
  "LAS": 0.737190005156814,
  "UEM": 0.081,
  "LEM": 0.042,
  "LOAS": 0.8732830153298017,
  "LOEM": 0.134,
  "loss": 5.445859715342522
}