{
  "UAS": 0.8302470582719985,
  "LAS": 0.7631147156720266,
  "UEM": 0.105,
  "LEM": 0.061,
  "LOAS": 0.8770334255309175,
  "LOEM": 0.154,
  "loss": 4.116476126015186
}