{
  "accuracy": 0.7548209366391184,
  "macro_fscore": 0.7830217427500037,
  "micro_fscore": 0.753173483779972,
  "loss": 2.2659256926069604
}