{
  "accuracy": 0.7796143250688705,
  "macro_fscore": 0.7904780327861348,
  "micro_fscore": 0.7796610169491526,
  "loss": 0.7757005095481873
}