{
  "accuracy": 0.7878787878787878,
  "macro_fscore": 0.7871098882787312,
  "micro_fscore": 0.7848101265822784,
  "loss": 1.7025747636090154
}