{
  "accuracy": 0.7713498622589532,
  "macro_fscore": 0.7940045318037435,
  "micro_fscore": 0.7679324894514769,
  "loss": 1.3116275110970372
}