{
  "em_accuracy": 0.36180904522613067,
  "loss": 1.8348208907672336
}