{
  "em_accuracy": 0.36288585786073224,
  "loss": 1.8578050218309674
}