{
  "em_accuracy": 0.36683417085427134,
  "loss": 1.8479513801847185
}