{
  "accuracy": 0.8664688427299704,
  "macro_fscore": 0.5726005156942674,
  "micro_fscore": 0.8690476190476191,
  "loss": 0.8156072585420175
}