{
  "accuracy": 0.8486646884272997,
  "macro_fscore": 0.5138688380539336,
  "micro_fscore": 0.8575712143928036,
  "loss": 1.0085151164093986
}