{
  "accuracy": 0.8516320474777448,
  "macro_fscore": 0.5642368292109373,
  "micro_fscore": 0.8567164179104477,
  "loss": 0.6496300968680192
}