{
  "accuracy": 0.857566765578635,
  "macro_fscore": 0.6784437433734448,
  "micro_fscore": 0.8652694610778442,
  "loss": 0.5185942680320956
}