{
  "accuracy": 0.8486646884272997,
  "macro_fscore": 0.5415845361244754,
  "micro_fscore": 0.8511904761904763,
  "loss": 0.6552298429676078
}