{
  "UAS": 0.7151403862101646,
  "LAS": 0.5049757137779884,
  "UEM": 0.076,
  "LEM": 0.015,
  "LOAS": 0.6328634048098567,
  "LOEM": 0.019,
  "loss": 9.017343133687973
}