{
  "UAS": 0.7146665087074991,
  "LAS": 0.5111361213126406,
  "UEM": 0.078,
  "LEM": 0.015,
  "LOAS": 0.6422817201753347,
  "LOEM": 0.02,
  "loss": 7.460679545998573
}