{
    "model_count": 5,
    "UAS_mean": 0.715460253524464,
    "UAS_std": 0.002558979649263296,
    "LAS_mean": 0.51142044781424,
    "LAS_std": 0.004029569982358465,
    "UEM_mean": 0.0746,
    "UEM_std": 0.0023021728866442696,
    "LEM_mean": 0.0168,
    "LEM_std": 0.0017888543819998318,
    "LOAS_mean": 0.6387394858429096,
    "LOAS_std": 0.004228004218548443,
    "LOEM_mean": 0.023,
    "LOEM_std": 0.0032403703492039303,
    "loss_mean": 8.346113783121108,
    "loss_std": 1.0264891858047895
}