{
    "model_count": 5,
    "UAS_mean": 0.8453729548675226,
    "UAS_std": 0.0027734284338770503,
    "LAS_mean": 0.7576501910937433,
    "LAS_std": 0.003780713166253087,
    "UEM_mean": 0.1842,
    "UEM_std": 0.002588435821108959,
    "LEM_mean": 0.0526,
    "LEM_std": 0.0031304951684997056,
    "LOAS_mean": 0.8391119508738781,
    "LOAS_std": 0.0023724663710789668,
    "LOEM_mean": 0.0886,
    "LOEM_std": 0.007127411872482183,
    "loss_mean": 5.332978382280895,
    "loss_std": 0.7264850195847614
}