{
  "UAS": 0.8434749001588869,
  "LAS": 0.7565165113582686,
  "UEM": 0.181,
  "LEM": 0.056,
  "LOAS": 0.8391806587366342,
  "LOEM": 0.095,
  "loss": 5.858403188841684
}