{
  "UAS": 0.8428737063597715,
  "LAS": 0.7520505002791257,
  "UEM": 0.183,
  "LEM": 0.052,
  "LOAS": 0.8352299566281617,
  "LOEM": 0.081,
  "loss": 6.032621793448925
}