{
  "UAS": 0.8484132777944776,
  "LAS": 0.7620131403787521,
  "UEM": 0.184,
  "LEM": 0.052,
  "LOAS": 0.8416283763473182,
  "LOEM": 0.095,
  "loss": 4.183321841061115
}