{
    "model_count": 5,
    "UAS_mean": 0.7747192906365958,
    "UAS_std": 0.00861028605555979,
    "LAS_mean": 0.6237868054551589,
    "LAS_std": 0.006213335660929608,
    "UEM_mean": 0.1108,
    "UEM_std": 0.004324349662087929,
    "LEM_mean": 0.0234,
    "LEM_std": 0.0013416407864998733,
    "LOAS_mean": 0.7294973736205485,
    "LOAS_std": 0.0034032148065255233,
    "LOEM_mean": 0.0376,
    "LOEM_std": 0.0043931765272977605,
    "loss_mean": 6.372639800608158,
    "loss_std": 0.8777314476920058
}