{
  "UAS": 0.782757457471929,
  "LAS": 0.6328851621608598,
  "UEM": 0.118,
  "LEM": 0.024,
  "LOAS": 0.7328321526673414,
  "LOEM": 0.041,
  "loss": 7.017876356840134
}