{
  "UAS": 0.7673365139029444,
  "LAS": 0.6176569803864874,
  "UEM": 0.11,
  "LEM": 0.024,
  "LOAS": 0.7260372994072575,
  "LOEM": 0.038,
  "loss": 6.357328936457634
}