{
  "UAS": 0.7786612693364175,
  "LAS": 0.621174883138162,
  "UEM": 0.108,
  "LEM": 0.021,
  "LOAS": 0.7256517758180329,
  "LOEM": 0.031,
  "loss": 6.779936775565147
}