{
  "UAS": 0.7637222302539637,
  "LAS": 0.619921931473182,
  "UEM": 0.107,
  "LEM": 0.024,
  "LOAS": 0.7309527251698713,
  "LOEM": 0.036,
  "loss": 6.844300925731659
}