{"model_count": 10, "em_accuracy_mean": 0.5466036113499569, "em_accuracy_std": 0.010403991274151897, "loss_mean": 1.5870057247545077, "loss_std": 0.012141370604548882}