{
  "em_accuracy": 0.5414158784752078,
  "loss": 1.6007551776764055
}