{
  "em_accuracy": 0.5454284895385497,
  "loss": 1.6030404175797555
}