{
  "em_accuracy": 0.5514474061335626,
  "loss": 1.5789582106076419
}