{
    "model_count": 5,
    "em_accuracy_mean": 0.6769754768392371,
    "em_accuracy_std": 0.005442135567407118,
    "loss_mean": 0.0,
    "loss_std": 0.0
}