{"model_count": 5, "accuracy_mean": 0.819, "accuracy_std": 0.0232916293977042, "loss_mean": 0.8467077546353851, "loss_std": 0.17000772756167437}