{
  "accuracy": 0.8363171355498721,
  "macro_fscore": 0.5724980162720781,
  "micro_fscore": 0.8383773341918866,
  "loss": 0.7907367049507341
}