{
  "accuracy": 0.8312020460358056,
  "macro_fscore": 0.5505808498263476,
  "micro_fscore": 0.8327953518398968,
  "loss": 1.021477653321867
}