{
    "model_count": 5,
    "UAS_mean": 0.04678629187524066,
    "UAS_std": 0.03286647082569839,
    "LAS_mean": 0.007285329226030035,
    "LAS_std": 0.008264489635399087,
    "UEM_mean": 0.0007360672975814932,
    "UEM_std": 0.0011518876077921474,
    "LEM_mean": 0.0,
    "LEM_std": 0.0,
    "LOAS_mean": 0.09081247593376973,
    "LOAS_std": 0.012145541793327387,
    "LOEM_mean": 0.0,
    "LOEM_std": 0.0,
    "loss_mean": 18.956969477335612,
    "loss_std": 6.610929835953455
}