{
  "UAS": 0.009534077782056219,
  "LAS": 0.0027108201771274547,
  "UEM": 0.0,
  "LEM": 0.0,
  "LOAS": 0.08070850981902195,
  "LOEM": 0.0,
  "loss": 16.460040775934853
}