{
  "UAS": 0.07437812860993454,
  "LAS": 0.021855987678090105,
  "UEM": 0.0010515247108307045,
  "LEM": 0.0,
  "LOAS": 0.11037350789372352,
  "LOEM": 0.0,
  "loss": 12.913704554239908
}