{
    "model_count": 5,
    "UAS_mean": 0.9350043835179724,
    "UAS_std": 0.0023159425673141545,
    "LAS_mean": 0.9152466725113573,
    "LAS_std": 0.002349369077719538,
    "UEM_mean": 0.7419354838709677,
    "UEM_std": 0.002948350677399116,
    "LEM_mean": 0.651998074145402,
    "LEM_std": 0.0057614926535008645,
    "LOAS_mean": 0.9531122977604208,
    "LOAS_std": 0.0010477637883917177,
    "LOEM_mean": 0.7137217140105921,
    "LOEM_std": 0.005169852554856489,
    "loss_mean": 1.1791703329825542,
    "loss_std": 0.09188452647240108
}