{
  "UAS": 0.9378735952817406,
  "LAS": 0.9175898621184347,
  "UEM": 0.7448242657679345,
  "LEM": 0.6494944631680308,
  "LOAS": 0.9536542599824659,
  "LOEM": 0.7149735194992778,
  "loss": 1.1647532006550922
}