{
  "UAS": 0.9357615366223001,
  "LAS": 0.9163943572168646,
  "UEM": 0.7390467019740009,
  "LEM": 0.6586422725084257,
  "LOAS": 0.9527775563879812,
  "LOEM": 0.7164179104477612,
  "loss": 1.1871065621299435
}