{
  "UAS": 0.9317366701203474,
  "LAS": 0.9118912887542839,
  "UEM": 0.7395281656234954,
  "LEM": 0.6461242176215696,
  "LOAS": 0.9524587550808958,
  "LOEM": 0.7087144920558498,
  "loss": 1.0322754302456107
}