{
    "model_count": 5,
    "UAS_mean": 0.5837341055016996,
    "UAS_std": 0.024020543640455267,
    "LAS_mean": 0.4753115951151958,
    "LAS_std": 0.022274847442753522,
    "UEM_mean": 0.0174,
    "UEM_std": 0.004827007354458869,
    "LEM_mean": 0.0042,
    "LEM_std": 0.00044721359549995795,
    "LOAS_mean": 0.6408158126652398,
    "LOAS_std": 0.015812568344274976,
    "LOEM_mean": 0.0068000000000000005,
    "LOEM_std": 0.00044721359549995795,
    "loss_mean": 8.245650458856234,
    "loss_std": 1.0935859468990305
}