{
  "UAS": 0.5983885181921188,
  "LAS": 0.486969658819086,
  "UEM": 0.016,
  "LEM": 0.004,
  "LOAS": 0.6471106634772756,
  "LOEM": 0.007,
  "loss": 6.344402002909827
}