{
  "UAS": 0.5697679298333963,
  "LAS": 0.463384951109992,
  "UEM": 0.014,
  "LEM": 0.004,
  "LOAS": 0.6318351588400688,
  "LOEM": 0.006,
  "loss": 9.046937212347984
}