{
  "accuracy": 0.831207065750736,
  "macro_fscore": 0.5380658070817194,
  "micro_fscore": 0.838,
  "loss": 1.0703999452443895
}