{
  "accuracy": 0.8518155053974484,
  "macro_fscore": 0.5558805836589408,
  "micro_fscore": 0.8557213930348259,
  "loss": 0.7586211204452411
}