{
  "accuracy": 0.8537782139352306,
  "macro_fscore": 0.5813083334309783,
  "micro_fscore": 0.8601294176207068,
  "loss": 0.8257399968861137
}