{
  "accuracy": 0.8390578999018645,
  "macro_fscore": 0.5217097837895485,
  "micro_fscore": 0.8440458395615347,
  "loss": 0.8230584798293421
}