{
  "UAS": 0.4688950353944963,
  "LAS": 0.4018564530495523,
  "UEM": 0.027,
  "LEM": 0.02,
  "loss": 1.9624240568705968
}