{
  "accuracy": 0.3765182186234818,
  "macro_fscore": 0.4006242766620766,
  "micro_fscore": 0.4031007751937985,
  "label_org:country_of_headquarters_fscore": 0.4888888888888889,
  "label_org:city_of_headquarters_fscore": 0.7228915662650602,
  "label_per:stateorprovinces_of_residence_fscore": 0.3243243243243243,
  "label_per:title_fscore": 0.6666666666666666,
  "label_org:members_fscore": 0.15384615384615385,
  "label_org:founded_fscore": 0.6666666666666666,
  "label_org:top_members/employees_fscore": 0.34782608695652173,
  "label_per:country_of_birth_fscore": 0.4799999999999999,
  "label_org:subsidiaries_fscore": 0.11764705882352941,
  "label_per:employee_of_fscore": 0.125,
  "label_per:alternate_names_fscore": 0,
  "label_per:countries_of_residence_fscore": 0.42857142857142855,
  "label_org:founded_by_fscore": 0.4615384615384615,
  "label_per:spouse_fscore": 0.6666666666666666,
  "label_org:stateorprovince_of_headquarters_fscore": 0.5500000000000002,
  "label_per:origin_fscore": 0.15384615384615385,
  "label_per:cities_of_residence_fscore": 0.48648648648648646,
  "label_org:alternate_names_fscore": 0.37037037037037035,
  "loss": 4.241157927820759
}