{
  "accuracy": 0.402834008097166,
  "macro_fscore": 0.402873814352894,
  "micro_fscore": 0.43647234678624813,
  "label_org:country_of_headquarters_fscore": 0.6181818181818182,
  "label_org:city_of_headquarters_fscore": 0.6904761904761905,
  "label_per:stateorprovinces_of_residence_fscore": 0.35294117647058826,
  "label_per:title_fscore": 0.6451612903225806,
  "label_org:alternate_names_fscore": 0.3636363636363636,
  "label_org:members_fscore": 0.15384615384615385,
  "label_org:founded_fscore": 0.64,
  "label_org:top_members/employees_fscore": 0.2608695652173913,
  "label_per:country_of_birth_fscore": 0.5384615384615384,
  "label_org:subsidiaries_fscore": 0,
  "label_per:alternate_names_fscore": 0,
  "label_per:countries_of_residence_fscore": 0.5333333333333333,
  "label_org:founded_by_fscore": 0.30769230769230765,
  "label_org:stateorprovince_of_headquarters_fscore": 0.5405405405405405,
  "label_per:origin_fscore": 0.18181818181818182,
  "label_per:cities_of_residence_fscore": 0.5128205128205128,
  "label_per:spouse_fscore": 0.6666666666666666,
  "label_per:employee_of_fscore": 0.2452830188679245,
  "loss": 3.878900993254877
}