{
  "accuracy": 0.4149797570850202,
  "macro_fscore": 0.4345838343557867,
  "micro_fscore": 0.45577211394302847,
  "label_org:country_of_headquarters_fscore": 0.5098039215686275,
  "label_org:city_of_headquarters_fscore": 0.794871794871795,
  "label_per:stateorprovinces_of_residence_fscore": 0.33333333333333337,
  "label_per:title_fscore": 0.6666666666666666,
  "label_org:alternate_names_fscore": 0.4,
  "label_org:members_fscore": 0.07999999999999999,
  "label_org:founded_fscore": 0.6666666666666666,
  "label_org:top_members/employees_fscore": 0.3571428571428571,
  "label_per:country_of_birth_fscore": 0.34782608695652173,
  "label_org:subsidiaries_fscore": 0.125,
  "label_per:alternate_names_fscore": 0,
  "label_per:countries_of_residence_fscore": 0.4444444444444445,
  "label_org:founded_by_fscore": 0.4285714285714285,
  "label_org:stateorprovince_of_headquarters_fscore": 0.6666666666666666,
  "label_per:origin_fscore": 0.18181818181818182,
  "label_per:cities_of_residence_fscore": 0.6363636363636364,
  "label_per:spouse_fscore": 0.9333333333333333,
  "label_per:employee_of_fscore": 0.25,
  "loss": 2.411060825470955
}