{
    "model_count": 5,
    "UAS_mean": 0.6508299798792757,
    "UAS_std": 0.00947147418495127,
    "LAS_mean": 0.5135689134808853,
    "LAS_std": 0.011551154009784955,
    "UEM_mean": 0.038731218697829715,
    "UEM_std": 0.004780574645501287,
    "LEM_mean": 0.012353923205342237,
    "LEM_std": 0.0014932006527544508,
    "LOAS_mean": 0.6888455734406439,
    "LOAS_std": 0.011493526935637783,
    "LOEM_mean": 0.024040066777963272,
    "LOEM_std": 0.004809636157224685,
    "loss_mean": 6.183018755912781,
    "loss_std": 0.803512756490267
}