{
  "UAS": 0.6498365191146881,
  "LAS": 0.514398893360161,
  "UEM": 0.0333889816360601,
  "LEM": 0.011686143572621035,
  "LOAS": 0.6951710261569416,
  "LOEM": 0.03171953255425709,
  "loss": 5.702697628422787
}