{
  "UAS": 0.6581991951710262,
  "LAS": 0.5293636820925554,
  "UEM": 0.045075125208681135,
  "LEM": 0.011686143572621035,
  "LOAS": 0.7049170020120724,
  "LOEM": 0.02003338898163606,
  "loss": 6.956589221954346
}