{
  "UAS": 0.6383299798792756,
  "LAS": 0.4994341046277666,
  "UEM": 0.038397328881469114,
  "LEM": 0.011686143572621035,
  "LOAS": 0.6749245472837022,
  "LOEM": 0.02003338898163606,
  "loss": 5.013046170535841
}