{
  "UAS": 0.6458752515090543,
  "LAS": 0.5059733400402414,
  "UEM": 0.035058430717863104,
  "LEM": 0.011686143572621035,
  "LOAS": 0.685047786720322,
  "LOEM": 0.025041736227045076,
  "loss": 6.632642520101447
}