{
    "model_count": 5,
    "accuracy_mean": 0.727188940092166,
    "accuracy_std": 0.023361828305320867,
    "macro_fscore_mean": 0.6970883766811369,
    "macro_fscore_std": 0.023885760580210986,
    "micro_fscore_mean": 0.7490508518152632,
    "micro_fscore_std": 0.019810344230785985,
    "label_per:country_of_birth_fscore_mean": 0.48,
    "label_per:country_of_birth_fscore_std": 0.04472135954999579,
    "label_per:other_family_fscore_mean": 0.4738095238095238,
    "label_per:other_family_fscore_std": 0.2003398473139298,
    "label_org:dissolved_fscore_mean": 0,
    "label_org:dissolved_fscore_std": 0.0,
    "label_org:stateorprovince_of_headquarters_fscore_mean": 0.8071895424836601,
    "label_org:stateorprovince_of_headquarters_fscore_std": 0.0586303108431672,
    "label_per:religion_fscore_mean": 0.7063492063492064,
    "label_per:religion_fscore_std": 0.13559007589896735,
    "label_org:country_of_headquarters_fscore_mean": 0.7746253746253746,
    "label_org:country_of_headquarters_fscore_std": 0.14240863485483696,
    "label_per:date_of_birth_fscore_mean": 0.9846153846153846,
    "label_per:date_of_birth_fscore_std": 0.034401045807689094,
    "label_org:parents_fscore_mean": 0.06666666666666667,
    "label_org:parents_fscore_std": 0.14907119849998599,
    "label_org:city_of_headquarters_fscore_mean": 0.5085714285714286,
    "label_org:city_of_headquarters_fscore_std": 0.07042147167923567,
    "label_per:cause_of_death_fscore_mean": 0.8,
    "label_per:cause_of_death_fscore_std": 0.11180339887498948,
    "label_per:date_of_death_fscore_mean": 0.9411764705882353,
    "label_per:date_of_death_fscore_std": 0.0,
    "label_org:alternate_names_fscore_mean": 0.9090909090909091,
    "label_org:alternate_names_fscore_std": 0.0,
    "label_org:shareholders_fscore_mean": 0.5755555555555555,
    "label_org:shareholders_fscore_std": 0.10012338067616719,
    "label_per:cities_of_residence_fscore_mean": 0.6111111111111112,
    "label_per:cities_of_residence_fscore_std": 0.031056499687497068,
    "label_org:subsidiaries_fscore_mean": 0.5599999999999999,
    "label_org:subsidiaries_fscore_std": 0.21395742047841618,
    "label_per:parents_fscore_mean": 0.895,
    "label_per:parents_fscore_std": 0.05880759588125787,
    "label_per:city_of_birth_fscore_mean": 0.96,
    "label_per:city_of_birth_fscore_std": 0.08944271909999157,
    "label_per:spouse_fscore_mean": 0.92,
    "label_per:spouse_fscore_std": 0.1095445115010332,
    "label_per:schools_attended_fscore_mean": 0.9411764705882353,
    "label_per:schools_attended_fscore_std": 0.0,
    "label_org:political/religious_affiliation_fscore_mean": 0.9466666666666667,
    "label_org:political/religious_affiliation_fscore_std": 0.029814239699997188,
    "label_org:top_members/employees_fscore_mean": 0.684047619047619,
    "label_org:top_members/employees_fscore_std": 0.11215650508398105,
    "label_per:city_of_death_fscore_mean": 0.8666666666666667,
    "label_per:city_of_death_fscore_std": 0.18257418583505539,
    "label_per:employee_of_fscore_mean": 0.5825396825396826,
    "label_per:employee_of_fscore_std": 0.22134179331608378,
    "label_org:number_of_employees/members_fscore_mean": 0.9555555555555556,
    "label_org:number_of_employees/members_fscore_std": 0.06085806194501842,
    "label_per:charges_fscore_mean": 0.93006993006993,
    "label_per:charges_fscore_std": 0.03955842132512155,
    "label_per:origin_fscore_mean": 0.6533333333333332,
    "label_per:origin_fscore_std": 0.02981423969999714,
    "label_per:siblings_fscore_mean": 0.8454545454545455,
    "label_per:siblings_fscore_std": 0.097841722975533,
    "label_org:founded_by_fscore_mean": 0.9272727272727272,
    "label_org:founded_by_fscore_std": 0.0406557814090871,
    "label_per:title_fscore_mean": 0.923076923076923,
    "label_per:title_fscore_std": 0.0,
    "label_per:stateorprovince_of_death_fscore_mean": 0.92,
    "label_per:stateorprovince_of_death_fscore_std": 0.1095445115010332,
    "label_org:member_of_fscore_mean": 0.30714285714285716,
    "label_org:member_of_fscore_std": 0.20763488362498048,
    "label_per:children_fscore_mean": 0.4942857142857143,
    "label_per:children_fscore_std": 0.13275384275583102,
    "label_per:age_fscore_mean": 1.0,
    "label_per:age_fscore_std": 0.0,
    "label_org:founded_fscore_mean": 0.8857142857142857,
    "label_org:founded_fscore_std": 0.06388765649999402,
    "label_per:alternate_names_fscore_mean": 0.32047619047619047,
    "label_per:alternate_names_fscore_std": 0.056634644813905906,
    "label_per:stateorprovinces_of_residence_fscore_mean": 0.380952380952381,
    "label_per:stateorprovinces_of_residence_fscore_std": 0.11040022018447264,
    "label_org:members_fscore_mean": 0.39666666666666667,
    "label_org:members_fscore_std": 0.08421753138505424,
    "label_per:countries_of_residence_fscore_mean": 0.2515873015873016,
    "label_per:countries_of_residence_fscore_std": 0.1782095097846268,
    "label_org:website_fscore_mean": 1.0,
    "label_org:website_fscore_std": 0.0,
    "loss_mean": 1.177715273840087,
    "loss_std": 0.15878707216175358
}