{"model_count": 10, "em_accuracy_mean": 0.5259748630357718, "em_accuracy_std": 0.013177995285919786, "loss_mean": 1.4701648035922001, "loss_std": 0.017853073407767928}