{
  "em_accuracy": 0.514340960360941,
  "loss": 1.4947923206791436
}