{
  "em_accuracy": 0.5536577505639704,
  "loss": 1.451507075545714
}