{
  "em_accuracy": 0.5330325491459877,
  "loss": 1.4519428113072188
}