{
  "em_accuracy": 0.5204640670319046,
  "loss": 1.4576833610682143
}