{
  "em_accuracy": 0.5201417982597486,
  "loss": 1.4619487259805817
}