{
  "em_accuracy": 0.801641586867305,
  "loss": 1.133077842322263
}