{
  "em_accuracy": 0.803921568627451,
  "loss": 1.1429518775506453
}