{
  "em_accuracy": 0.79046967624259,
  "loss": 1.143262276649475
}