{
  "em_accuracy": 0.801641586867305,
  "loss": 1.1416559977964922
}