{
  "em_accuracy": 0.8055175558595531,
  "loss": 1.1447270891883157
}