{
  "accuracy": 0.8219584569732937,
  "macro_fscore": 0.4946956281903651,
  "micro_fscore": 0.828101644245142,
  "loss": 0.6619824275681325
}