{
  "accuracy": 0.8605341246290801,
  "macro_fscore": 0.5534065393689712,
  "micro_fscore": 0.866965620328849,
  "loss": 0.851807891306552
}