{
  "accuracy": 0.8486646884272997,
  "macro_fscore": 0.5253718441774262,
  "micro_fscore": 0.8511904761904763,
  "loss": 0.45319829358380626
}