{
    "model_count": 5,
    "em_accuracy_mean": 0.5674508540122463,
    "em_accuracy_std": 0.012082715420396165,
    "loss_mean": 0.0,
    "loss_std": 0.0
}