{
  "accuracy": 0.9767441860465116,
  "macro_fscore": 0.969170295405408,
  "micro_fscore": 0.981586402266289,
  "loss": 0.10114007112956049
}