{
  "accuracy": 0.9740082079343365,
  "macro_fscore": 0.9575959414744655,
  "micro_fscore": 0.9787535410764873,
  "loss": 0.11548433966780304
}