{
  "accuracy": 0.9781121751025992,
  "macro_fscore": 0.9685304107899386,
  "micro_fscore": 0.9830028328611898,
  "loss": 0.09748839131292619
}