{
  "em_accuracy": 0.7963976288189695,
  "loss": 1.1393660898642106
}