{
  "em_accuracy": 0.7922936616507068,
  "loss": 1.1422492040287364
}