{
  "em_accuracy": 0.7895576835385317,
  "loss": 1.153492551283403
}