{
  "em_accuracy": 0.7932056543547652,
  "loss": 1.149109009179202
}