{
  "em_accuracy": 0.7973096215230279,
  "loss": 1.1389966026219456
}