{
  "em_accuracy": 0.7966256269949841,
  "loss": 1.1452569406682795
}