{
  "em_accuracy": 0.7843137254901961,
  "loss": 1.1461178075183522
}