{
  "UAS": 0.8415451690028597,
  "LAS": 0.7306267873048615,
  "UEM": 0.125,
  "LEM": 0.031,
  "LOAS": 0.8393418030097042,
  "LOEM": 0.073,
  "loss": 4.00555694848299
}