{
  "UAS": 0.8402794055599832,
  "LAS": 0.720406919506821,
  "UEM": 0.131,
  "LEM": 0.031,
  "LOAS": 0.8284187332989545,
  "LOEM": 0.059,
  "loss": 4.294415846467018
}