{
  "UAS": 0.8379822793117997,
  "LAS": 0.7177816323660401,
  "UEM": 0.124,
  "LEM": 0.027,
  "LOAS": 0.8275280108761895,
  "LOEM": 0.055,
  "loss": 3.265292301774025
}