{
  "UAS": 0.8473114246870751,
  "LAS": 0.720500679761849,
  "UEM": 0.138,
  "LEM": 0.025,
  "LOAS": 0.8240588814401575,
  "LOEM": 0.046,
  "loss": 3.7624346539378166
}