{"model_count": 10, "em_accuracy_mean": 0.4010642610987229, "em_accuracy_std": 0.0014815488778129752, "tp_mean": 20482.6, "tp_std": 53.930407831657355, "fp_mean": 9614, "fp_std": 158.13355817859227, "fn_mean": 9103.4, "fn_std": 53.930407831657355, "p_mean": 68.05799586853729, "p_std": 0.3159215606833075, "r_mean": 69.23071723112282, "r_std": 0.18228353894293603, "f1_mean": 68.63866872323915, "f1_std": 0.1260740646254174, "Macro_f1_mean": 54.616238224974865, "Macro_f1_std": 0.2399571283248248, "Macro_p_mean": 56.990964236966825, "Macro_p_std": 0.5472792838854231, "Macro_r_mean": 53.42655443042918, "Macro_r_std": 0.2893249511501915, "loss_mean": 1.6128114585262063, "loss_std": 0.012891188719677885}