{
  "em_accuracy": 0.4006689641191972,
  "tp": 20434,
  "fp": 9591,
  "fn": 9152,
  "p": 68.05661948376353,
  "r": 69.06645034813764,
  "f1": 68.55781651037562,
  "Macro_f1": 54.47194072585197,
  "Macro_p": 57.07501349420971,
  "Macro_r": 53.11126523711789,
  "loss": 1.6319830439851968
}