{
  "em_accuracy": 0.4007703223190756,
  "tp": 20577,
  "fp": 10004,
  "fn": 9009,
  "p": 67.28687747294072,
  "r": 69.54978706144799,
  "f1": 68.39962105473099,
  "Macro_f1": 54.27641611218315,
  "Macro_p": 55.87788194614896,
  "Macro_r": 53.706175975236434,
  "loss": 1.5974309101483424
}