{
  "em_accuracy": 0.4032029191161565,
  "tp": 20495,
  "fp": 9474,
  "fn": 9091,
  "p": 68.38733357803063,
  "r": 69.27262894612316,
  "f1": 68.8271345814793,
  "Macro_f1": 55.10312975813105,
  "Macro_p": 57.85143647288511,
  "Macro_r": 53.76003932073168,
  "loss": 1.6179872488473184
}