{
  "em_accuracy": 0.40289884451652136,
  "tp": 20520,
  "fp": 9647,
  "fn": 9066,
  "p": 68.02134783041072,
  "r": 69.35712837152707,
  "f1": 68.68274396264623,
  "Macro_f1": 54.73595448578669,
  "Macro_p": 57.37822409396374,
  "Macro_r": 53.43423229377879,
  "loss": 1.6016730917330886
}