{
  "em_accuracy": 0.4004662477194405,
  "tp": 20482,
  "fp": 9598,
  "fn": 9104,
  "p": 68.09175531914893,
  "r": 69.22868924491314,
  "f1": 68.65551570408607,
  "Macro_f1": 54.790714182619666,
  "Macro_p": 56.87323795813284,
  "Macro_r": 53.827083988776444,
  "loss": 1.6164441047843117
}