{
  "em_accuracy": 0.4007703223190756,
  "tp": 20454,
  "fp": 9654,
  "fn": 9132,
  "p": 67.93543244320446,
  "r": 69.13404988846077,
  "f1": 68.52950045230676,
  "Macro_f1": 54.428841736690565,
  "Macro_p": 56.57920019995797,
  "Macro_r": 53.33528052252088,
  "loss": 1.6274845640701838
}