{
  "em_accuracy": 0.40229069531725115,
  "tp": 20470,
  "fp": 9478,
  "fn": 9116,
  "p": 68.35180980365968,
  "r": 69.18812952071926,
  "f1": 68.76742701649476,
  "Macro_f1": 54.45344985944678,
  "Macro_p": 57.13988437064086,
  "Macro_r": 52.946543346075835,
  "loss": 1.5932737826528194
}