{
  "accuracy": 0.8605341246290801,
  "macro_fscore": 0.5404516108499112,
  "micro_fscore": 0.8656716417910448,
  "loss": 0.5420765346498229
}