{
  "accuracy": 0.8664688427299704,
  "macro_fscore": 0.5952603987465117,
  "micro_fscore": 0.8677563150074294,
  "loss": 0.49009010898457334
}