{
    "model_count": 5,
    "UAS_mean": 0.8656790586470395,
    "UAS_std": 0.002145860704825163,
    "LAS_mean": 0.8063569452908912,
    "LAS_std": 0.003032314496070274,
    "UEM_mean": 0.1498,
    "UEM_std": 0.003271085446759228,
    "LEM_mean": 0.08020000000000001,
    "LEM_std": 0.003768288736283358,
    "LOAS_mean": 0.9001640804462988,
    "LOAS_std": 0.002343209277999971,
    "LOEM_mean": 0.2084,
    "LOEM_std": 0.007469939758793236,
    "loss_mean": 3.369017137864989,
    "loss_std": 0.342722576862513
}