{
  "UAS": 0.8679386807932118,
  "LAS": 0.8096198021658619,
  "UEM": 0.149,
  "LEM": 0.08,
  "LOAS": 0.9008954104355164,
  "LOEM": 0.205,
  "loss": 3.5767262871303256
}