{
  "UAS": 0.8623130654915382,
  "LAS": 0.8046973887768974,
  "UEM": 0.146,
  "LEM": 0.082,
  "LOAS": 0.902114293750879,
  "LOEM": 0.211,
  "loss": 3.039596449583769
}