{
  "UAS": 0.8664385167127655,
  "LAS": 0.806853874642539,
  "UEM": 0.149,
  "LEM": 0.074,
  "LOAS": 0.901223571328114,
  "LOEM": 0.214,
  "loss": 3.180853394791484
}