{
  "accuracy": 0.9068684516880093,
  "macro_fscore": 0.6411734046200925,
  "micro_fscore": 0.908984145625367,
  "loss": 0.4146977387437666
}