{
  "accuracy": 0.9045401629802096,
  "macro_fscore": 0.6316566237899465,
  "micro_fscore": 0.9066353493834409,
  "loss": 0.4639464222084455
}