{
    "model_count": 5,
    "UAS_mean": 0.29157748961349617,
    "UAS_std": 0.0020180645496738624,
    "LAS_mean": 0.18590792731545597,
    "LAS_std": 0.002340127193181564,
    "UEM_mean": 0.0,
    "UEM_std": 0.0,
    "LEM_mean": 0.0,
    "LEM_std": 0.0,
    "loss_mean": 3.3689805167061944,
    "loss_std": 0.03264453709792502
}