{
  "UAS": 0.28914348063284234,
  "LAS": 0.18427126610432665,
  "UEM": 0.0,
  "LEM": 0.0,
  "loss": 3.369372606277466
}