{
  "accuracy": 0.9,
  "macro_fscore": 0.4108823529411765,
  "micro_fscore": 0.9086021505376345,
  "loss": 0.4811018634548721
}