{
  "accuracy": 0.9052631578947369,
  "macro_fscore": 0.4693905752237502,
  "micro_fscore": 0.9197860962566845,
  "loss": 0.3953439575464775
}