{
  "accuracy": 0.9368421052631579,
  "macro_fscore": 0.4852437417654809,
  "micro_fscore": 0.9405405405405404,
  "loss": 0.3384686786060532
}