{
  "accuracy": 0.9105263157894737,
  "macro_fscore": 0.45587780640412223,
  "micro_fscore": 0.9164420485175202,
  "loss": 0.42537364797317423
}