{
  "accuracy": 0.9315789473684211,
  "macro_fscore": 0.4852437417654809,
  "micro_fscore": 0.9380053908355794,
  "loss": 0.39570000210854533
}