{
    "model_count": 5,
    "em_accuracy_mean": 0.4074519919747779,
    "em_accuracy_std": 0.007097992120422502,
    "loss_mean": 0.0,
    "loss_std": 0.0
}