{
  "accuracy": 0.9007506255212677,
  "macro_fscore": 0.6590862641779158,
  "micro_fscore": 0.9054054054054054,
  "loss": 0.4272863037760059
}