{
  "accuracy": 0.8840700583819849,
  "macro_fscore": 0.6058194458238808,
  "micro_fscore": 0.8887949260042283,
  "loss": 0.43839041964461406
}