{
  "UAS": 0.9372758428309556,
  "LAS": 0.9169921096676497,
  "UEM": 0.7371208473760231,
  "LEM": 0.6470871449205585,
  "LOAS": 0.9538136606360086,
  "LOEM": 0.7130476649013,
  "loss": 1.2144179158178106
}