{
  "UAS": 0.9377540447915836,
  "LAS": 0.9185462660396908,
  "UEM": 0.7467501203659124,
  "LEM": 0.6557534906114588,
  "LOAS": 0.954491113413565,
  "LOEM": 0.7130476649013,
  "loss": 1.2814832185880871
}