{
  "accuracy": 0.8888888888888888,
  "macro_fscore": 0.569187675070028,
  "micro_fscore": 0.9019607843137256,
  "loss": 0.46944281245980946
}