{
  "accuracy": 0.8703703703703703,
  "macro_fscore": 0.404027391687572,
  "micro_fscore": 0.8823529411764707,
  "loss": 0.6566817596446656
}