{
  "accuracy": 0.8703703703703703,
  "macro_fscore": 0.4713652903021674,
  "micro_fscore": 0.8823529411764707,
  "loss": 0.5415862798690796
}