{
  "UAS": 0.5523877405559515,
  "LAS": 0.3940905851098296,
  "UEM": 0.03579676674364896,
  "LEM": 0.0023094688221709007,
  "LOAS": 0.5818700187909026,
  "LOEM": 0.008083140877598153,
  "loss": 8.899562801633563
}