{
  "UAS": 0.5595153243050606,
  "LAS": 0.40186613101794855,
  "UEM": 0.04387990762124711,
  "LEM": 0.004618937644341801,
  "LOAS": 0.5970971295276356,
  "LOEM": 0.010392609699769052,
  "loss": 6.357063848322088
}