{
  "accuracy": 0.8461538461538461,
  "macro_fscore": 0.6485933144687874,
  "micro_fscore": 0.8463356973995272,
  "loss": 0.4913645926862955
}