{
  "accuracy": 0.8416289592760181,
  "macro_fscore": 0.7211702357034837,
  "micro_fscore": 0.8388625592417062,
  "loss": 0.6673903475914683
}