{
  "accuracy": 0.8461538461538461,
  "macro_fscore": 0.7180539820174192,
  "micro_fscore": 0.845605700712589,
  "loss": 0.45678659302315544
}