{
  "accuracy": 0.8506787330316742,
  "macro_fscore": 0.6685694127193159,
  "micro_fscore": 0.8530805687203792,
  "loss": 0.5447889329599482
}