{
  "accuracy": 0.8461538461538461,
  "macro_fscore": 0.6501499558993743,
  "micro_fscore": 0.8490566037735849,
  "loss": 0.4933200031518936
}