{"model_count": 5, "accuracy_mean": 0.9360553633217993, "accuracy_std": 0.017708692153978647, "macro_fscore_mean": 0.6531267864491415, "macro_fscore_std": 0.016022514662257764, "micro_fscore_mean": 0.942072725308738, "micro_fscore_std": 0.009342031254073175, "loss_mean": 0.3350850838875396, "loss_std": 0.07948477510755714}