{
  "accuracy": 0.9058823529411765,
  "macro_fscore": 0.6734845727563776,
  "micro_fscore": 0.9284692417739627,
  "loss": 0.4576446588057129
}