{
  "accuracy": 0.9439446366782007,
  "macro_fscore": 0.6609547499867353,
  "micro_fscore": 0.9458231387626705,
  "loss": 0.26226435263850983
}