{
    "model_count": 5,
    "UAS_mean": 0.8363423117366335,
    "UAS_std": 0.0029402276460308444,
    "LAS_mean": 0.7786864029766238,
    "LAS_std": 0.0023235346946644925,
    "UEM_mean": 0.1342,
    "UEM_std": 0.006220932405998314,
    "LEM_mean": 0.0582,
    "LEM_std": 0.0026832815729997466,
    "LOAS_mean": 0.8725632936989404,
    "LOAS_std": 0.0025774447460849867,
    "LOEM_mean": 0.1396,
    "LOEM_std": 0.007829431652425348,
    "loss_mean": 4.474531099200249,
    "loss_std": 0.21872358741731854
}