{
  "UAS": 0.8330097872684623,
  "LAS": 0.7768745450133463,
  "UEM": 0.124,
  "LEM": 0.057,
  "LOAS": 0.8736148184097711,
  "LOEM": 0.139,
  "loss": 4.351605802774429
}