{
  "UAS": 0.8332928900752244,
  "LAS": 0.7780878427566125,
  "UEM": 0.136,
  "LEM": 0.06,
  "LOAS": 0.8726037369570493,
  "LOEM": 0.138,
  "loss": 4.848020352423191
}