{
  "UAS": 0.837903421499636,
  "LAS": 0.7812828601472135,
  "UEM": 0.135,
  "LEM": 0.06,
  "LOAS": 0.8743832403138397,
  "LOEM": 0.149,
  "loss": 4.457462504506111
}