{
    "model_count": 5,
    "accuracy_mean": 0.8414316405357225,
    "accuracy_std": 0.004065502202050344,
    "macro_fscore_mean": 0.5287459082121827,
    "macro_fscore_std": 0.019192496042547264,
    "micro_fscore_mean": 0.6337840378708146,
    "micro_fscore_std": 0.003470522155596356,
    "label_per:stateorprovince_of_death_fscore_mean": 0.6598958904363119,
    "label_per:stateorprovince_of_death_fscore_std": 0.19131508695221325,
    "label_per:countries_of_residence_fscore_mean": 0.43200067721650165,
    "label_per:countries_of_residence_fscore_std": 0.021204407987422194,
    "label_per:children_fscore_mean": 0.5268469733336391,
    "label_per:children_fscore_std": 0.05413784738192416,
    "label_per:religion_fscore_mean": 0.5896950032156139,
    "label_per:religion_fscore_std": 0.041050851153278195,
    "label_org:parents_fscore_mean": 0.19960910378155158,
    "label_org:parents_fscore_std": 0.07809124312058349,
    "label_per:city_of_death_fscore_mean": 0.7039179576321846,
    "label_per:city_of_death_fscore_std": 0.02806510176700973,
    "label_org:stateorprovince_of_headquarters_fscore_mean": 0.6003701488939103,
    "label_org:stateorprovince_of_headquarters_fscore_std": 0.04048018589821248,
    "label_per:alternate_names_fscore_mean": 0.35852767727476237,
    "label_per:alternate_names_fscore_std": 0.06039943400659097,
    "label_per:date_of_death_fscore_mean": 0.6820907434935463,
    "label_per:date_of_death_fscore_std": 0.038842554560452214,
    "label_per:origin_fscore_mean": 0.5767416122996837,
    "label_per:origin_fscore_std": 0.020363234943634574,
    "label_per:employee_of_fscore_mean": 0.3753058740469724,
    "label_per:employee_of_fscore_std": 0.043703397520560294,
    "label_org:number_of_employees/members_fscore_mean": 0.7707290206085131,
    "label_org:number_of_employees/members_fscore_std": 0.05036072435656856,
    "label_per:siblings_fscore_mean": 0.5615016094019013,
    "label_per:siblings_fscore_std": 0.10533772347763153,
    "label_org:alternate_names_fscore_mean": 0.8019319070023384,
    "label_org:alternate_names_fscore_std": 0.012370868012095563,
    "label_org:city_of_headquarters_fscore_mean": 0.5763582194353232,
    "label_org:city_of_headquarters_fscore_std": 0.022088327839965984,
    "label_per:title_fscore_mean": 0.8082089050979413,
    "label_per:title_fscore_std": 0.005972040801781293,
    "label_per:date_of_birth_fscore_mean": 0.8421030637492446,
    "label_per:date_of_birth_fscore_std": 0.02232974406346815,
    "label_per:country_of_birth_fscore_mean": 0.1860779220779221,
    "label_per:country_of_birth_fscore_std": 0.14362650496267643,
    "label_per:parents_fscore_mean": 0.4931821743866569,
    "label_per:parents_fscore_std": 0.05295943407606365,
    "label_org:top_members/employees_fscore_mean": 0.635687893655072,
    "label_org:top_members/employees_fscore_std": 0.01312132989870264,
    "label_org:founded_by_fscore_mean": 0.5830813383686763,
    "label_org:founded_by_fscore_std": 0.06023546356043562,
    "label_per:age_fscore_mean": 0.9065059057945879,
    "label_per:age_fscore_std": 0.005599829965370526,
    "label_per:schools_attended_fscore_mean": 0.6906742195471617,
    "label_per:schools_attended_fscore_std": 0.029400974364414443,
    "label_per:charges_fscore_mean": 0.7394492137434489,
    "label_per:charges_fscore_std": 0.010623453099000403,
    "label_org:dissolved_fscore_mean": 0.11272727272727273,
    "label_org:dissolved_fscore_std": 0.1648440284602638,
    "label_org:founded_fscore_mean": 0.7751920341394026,
    "label_org:founded_fscore_std": 0.04111981640014523,
    "label_org:subsidiaries_fscore_mean": 0.20528337496700463,
    "label_org:subsidiaries_fscore_std": 0.08551690619831682,
    "label_per:other_family_fscore_mean": 0.10261375373878989,
    "label_per:other_family_fscore_std": 0.08897695529550981,
    "label_per:stateorprovinces_of_residence_fscore_mean": 0.5281343414734664,
    "label_per:stateorprovinces_of_residence_fscore_std": 0.017653793285141575,
    "label_org:country_of_headquarters_fscore_mean": 0.5424914558115689,
    "label_org:country_of_headquarters_fscore_std": 0.07821793934086478,
    "label_per:cities_of_residence_fscore_mean": 0.49415024293502985,
    "label_per:cities_of_residence_fscore_std": 0.019924382758027707,
    "label_org:website_fscore_mean": 0.9125221104339293,
    "label_org:website_fscore_std": 0.0072514664870396055,
    "label_org:shareholders_fscore_mean": 0.169119897374811,
    "label_org:shareholders_fscore_std": 0.11525362427808332,
    "label_per:cause_of_death_fscore_mean": 0.7921159820760753,
    "label_per:cause_of_death_fscore_std": 0.015552561430507143,
    "label_org:members_fscore_mean": 0.47687166792189706,
    "label_org:members_fscore_std": 0.17417991845965855,
    "label_per:country_of_death_fscore_mean": 0,
    "label_per:country_of_death_fscore_std": 0.0,
    "label_per:city_of_birth_fscore_mean": 0.7093458701291853,
    "label_per:city_of_birth_fscore_std": 0.004736369579712889,
    "label_per:stateorprovince_of_birth_fscore_mean": 0.6015410714131941,
    "label_per:stateorprovince_of_birth_fscore_std": 0.012120193507336547,
    "label_org:member_of_fscore_mean": 0,
    "label_org:member_of_fscore_std": 0.0,
    "label_org:political/religious_affiliation_fscore_mean": 0.2560331825037707,
    "label_org:political/religious_affiliation_fscore_std": 0.043927087130317885,
    "label_per:spouse_fscore_mean": 0.69994692456063,
    "label_per:spouse_fscore_std": 0.006586391506359622,
    "loss_mean": 0.6038372046960762,
    "loss_std": 0.09786766019159578
}