{
  "accuracy": 0.8458655208666637,
  "macro_fscore": 0.5076090800754786,
  "micro_fscore": 0.6303741463883813,
  "label_per:stateorprovince_of_death_fscore": 0.7865168539325843,
  "label_per:countries_of_residence_fscore": 0.41951219512195126,
  "label_per:children_fscore": 0.475609756097561,
  "label_per:religion_fscore": 0.5801526717557252,
  "label_org:parents_fscore": 0.08130081300813008,
  "label_per:city_of_death_fscore": 0.736842105263158,
  "label_org:stateorprovince_of_headquarters_fscore": 0.6547619047619048,
  "label_per:alternate_names_fscore": 0.4262295081967213,
  "label_per:date_of_death_fscore": 0.6719999999999999,
  "label_per:origin_fscore": 0.6107526881720431,
  "label_per:employee_of_fscore": 0.3316582914572864,
  "label_org:number_of_employees/members_fscore": 0.6976744186046512,
  "label_per:siblings_fscore": 0.4262295081967213,
  "label_org:alternate_names_fscore": 0.7820710973724884,
  "label_org:city_of_headquarters_fscore": 0.5753424657534246,
  "label_per:title_fscore": 0.8080117244748414,
  "label_per:date_of_birth_fscore": 0.8285714285714285,
  "label_per:country_of_birth_fscore": 0.18181818181818182,
  "label_per:parents_fscore": 0.4948453608247423,
  "label_org:top_members/employees_fscore": 0.6219312602291326,
  "label_org:founded_by_fscore": 0.5483870967741936,
  "label_per:age_fscore": 0.9072164948453607,
  "label_per:schools_attended_fscore": 0.7184466019417476,
  "label_per:charges_fscore": 0.7238095238095238,
  "label_org:dissolved_fscore": 0,
  "label_org:founded_fscore": 0.8,
  "label_org:subsidiaries_fscore": 0.07643312101910828,
  "label_per:other_family_fscore": 0.048780487804878044,
  "label_per:stateorprovinces_of_residence_fscore": 0.5490196078431373,
  "label_org:country_of_headquarters_fscore": 0.4042553191489362,
  "label_org:website_fscore": 0.9152542372881357,
  "label_per:cities_of_residence_fscore": 0.46366782006920415,
  "label_org:shareholders_fscore": 0.12307692307692308,
  "label_per:cause_of_death_fscore": 0.7739938080495357,
  "label_org:members_fscore": 0.3,
  "label_per:country_of_death_fscore": 0,
  "label_per:city_of_birth_fscore": 0.704225352112676,
  "label_per:stateorprovince_of_birth_fscore": 0.6181818181818182,
  "label_org:member_of_fscore": 0,
  "label_org:political/religious_affiliation_fscore": 0.23529411764705882,
  "label_per:spouse_fscore": 0.7100977198697068,
  "loss": 0.4964471248806351
}