{
  "accuracy": 0.842482972985327,
  "macro_fscore": 0.5515717596109885,
  "micro_fscore": 0.6383713532672908,
  "label_per:stateorprovince_of_death_fscore": 0.7499999999999999,
  "label_per:countries_of_residence_fscore": 0.46575342465753417,
  "label_per:children_fscore": 0.5853658536585367,
  "label_per:religion_fscore": 0.5982905982905983,
  "label_org:parents_fscore": 0.2647058823529412,
  "label_per:city_of_death_fscore": 0.6604651162790697,
  "label_org:stateorprovince_of_headquarters_fscore": 0.5769230769230769,
  "label_per:alternate_names_fscore": 0.38554216867469876,
  "label_per:date_of_death_fscore": 0.6363636363636364,
  "label_per:origin_fscore": 0.5720930232558139,
  "label_per:employee_of_fscore": 0.4248554913294798,
  "label_org:number_of_employees/members_fscore": 0.7796610169491525,
  "label_per:siblings_fscore": 0.6666666666666666,
  "label_org:alternate_names_fscore": 0.8147100424328148,
  "label_org:city_of_headquarters_fscore": 0.6101694915254238,
  "label_per:title_fscore": 0.8089519650655022,
  "label_per:date_of_birth_fscore": 0.8181818181818182,
  "label_per:country_of_birth_fscore": 0.33333333333333337,
  "label_per:parents_fscore": 0.5714285714285714,
  "label_org:top_members/employees_fscore": 0.6535122336227308,
  "label_org:founded_by_fscore": 0.5409836065573771,
  "label_per:age_fscore": 0.9124236252545824,
  "label_per:schools_attended_fscore": 0.7045454545454546,
  "label_per:charges_fscore": 0.7414634146341463,
  "label_org:dissolved_fscore": 0.2,
  "label_org:founded_fscore": 0.8,
  "label_org:subsidiaries_fscore": 0.16774193548387098,
  "label_per:other_family_fscore": 0.1487603305785124,
  "label_per:stateorprovinces_of_residence_fscore": 0.5419354838709677,
  "label_org:country_of_headquarters_fscore": 0.5727699530516432,
  "label_per:cities_of_residence_fscore": 0.5157232704402515,
  "label_org:website_fscore": 0.9189189189189189,
  "label_org:shareholders_fscore": 0.19565217391304346,
  "label_per:cause_of_death_fscore": 0.7941176470588235,
  "label_org:members_fscore": 0.6225165562913907,
  "label_per:country_of_death_fscore": 0,
  "label_per:city_of_birth_fscore": 0.7164179104477613,
  "label_per:stateorprovince_of_birth_fscore": 0.6,
  "label_org:member_of_fscore": 0,
  "label_org:political/religious_affiliation_fscore": 0.25,
  "label_per:spouse_fscore": 0.6934984520123839,
  "loss": 0.6996650383764318
}