{
    "model_count": 5,
    "UAS_mean": 0.8428860308986492,
    "UAS_std": 0.002306577970769565,
    "LAS_mean": 0.7760899458060342,
    "LAS_std": 0.0026992049826559993,
    "UEM_mean": 0.148,
    "UEM_std": 0.0040000000000000036,
    "LEM_mean": 0.054,
    "LEM_std": 0.0020000000000000018,
    "LOAS_mean": 0.865364393755561,
    "LOAS_std": 0.002749992858934766,
    "LOEM_mean": 0.119,
    "LOEM_std": 0.005338539126015655,
    "loss_mean": 5.249811992735144,
    "loss_std": 0.6389106993658856
}