{
  "UAS": 0.8417859742780879,
  "LAS": 0.7721022405564992,
  "UEM": 0.143,
  "LEM": 0.055,
  "LOAS": 0.8614009544608914,
  "LOEM": 0.121,
  "loss": 4.9710084572434425
}