{
  "UAS": 0.840774892825366,
  "LAS": 0.7782900590471569,
  "UEM": 0.147,
  "LEM": 0.053,
  "LOAS": 0.8681145353069644,
  "LOEM": 0.127,
  "loss": 5.820587377699595
}