{
  "UAS": 0.772685653703436,
  "LAS": 0.6288853549226543,
  "UEM": 0.112,
  "LEM": 0.015,
  "LOAS": 0.7330731049106067,
  "LOEM": 0.03,
  "loss": 6.5099514573812485
}