{
  "UAS": 0.7668546094164137,
  "LAS": 0.6196809792299166,
  "UEM": 0.11,
  "LEM": 0.019,
  "LOAS": 0.7280612982506867,
  "LOEM": 0.03,
  "loss": 7.122416749596596
}