{
  "accuracy": 0.919674039580908,
  "macro_fscore": 0.7158082362688322,
  "micro_fscore": 0.9217186580341378,
  "loss": 0.4915570107138289
}