{
  "accuracy": 0.930151338766007,
  "macro_fscore": 0.7405947506006468,
  "micro_fscore": 0.9312977099236642,
  "loss": 0.4674840752650535
}