{
    "model_count": 5,
    "UAS_mean": 0.7922554767047207,
    "UAS_std": 0.003716711335317083,
    "LAS_mean": 0.6401316466111282,
    "LAS_std": 0.004400773953557682,
    "UEM_mean": 0.1378,
    "UEM_std": 0.00998498873309329,
    "LEM_mean": 0.0174,
    "LEM_std": 0.0052725705305856265,
    "LOAS_mean": 0.7466831224930577,
    "LOAS_std": 0.0028481444011206505,
    "LOEM_mean": 0.0286,
    "LOEM_std": 0.003974921382870359,
    "loss_mean": 6.654642274975776,
    "loss_std": 0.6246484390468088
}