{
  "UAS": 0.7886969042476601,
  "LAS": 0.6403887688984882,
  "UEM": 0.139,
  "LEM": 0.02,
  "LOAS": 0.7477630360999692,
  "LOEM": 0.031,
  "loss": 7.117954328656197
}