{
  "UAS": 0.7936850766224416,
  "LAS": 0.6371490280777538,
  "UEM": 0.131,
  "LEM": 0.014,
  "LOAS": 0.7433919572148514,
  "LOEM": 0.024,
  "loss": 7.207849055528641
}