{
  "UAS": 0.7957934793787925,
  "LAS": 0.6414686825053996,
  "UEM": 0.144,
  "LEM": 0.02,
  "LOAS": 0.7464774246631698,
  "LOEM": 0.028,
  "loss": 6.752543464303017
}