{
  "accuracy": 0.8286445012787724,
  "macro_fscore": 0.6656308997190951,
  "micro_fscore": 0.8294573643410852,
  "loss": 1.1711544166794237
}