{
  "accuracy": 0.8209718670076727,
  "macro_fscore": 0.670528072545918,
  "micro_fscore": 0.8220064724919093,
  "loss": 1.4613806766467359
}