{
    "model_count": 5,
    "em_accuracy_mean": 0.7047683923705722,
    "em_accuracy_std": 0.006332768882504674,
    "loss_mean": 0.0,
    "loss_std": 0.0
}