{
  "em_accuracy": 0.5990976474379632,
  "loss": 1.5406042669237274
}