{
  "em_accuracy": 0.5971640348050274,
  "loss": 1.5659272437243117
}