{
  "em_accuracy": 0.5939413470834676,
  "loss": 1.5795946926185764
}