{
  "em_accuracy": 0.5820174025136964,
  "loss": 1.5655702586026536
}