{
  "em_accuracy": 0.5878182404125041,
  "loss": 1.5472475136678243
}