{
  "em_accuracy": 0.6087657106026426,
  "loss": 1.5369365375066542
}