{
    "model_count": 5,
    "UAS_mean": 0.36675923069011623,
    "UAS_std": 0.021806456150379384,
    "LAS_mean": 0.3232335698858377,
    "LAS_std": 0.019469628299725397,
    "UEM_mean": 0.0042,
    "UEM_std": 0.0010954451150103322,
    "LEM_mean": 0.0028,
    "LEM_std": 0.00044721359549995795,
    "LOAS_mean": 0.5937982104288799,
    "LOAS_std": 0.008527781524106225,
    "LOEM_mean": 0.0036,
    "LOEM_std": 0.0005477225575051661,
    "loss_mean": 14.065970265865326,
    "loss_std": 1.0653722327201
}