{
  "UAS": 0.334001851280469,
  "LAS": 0.29301655867530596,
  "UEM": 0.004,
  "LEM": 0.003,
  "LOAS": 0.5826391031574617,
  "LOEM": 0.004,
  "loss": 14.558845162391663
}