{
  "UAS": 0.3731872878741129,
  "LAS": 0.32855085878843976,
  "UEM": 0.004,
  "LEM": 0.003,
  "LOAS": 0.5965751311323666,
  "LOEM": 0.003,
  "loss": 12.765977203845978
}