{
  "UAS": 0.38234084130412427,
  "LAS": 0.3374987143885632,
  "UEM": 0.003,
  "LEM": 0.002,
  "LOAS": 0.593643937056464,
  "LOEM": 0.004,
  "loss": 15.429171562194824
}