{
  "accuracy": 0.8926701570680629,
  "loss": 0.5667558647692204
}