{"model_count": 10, "em_accuracy_mean": 0.5202923473774721, "em_accuracy_std": 0.007412754694419097, "loss_mean": 1.5176988692044124, "loss_std": 0.014432431304813462}