{
  "em_accuracy": 0.5339638865004299,
  "loss": 1.5244088869660957
}