{
  "em_accuracy": 0.5164803668672973,
  "loss": 1.5307647376299993
}