{
  "em_accuracy": 0.5202063628546861,
  "loss": 1.5196302263704065
}