{
  "em_accuracy": 0.5150472914875323,
  "loss": 1.5095798163653509
}