{
  "em_accuracy": 0.5242189739180281,
  "loss": 1.4964008769488226
}