{
  "em_accuracy": 0.524505588993981,
  "loss": 1.5152882941781658
}