{
  "accuracy": 0.7575757575757576,
  "macro_fscore": 0.7801093770201323,
  "micro_fscore": 0.7566807313642756,
  "loss": 0.9743007819937624
}