{
  "accuracy": 0.7465564738292011,
  "macro_fscore": 0.7712167357291105,
  "micro_fscore": 0.7426160337552743,
  "loss": 1.0875319385010263
}