{
  "accuracy": 0.7410468319559229,
  "macro_fscore": 0.7595572941040719,
  "micro_fscore": 0.7369901547116737,
  "loss": 0.8586474670016248
}