{
  "em_accuracy": 0.1693313953488372,
  "loss": 2.4541236862193707
}