{
  "em_accuracy": 0.15588662790697674,
  "loss": 2.4572598954965903
}