{
  "em_accuracy": 0.17659883720930233,
  "loss": 2.376740140277286
}