{
  "em_accuracy": 0.20494186046511628,
  "loss": 2.246183376672656
}