{
  "em_accuracy": 0.20167151162790697,
  "loss": 2.3287377475306044
}