{"model_count": 10, "em_accuracy_mean": 0.18575581395348836, "em_accuracy_std": 0.021062211744398818, "loss_mean": 2.3458968876406203, "loss_std": 0.0779107961965465}