{"model_count": 5, "accuracy_mean": 0.8831578947368421, "accuracy_std": 0.01838342020691893, "loss_mean": 0.7602273007233937, "loss_std": 0.19998500059973}