{
  "accuracy": 0.8842105263157894,
  "loss": 0.8456215846041838
}