{
  "accuracy": 0.8578947368421053,
  "loss": 1.0604154169559479
}