{
  "accuracy": 0.8947368421052632,
  "loss": 0.569605365395546
}