{
  "accuracy": 0.9052631578947369,
  "loss": 0.6026246957480907
}