{
  "UAS": 0.8662509962027096,
  "LAS": 0.8056349913271764,
  "UEM": 0.16,
  "LEM": 0.077,
  "LOAS": 0.9007078899254606,
  "LOEM": 0.21,
  "loss": 3.49393268302083
}