{
  "UAS": 0.8663447564577376,
  "LAS": 0.8063381932398856,
  "UEM": 0.159,
  "LEM": 0.082,
  "LOAS": 0.9015048520931976,
  "LOEM": 0.214,
  "loss": 3.1943603940308094
}