{
    "model_count": 5,
    "UAS_mean": 0.843681023747155,
    "UAS_std": 0.0016789879900837293,
    "LAS_mean": 0.7730922832481641,
    "LAS_std": 0.001645876918172129,
    "UEM_mean": 0.1832,
    "UEM_std": 0.004868264577855238,
    "LEM_mean": 0.07579999999999999,
    "LEM_std": 0.0019235384061671362,
    "LOAS_mean": 0.8549920556533688,
    "LOAS_std": 0.0018348525280810605,
    "LOEM_mean": 0.126,
    "LOEM_std": 0.004636809247747856,
    "loss_mean": 4.89377128854394,
    "loss_std": 0.7336861452871659
}