{
  "UAS": 0.8446772877571177,
  "LAS": 0.7713316442650405,
  "UEM": 0.186,
  "LEM": 0.075,
  "LOAS": 0.8535663675011809,
  "LOEM": 0.124,
  "loss": 4.661556225270033
}