{
  "UAS": 0.8428737063597715,
  "LAS": 0.7753682312019582,
  "UEM": 0.179,
  "LEM": 0.079,
  "LOAS": 0.8576888392665436,
  "LOEM": 0.132,
  "loss": 4.544201955199242
}