{
  "UAS": 0.8445484605144501,
  "LAS": 0.7727058015201614,
  "UEM": 0.186,
  "LEM": 0.076,
  "LOAS": 0.8533516554300683,
  "LOEM": 0.125,
  "loss": 4.662295117974281
}