{
  "UAS": 0.8411130673766479,
  "LAS": 0.7719328380641559,
  "UEM": 0.177,
  "LEM": 0.075,
  "LOAS": 0.8560140851118649,
  "LOEM": 0.129,
  "loss": 4.407994352281094
}