{
  "accuracy": 0.831207065750736,
  "macro_fscore": 0.5305520659157924,
  "micro_fscore": 0.8347394540942928,
  "loss": 0.8723419599846238
}