{
  "accuracy": 0.8263002944062807,
  "macro_fscore": 0.5484696306143202,
  "micro_fscore": 0.8334995014955134,
  "loss": 0.9505773030687124
}