{
  "accuracy": 0.8537782139352306,
  "macro_fscore": 0.5638832843900324,
  "micro_fscore": 0.8567178978681209,
  "loss": 0.6379347869951744
}