{
    "model_count": 5,
    "em_accuracy_mean": 0.38844476744186046,
    "em_accuracy_std": 0.007290117241184188,
    "loss_mean": 0.0,
    "loss_std": 0.0
}