{
  "accuracy": 0.8842105263157894,
  "loss": 0.500858724117279
}