{
  "accuracy": 0.9105263157894737,
  "loss": 0.5784551960726579
}