{
  "accuracy": 0.8842105263157894,
  "loss": 0.7425095488627752
}