{
  "accuracy": 0.8736842105263158,
  "loss": 0.5342526982227961
}