{
  "accuracy": 0.8473684210526315,
  "loss": 0.6633986035982767
}