{
    "model_count": 5,
    "UAS_mean": 0.7797181939730535,
    "UAS_std": 0.00922539574635348,
    "LAS_mean": 0.6332407693098838,
    "LAS_std": 0.005723960242723638,
    "UEM_mean": 0.0716,
    "UEM_std": 0.018215378118501963,
    "LEM_mean": 0.009600000000000001,
    "LEM_std": 0.0032093613071762423,
    "LOAS_mean": 0.7529260516301552,
    "LOAS_std": 0.0025052209693411437,
    "LOEM_mean": 0.0278,
    "LOEM_std": 0.0038340579025361635,
    "loss_mean": 6.485870277881622,
    "loss_std": 0.47361166696978046
}