{
  "UAS": 0.7638588912886969,
  "LAS": 0.6252699784017278,
  "UEM": 0.047,
  "LEM": 0.007,
  "LOAS": 0.7542425177414378,
  "LOEM": 0.033,
  "loss": 6.788572922348976
}