{
  "UAS": 0.7820631492337756,
  "LAS": 0.6359148410984264,
  "UEM": 0.073,
  "LEM": 0.01,
  "LOAS": 0.755939524838013,
  "LOEM": 0.03,
  "loss": 7.071691706776619
}