{
    "model_count": 5,
    "accuracy_mean": 0.8462316910785619,
    "accuracy_std": 0.0025856749788498007,
    "macro_fscore_mean": 0.4695808146276305,
    "macro_fscore_std": 0.014817157175030196,
    "micro_fscore_mean": 0.6068915933682486,
    "micro_fscore_std": 0.014218432954794632,
    "label_org:parents_fscore_mean": 0.3456383879380395,
    "label_org:parents_fscore_std": 0.06822805948803645,
    "label_org:founded_by_fscore_mean": 0.3792565910548372,
    "label_org:founded_by_fscore_std": 0.13315292903829506,
    "label_per:stateorprovince_of_birth_fscore_mean": 0.39730576441102755,
    "label_per:stateorprovince_of_birth_fscore_std": 0.04215749125310767,
    "label_per:cause_of_death_fscore_mean": 0.3630607710059879,
    "label_per:cause_of_death_fscore_std": 0.09037767289707685,
    "label_org:city_of_headquarters_fscore_mean": 0.6650177998726852,
    "label_org:city_of_headquarters_fscore_std": 0.02982253449123366,
    "label_per:date_of_death_fscore_mean": 0.4567441556745462,
    "label_per:date_of_death_fscore_std": 0.06887442733264022,
    "label_per:siblings_fscore_mean": 0.554839400943992,
    "label_per:siblings_fscore_std": 0.045145916199485506,
    "label_org:country_of_headquarters_fscore_mean": 0.518192740690538,
    "label_org:country_of_headquarters_fscore_std": 0.05497522983480954,
    "label_org:subsidiaries_fscore_mean": 0.3523848504064103,
    "label_org:subsidiaries_fscore_std": 0.06725553499287162,
    "label_per:religion_fscore_mean": 0.5642763404602574,
    "label_per:religion_fscore_std": 0.07139773585703477,
    "label_per:city_of_birth_fscore_mean": 0.41939393939393943,
    "label_per:city_of_birth_fscore_std": 0.036632006324503086,
    "label_org:alternate_names_fscore_mean": 0.794446104214424,
    "label_org:alternate_names_fscore_std": 0.014555091938993556,
    "label_org:founded_fscore_mean": 0.7997539687295785,
    "label_org:founded_fscore_std": 0.02637277117535433,
    "label_per:cities_of_residence_fscore_mean": 0.5427239391112884,
    "label_per:cities_of_residence_fscore_std": 0.03405872302862873,
    "label_org:shareholders_fscore_mean": 0.037606837606837605,
    "label_org:shareholders_fscore_std": 0.05289486648466941,
    "label_per:children_fscore_mean": 0.3001784640438653,
    "label_per:children_fscore_std": 0.053780066118687894,
    "label_per:age_fscore_mean": 0.8956454893076764,
    "label_per:age_fscore_std": 0.02061525419424101,
    "label_per:date_of_birth_fscore_mean": 0.7899982800137598,
    "label_per:date_of_birth_fscore_std": 0.059477154648342176,
    "label_per:parents_fscore_mean": 0.568656519108876,
    "label_per:parents_fscore_std": 0.022015820779562534,
    "label_org:top_members/employees_fscore_mean": 0.6174555210742492,
    "label_org:top_members/employees_fscore_std": 0.025180140892527948,
    "label_per:city_of_death_fscore_mean": 0.299018759018759,
    "label_per:city_of_death_fscore_std": 0.06285761325530216,
    "label_per:stateorprovinces_of_residence_fscore_mean": 0.48747624068187145,
    "label_per:stateorprovinces_of_residence_fscore_std": 0.013291530263979591,
    "label_per:spouse_fscore_mean": 0.5485744101968817,
    "label_per:spouse_fscore_std": 0.0319114655369638,
    "label_per:schools_attended_fscore_mean": 0.6741114058355437,
    "label_per:schools_attended_fscore_std": 0.044834142910032425,
    "label_per:country_of_death_fscore_mean": 0,
    "label_per:country_of_death_fscore_std": 0.0,
    "label_org:dissolved_fscore_mean": 0.16666666666666666,
    "label_org:dissolved_fscore_std": 0.23570226039551584,
    "label_per:title_fscore_mean": 0.8174522739941076,
    "label_per:title_fscore_std": 0.01809138074733153,
    "label_per:origin_fscore_mean": 0.6090516234780833,
    "label_per:origin_fscore_std": 0.027213831764828895,
    "label_per:countries_of_residence_fscore_mean": 0.3708794177938845,
    "label_per:countries_of_residence_fscore_std": 0.07067243101193954,
    "label_org:website_fscore_mean": 0.7687733943205641,
    "label_org:website_fscore_std": 0.016564996762349776,
    "label_per:other_family_fscore_mean": 0.37229296984497173,
    "label_per:other_family_fscore_std": 0.06276652014025387,
    "label_org:members_fscore_mean": 0.24579542321477804,
    "label_org:members_fscore_std": 0.09815618532550589,
    "label_per:country_of_birth_fscore_mean": 0.13333333333333333,
    "label_per:country_of_birth_fscore_std": 0.12171612389003693,
    "label_org:political/religious_affiliation_fscore_mean": 0.39878662788879504,
    "label_org:political/religious_affiliation_fscore_std": 0.11453307894513462,
    "label_per:stateorprovince_of_death_fscore_mean": 0.21423054070112893,
    "label_per:stateorprovince_of_death_fscore_std": 0.1322911750286825,
    "label_org:member_of_fscore_mean": 0,
    "label_org:member_of_fscore_std": 0.0,
    "label_per:employee_of_fscore_mean": 0.36653441401553327,
    "label_per:employee_of_fscore_std": 0.027018617000223354,
    "label_per:charges_fscore_mean": 0.7443395839918171,
    "label_per:charges_fscore_std": 0.02932889345586502,
    "label_org:stateorprovince_of_headquarters_fscore_mean": 0.6602589531680441,
    "label_org:stateorprovince_of_headquarters_fscore_std": 0.017813571965184592,
    "label_org:number_of_employees/members_fscore_mean": 0.6745874224511995,
    "label_org:number_of_employees/members_fscore_std": 0.03354549683493715,
    "label_per:alternate_names_fscore_mean": 0.3380740740740741,
    "label_per:alternate_names_fscore_std": 0.02860810229418746,
    "loss_mean": 0.5546399064954168,
    "loss_std": 0.06406541209780765
}