{
  "accuracy": 0.8483355525965379,
  "macro_fscore": 0.45991640159325553,
  "micro_fscore": 0.5984677782785038,
  "label_org:parents_fscore": 0.3492063492063492,
  "label_org:founded_by_fscore": 0.33009708737864074,
  "label_per:stateorprovince_of_birth_fscore": 0.42857142857142855,
  "label_per:cause_of_death_fscore": 0.2769230769230769,
  "label_org:city_of_headquarters_fscore": 0.6892655367231638,
  "label_per:date_of_death_fscore": 0.35000000000000003,
  "label_per:siblings_fscore": 0.52,
  "label_org:country_of_headquarters_fscore": 0.5111111111111112,
  "label_org:subsidiaries_fscore": 0.4000000000000001,
  "label_per:religion_fscore": 0.46153846153846156,
  "label_per:city_of_birth_fscore": 0.4444444444444445,
  "label_org:alternate_names_fscore": 0.7886710239651417,
  "label_org:founded_fscore": 0.8051948051948051,
  "label_per:cities_of_residence_fscore": 0.5583524027459954,
  "label_org:shareholders_fscore": 0,
  "label_per:children_fscore": 0.3214285714285714,
  "label_per:age_fscore": 0.92,
  "label_per:date_of_birth_fscore": 0.7368421052631577,
  "label_per:parents_fscore": 0.5844155844155844,
  "label_org:top_members/employees_fscore": 0.5917159763313611,
  "label_per:city_of_death_fscore": 0.2285714285714286,
  "label_per:stateorprovinces_of_residence_fscore": 0.47,
  "label_per:spouse_fscore": 0.5882352941176471,
  "label_per:schools_attended_fscore": 0.6153846153846153,
  "label_per:country_of_death_fscore": 0,
  "label_org:dissolved_fscore": 0.3333333333333333,
  "label_per:title_fscore": 0.8042226487523993,
  "label_per:origin_fscore": 0.5953177257525084,
  "label_per:countries_of_residence_fscore": 0.33620689655172414,
  "label_org:website_fscore": 0.7924528301886793,
  "label_per:other_family_fscore": 0.3636363636363637,
  "label_org:members_fscore": 0.14814814814814814,
  "label_per:country_of_birth_fscore": 0.22222222222222224,
  "label_org:political/religious_affiliation_fscore": 0.23529411764705882,
  "label_per:stateorprovince_of_death_fscore": 0.25,
  "label_org:member_of_fscore": 0,
  "label_per:employee_of_fscore": 0.3861852433281005,
  "label_per:charges_fscore": 0.7738693467336684,
  "label_org:stateorprovince_of_headquarters_fscore": 0.64,
  "label_org:number_of_employees/members_fscore": 0.6857142857142857,
  "label_per:alternate_names_fscore": 0.32,
  "loss": 0.5141606969011033
}