{
    "model_count": 5,
    "UAS_mean": 0.6542276806802079,
    "UAS_std": 0.353188993525378,
    "LAS_mean": 0.5904753725254434,
    "LAS_std": 0.32864756924239225,
    "UEM_mean": 0.0914,
    "UEM_std": 0.05374755808406555,
    "LEM_mean": 0.0386,
    "LEM_std": 0.022244100341438852,
    "LOAS_mean": 0.6885987890239189,
    "LOAS_std": 0.33620778575072907,
    "LOEM_mean": 0.0716,
    "LOEM_std": 0.04077744474583958,
    "loss_mean": 5.359854751825333,
    "loss_std": 0.5679490757440451
}