{
  "UAS": 0.8077897539399665,
  "LAS": 0.7339288014772191,
  "UEM": 0.112,
  "LEM": 0.052,
  "LOAS": 0.8370335380255078,
  "LOEM": 0.085,
  "loss": 5.6350957825779915
}