{
  "UAS": 0.8250096620432,
  "LAS": 0.7520934426933482,
  "UEM": 0.142,
  "LEM": 0.055,
  "LOAS": 0.8452784815562331,
  "LOEM": 0.097,
  "loss": 5.750072315335274
}