{
  "UAS": 0.8122128226048868,
  "LAS": 0.738566582213252,
  "UEM": 0.099,
  "LEM": 0.044,
  "LOAS": 0.8429166487739941,
  "LOEM": 0.097,
  "loss": 4.864126041531563
}