{
    "model_count": 5,
    "UAS_mean": 0.7655727434822418,
    "UAS_std": 0.004533694302302372,
    "LAS_mean": 0.6167606380415401,
    "LAS_std": 0.005283682191293282,
    "UEM_mean": 0.1058,
    "UEM_std": 0.006496152707564687,
    "LEM_mean": 0.025,
    "LEM_std": 0.003082207001484488,
    "LOAS_mean": 0.7248807286395836,
    "LOAS_std": 0.006328288542924659,
    "LOEM_mean": 0.0378,
    "LOEM_std": 0.0030331501776206197,
    "loss_mean": 5.949976906180382,
    "loss_std": 1.005699964375313
}