{
  "UAS": 0.7656016577514336,
  "LAS": 0.6155847910944051,
  "UEM": 0.104,
  "LEM": 0.026,
  "LOAS": 0.7232904438340321,
  "LOEM": 0.037,
  "loss": 5.017002195119858
}