{
  "UAS": 0.7621319454484121,
  "LAS": 0.6222350730085298,
  "UEM": 0.097,
  "LEM": 0.023,
  "LOAS": 0.7318201532456268,
  "LOEM": 0.035,
  "loss": 5.697899699211121
}