{
  "UAS": 0.7601079466049829,
  "LAS": 0.6127415546238736,
  "UEM": 0.104,
  "LEM": 0.021,
  "LOAS": 0.7226639680015421,
  "LOEM": 0.041,
  "loss": 6.424902409315109
}