{
  "accuracy": 0.9216013344453712,
  "macro_fscore": 0.6074942329757546,
  "micro_fscore": 0.9235964542000844,
  "loss": 0.3912464520680563
}