{
  "accuracy": 0.9232693911592994,
  "macro_fscore": 0.6521373184979061,
  "micro_fscore": 0.9245680573114202,
  "loss": 0.32854441643692556
}