{
  "accuracy": 0.9132610508757297,
  "macro_fscore": 0.6565612773508966,
  "micro_fscore": 0.9149115417017692,
  "loss": 0.41881305376261785
}