{
  "accuracy": 0.7878787878787878,
  "macro_fscore": 0.7841875749288678,
  "micro_fscore": 0.7848101265822784,
  "loss": 1.6754386052286818
}