{
  "accuracy": 0.768595041322314,
  "macro_fscore": 0.7966048282204025,
  "micro_fscore": 0.7661971830985914,
  "loss": 1.0093741714954376
}