{
  "accuracy": 0.7988980716253443,
  "macro_fscore": 0.806219447824967,
  "micro_fscore": 0.7971830985915493,
  "loss": 1.1757775574274685
}