{
  "accuracy": 0.8541944074567244,
  "macro_fscore": 0.4841731367523617,
  "micro_fscore": 0.617804244922889,
  "label_per:city_of_death_fscore": 0.32558139534883723,
  "label_per:cities_of_residence_fscore": 0.5621890547263682,
  "label_per:title_fscore": 0.8208092485549133,
  "label_per:origin_fscore": 0.6178861788617886,
  "label_per:children_fscore": 0.3142857142857143,
  "label_org:subsidiaries_fscore": 0.30434782608695654,
  "label_per:employee_of_fscore": 0.32020997375328086,
  "label_per:stateorprovince_of_death_fscore": 0.3846153846153846,
  "label_org:country_of_headquarters_fscore": 0.5233644859813084,
  "label_per:country_of_death_fscore": 0,
  "label_org:city_of_headquarters_fscore": 0.6282051282051283,
  "label_per:other_family_fscore": 0.3943661971830986,
  "label_per:parents_fscore": 0.6627906976744187,
  "label_per:charges_fscore": 0.7462686567164178,
  "label_org:parents_fscore": 0.3142857142857143,
  "label_org:founded_fscore": 0.8157894736842105,
  "label_org:alternate_names_fscore": 0.820627802690583,
  "label_per:alternate_names_fscore": 0.30303030303030304,
  "label_per:stateorprovinces_of_residence_fscore": 0.5149700598802395,
  "label_per:stateorprovince_of_birth_fscore": 0.35294117647058826,
  "label_per:date_of_birth_fscore": 0.823529411764706,
  "label_org:website_fscore": 0.7407407407407408,
  "label_per:countries_of_residence_fscore": 0.3307692307692307,
  "label_per:date_of_death_fscore": 0.5161290322580646,
  "label_per:city_of_birth_fscore": 0.5,
  "label_per:spouse_fscore": 0.5697674418604651,
  "label_per:cause_of_death_fscore": 0.2769230769230769,
  "label_org:member_of_fscore": 0,
  "label_per:age_fscore": 0.912718204488778,
  "label_per:schools_attended_fscore": 0.6785714285714285,
  "label_per:religion_fscore": 0.6292134831460674,
  "label_org:shareholders_fscore": 0,
  "label_org:number_of_employees/members_fscore": 0.631578947368421,
  "label_per:siblings_fscore": 0.6250000000000001,
  "label_org:dissolved_fscore": 0.28571428571428575,
  "label_per:country_of_birth_fscore": 0.16666666666666666,
  "label_org:political/religious_affiliation_fscore": 0.380952380952381,
  "label_org:top_members/employees_fscore": 0.6534090909090908,
  "label_org:founded_by_fscore": 0.6046511627906976,
  "label_org:members_fscore": 0.1935483870967742,
  "label_org:stateorprovince_of_headquarters_fscore": 0.6046511627906976,
  "loss": 0.9261927686555387
}