{
  "accuracy": 0.8550599201065247,
  "macro_fscore": 0.4600247068559946,
  "micro_fscore": 0.6141194724592707,
  "label_per:city_of_death_fscore": 0.3243243243243243,
  "label_per:cities_of_residence_fscore": 0.5519125683060109,
  "label_per:title_fscore": 0.8152492668621701,
  "label_per:origin_fscore": 0.604810996563574,
  "label_per:children_fscore": 0.1923076923076923,
  "label_org:subsidiaries_fscore": 0.2456140350877193,
  "label_per:employee_of_fscore": 0.35204081632653067,
  "label_per:stateorprovince_of_death_fscore": 0.21052631578947364,
  "label_org:country_of_headquarters_fscore": 0.5660377358490566,
  "label_per:country_of_death_fscore": 0,
  "label_org:city_of_headquarters_fscore": 0.6265060240963854,
  "label_per:other_family_fscore": 0.3043478260869565,
  "label_per:parents_fscore": 0.5714285714285714,
  "label_per:charges_fscore": 0.7452830188679245,
  "label_org:parents_fscore": 0.25,
  "label_org:founded_fscore": 0.7894736842105263,
  "label_org:alternate_names_fscore": 0.7982261640798226,
  "label_per:alternate_names_fscore": 0.33333333333333337,
  "label_per:stateorprovinces_of_residence_fscore": 0.5145631067961166,
  "label_per:stateorprovince_of_birth_fscore": 0.36363636363636365,
  "label_per:date_of_birth_fscore": 0.8750000000000001,
  "label_org:website_fscore": 0.7692307692307692,
  "label_per:countries_of_residence_fscore": 0.39498432601880873,
  "label_per:date_of_death_fscore": 0.34285714285714286,
  "label_per:city_of_birth_fscore": 0.5,
  "label_per:spouse_fscore": 0.5384615384615385,
  "label_per:cause_of_death_fscore": 0.45945945945945943,
  "label_org:member_of_fscore": 0,
  "label_per:age_fscore": 0.8803827751196172,
  "label_per:schools_attended_fscore": 0.6274509803921569,
  "label_per:religion_fscore": 0.5434782608695652,
  "label_org:shareholders_fscore": 0,
  "label_org:number_of_employees/members_fscore": 0.6842105263157895,
  "label_per:siblings_fscore": 0.5619834710743802,
  "label_org:dissolved_fscore": 0.28571428571428575,
  "label_per:country_of_birth_fscore": 0,
  "label_org:political/religious_affiliation_fscore": 0.45454545454545453,
  "label_org:top_members/employees_fscore": 0.6479250334672022,
  "label_org:founded_by_fscore": 0.46280991735537186,
  "label_org:members_fscore": 0,
  "label_org:stateorprovince_of_headquarters_fscore": 0.6728971962616822,
  "loss": 0.5429579875299546
}