{
  "accuracy": 0.857589880159787,
  "macro_fscore": 0.47729969635518177,
  "micro_fscore": 0.6110417966313162,
  "label_per:city_of_death_fscore": 0.2631578947368421,
  "label_per:cities_of_residence_fscore": 0.5421994884910485,
  "label_per:title_fscore": 0.8271604938271604,
  "label_per:origin_fscore": 0.5945945945945945,
  "label_per:children_fscore": 0.3728813559322034,
  "label_org:subsidiaries_fscore": 0.17241379310344826,
  "label_per:employee_of_fscore": 0.3747178329571106,
  "label_per:stateorprovince_of_death_fscore": 0.22222222222222224,
  "label_org:country_of_headquarters_fscore": 0.5454545454545454,
  "label_per:country_of_death_fscore": 0,
  "label_org:city_of_headquarters_fscore": 0.6206896551724138,
  "label_per:other_family_fscore": 0.509090909090909,
  "label_per:parents_fscore": 0.6496815286624205,
  "label_per:charges_fscore": 0.7135678391959799,
  "label_org:parents_fscore": 0.368,
  "label_org:founded_fscore": 0.8266666666666665,
  "label_org:alternate_names_fscore": 0.7943925233644862,
  "label_per:alternate_names_fscore": 0.25806451612903225,
  "label_per:stateorprovinces_of_residence_fscore": 0.5028571428571429,
  "label_per:stateorprovince_of_birth_fscore": 0.5333333333333333,
  "label_per:date_of_birth_fscore": 0.8750000000000001,
  "label_org:website_fscore": 0.7199999999999999,
  "label_per:countries_of_residence_fscore": 0.4,
  "label_per:date_of_death_fscore": 0.4736842105263157,
  "label_per:city_of_birth_fscore": 0.5714285714285715,
  "label_per:spouse_fscore": 0.5987261146496815,
  "label_per:cause_of_death_fscore": 0.29411764705882354,
  "label_org:member_of_fscore": 0,
  "label_per:age_fscore": 0.9158415841584159,
  "label_per:schools_attended_fscore": 0.6785714285714285,
  "label_per:religion_fscore": 0.48717948717948717,
  "label_org:shareholders_fscore": 0,
  "label_org:number_of_employees/members_fscore": 0.6875,
  "label_per:siblings_fscore": 0.5972222222222223,
  "label_org:dissolved_fscore": 0.4,
  "label_per:country_of_birth_fscore": 0,
  "label_org:political/religious_affiliation_fscore": 0.23529411764705882,
  "label_org:top_members/employees_fscore": 0.6079182630906769,
  "label_org:founded_by_fscore": 0.34,
  "label_org:members_fscore": 0.3225806451612903,
  "label_org:stateorprovince_of_headquarters_fscore": 0.673076923076923,
  "loss": 0.8907371153164063
}