{
  "accuracy": 0.8509320905459388,
  "macro_fscore": 0.4710095223088479,
  "micro_fscore": 0.6080270644318008,
  "label_per:city_of_death_fscore": 0.3461538461538462,
  "label_per:cities_of_residence_fscore": 0.5410199556541021,
  "label_per:title_fscore": 0.804902962206333,
  "label_per:origin_fscore": 0.568421052631579,
  "label_per:children_fscore": 0.4657534246575342,
  "label_org:subsidiaries_fscore": 0.29508196721311475,
  "label_per:employee_of_fscore": 0.2913165266106442,
  "label_per:stateorprovince_of_death_fscore": 0.38095238095238093,
  "label_org:country_of_headquarters_fscore": 0.4777777777777778,
  "label_per:country_of_death_fscore": 0,
  "label_org:city_of_headquarters_fscore": 0.6257668711656442,
  "label_per:other_family_fscore": 0.44274809160305345,
  "label_per:parents_fscore": 0.6751592356687898,
  "label_per:charges_fscore": 0.7579908675799087,
  "label_org:parents_fscore": 0.26666666666666666,
  "label_org:founded_fscore": 0.8157894736842105,
  "label_org:alternate_names_fscore": 0.8103044496487118,
  "label_per:alternate_names_fscore": 0.2352941176470588,
  "label_per:stateorprovinces_of_residence_fscore": 0.48863636363636365,
  "label_per:stateorprovince_of_birth_fscore": 0.4210526315789474,
  "label_per:date_of_birth_fscore": 0.75,
  "label_org:website_fscore": 0.8076923076923077,
  "label_per:countries_of_residence_fscore": 0.1836734693877551,
  "label_per:date_of_death_fscore": 0.5245901639344261,
  "label_per:city_of_birth_fscore": 0.5,
  "label_per:spouse_fscore": 0.5340909090909091,
  "label_per:cause_of_death_fscore": 0.37837837837837834,
  "label_org:member_of_fscore": 0,
  "label_per:age_fscore": 0.8960739030023095,
  "label_per:schools_attended_fscore": 0.6792452830188679,
  "label_per:religion_fscore": 0.47761194029850745,
  "label_org:shareholders_fscore": 0,
  "label_org:number_of_employees/members_fscore": 0.6818181818181819,
  "label_per:siblings_fscore": 0.6666666666666666,
  "label_org:dissolved_fscore": 0.28571428571428575,
  "label_per:country_of_birth_fscore": 0,
  "label_org:political/religious_affiliation_fscore": 0.26666666666666666,
  "label_org:top_members/employees_fscore": 0.6392479435957695,
  "label_org:founded_by_fscore": 0.42857142857142855,
  "label_org:members_fscore": 0.21428571428571427,
  "label_org:stateorprovince_of_headquarters_fscore": 0.6862745098039216,
  "loss": 0.635849760290874
}