{
  "em_accuracy": 0.8084815321477428,
  "loss": 1.1274020533128217
}