{
  "em_accuracy": 0.815093479252166,
  "loss": 1.1229952983422713
}