{
  "em_accuracy": 0.8091655266757866,
  "loss": 1.1312024506655607
}