{
  "em_accuracy": 0.8173734610123119,
  "loss": 1.1278371340578253
}