{
  "em_accuracy": 0.8052895576835385,
  "loss": 1.1261988230185076
}