{
  "accuracy": 0.9150174621653085,
  "macro_fscore": 0.6941994433363453,
  "micro_fscore": 0.9182833627278072,
  "loss": 0.40183648001402617
}