{
  "accuracy": 0.8835855646100116,
  "macro_fscore": 0.6761470012659966,
  "micro_fscore": 0.8860164512338425,
  "loss": 0.47638623256029355
}