{
  "accuracy": 0.8882421420256111,
  "macro_fscore": 0.6473158230616899,
  "micro_fscore": 0.8922895821071218,
  "loss": 0.43819984217622765
}