{
  "accuracy": 0.8684516880093132,
  "macro_fscore": 0.6074940502936109,
  "micro_fscore": 0.8707403055229141,
  "loss": 0.5976680081199717
}