{
  "accuracy": 0.8707799767171129,
  "macro_fscore": 0.6481389778585401,
  "micro_fscore": 0.8741176470588234,
  "loss": 0.43891559003127945
}