{
    "model_count": 5,
    "em_accuracy_mean": 0.43095442820292346,
    "em_accuracy_std": 0.012150924369347876,
    "loss_mean": 0.0,
    "loss_std": 0.0
}