{
  "UAS": 0.6917426845160526,
  "LAS": 0.47991944082454685,
  "UEM": 0.067,
  "LEM": 0.012,
  "LOAS": 0.6102949887454093,
  "LOEM": 0.016,
  "loss": 8.803950697183609
}