{
  "UAS": 0.6881293685582277,
  "LAS": 0.470560360146902,
  "UEM": 0.061,
  "LEM": 0.008,
  "LOAS": 0.6083402440469139,
  "LOEM": 0.01,
  "loss": 8.55778594315052
}