{
  "UAS": 0.6969553370453738,
  "LAS": 0.471152707025234,
  "UEM": 0.068,
  "LEM": 0.01,
  "LOAS": 0.6003435611894326,
  "LOEM": 0.014,
  "loss": 7.276886358857155
}