{
  "UAS": 0.6950005923468783,
  "LAS": 0.46896102357540576,
  "UEM": 0.056,
  "LEM": 0.01,
  "LOAS": 0.6003435611894326,
  "LOEM": 0.013,
  "loss": 8.478683524661594
}