{
  "accuracy": 0.858684985279686,
  "macro_fscore": 0.5955038910399836,
  "micro_fscore": 0.8652694610778443,
  "loss": 0.7595401926046179
}