{
  "accuracy": 0.8763493621197253,
  "macro_fscore": 0.5268115040463881,
  "micro_fscore": 0.8788480635551142,
  "loss": 0.8461514885966608
}