{
    "model_count": 5,
    "UAS_mean": 0.8456649632842358,
    "UAS_std": 0.0018053697779514405,
    "LAS_mean": 0.7693992356250269,
    "LAS_std": 0.00202034817644142,
    "UEM_mean": 0.1886,
    "UEM_std": 0.003286335345031,
    "LEM_mean": 0.068,
    "LEM_std": 0.001870828693386967,
    "LOAS_mean": 0.8497359041525314,
    "LOAS_std": 0.0016877516066867177,
    "LOEM_mean": 0.1112,
    "LOEM_std": 0.0061400325732035,
    "loss_mean": 5.120698174148325,
    "loss_std": 0.6192479737842824
}