{
  "UAS": 0.8464808691544639,
  "LAS": 0.770386911152145,
  "UEM": 0.193,
  "LEM": 0.068,
  "LOAS": 0.8503886288487139,
  "LOEM": 0.111,
  "loss": 4.763035096228123
}