{
  "UAS": 0.8424872246317688,
  "LAS": 0.7669944604285653,
  "UEM": 0.188,
  "LEM": 0.066,
  "LOAS": 0.8487568171082578,
  "LOEM": 0.106,
  "loss": 5.917743615806103
}