{
  "UAS": 0.8468673508824666,
  "LAS": 0.7700433718383648,
  "UEM": 0.188,
  "LEM": 0.071,
  "LOAS": 0.8507751105767166,
  "LOEM": 0.112,
  "loss": 4.952135972678661
}