{
  "UAS": 0.8465238115686864,
  "LAS": 0.7718898956499335,
  "UEM": 0.19,
  "LEM": 0.068,
  "LOAS": 0.8514621892042771,
  "LOEM": 0.121,
  "loss": 5.579250593034048
}