{
  "UAS": 0.7477376579159574,
  "LAS": 0.539019801093092,
  "UEM": 0.067,
  "LEM": 0.006,
  "LOAS": 0.621539288594212,
  "LOEM": 0.01,
  "loss": 6.362551182508469
}