{
  "UAS": 0.7691067108682018,
  "LAS": 0.5677358659618313,
  "UEM": 0.073,
  "LEM": 0.007,
  "LOAS": 0.642729146133859,
  "LOEM": 0.009,
  "loss": 6.889369800686836
}