{
  "UAS": 0.7376579159573515,
  "LAS": 0.5404085655407221,
  "UEM": 0.069,
  "LEM": 0.007,
  "LOAS": 0.6261087716154466,
  "LOEM": 0.008,
  "loss": 6.626222640275955
}