{
    "model_count": 5,
    "UAS_mean": 0.774767481085249,
    "UAS_std": 0.008647157998909628,
    "LAS_mean": 0.62380608163462,
    "LAS_std": 0.006181690731395377,
    "UEM_mean": 0.1108,
    "UEM_std": 0.004324349662087929,
    "LEM_mean": 0.0234,
    "LEM_std": 0.0013416407864998733,
    "LOAS_mean": 0.7294877355308178,
    "LOAS_std": 0.003347866460497723,
    "LOEM_mean": 0.0376,
    "LOEM_std": 0.0043931765272977605,
    "loss_mean": 6.3718057662248615,
    "loss_std": 0.8778519796270822
}