{
  "UAS": 0.7637222302539637,
  "LAS": 0.6199701219218351,
  "UEM": 0.107,
  "LEM": 0.024,
  "LOAS": 0.7309527251698713,
  "LOEM": 0.036,
  "loss": 6.843111485242844
}