{
  "UAS": 0.7811671726663775,
  "LAS": 0.6271504987711436,
  "UEM": 0.111,
  "LEM": 0.024,
  "LOAS": 0.7319165341429329,
  "LOEM": 0.042,
  "loss": 4.862703904509544
}