{
  "UAS": 0.7673365139029444,
  "LAS": 0.6177051708351404,
  "UEM": 0.11,
  "LEM": 0.024,
  "LOAS": 0.7260854898559106,
  "LOEM": 0.038,
  "loss": 6.357048377394676
}