{
  "UAS": 0.7828056479205822,
  "LAS": 0.6329333526095128,
  "UEM": 0.118,
  "LEM": 0.024,
  "LOAS": 0.7327839622186882,
  "LOEM": 0.041,
  "loss": 7.018138006329536
}