{
  "UAS": 0.7788058406823768,
  "LAS": 0.6212712640354682,
  "UEM": 0.108,
  "LEM": 0.021,
  "LOAS": 0.725699966266686,
  "LOEM": 0.031,
  "loss": 6.778027057647705
}