{
  "accuracy": 0.7407407407407407,
  "macro_fscore": 0.37394308943089427,
  "micro_fscore": 0.7450980392156863,
  "loss": 0.933730274438858
}