{
  "accuracy": 0.7407407407407407,
  "macro_fscore": 0.38541159099298633,
  "micro_fscore": 0.74,
  "loss": 1.026244267821312
}