{
    "model_count": 4,
    "em_accuracy_mean": 0.6719303899452143,
    "em_accuracy_std": 0.008469396646010123,
    "loss_mean": 0.0,
    "loss_std": 0.0
}