{
  "accuracy": 0.896580483736447,
  "macro_fscore": 0.6594510953236407,
  "micro_fscore": 0.900931414055885,
  "loss": 0.6126272973154361
}