{
  "accuracy": 0.9182652210175146,
  "macro_fscore": 0.6894792204190788,
  "micro_fscore": 0.9190556492411467,
  "loss": 0.4370238269989689
}