{
  "accuracy": 0.9157631359466222,
  "macro_fscore": 0.6290242950616236,
  "micro_fscore": 0.9169827222924569,
  "loss": 0.34617526952177285
}