{
  "em_accuracy": 0.5413780532263944,
  "loss": 1.4798824120493768
}