{
  "em_accuracy": 0.5293474298213635,
  "loss": 1.4981200969334945
}