{
  "em_accuracy": 0.5408919674322518,
  "loss": 1.468599625004148
}