{
  "em_accuracy": 0.5378539312188602,
  "loss": 1.459595498760927
}