{
  "accuracy": 0.9080459770114943,
  "macro_fscore": 0.7886594982078853,
  "micro_fscore": 0.9239766081871346,
  "loss": 0.4305799218515555
}