{
  "accuracy": 0.8735632183908046,
  "macro_fscore": 0.7651391504498849,
  "micro_fscore": 0.8941176470588235,
  "loss": 0.586657019952933
}