{
  "accuracy": 0.896551724137931,
  "macro_fscore": 0.8079928315412186,
  "micro_fscore": 0.9230769230769231,
  "loss": 0.6488450368245443
}