{
  "UAS": 0.662171848400681,
  "LAS": 0.5056446554968193,
  "UEM": 0.048,
  "LEM": 0.008,
  "LOAS": 0.6183585700206075,
  "LOEM": 0.008,
  "loss": 5.235574154626756
}