{
    "model_count": 5,
    "UAS_mean": 0.6705940327927605,
    "UAS_std": 0.03232711442037461,
    "LAS_mean": 0.5128214317713466,
    "LAS_std": 0.025963812958106576,
    "UEM_mean": 0.0494,
    "UEM_std": 0.005176871642217915,
    "LEM_mean": 0.0078,
    "LEM_std": 0.0017888543819998316,
    "LOAS_mean": 0.6276140130812651,
    "LOAS_std": 0.017965083021156323,
    "LOEM_mean": 0.0098,
    "LOEM_std": 0.0017888543819998316,
    "loss_mean": 5.588239194168931,
    "loss_std": 1.1717330537999135
}