{
    "model_count": 5,
    "UAS_mean": 0.5345321931589537,
    "UAS_std": 0.011427188017367884,
    "LAS_mean": 0.3914864185110664,
    "LAS_std": 0.006441989690833045,
    "UEM_mean": 0.020701168614357262,
    "UEM_std": 0.002239800979131676,
    "LEM_mean": 0.010684474123539232,
    "LEM_std": 0.0009143949207097934,
    "LOAS_mean": 0.5890467806841047,
    "LOAS_std": 0.007744426924526447,
    "LOEM_mean": 0.015358931552587647,
    "LOEM_std": 0.003619279363719332,
    "loss_mean": 9.095830862145675,
    "loss_std": 0.44579532004219435
}