{
  "UAS": 0.52238430583501,
  "LAS": 0.3816649899396378,
  "UEM": 0.01669449081803005,
  "LEM": 0.01001669449081803,
  "LOAS": 0.5774647887323944,
  "LOEM": 0.01335559265442404,
  "loss": 9.305712499116597
}