{
  "UAS": 0.5254024144869215,
  "LAS": 0.3902791750503018,
  "UEM": 0.021702838063439065,
  "LEM": 0.01001669449081803,
  "LOAS": 0.5926182092555332,
  "LOEM": 0.021702838063439065,
  "loss": 8.675736828854209
}