{
  "UAS": 0.5345196177062375,
  "LAS": 0.39222837022132795,
  "UEM": 0.021702838063439065,
  "LEM": 0.011686143572621035,
  "LOAS": 0.585135814889336,
  "LOEM": 0.01335559265442404,
  "loss": 8.595017734326815
}