{
    "model_count": 5,
    "UAS_mean": 0.5051659724309701,
    "UAS_std": 0.03914763884260738,
    "LAS_mean": 0.4419890926267875,
    "LAS_std": 0.03753293027583509,
    "UEM_mean": 0.0084,
    "UEM_std": 0.0021908902300206644,
    "LEM_mean": 0.0048000000000000004,
    "LEM_std": 0.0014832396974191326,
    "LOAS_mean": 0.7041353544896294,
    "LOAS_std": 0.016584069046708425,
    "LOEM_mean": 0.0086,
    "LOEM_std": 0.003286335345030997,
    "loss_mean": 9.463860881328582,
    "loss_std": 0.25500595902547696
}