{
  "UAS": 0.5403873405762872,
  "LAS": 0.4760596040709409,
  "UEM": 0.009,
  "LEM": 0.005,
  "LOAS": 0.715850045089535,
  "LOEM": 0.009,
  "loss": 9.709114506840706
}