{
  "UAS": 0.5368231201958175,
  "LAS": 0.4712929960922403,
  "UEM": 0.012,
  "LEM": 0.007,
  "LOAS": 0.7078627560441448,
  "LOEM": 0.014,
  "loss": 9.403005734086037
}