{
  "UAS": 0.49031648559282004,
  "LAS": 0.4290806029114957,
  "UEM": 0.007,
  "LEM": 0.004,
  "LOAS": 0.7037402842787821,
  "LOEM": 0.006,
  "loss": 9.426424756646156
}