{
  "UAS": 0.445141065830721,
  "LAS": 0.3837763559067291,
  "UEM": 0.007,
  "LEM": 0.005,
  "LOAS": 0.6761712543479195,
  "LOEM": 0.006,
  "loss": 9.693743377923965
}