{
  "UAS": 0.5131618499592047,
  "LAS": 0.44973590415253145,
  "UEM": 0.007,
  "LEM": 0.003,
  "LOAS": 0.7170524326877658,
  "LOEM": 0.008,
  "loss": 9.08701603114605
}