{
  "accuracy": 0.8148148148148148,
  "macro_fscore": 0.32951717272274766,
  "micro_fscore": 0.8118811881188118,
  "loss": 0.7129531353712082
}