{
  "accuracy": 0.7407407407407407,
  "macro_fscore": 0.4101552106430155,
  "micro_fscore": 0.74,
  "loss": 1.1658254712820053
}