{
  "accuracy": 0.8703703703703703,
  "macro_fscore": 0.446984126984127,
  "micro_fscore": 0.8823529411764707,
  "loss": 0.936770173055785
}