{
  "em_accuracy": 0.8107615139078888,
  "loss": 1.129144836989316
}