{
  "em_accuracy": 0.8141814865481076,
  "loss": 1.1251597157391635
}