{
  "em_accuracy": 0.8123575011399908,
  "loss": 1.1288228043642912
}