{
  "em_accuracy": 0.8064295485636115,
  "loss": 1.1368406295776368
}