{
  "em_accuracy": 0.8109895120839034,
  "loss": 1.1330093201723965
}