{
  "accuracy": 0.8324808184143222,
  "macro_fscore": 0.6604106307603057,
  "micro_fscore": 0.8327953518398968,
  "loss": 1.165845524144302
}