{
  "accuracy": 0.8478260869565217,
  "macro_fscore": 0.7320343896807411,
  "micro_fscore": 0.848093083387201,
  "loss": 1.487241587696635
}