{
  "accuracy": 0.840153452685422,
  "macro_fscore": 0.6514715665925666,
  "micro_fscore": 0.8414239482200646,
  "loss": 1.1871428766468426
}