{
  "em_accuracy": 0.11954941860465117,
  "loss": 2.433851664842561
}