{
  "em_accuracy": 0.11991279069767442,
  "loss": 2.478744788225307
}