{
  "em_accuracy": 0.13844476744186046,
  "loss": 2.4329927237920983
}