{
  "em_accuracy": 0.14353197674418605,
  "loss": 2.4121940745863806
}