{
  "em_accuracy": 0.12463662790697674,
  "loss": 2.507563596548036
}