{"model_count": 10, "em_accuracy_mean": 0.5463456577815993, "em_accuracy_std": 0.010116966361819281, "loss_mean": 1.6748403859192922, "loss_std": 0.02289952410347801}