{
  "em_accuracy": 0.5345371166523359,
  "loss": 1.6991978995331891
}