{
  "em_accuracy": 0.5348237317282889,
  "loss": 1.6922753298119322
}