{
  "em_accuracy": 0.5442820292347378,
  "loss": 1.6840019979977716
}