{
  "em_accuracy": 0.5351103468042419,
  "loss": 1.7144378254947052
}