{
    "model_count": 5,
    "accuracy_mean": 0.8434703112858253,
    "accuracy_std": 0.0031334936480871913,
    "macro_fscore_mean": 0.5437450677308973,
    "macro_fscore_std": 0.008843311713831795,
    "micro_fscore_mean": 0.6374466376216011,
    "micro_fscore_std": 0.00561259858043378,
    "label_per:stateorprovince_of_death_fscore_mean": 0.7291603839533506,
    "label_per:stateorprovince_of_death_fscore_std": 0.05247435488884892,
    "label_org:alternate_names_fscore_mean": 0.8196887090306346,
    "label_org:alternate_names_fscore_std": 0.010283051458102675,
    "label_per:siblings_fscore_mean": 0.6666049338129427,
    "label_per:siblings_fscore_std": 0.01872369925059165,
    "label_per:date_of_birth_fscore_mean": 0.8463446275946276,
    "label_per:date_of_birth_fscore_std": 0.03290069528677101,
    "label_per:children_fscore_mean": 0.6026383937413349,
    "label_per:children_fscore_std": 0.0328623363355228,
    "label_org:country_of_headquarters_fscore_mean": 0.5884031161393849,
    "label_org:country_of_headquarters_fscore_std": 0.0198212756948942,
    "label_per:country_of_death_fscore_mean": 0,
    "label_per:country_of_death_fscore_std": 0.0,
    "label_org:members_fscore_mean": 0.5406544700482852,
    "label_org:members_fscore_std": 0.12700278320656022,
    "label_org:stateorprovince_of_headquarters_fscore_mean": 0.6080714008366566,
    "label_org:stateorprovince_of_headquarters_fscore_std": 0.035797855162405225,
    "label_per:religion_fscore_mean": 0.6281548851283393,
    "label_per:religion_fscore_std": 0.030103835295228438,
    "label_org:parents_fscore_mean": 0.2636362831539811,
    "label_org:parents_fscore_std": 0.03741655728210056,
    "label_per:employee_of_fscore_mean": 0.40694544021000334,
    "label_per:employee_of_fscore_std": 0.04405075112510863,
    "label_per:country_of_birth_fscore_mean": 0.29853479853479853,
    "label_per:country_of_birth_fscore_std": 0.14910719734100816,
    "label_org:website_fscore_mean": 0.9235624448002419,
    "label_org:website_fscore_std": 0.003139613415816639,
    "label_per:date_of_death_fscore_mean": 0.6640625318222841,
    "label_per:date_of_death_fscore_std": 0.05711575103738064,
    "label_per:parents_fscore_mean": 0.49323180515005655,
    "label_per:parents_fscore_std": 0.046540336151860325,
    "label_org:dissolved_fscore_mean": 0.2727272727272727,
    "label_org:dissolved_fscore_std": 0.10041237288352053,
    "label_org:member_of_fscore_mean": 0,
    "label_org:member_of_fscore_std": 0.0,
    "label_org:subsidiaries_fscore_mean": 0.22556309550751671,
    "label_org:subsidiaries_fscore_std": 0.06937974595971483,
    "label_per:schools_attended_fscore_mean": 0.7177175104203168,
    "label_per:schools_attended_fscore_std": 0.05343753629020146,
    "label_per:charges_fscore_mean": 0.7005313935714889,
    "label_per:charges_fscore_std": 0.03600553549173637,
    "label_per:origin_fscore_mean": 0.5626341106498888,
    "label_per:origin_fscore_std": 0.00892419992811726,
    "label_per:other_family_fscore_mean": 0.1404509040649911,
    "label_per:other_family_fscore_std": 0.04095016498936556,
    "label_org:city_of_headquarters_fscore_mean": 0.5786696668944908,
    "label_org:city_of_headquarters_fscore_std": 0.023557434405206728,
    "label_per:title_fscore_mean": 0.8143773645644558,
    "label_per:title_fscore_std": 0.010613871434323047,
    "label_org:top_members/employees_fscore_mean": 0.6358289368244137,
    "label_org:top_members/employees_fscore_std": 0.010826817317170582,
    "label_org:founded_fscore_mean": 0.798698277224593,
    "label_org:founded_fscore_std": 0.02132804686545415,
    "label_per:stateorprovinces_of_residence_fscore_mean": 0.5230028840721933,
    "label_per:stateorprovinces_of_residence_fscore_std": 0.018794130539830672,
    "label_org:number_of_employees/members_fscore_mean": 0.798350784122109,
    "label_org:number_of_employees/members_fscore_std": 0.03888963379739539,
    "label_per:city_of_death_fscore_mean": 0.6921893154459152,
    "label_per:city_of_death_fscore_std": 0.044242083674031034,
    "label_per:alternate_names_fscore_mean": 0.307994227994228,
    "label_per:alternate_names_fscore_std": 0.05960640559164445,
    "label_per:cities_of_residence_fscore_mean": 0.45471651311481104,
    "label_per:cities_of_residence_fscore_std": 0.012494565199718921,
    "label_org:founded_by_fscore_mean": 0.5450417670449766,
    "label_org:founded_by_fscore_std": 0.05519062887629555,
    "label_per:cause_of_death_fscore_mean": 0.7650175560935739,
    "label_per:cause_of_death_fscore_std": 0.018701691954670516,
    "label_org:shareholders_fscore_mean": 0.12317342022626575,
    "label_org:shareholders_fscore_std": 0.09703648941407743,
    "label_per:spouse_fscore_mean": 0.6923694730579875,
    "label_per:spouse_fscore_std": 0.019391336171219686,
    "label_org:political/religious_affiliation_fscore_mean": 0.2636852394916911,
    "label_org:political/religious_affiliation_fscore_std": 0.08381852943077954,
    "label_per:stateorprovince_of_birth_fscore_mean": 0.5790640283573384,
    "label_per:stateorprovince_of_birth_fscore_std": 0.053037125178418874,
    "label_per:age_fscore_mean": 0.9141102918636494,
    "label_per:age_fscore_std": 0.004589361047137651,
    "label_per:city_of_birth_fscore_mean": 0.711021228871265,
    "label_per:city_of_birth_fscore_std": 0.06491627420819819,
    "label_per:countries_of_residence_fscore_mean": 0.39691829080443447,
    "label_per:countries_of_residence_fscore_std": 0.03754875795988466,
    "loss_mean": 0.621358431173329,
    "loss_std": 0.16722644737654307
}