{
  "accuracy": 0.8457741006536545,
  "macro_fscore": 0.5429332621132344,
  "micro_fscore": 0.6388340385519511,
  "label_per:stateorprovince_of_death_fscore": 0.7179487179487181,
  "label_org:alternate_names_fscore": 0.827893175074184,
  "label_per:siblings_fscore": 0.6428571428571429,
  "label_per:date_of_birth_fscore": 0.8615384615384616,
  "label_per:children_fscore": 0.5499999999999999,
  "label_org:country_of_headquarters_fscore": 0.5739910313901345,
  "label_per:country_of_death_fscore": 0,
  "label_org:members_fscore": 0.589041095890411,
  "label_org:stateorprovince_of_headquarters_fscore": 0.588785046728972,
  "label_per:religion_fscore": 0.5857142857142857,
  "label_org:parents_fscore": 0.2318840579710145,
  "label_per:employee_of_fscore": 0.4485981308411215,
  "label_per:country_of_birth_fscore": 0.33333333333333337,
  "label_org:website_fscore": 0.9289617486338797,
  "label_per:date_of_death_fscore": 0.6855670103092784,
  "label_per:parents_fscore": 0.43478260869565216,
  "label_org:dissolved_fscore": 0.2,
  "label_org:member_of_fscore": 0,
  "label_org:subsidiaries_fscore": 0.2644628099173554,
  "label_per:schools_attended_fscore": 0.7346938775510204,
  "label_per:charges_fscore": 0.7381974248927038,
  "label_per:origin_fscore": 0.5573033707865167,
  "label_per:other_family_fscore": 0.13186813186813184,
  "label_org:city_of_headquarters_fscore": 0.5948275862068966,
  "label_per:title_fscore": 0.8057553956834532,
  "label_org:top_members/employees_fscore": 0.6395663956639566,
  "label_org:founded_fscore": 0.7837837837837838,
  "label_per:stateorprovinces_of_residence_fscore": 0.5549132947976878,
  "label_org:number_of_employees/members_fscore": 0.7931034482758621,
  "label_per:city_of_death_fscore": 0.7130434782608696,
  "label_per:alternate_names_fscore": 0.2909090909090909,
  "label_per:cities_of_residence_fscore": 0.4444444444444445,
  "label_org:founded_by_fscore": 0.45871559633027525,
  "label_per:cause_of_death_fscore": 0.7909967845659164,
  "label_org:shareholders_fscore": 0.1951219512195122,
  "label_per:spouse_fscore": 0.6900958466453673,
  "label_org:political/religious_affiliation_fscore": 0.25,
  "label_per:stateorprovince_of_birth_fscore": 0.631578947368421,
  "label_per:age_fscore": 0.919917864476386,
  "label_per:city_of_birth_fscore": 0.7222222222222221,
  "label_per:countries_of_residence_fscore": 0.3538461538461538,
  "loss": 0.5801672651166946
}