{
  "accuracy": 0.8460940713991864,
  "macro_fscore": 0.5428785717630231,
  "micro_fscore": 0.6430426716141001,
  "label_per:stateorprovince_of_death_fscore": 0.7317073170731707,
  "label_org:alternate_names_fscore": 0.8148148148148148,
  "label_per:date_of_birth_fscore": 0.8285714285714285,
  "label_per:siblings_fscore": 0.6666666666666667,
  "label_per:children_fscore": 0.6310160427807486,
  "label_org:country_of_headquarters_fscore": 0.6067961165048543,
  "label_per:country_of_death_fscore": 0,
  "label_org:members_fscore": 0.3238095238095238,
  "label_org:stateorprovince_of_headquarters_fscore": 0.5714285714285714,
  "label_per:religion_fscore": 0.6456692913385828,
  "label_org:parents_fscore": 0.32631578947368417,
  "label_per:employee_of_fscore": 0.4404924760601915,
  "label_per:country_of_birth_fscore": 0.33333333333333337,
  "label_org:website_fscore": 0.9213483146067417,
  "label_per:date_of_death_fscore": 0.6787564766839378,
  "label_per:parents_fscore": 0.5057471264367817,
  "label_org:dissolved_fscore": 0.36363636363636365,
  "label_org:member_of_fscore": 0,
  "label_org:subsidiaries_fscore": 0.1945945945945946,
  "label_per:schools_attended_fscore": 0.7378640776699028,
  "label_per:charges_fscore": 0.6947368421052632,
  "label_per:origin_fscore": 0.55,
  "label_per:other_family_fscore": 0.08695652173913043,
  "label_org:city_of_headquarters_fscore": 0.5380710659898478,
  "label_per:title_fscore": 0.8270521424883842,
  "label_org:top_members/employees_fscore": 0.635593220338983,
  "label_org:founded_fscore": 0.7894736842105263,
  "label_per:stateorprovinces_of_residence_fscore": 0.5116279069767441,
  "label_org:number_of_employees/members_fscore": 0.8461538461538461,
  "label_per:city_of_death_fscore": 0.7073170731707318,
  "label_per:alternate_names_fscore": 0.30303030303030304,
  "label_per:cities_of_residence_fscore": 0.44295302013422816,
  "label_org:founded_by_fscore": 0.6029411764705882,
  "label_per:cause_of_death_fscore": 0.7746031746031745,
  "label_org:shareholders_fscore": 0,
  "label_per:spouse_fscore": 0.6753246753246753,
  "label_org:political/religious_affiliation_fscore": 0.33333333333333326,
  "label_per:stateorprovince_of_birth_fscore": 0.5263157894736842,
  "label_per:age_fscore": 0.9120654396728016,
  "label_per:city_of_birth_fscore": 0.7397260273972603,
  "label_per:countries_of_residence_fscore": 0.43817787418655096,
  "loss": 0.5239226516885601
}