{
  "accuracy": 0.843397175115418,
  "macro_fscore": 0.537115139427621,
  "micro_fscore": 0.6382705871576441,
  "label_per:stateorprovince_of_death_fscore": 0.7906976744186047,
  "label_org:alternate_names_fscore": 0.8075253256150506,
  "label_per:date_of_birth_fscore": 0.8923076923076922,
  "label_per:siblings_fscore": 0.6774193548387097,
  "label_per:children_fscore": 0.5925925925925924,
  "label_org:country_of_headquarters_fscore": 0.5700245700245701,
  "label_per:country_of_death_fscore": 0,
  "label_org:members_fscore": 0.6467065868263472,
  "label_org:stateorprovince_of_headquarters_fscore": 0.6545454545454547,
  "label_per:religion_fscore": 0.6379310344827587,
  "label_org:parents_fscore": 0.2390438247011952,
  "label_per:employee_of_fscore": 0.400593471810089,
  "label_per:country_of_birth_fscore": 0.09523809523809523,
  "label_org:website_fscore": 0.923076923076923,
  "label_per:date_of_death_fscore": 0.7090909090909091,
  "label_per:parents_fscore": 0.5217391304347826,
  "label_org:dissolved_fscore": 0.2,
  "label_org:member_of_fscore": 0,
  "label_org:subsidiaries_fscore": 0.11842105263157895,
  "label_per:schools_attended_fscore": 0.7659574468085107,
  "label_per:charges_fscore": 0.6444444444444445,
  "label_per:origin_fscore": 0.5725338491295938,
  "label_per:other_family_fscore": 0.12244897959183675,
  "label_org:city_of_headquarters_fscore": 0.5898617511520737,
  "label_per:title_fscore": 0.8029776674937966,
  "label_org:top_members/employees_fscore": 0.6448275862068966,
  "label_org:founded_fscore": 0.8266666666666665,
  "label_per:stateorprovinces_of_residence_fscore": 0.5074626865671641,
  "label_org:number_of_employees/members_fscore": 0.8070175438596491,
  "label_per:city_of_death_fscore": 0.7149321266968327,
  "label_per:alternate_names_fscore": 0.380952380952381,
  "label_per:cities_of_residence_fscore": 0.47028423772609823,
  "label_org:founded_by_fscore": 0.5276073619631901,
  "label_per:cause_of_death_fscore": 0.7604790419161677,
  "label_org:shareholders_fscore": 0.03571428571428571,
  "label_per:spouse_fscore": 0.7043189368770765,
  "label_org:political/religious_affiliation_fscore": 0.2727272727272727,
  "label_per:stateorprovince_of_birth_fscore": 0.5217391304347826,
  "label_per:age_fscore": 0.9079754601226995,
  "label_per:city_of_birth_fscore": 0.5964912280701754,
  "label_per:countries_of_residence_fscore": 0.3673469387755102,
  "loss": 0.5341283012309509
}