{
    "model_count": 5,
    "UAS_mean": 0.6042385328801041,
    "UAS_std": 0.008962476451399987,
    "LAS_mean": 0.4977464434092912,
    "LAS_std": 0.010994101062862124,
    "UEM_mean": 0.0204,
    "UEM_std": 0.0032093613071762428,
    "LEM_mean": 0.0042,
    "LEM_std": 0.0016431676725154984,
    "LOAS_mean": 0.6602794913760544,
    "LOAS_std": 0.01358762661612141,
    "LOEM_mean": 0.006,
    "LOEM_std": 0.001,
    "loss_mean": 8.36340565085411,
    "loss_std": 1.1901814244842295
}