{
  "UAS": 0.6062360988711234,
  "LAS": 0.49494313651433125,
  "UEM": 0.022,
  "LEM": 0.006,
  "LOAS": 0.6534055142893114,
  "LOEM": 0.007,
  "loss": 9.20738111436367
}