{
  "UAS": 0.6183641781023123,
  "LAS": 0.5152964874732469,
  "UEM": 0.025,
  "LEM": 0.005,
  "LOAS": 0.6713668219396534,
  "LOEM": 0.005,
  "loss": 8.848339095711708
}