{
  "UAS": 0.5988081749129213,
  "LAS": 0.48520710059171596,
  "UEM": 0.017,
  "LEM": 0.005,
  "LOAS": 0.6395148768307525,
  "LOEM": 0.006,
  "loss": 6.353305801749229
}