{
  "UAS": 0.6028368794326241,
  "LAS": 0.49863611565739224,
  "UEM": 0.02,
  "LEM": 0.002,
  "LOAS": 0.668848881614839,
  "LOEM": 0.005,
  "loss": 8.231687501072884
}