{
    "model_count": 3,
    "accuracy_mean": 0.6860986547085202,
    "accuracy_std": 0.01553408796025897,
    "macro_fscore_mean": 0.6587179213688501,
    "macro_fscore_std": 0.046869254679039164,
    "micro_fscore_mean": 0.7035260892206487,
    "micro_fscore_std": 0.02706207079162429,
    "label_org:member_of_fscore_mean": 0.5285714285714286,
    "label_org:member_of_fscore_std": 0.25833059028607325,
    "label_org:stateorprovince_of_headquarters_fscore_mean": 0.6388888888888888,
    "label_org:stateorprovince_of_headquarters_fscore_std": 0.12729376930432887,
    "label_per:charges_fscore_mean": 0.8585858585858586,
    "label_per:charges_fscore_std": 0.043738656756789854,
    "label_per:country_of_birth_fscore_mean": 0.5555555555555556,
    "label_per:country_of_birth_fscore_std": 0.0962250448649376,
    "label_org:shareholders_fscore_mean": 0.2619047619047619,
    "label_org:shareholders_fscore_std": 0.25084889887744616,
    "label_per:origin_fscore_mean": 0.3212121212121212,
    "label_per:origin_fscore_std": 0.10653573231058755,
    "label_per:religion_fscore_mean": 0.6666666666666666,
    "label_per:religion_fscore_std": 0.0,
    "label_per:title_fscore_mean": 0.6797385620915032,
    "label_per:title_fscore_std": 0.022641187027044193,
    "label_per:stateorprovince_of_death_fscore_mean": 0.9333333333333333,
    "label_per:stateorprovince_of_death_fscore_std": 0.11547005383792514,
    "label_org:political/religious_affiliation_fscore_mean": 0.9487179487179487,
    "label_org:political/religious_affiliation_fscore_std": 0.044411559168432785,
    "label_per:schools_attended_fscore_mean": 0.888888888888889,
    "label_per:schools_attended_fscore_std": 0.0,
    "label_per:parents_fscore_mean": 0.7985347985347986,
    "label_per:parents_fscore_std": 0.05075606762106595,
    "label_per:employee_of_fscore_mean": 0.6262626262626262,
    "label_per:employee_of_fscore_std": 0.06998185081086374,
    "label_per:age_fscore_mean": 0.9473684210526316,
    "label_per:age_fscore_std": 0.0,
    "label_org:dissolved_fscore_mean": 0,
    "label_org:dissolved_fscore_std": 0.0,
    "label_org:subsidiaries_fscore_mean": 0.6793650793650794,
    "label_org:subsidiaries_fscore_std": 0.1148135956826992,
    "label_per:city_of_birth_fscore_mean": 0.4666666666666667,
    "label_per:city_of_birth_fscore_std": 0.17638342073763935,
    "label_per:alternate_names_fscore_mean": 0.44814814814814813,
    "label_per:alternate_names_fscore_std": 0.05010277503136549,
    "label_per:spouse_fscore_mean": 0.8571428571428571,
    "label_per:spouse_fscore_std": 0.0,
    "label_per:stateorprovinces_of_residence_fscore_mean": 0.5777777777777777,
    "label_per:stateorprovinces_of_residence_fscore_std": 0.15396007178390017,
    "label_org:top_members/employees_fscore_mean": 0.632996632996633,
    "label_org:top_members/employees_fscore_std": 0.16329098522534868,
    "label_org:members_fscore_mean": 0.5722222222222222,
    "label_org:members_fscore_std": 0.28690558519278575,
    "label_org:number_of_employees/members_fscore_mean": 0.9166666666666666,
    "label_org:number_of_employees/members_fscore_std": 0.14433756729740652,
    "label_per:children_fscore_mean": 0.7499999999999999,
    "label_per:children_fscore_std": 0.0,
    "label_org:founded_fscore_mean": 0.8838383838383839,
    "label_org:founded_fscore_std": 0.04373865675678979,
    "label_per:stateorprovince_of_birth_fscore_mean": 0.3333333333333333,
    "label_per:stateorprovince_of_birth_fscore_std": 0.5773502691896258,
    "label_per:countries_of_residence_fscore_mean": 0.47676767676767673,
    "label_per:countries_of_residence_fscore_std": 0.16545935538944048,
    "label_per:siblings_fscore_mean": 0.8296296296296297,
    "label_per:siblings_fscore_std": 0.051320023927966744,
    "label_per:date_of_death_fscore_mean": 0.7023809523809523,
    "label_per:date_of_death_fscore_std": 0.18327147998024584,
    "label_per:cause_of_death_fscore_mean": 0.8278943278943278,
    "label_per:cause_of_death_fscore_std": 0.09801534501676817,
    "label_org:website_fscore_mean": 1.0,
    "label_org:website_fscore_std": 0.0,
    "label_org:city_of_headquarters_fscore_mean": 0.6666666666666665,
    "label_org:city_of_headquarters_fscore_std": 0.0,
    "label_org:alternate_names_fscore_mean": 0.6250416250416251,
    "label_org:alternate_names_fscore_std": 0.08482885280882528,
    "label_per:other_family_fscore_mean": 0.3853276353276353,
    "label_per:other_family_fscore_std": 0.11750841679483955,
    "label_per:city_of_death_fscore_mean": 1.0,
    "label_per:city_of_death_fscore_std": 0.0,
    "label_org:country_of_headquarters_fscore_mean": 0.6404761904761905,
    "label_org:country_of_headquarters_fscore_std": 0.09592017656420801,
    "label_per:date_of_birth_fscore_mean": 0.9333333333333333,
    "label_per:date_of_birth_fscore_std": 0.11547005383792514,
    "label_org:founded_by_fscore_mean": 0.8624708624708625,
    "label_org:founded_by_fscore_std": 0.08074828939715041,
    "label_per:cities_of_residence_fscore_mean": 0.49300699300699297,
    "label_per:cities_of_residence_fscore_std": 0.1260197293072734,
    "label_org:parents_fscore_mean": 0.13333333333333333,
    "label_org:parents_fscore_std": 0.23094010767585033,
    "loss_mean": 1.229090181134996,
    "loss_std": 0.13647509662410104
}