{
  "UAS": 0.8686887628334349,
  "LAS": 0.8106042848436548,
  "UEM": 0.157,
  "LEM": 0.086,
  "LOAS": 0.9042238994890066,
  "LOEM": 0.231,
  "loss": 3.8563014697283506
}