{
  "UAS": 0.8621255449814823,
  "LAS": 0.799821855515447,
  "UEM": 0.155,
  "LEM": 0.074,
  "LOAS": 0.8970043598518588,
  "LOEM": 0.196,
  "loss": 2.549205832183361
}