{
    "model_count": 5,
    "UAS_mean": 0.36178497421810996,
    "UAS_std": 0.027232797326924737,
    "LAS_mean": 0.29652546865211316,
    "LAS_std": 0.02334376869231169,
    "UEM_mean": 0.0064,
    "UEM_std": 0.001140175425099138,
    "LEM_mean": 0.0034000000000000002,
    "LEM_std": 0.0016733200530681513,
    "LOAS_mean": 0.5723675967423257,
    "LOAS_std": 0.012880577647440487,
    "LOEM_mean": 0.004,
    "LOEM_std": 0.0018708286933869706,
    "loss_mean": 13.244561225175858,
    "loss_std": 0.9807036512170214
}