{
  "UAS": 0.39313768011180183,
  "LAS": 0.3258638137921064,
  "UEM": 0.008,
  "LEM": 0.006,
  "LOAS": 0.5908149004867236,
  "LOEM": 0.007,
  "loss": 13.135084718465805
}