{
  "UAS": 0.3264420991759433,
  "LAS": 0.26803527540841404,
  "UEM": 0.006,
  "LEM": 0.002,
  "LOAS": 0.565418534046552,
  "LOEM": 0.002,
  "loss": 13.42495459318161
}