{
  "UAS": 0.6754531453619239,
  "LAS": 0.4491174031512854,
  "UEM": 0.054,
  "LEM": 0.006,
  "LOAS": 0.5837578485961379,
  "LOEM": 0.008,
  "loss": 7.887706696987152
}