{
  "UAS": 0.657564269636299,
  "LAS": 0.448702760336453,
  "UEM": 0.054,
  "LEM": 0.007,
  "LOAS": 0.6000473877502666,
  "LOEM": 0.011,
  "loss": 11.281582742929459
}