{
  "UAS": 0.6736168700390949,
  "LAS": 0.4598981163369269,
  "UEM": 0.059,
  "LEM": 0.008,
  "LOAS": 0.6015282549460964,
  "LOEM": 0.008,
  "loss": 8.886236190795898
}