{
  "accuracy": 0.7134986225895317,
  "macro_fscore": 0.706435691071914,
  "micro_fscore": 0.7106741573033708,
  "loss": 1.2492815670759783
}