{
  "accuracy": 0.7134986225895317,
  "macro_fscore": 0.7293595816199169,
  "micro_fscore": 0.7142857142857143,
  "loss": 1.1523296492903128
}