{
  "accuracy": 0.7410468319559229,
  "macro_fscore": 0.7758747299405435,
  "micro_fscore": 0.7398030942334739,
  "loss": 1.2879190419031226
}