{
  "accuracy": 0.7382920110192838,
  "macro_fscore": 0.7572144398056629,
  "micro_fscore": 0.7359550561797754,
  "loss": 0.9655699185703112
}