{
    "model_count": 5,
    "accuracy_mean": 0.8679738562091504,
    "accuracy_std": 0.012769688862705516,
    "macro_fscore_mean": 0.871552548034773,
    "macro_fscore_std": 0.011634917757654151,
    "micro_fscore_mean": 0.8747422354902223,
    "micro_fscore_std": 0.012494384506498434,
    "label_has-edu_fscore_mean": 0.8604016718232644,
    "label_has-edu_fscore_std": 0.013669026035007166,
    "label_org-has-member_fscore_mean": 0.9852454080096356,
    "label_org-has-member_fscore_std": 0.005386493170731186,
    "label_first-product_fscore_mean": 0.9008295855182824,
    "label_first-product_fscore_std": 0.03522061111055117,
    "label_has-spouse_fscore_mean": 0.9129383578536232,
    "label_has-spouse_fscore_std": 0.01354620563828825,
    "label_birth-place_fscore_mean": 0.6452180759894093,
    "label_birth-place_fscore_std": 0.06749771940744527,
    "label_has-occupation_fscore_mean": 0.8869174446809898,
    "label_has-occupation_fscore_std": 0.017336072443715413,
    "label_has-child_fscore_mean": 0.9124333463584718,
    "label_has-child_fscore_std": 0.030347193465154375,
    "label_has-highest-mountain_fscore_mean": 0.98989898989899,
    "label_has-highest-mountain_fscore_std": 0.0,
    "label_has-genre_fscore_mean": 0.8956184653553074,
    "label_has-genre_fscore_std": 0.06437504359529807,
    "label_has-author_fscore_mean": 0.9814823492658544,
    "label_has-author_fscore_std": 0.008431706496310983,
    "label_has-parent_fscore_mean": 0.908004050540068,
    "label_has-parent_fscore_std": 0.015930371456881316,
    "label_won-award_fscore_mean": 0.9337707702925093,
    "label_won-award_fscore_std": 0.02639529509507585,
    "label_from-country_fscore_mean": 0.6480720169754661,
    "label_from-country_fscore_std": 0.029698289333061182,
    "label_is-where_fscore_mean": 0.8465356520185814,
    "label_is-where_fscore_std": 0.029447375859784557,
    "label_invented-when_fscore_mean": 0.9786004849221906,
    "label_invented-when_fscore_std": 0.012434395377323668,
    "label_org-has-founder_fscore_mean": 0.858658758257266,
    "label_org-has-founder_fscore_std": 0.04962463744746374,
    "label_has-sibling_fscore_mean": 0.9384618255595699,
    "label_has-sibling_fscore_std": 0.020542462807756737,
    "label_has-tourist-attraction_fscore_mean": 0.9637155225726655,
    "label_has-tourist-attraction_fscore_std": 0.005470449974009187,
    "label_has-type_fscore_mean": 0.7852764150252659,
    "label_has-type_fscore_std": 0.025679166856219595,
    "label_event-year_fscore_mean": 0.9272108393919365,
    "label_event-year_fscore_std": 0.02301162095532101,
    "label_movie-has-director_fscore_mean": 0.9752537455568229,
    "label_movie-has-director_fscore_std": 0.00594463490533715,
    "label_has-nationality_fscore_mean": 0.22647287139090416,
    "label_has-nationality_fscore_std": 0.06293209634802475,
    "label_headquarters_fscore_mean": 0.9507901897601145,
    "label_headquarters_fscore_std": 0.02104151834141832,
    "label_invented-by_fscore_mean": 0.9617558726460882,
    "label_invented-by_fscore_std": 0.01858624348938566,
    "label_is-member-of_fscore_mean": 0.9152509912060474,
    "label_is-member-of_fscore_std": 0.009068521372847792,
    "loss_mean": 0.6169825164528636,
    "loss_std": 0.04020251685312903
}