{
  "accuracy": 0.8700980392156863,
  "macro_fscore": 0.8714648315441847,
  "micro_fscore": 0.8743589743589744,
  "label_org-has-member_fscore": 0.9876543209876543,
  "label_has-edu_fscore": 0.8666666666666666,
  "label_first-product_fscore": 0.9514563106796116,
  "label_has-spouse_fscore": 0.8941176470588235,
  "label_has-occupation_fscore": 0.9142857142857144,
  "label_birth-place_fscore": 0.6987951807228916,
  "label_has-child_fscore": 0.9019607843137255,
  "label_has-highest-mountain_fscore": 0.98989898989899,
  "label_has-genre_fscore": 0.8148148148148148,
  "label_has-author_fscore": 0.9696969696969697,
  "label_won-award_fscore": 0.945054945054945,
  "label_has-parent_fscore": 0.9041095890410958,
  "label_from-country_fscore": 0.653061224489796,
  "label_is-where_fscore": 0.8354430379746837,
  "label_invented-when_fscore": 0.99009900990099,
  "label_org-has-founder_fscore": 0.8433734939759036,
  "label_has-sibling_fscore": 0.9387755102040817,
  "label_has-tourist-attraction_fscore": 0.9696969696969697,
  "label_has-type_fscore": 0.792079207920792,
  "label_event-year_fscore": 0.9090909090909091,
  "label_movie-has-director_fscore": 0.968421052631579,
  "label_has-nationality_fscore": 0.21818181818181817,
  "label_headquarters_fscore": 0.9387755102040816,
  "label_invented-by_fscore": 0.98,
  "label_is-member-of_fscore": 0.9111111111111112,
  "loss": 0.6495508027637934
}