{
  "accuracy": 0.8799019607843137,
  "macro_fscore": 0.8869748704587461,
  "micro_fscore": 0.8876595744680852,
  "label_has-edu_fscore": 0.8666666666666666,
  "label_org-has-member_fscore": 0.9876543209876543,
  "label_first-product_fscore": 0.9074074074074074,
  "label_has-spouse_fscore": 0.9230769230769231,
  "label_birth-place_fscore": 0.6987951807228916,
  "label_has-occupation_fscore": 0.8807339449541285,
  "label_has-child_fscore": 0.9263157894736843,
  "label_has-highest-mountain_fscore": 0.98989898989899,
  "label_has-genre_fscore": 0.9583333333333334,
  "label_has-author_fscore": 0.9791666666666666,
  "label_has-parent_fscore": 0.918918918918919,
  "label_won-award_fscore": 0.8888888888888888,
  "label_from-country_fscore": 0.6762589928057554,
  "label_is-where_fscore": 0.8941176470588236,
  "label_invented-when_fscore": 0.99009900990099,
  "label_org-has-founder_fscore": 0.8571428571428571,
  "label_has-sibling_fscore": 0.9387755102040817,
  "label_has-tourist-attraction_fscore": 0.9696969696969697,
  "label_has-type_fscore": 0.7804878048780487,
  "label_event-year_fscore": 0.9647058823529412,
  "label_movie-has-director_fscore": 0.9795918367346939,
  "label_has-nationality_fscore": 0.32786885245901637,
  "label_headquarters_fscore": 0.968421052631579,
  "label_invented-by_fscore": 0.98,
  "label_is-member-of_fscore": 0.9213483146067415,
  "loss": 0.5578917942263864
}