{
  "accuracy": 0.8611111111111112,
  "macro_fscore": 0.8647562652419954,
  "micro_fscore": 0.8694915254237288,
  "label_org-has-member_fscore": 0.9876543209876543,
  "label_has-edu_fscore": 0.8764044943820225,
  "label_first-product_fscore": 0.8571428571428571,
  "label_has-spouse_fscore": 0.9032258064516129,
  "label_has-occupation_fscore": 0.890909090909091,
  "label_birth-place_fscore": 0.5352112676056338,
  "label_has-child_fscore": 0.8932038834951456,
  "label_has-highest-mountain_fscore": 0.98989898989899,
  "label_has-genre_fscore": 0.9166666666666666,
  "label_has-author_fscore": 0.9896907216494846,
  "label_has-parent_fscore": 0.8955223880597015,
  "label_won-award_fscore": 0.9333333333333332,
  "label_from-country_fscore": 0.6037735849056604,
  "label_is-where_fscore": 0.8421052631578948,
  "label_invented-when_fscore": 0.970873786407767,
  "label_org-has-founder_fscore": 0.898876404494382,
  "label_has-sibling_fscore": 0.9494949494949495,
  "label_has-tourist-attraction_fscore": 0.96,
  "label_has-type_fscore": 0.813953488372093,
  "label_movie-has-director_fscore": 0.9795918367346939,
  "label_event-year_fscore": 0.9213483146067416,
  "label_has-nationality_fscore": 0.21818181818181817,
  "label_headquarters_fscore": 0.92,
  "label_invented-by_fscore": 0.9504950495049506,
  "label_is-member-of_fscore": 0.9213483146067415,
  "loss": 0.5927538244755237
}