{
    "model_count": 5,
    "em_accuracy_mean": 0.4708446866485014,
    "em_accuracy_std": 0.005877684838177252,
    "loss_mean": 0.0,
    "loss_std": 0.0
}