{
    "model_count": 2,
    "em_accuracy_mean": 0.1340867440439829,
    "em_accuracy_std": 0.012181069779756044,
    "loss_mean": 0.0,
    "loss_std": 0.0
}