{
  "em_accuracy": 0.07949190739602541,
  "tp": 6567,
  "fp": 22059,
  "fn": 20628,
  "p": 22.940683294906727,
  "r": 24.147821290678433,
  "f1": 23.528779491589187,
  "Macro_f1": 17.87489640613465,
  "Macro_p": 23.487005969857353,
  "Macro_r": 16.40796737007352,
  "loss": 2.477819687606075
}