{
  "em_accuracy": 0.07734070887113297,
  "tp": 7268,
  "fp": 22333,
  "fn": 19927,
  "p": 24.553224553224553,
  "r": 26.725501011215297,
  "f1": 25.593351644482002,
  "Macro_f1": 18.41125912333778,
  "Macro_p": 22.810588169575322,
  "Macro_r": 17.298645469341114,
  "loss": 2.5161632668172085
}