{
  "em_accuracy": 0.0725261216963737,
  "tp": 7091,
  "fp": 22758,
  "fn": 20104,
  "p": 23.756239740024792,
  "r": 26.074646074646076,
  "f1": 24.861510413014518,
  "Macro_f1": 17.893124718835992,
  "Macro_p": 22.469111115242374,
  "Macro_r": 17.085162639569372,
  "loss": 2.517531549676936
}