{
  "em_accuracy": 0.07498463429625077,
  "tp": 7546,
  "fp": 23714,
  "fn": 19649,
  "p": 24.139475367882277,
  "r": 27.74774774774775,
  "f1": 25.81815071422462,
  "Macro_f1": 18.173154221700603,
  "Macro_p": 22.80554787830914,
  "Macro_r": 17.116535705832263,
  "loss": 2.51196320493951
}