{
  "em_accuracy": 0.07549682442122516,
  "tp": 7461,
  "fp": 22160,
  "fn": 19734,
  "p": 25.18821106647311,
  "r": 27.43519029233315,
  "f1": 26.26372852717544,
  "Macro_f1": 17.488025456432716,
  "Macro_p": 22.587083779526495,
  "Macro_r": 16.125521802225347,
  "loss": 2.5476213578506695
}