{
  "em_accuracy": 0.0785699651710715,
  "tp": 7642,
  "fp": 23367,
  "fn": 19553,
  "p": 24.644458060563064,
  "r": 28.10075381503953,
  "f1": 26.25936361762078,
  "Macro_f1": 18.593426463390756,
  "Macro_p": 23.037297703516543,
  "Macro_r": 17.793458622213205,
  "loss": 2.5383710303205125
}