{"model_count": 10, "em_accuracy_mean": 0.5235900741218176, "em_accuracy_std": 0.009920261303946347, "loss_mean": 1.4665870381999262, "loss_std": 0.010084188206809043}