{
  "em_accuracy": 0.5175636480825008,
  "loss": 1.4809378563743276
}