{
  "em_accuracy": 0.5095069287786014,
  "loss": 1.4682433881710486
}