{
  "em_accuracy": 0.5281985175636481,
  "loss": 1.4765844873546325
}