{
  "em_accuracy": 0.5104737350950693,
  "loss": 1.4709947465621318
}