{
  "em_accuracy": 0.5349661617789236,
  "loss": 1.4514534362812632
}