{
    "model_count": 5,
    "em_accuracy_mean": 0.4634869481147277,
    "em_accuracy_std": 0.009333006019276696,
    "loss_mean": 0.0,
    "loss_std": 0.0
}