{
    "model_count": 5,
    "em_accuracy_mean": 0.47479564032697547,
    "em_accuracy_std": 0.0035722372212879795,
    "loss_mean": 0.0,
    "loss_std": 0.0
}