{
  "accuracy": 0.8506657789613848,
  "macro_fscore": 0.470253057299149,
  "micro_fscore": 0.6171258376768429,
  "label_per:date_of_death_fscore": 0.5233644859813084,
  "label_org:number_of_employees/members_fscore": 0.7567567567567567,
  "label_per:title_fscore": 0.8195718654434251,
  "label_per:parents_fscore": 0.6545454545454544,
  "label_org:political/religious_affiliation_fscore": 0.26666666666666666,
  "label_org:alternate_names_fscore": 0.8095238095238096,
  "label_per:other_family_fscore": 0.41071428571428575,
  "label_per:cause_of_death_fscore": 0.425,
  "label_org:website_fscore": 0.7272727272727272,
  "label_per:schools_attended_fscore": 0.6415094339622641,
  "label_per:religion_fscore": 0.48275862068965514,
  "label_per:origin_fscore": 0.6040816326530613,
  "label_per:stateorprovince_of_birth_fscore": 0.35294117647058826,
  "label_org:members_fscore": 0.14814814814814814,
  "label_per:alternate_names_fscore": 0.2962962962962963,
  "label_org:dissolved_fscore": 0,
  "label_per:date_of_birth_fscore": 0.7777777777777778,
  "label_org:founded_by_fscore": 0.39622641509433965,
  "label_per:employee_of_fscore": 0.2318059299191375,
  "label_org:stateorprovince_of_headquarters_fscore": 0.6515151515151514,
  "label_org:member_of_fscore": 0,
  "label_org:country_of_headquarters_fscore": 0.5836909871244635,
  "label_per:stateorprovince_of_death_fscore": 0.22222222222222224,
  "label_per:cities_of_residence_fscore": 0.5494505494505495,
  "label_per:countries_of_residence_fscore": 0.3923705722070845,
  "label_per:country_of_birth_fscore": 0,
  "label_per:children_fscore": 0.4864864864864865,
  "label_org:city_of_headquarters_fscore": 0.6559139784946236,
  "label_org:founded_fscore": 0.8266666666666665,
  "label_per:stateorprovinces_of_residence_fscore": 0.5123152709359605,
  "label_per:spouse_fscore": 0.5,
  "label_per:charges_fscore": 0.751131221719457,
  "label_per:country_of_death_fscore": 0,
  "label_org:top_members/employees_fscore": 0.6779220779220778,
  "label_per:city_of_death_fscore": 0.3333333333333333,
  "label_per:siblings_fscore": 0.6201550387596899,
  "label_per:age_fscore": 0.9022556390977444,
  "label_org:subsidiaries_fscore": 0.4210526315789474,
  "label_org:parents_fscore": 0.36893203883495146,
  "label_per:city_of_birth_fscore": 0.5,
  "label_org:shareholders_fscore": 0,
  "loss": 0.5509377115701659
}