{
  "accuracy": 0.851664447403462,
  "macro_fscore": 0.46746383586006257,
  "micro_fscore": 0.6116030534351145,
  "label_per:date_of_death_fscore": 0.5904761904761905,
  "label_org:number_of_employees/members_fscore": 0.6666666666666667,
  "label_per:title_fscore": 0.8169596690796278,
  "label_per:parents_fscore": 0.6826347305389221,
  "label_org:political/religious_affiliation_fscore": 0.25,
  "label_org:alternate_names_fscore": 0.8053097345132744,
  "label_per:other_family_fscore": 0.2884615384615385,
  "label_per:cause_of_death_fscore": 0.425,
  "label_org:website_fscore": 0.7843137254901961,
  "label_per:schools_attended_fscore": 0.5964912280701755,
  "label_per:religion_fscore": 0.48101265822784806,
  "label_per:origin_fscore": 0.5724381625441697,
  "label_per:stateorprovince_of_birth_fscore": 0.2,
  "label_org:members_fscore": 0.08333333333333334,
  "label_per:alternate_names_fscore": 0.2857142857142857,
  "label_org:dissolved_fscore": 0.3333333333333333,
  "label_per:date_of_birth_fscore": 0.7777777777777778,
  "label_org:founded_by_fscore": 0.5555555555555555,
  "label_per:employee_of_fscore": 0.33573141486810554,
  "label_org:stateorprovince_of_headquarters_fscore": 0.689075630252101,
  "label_org:member_of_fscore": 0,
  "label_org:country_of_headquarters_fscore": 0.5394190871369294,
  "label_per:stateorprovince_of_death_fscore": 0.2,
  "label_per:cities_of_residence_fscore": 0.5444444444444444,
  "label_per:countries_of_residence_fscore": 0.348993288590604,
  "label_per:country_of_birth_fscore": 0,
  "label_per:children_fscore": 0.2978723404255319,
  "label_org:city_of_headquarters_fscore": 0.6875,
  "label_org:founded_fscore": 0.8108108108108109,
  "label_per:stateorprovinces_of_residence_fscore": 0.5164835164835165,
  "label_per:spouse_fscore": 0.5416666666666666,
  "label_per:charges_fscore": 0.7307692307692307,
  "label_per:country_of_death_fscore": 0,
  "label_org:top_members/employees_fscore": 0.6287262872628725,
  "label_per:city_of_death_fscore": 0.3902439024390244,
  "label_per:siblings_fscore": 0.6466165413533834,
  "label_per:age_fscore": 0.8953771289537712,
  "label_org:subsidiaries_fscore": 0.3958333333333333,
  "label_org:parents_fscore": 0.32653061224489793,
  "label_per:city_of_birth_fscore": 0.4444444444444445,
  "label_org:shareholders_fscore": 0,
  "loss": 0.5631593429288579
}