{
  "accuracy": 0.5925925925925926,
  "macro_fscore": 0.14353658536585368,
  "micro_fscore": 0.5918367346938774,
  "loss": 1.1464978456497192
}