{
  "accuracy": 0.7407407407407407,
  "macro_fscore": 0.29048297059687667,
  "micro_fscore": 0.7692307692307692,
  "loss": 0.8717023562639952
}