{
  "accuracy": 0.7222222222222222,
  "macro_fscore": 0.2871794871794872,
  "micro_fscore": 0.7378640776699028,
  "loss": 0.9224196821451187
}