{
  "accuracy": 0.7222222222222222,
  "macro_fscore": 0.2820967146548542,
  "micro_fscore": 0.7254901960784313,
  "loss": 0.9434441179037094
}