{"model_count": 3, "accuracy_mean": 0.9052631578947369, "accuracy_std": 0.027348170645824336, "macro_fscore_mean": 0.4224319554628858, "macro_fscore_std": 0.05675289817816468, "micro_fscore_mean": 0.9110023074113153, "micro_fscore_std": 0.030627720586721363, "loss_mean": 0.48674803609335665, "loss_std": 0.1020114753436887}