{
  "accuracy": 0.9210526315789473,
  "macro_fscore": 0.4632370658497125,
  "micro_fscore": 0.9272237196765498,
  "loss": 0.4449786600744119
}