{
  "accuracy": 0.8736842105263158,
  "macro_fscore": 0.3576210826210826,
  "micro_fscore": 0.8756756756756756,
  "loss": 0.6030152724124491
}