{
    "model_count": 5,
    "UAS_mean": 0.6016786268832095,
    "UAS_std": 0.006474869388052012,
    "LAS_mean": 0.49777162281253934,
    "LAS_std": 0.00775664811864377,
    "UEM_mean": 0.0186,
    "UEM_std": 0.0028809720581775868,
    "LEM_mean": 0.0046,
    "LEM_std": 0.0005477225575051661,
    "LOAS_mean": 0.6644256997775819,
    "LOAS_std": 0.008783195610802551,
    "LOEM_mean": 0.0078,
    "LOEM_std": 0.0016431676725154978,
    "loss_mean": 9.295778650045396,
    "loss_std": 0.7127786678027321
}