{
  "UAS": 0.6079986570984934,
  "LAS": 0.501405850014688,
  "UEM": 0.021,
  "LEM": 0.004,
  "LOAS": 0.6589030173318225,
  "LOEM": 0.006,
  "loss": 9.092016249895096
}