{
  "UAS": 0.6045994376599941,
  "LAS": 0.5028746485374963,
  "UEM": 0.015,
  "LEM": 0.005,
  "LOAS": 0.6695622980402031,
  "LOEM": 0.006,
  "loss": 9.920587182044983
}