{
  "UAS": 0.6052708884132779,
  "LAS": 0.5056863485668723,
  "UEM": 0.022,
  "LEM": 0.005,
  "LOAS": 0.6764446682613622,
  "LOEM": 0.009,
  "loss": 8.648249000310898
}