{
  "UAS": 0.6468184104627767,
  "LAS": 0.4594441649899396,
  "UEM": 0.028380634390651086,
  "LEM": 0.008347245409015025,
  "LOAS": 0.6282696177062375,
  "LOEM": 0.01669449081803005,
  "loss": 8.268771322149979
}