{
  "UAS": 0.6113556338028169,
  "LAS": 0.4420271629778672,
  "UEM": 0.021702838063439065,
  "LEM": 0.01001669449081803,
  "LOAS": 0.6299044265593562,
  "LOEM": 0.018363939899833055,
  "loss": 8.03478815681056
}