{
  "UAS": 0.6429200201207244,
  "LAS": 0.4588153923541248,
  "UEM": 0.03171953255425709,
  "LEM": 0.01001669449081803,
  "LOAS": 0.6351232394366197,
  "LOEM": 0.015025041736227046,
  "loss": 9.325285760979904
}