{
  "UAS": 0.633488430583501,
  "LAS": 0.457557847082495,
  "UEM": 0.02337228714524207,
  "LEM": 0.01001669449081803,
  "LOAS": 0.627829476861167,
  "LOEM": 0.02337228714524207,
  "loss": 10.658212159809313
}