{
  "UAS": 0.6466297786720322,
  "LAS": 0.4671780684104628,
  "UEM": 0.02671118530884808,
  "LEM": 0.008347245409015025,
  "LOAS": 0.6355633802816901,
  "LOEM": 0.01335559265442404,
  "loss": 7.505219534823769
}