{
    "model_count": 5,
    "UAS_mean": 0.6524119633381573,
    "UAS_std": 0.00894314894789095,
    "LAS_mean": 0.4780028943560058,
    "LAS_std": 0.007311049399831291,
    "UEM_mean": 0.0724,
    "UEM_std": 0.005594640292279745,
    "LEM_mean": 0.0158,
    "LEM_std": 0.0010954451150103324,
    "LOAS_mean": 0.5980704293294742,
    "LOAS_std": 0.0070886182726760056,
    "LOEM_mean": 0.018,
    "LOEM_std": 0.001414213562373095,
    "loss_mean": 6.323030932247638,
    "loss_std": 0.9710733305163232
}