{
  "UAS": 0.6476724553786782,
  "LAS": 0.47057404727448143,
  "UEM": 0.067,
  "LEM": 0.014,
  "LOAS": 0.5901471297636276,
  "LOEM": 0.016,
  "loss": 7.852923929691315
}