{
  "UAS": 0.6645561987457791,
  "LAS": 0.4888446695610227,
  "UEM": 0.081,
  "LEM": 0.016,
  "LOAS": 0.6087192474674384,
  "LOEM": 0.018,
  "loss": 5.238544650375843
}