{
  "UAS": 0.6590086830680174,
  "LAS": 0.4828147612156295,
  "UEM": 0.071,
  "LEM": 0.014,
  "LOAS": 0.5979860106126387,
  "LOEM": 0.016,
  "loss": 6.6014202535152435
}