{
  "UAS": 0.6464664737095996,
  "LAS": 0.4693680656054028,
  "UEM": 0.076,
  "LEM": 0.013,
  "LOAS": 0.5867100820067535,
  "LOEM": 0.013,
  "loss": 6.8121927082538605
}