{
  "UAS": 0.6365774240231549,
  "LAS": 0.4725639170284612,
  "UEM": 0.064,
  "LEM": 0.013,
  "LOAS": 0.5989507959479016,
  "LOEM": 0.016,
  "loss": 6.694547340273857
}