{
    "model_count": 5,
    "UAS_mean": 0.6620095573440644,
    "UAS_std": 0.008008105163443255,
    "LAS_mean": 0.5225855130784708,
    "LAS_std": 0.006742747370554643,
    "UEM_mean": 0.04307178631051753,
    "UEM_std": 0.00274318476212938,
    "LEM_mean": 0.015358931552587647,
    "LEM_std": 0.0018287898414195859,
    "LOAS_mean": 0.6990819919517103,
    "LOAS_std": 0.006322902110255326,
    "LOEM_mean": 0.021035058430717863,
    "LOEM_std": 0.003461843297717483,
    "loss_mean": 6.340059290434185,
    "loss_std": 0.9945031046055978
}