{
  "UAS": 0.6688254527162978,
  "LAS": 0.5144617706237424,
  "UEM": 0.045075125208681135,
  "LEM": 0.015025041736227046,
  "LOAS": 0.6881287726358148,
  "LOEM": 0.018363939899833055,
  "loss": 6.7601011677792195
}