{
  "UAS": 0.6643611670020121,
  "LAS": 0.5239562374245473,
  "UEM": 0.041736227045075125,
  "LEM": 0.015025041736227046,
  "LOAS": 0.6996981891348089,
  "LOEM": 0.021702838063439065,
  "loss": 7.1572229234795826
}