{
  "UAS": 0.6483903420523138,
  "LAS": 0.5189889336016097,
  "UEM": 0.041736227045075125,
  "LEM": 0.01335559265442404,
  "LOAS": 0.7029678068410463,
  "LOEM": 0.01669449081803005,
  "loss": 6.873763661635549
}