{
  "accuracy": 0.9254947613504074,
  "macro_fscore": 0.6235347102887523,
  "micro_fscore": 0.9283196239717979,
  "loss": 0.3325530160218477
}