{
  "accuracy": 0.9208381839348079,
  "macro_fscore": 0.6533164896395899,
  "micro_fscore": 0.9225352112676056,
  "loss": 0.41729790404335493
}