{
  "accuracy": 0.9033760186263097,
  "macro_fscore": 0.6820259483098553,
  "micro_fscore": 0.9074837949322333,
  "loss": 0.4827122038501936
}