{
  "accuracy": 0.9138533178114087,
  "macro_fscore": 0.7046180108316117,
  "micro_fscore": 0.9170100058858153,
  "loss": 0.43516223625004014
}