{
  "accuracy": 0.9337016574585635,
  "macro_fscore": 0.4211999180943281,
  "micro_fscore": 0.9314285714285714,
  "loss": 0.35286232305224985
}