{
  "accuracy": 0.9337016574585635,
  "macro_fscore": 0.3805961070559611,
  "micro_fscore": 0.9398280802292263,
  "loss": 0.2190403190907091
}