{
  "accuracy": 0.9226519337016574,
  "macro_fscore": 0.3921838290069336,
  "micro_fscore": 0.9252873563218391,
  "loss": 0.2847893081294994
}