{
  "accuracy": 0.9281767955801105,
  "macro_fscore": 0.34201135442011354,
  "micro_fscore": 0.9394812680115274,
  "loss": 0.37335103812317055
}