{
  "accuracy": 0.9226519337016574,
  "macro_fscore": 0.3406933788007957,
  "micro_fscore": 0.9314285714285714,
  "loss": 0.36857978254556656
}