{
  "accuracy": 0.8414322250639387,
  "macro_fscore": 0.7336844680609877,
  "micro_fscore": 0.8410852713178295,
  "loss": 0.9952814605239094
}