{
  "accuracy": 0.840153452685422,
  "macro_fscore": 0.6914013088357337,
  "micro_fscore": 0.8436080467229073,
  "loss": 1.2236317616735337
}