{
  "accuracy": 0.8145780051150895,
  "macro_fscore": 0.632972032273752,
  "micro_fscore": 0.816591056383668,
  "loss": 1.5836205523917262
}