{
  "accuracy": 0.937007874015748,
  "macro_fscore": 0.624684812065512,
  "micro_fscore": 0.9473684210526316,
  "loss": 0.26705994363874197
}