{
  "accuracy": 0.9212598425196851,
  "macro_fscore": 0.4127197904975683,
  "micro_fscore": 0.9236947791164659,
  "loss": 0.30991340428590775
}