{
  "accuracy": 0.937007874015748,
  "macro_fscore": 0.5372949179671869,
  "micro_fscore": 0.943089430894309,
  "loss": 0.27446887851692736
}