{
  "accuracy": 0.8976377952755905,
  "macro_fscore": 0.3600593624983869,
  "micro_fscore": 0.9068825910931174,
  "loss": 0.31960539461579174
}