{"model_count": 5, "accuracy_mean": 0.925984251968504, "accuracy_std": 0.017251104173391076, "macro_fscore_mean": 0.471162538908001, "macro_fscore_std": 0.10748597016222627, "micro_fscore_mean": 0.9329167218506597, "micro_fscore_std": 0.01723505234333521, "loss_mean": 0.29339856474543924, "loss_std": 0.02246151822635229}