{
  "accuracy": 0.8645731108930323,
  "macro_fscore": 0.5352174516393277,
  "micro_fscore": 0.8673267326732673,
  "loss": 0.6983039857877884
}