{
  "accuracy": 0.8645731108930323,
  "macro_fscore": 0.5381715803331603,
  "micro_fscore": 0.8690890990542559,
  "loss": 0.7493184838094749
}