{
  "accuracy": 0.8557409224730128,
  "macro_fscore": 0.5432882661281212,
  "micro_fscore": 0.8578504210004954,
  "loss": 0.6896219954069238
}