{
  "accuracy": 0.8645731108930323,
  "macro_fscore": 0.5086839274733417,
  "micro_fscore": 0.8719481813652218,
  "loss": 0.8145200939870847
}