{
  "UAS": 0.6550553319919518,
  "LAS": 0.5218812877263581,
  "UEM": 0.041736227045075125,
  "LEM": 0.01335559265442404,
  "LOAS": 0.7027162977867203,
  "LOEM": 0.02003338898163606,
  "loss": 5.005553822768362
}