{
  "UAS": 0.6565643863179075,
  "LAS": 0.5257796780684104,
  "UEM": 0.03005008347245409,
  "LEM": 0.01335559265442404,
  "LOAS": 0.7002640845070423,
  "LOEM": 0.021702838063439065,
  "loss": 7.203667163848877
}