{
  "UAS": 0.6582620724346077,
  "LAS": 0.5210638832997988,
  "UEM": 0.03672787979966611,
  "LEM": 0.015025041736227046,
  "LOAS": 0.6965543259557344,
  "LOEM": 0.021702838063439065,
  "loss": 6.184827553598504
}