{
  "UAS": 0.6720950704225352,
  "LAS": 0.5444542253521126,
  "UEM": 0.0333889816360601,
  "LEM": 0.01335559265442404,
  "LOAS": 0.7130281690140845,
  "LOEM": 0.021702838063439065,
  "loss": 7.590491846988075
}