{
  "em_accuracy": 0.5457151046145027,
  "loss": 1.508030019394339
}