{
  "em_accuracy": 0.531957580968759,
  "loss": 1.4986878037452698
}