{
  "em_accuracy": 0.5365434221840069,
  "loss": 1.5167685058563267
}