{
  "em_accuracy": 0.5382631126397248,
  "loss": 1.498593954190816
}