{
  "em_accuracy": 0.5374032674118658,
  "loss": 1.5037537764196527
}