{
  "UAS": 0.8488635444471406,
  "LAS": 0.792283426352827,
  "UEM": 0.15,
  "LEM": 0.07,
  "LOAS": 0.8795195340936666,
  "LOEM": 0.153,
  "loss": 4.753806002438068
}