{
  "UAS": 0.8475693601876567,
  "LAS": 0.7905039229960366,
  "UEM": 0.153,
  "LEM": 0.071,
  "LOAS": 0.8782657930922915,
  "LOEM": 0.16,
  "loss": 5.033597782254219
}