{
  "UAS": 0.8489848742214673,
  "LAS": 0.7944673622907061,
  "UEM": 0.157,
  "LEM": 0.077,
  "LOAS": 0.8811777076761304,
  "LOEM": 0.16,
  "loss": 4.829792954027653
}