{"model_count": 5, "accuracy_mean": 0.811, "accuracy_std": 0.02559296778413943, "loss_mean": 1.0174691327980585, "loss_std": 0.29647713425748085}