{
  "accuracy": 0.9211072664359862,
  "macro_fscore": 0.6229404438861296,
  "micro_fscore": 0.9234533379937084,
  "loss": 0.3512954830145975
}