{
  "accuracy": 0.8878892733564013,
  "macro_fscore": 0.608361301034241,
  "micro_fscore": 0.8884239888423989,
  "loss": 0.4493371869877472
}