{
  "accuracy": 0.8519031141868512,
  "macro_fscore": 0.5620134788060286,
  "micro_fscore": 0.8525506638714186,
  "loss": 0.5970390776049469
}