{
    "model_count": 5,
    "accuracy_mean": 0.7710588106817046,
    "accuracy_std": 0.02016807800987713,
    "macro_fscore_mean": 0.7219822059661233,
    "macro_fscore_std": 0.02689621162739936,
    "micro_fscore_mean": 0.7710588106817046,
    "micro_fscore_std": 0.020168078009877112,
    "label_place_of_birth_fscore_mean": 0.8345025638012064,
    "label_place_of_birth_fscore_std": 0.06468834475519043,
    "label_place_of_death_fscore_mean": 0.7195814348887147,
    "label_place_of_death_fscore_std": 0.07856898078511924,
    "label_contains_administrative_territorial_entity_fscore_mean": 0.81490940553815,
    "label_contains_administrative_territorial_entity_fscore_std": 0.019640458350036926,
    "label_screenwriter_fscore_mean": 0.45276947272176576,
    "label_screenwriter_fscore_std": 0.13708829438534348,
    "label_composer_fscore_mean": 0.21759460656691676,
    "label_composer_fscore_std": 0.10230518518805048,
    "label_subsidiary_fscore_mean": 0.8113608755118759,
    "label_subsidiary_fscore_std": 0.017653806503905523,
    "label_award_received_fscore_mean": 0.913887431257325,
    "label_award_received_fscore_std": 0.03954211946114596,
    "label_occupation_fscore_mean": 0.7538420248380627,
    "label_occupation_fscore_std": 0.033266177845705125,
    "label_member_of_fscore_mean": 0.7825845390755877,
    "label_member_of_fscore_std": 0.0767289526561072,
    "label_genre_fscore_mean": 0.7850608543142037,
    "label_genre_fscore_std": 0.03593607365400855,
    "label_sibling_fscore_mean": 0.8114058971339075,
    "label_sibling_fscore_std": 0.0729366123308446,
    "label_father_fscore_mean": 0.6529034605878435,
    "label_father_fscore_std": 0.04568174854087468,
    "label_shares_border_with_fscore_mean": 0.7651595580670443,
    "label_shares_border_with_fscore_std": 0.04268561520612415,
    "label_spouse_fscore_mean": 0.83756459541609,
    "label_spouse_fscore_std": 0.03992667731071932,
    "label_educated_at_fscore_mean": 0.9046443309670494,
    "label_educated_at_fscore_std": 0.02000466973005005,
    "label_tributary_fscore_mean": 0.9552756116299607,
    "label_tributary_fscore_std": 0.006287884611946647,
    "label_director_fscore_mean": 0.6093221203650993,
    "label_director_fscore_std": 0.08279386442299315,
    "label_capital_of_fscore_mean": 0.9483175625462282,
    "label_capital_of_fscore_std": 0.013778498986526503,
    "label_original_language_of_film_or_TV_show_fscore_mean": 0.9190676890137266,
    "label_original_language_of_film_or_TV_show_fscore_std": 0.023800116461603883,
    "label_participant_fscore_mean": 0.9097458672885472,
    "label_participant_fscore_std": 0.03568948700145597,
    "label_country_of_citizenship_fscore_mean": 0.6044290950901039,
    "label_country_of_citizenship_fscore_std": 0.08836845140402264,
    "label_publisher_fscore_mean": 0.5009009415176995,
    "label_publisher_fscore_std": 0.1258762932976085,
    "label_winner_fscore_mean": 0.9740829724277581,
    "label_winner_fscore_std": 0.008400862674557062,
    "label_producer_fscore_mean": 0.48944112623682334,
    "label_producer_fscore_std": 0.15486130223068864,
    "label_child_fscore_mean": 0.8608153265098248,
    "label_child_fscore_std": 0.027565664688453333,
    "label_position_held_fscore_mean": 0.7971956080780529,
    "label_position_held_fscore_std": 0.05504799936885178,
    "label_league_fscore_mean": 0.7912468592193056,
    "label_league_fscore_std": 0.0654675348395791,
    "label_founded_by_fscore_mean": 0.7692335131434639,
    "label_founded_by_fscore_std": 0.02415722774666704,
    "label_employer_fscore_mean": 0.8136529212084738,
    "label_employer_fscore_std": 0.05634142608381228,
    "label_located_in_or_next_to_body_of_water_fscore_mean": 0.914382927014506,
    "label_located_in_or_next_to_body_of_water_fscore_std": 0.025451858555191425,
    "label_nominated_for_fscore_mean": 0.18564102564102564,
    "label_nominated_for_fscore_std": 0.20590877128167653,
    "label_member_of_political_party_fscore_mean": 0.9286970223133957,
    "label_member_of_political_party_fscore_std": 0.044420491798335,
    "label_parent_organization_fscore_mean": 0.7188535187006884,
    "label_parent_organization_fscore_std": 0.023172733960576876,
    "label_member_of_sports_team_fscore_mean": 0.919004112647017,
    "label_member_of_sports_team_fscore_std": 0.02447769679881007,
    "label_production_company_fscore_mean": 0.7966381013438255,
    "label_production_company_fscore_std": 0.041494071691583305,
    "label_mother_fscore_mean": 0.4510778771962247,
    "label_mother_fscore_std": 0.11628297465251122,
    "label_present_in_work_fscore_mean": 0.7756275910706083,
    "label_present_in_work_fscore_std": 0.08993120460507101,
    "label_named_after_fscore_mean": 0.18557823129251702,
    "label_named_after_fscore_std": 0.09574554368800141,
    "label_material_used_fscore_mean": 0.8561676385788471,
    "label_material_used_fscore_std": 0.040078163596186614,
    "label_performer_fscore_mean": 0.42695617687409526,
    "label_performer_fscore_std": 0.043216155108523,
    "label_capital_fscore_mean": 0.8879964166665908,
    "label_capital_fscore_std": 0.013931179972220799,
    "label_color_fscore_mean": 0.908864104956636,
    "label_color_fscore_std": 0.03140289732972515,
    "label_writing_system_fscore_mean": 0.9834108033123967,
    "label_writing_system_fscore_std": 0.006834427791193648,
    "label_student_of_fscore_mean": 0.8029236780963889,
    "label_student_of_fscore_std": 0.08490238607974979,
    "label_creator_fscore_mean": 0.7918188749405122,
    "label_creator_fscore_std": 0.016176907913330707,
    "label_sport_fscore_mean": 0.5874433689613353,
    "label_sport_fscore_std": 0.10063382926109951,
    "label_discoverer_or_inventor_fscore_mean": 0.8704923442125769,
    "label_discoverer_or_inventor_fscore_std": 0.018812015997968494,
    "label_manner_of_death_fscore_mean": 0.33327674882274394,
    "label_manner_of_death_fscore_std": 0.06709828731553923,
    "label_owned_by_fscore_mean": 0.13968934665798777,
    "label_owned_by_fscore_std": 0.030008683930889138,
    "label_ethnic_group_fscore_mean": 0.45582225149271827,
    "label_ethnic_group_fscore_std": 0.07777854365440755,
    "label_continent_fscore_mean": 0.90023207851884,
    "label_continent_fscore_std": 0.05180950491826417,
    "loss_mean": 0.96479909085727,
    "loss_std": 0.08809200028068026
}