{
  "accuracy": 0.7656182679879362,
  "macro_fscore": 0.7204717535801208,
  "micro_fscore": 0.7656182679879362,
  "label_continent_fscore": 0.8494845360824742,
  "label_father_fscore": 0.5938069216757742,
  "label_creator_fscore": 0.7979274611398964,
  "label_performer_fscore": 0.43269230769230776,
  "label_winner_fscore": 0.9671361502347416,
  "label_country_of_citizenship_fscore": 0.6428571428571429,
  "label_sibling_fscore": 0.8837209302325583,
  "label_publisher_fscore": 0.5555555555555555,
  "label_screenwriter_fscore": 0.5389221556886228,
  "label_ethnic_group_fscore": 0.5193370165745856,
  "label_production_company_fscore": 0.7572815533980581,
  "label_genre_fscore": 0.7588235294117647,
  "label_discoverer_or_inventor_fscore": 0.8862275449101797,
  "label_present_in_work_fscore": 0.8198757763975155,
  "label_contains_administrative_territorial_entity_fscore": 0.7904191616766467,
  "label_award_received_fscore": 0.911764705882353,
  "label_capital_fscore": 0.9027237354085603,
  "label_educated_at_fscore": 0.8717948717948719,
  "label_manner_of_death_fscore": 0.28089887640449446,
  "label_composer_fscore": 0.32727272727272727,
  "label_writing_system_fscore": 0.9884393063583815,
  "label_position_held_fscore": 0.8712328767123287,
  "label_place_of_death_fscore": 0.8427672955974843,
  "label_original_language_of_film_or_TV_show_fscore": 0.8805620608899296,
  "label_material_used_fscore": 0.8300653594771242,
  "label_occupation_fscore": 0.7052341597796142,
  "label_member_of_political_party_fscore": 0.967741935483871,
  "label_member_of_sports_team_fscore": 0.9341825902335457,
  "label_sport_fscore": 0.5472636815920398,
  "label_founded_by_fscore": 0.7734138972809667,
  "label_director_fscore": 0.5867507886435331,
  "label_nominated_for_fscore": 0.13333333333333336,
  "label_employer_fscore": 0.8888888888888888,
  "label_named_after_fscore": 0.20408163265306126,
  "label_spouse_fscore": 0.8294573643410853,
  "label_tributary_fscore": 0.9523809523809524,
  "label_league_fscore": 0.7870182555780932,
  "label_shares_border_with_fscore": 0.7377049180327868,
  "label_child_fscore": 0.8850574712643677,
  "label_capital_of_fscore": 0.9406392694063926,
  "label_place_of_birth_fscore": 0.8888888888888888,
  "label_color_fscore": 0.8781725888324874,
  "label_member_of_fscore": 0.7873303167420815,
  "label_owned_by_fscore": 0.10256410256410256,
  "label_producer_fscore": 0.3815028901734104,
  "label_located_in_or_next_to_body_of_water_fscore": 0.9142857142857143,
  "label_participant_fscore": 0.934959349593496,
  "label_student_of_fscore": 0.672340425531915,
  "label_subsidiary_fscore": 0.8080808080808081,
  "label_mother_fscore": 0.2844036697247706,
  "label_parent_organization_fscore": 0.7167919799498746,
  "loss": 1.009838152505936
}