{
  "accuracy": 0.7946501386396999,
  "macro_fscore": 0.7531593843057732,
  "micro_fscore": 0.7946501386396999,
  "label_place_of_birth_fscore": 0.8520710059171598,
  "label_place_of_death_fscore": 0.7388535031847134,
  "label_screenwriter_fscore": 0.6153846153846153,
  "label_contains_administrative_territorial_entity_fscore": 0.8064516129032258,
  "label_subsidiary_fscore": 0.8156424581005587,
  "label_composer_fscore": 0.13740458015267176,
  "label_award_received_fscore": 0.9562841530054645,
  "label_occupation_fscore": 0.7773584905660378,
  "label_member_of_fscore": 0.7727272727272727,
  "label_genre_fscore": 0.8175675675675674,
  "label_sibling_fscore": 0.7979797979797979,
  "label_father_fscore": 0.7052896725440806,
  "label_shares_border_with_fscore": 0.7735849056603773,
  "label_spouse_fscore": 0.862453531598513,
  "label_educated_at_fscore": 0.924901185770751,
  "label_tributary_fscore": 0.9644670050761421,
  "label_director_fscore": 0.6772277227722772,
  "label_capital_of_fscore": 0.935960591133005,
  "label_original_language_of_film_or_TV_show_fscore": 0.9238329238329238,
  "label_participant_fscore": 0.9166666666666665,
  "label_country_of_citizenship_fscore": 0.7415730337078651,
  "label_publisher_fscore": 0.6666666666666667,
  "label_winner_fscore": 0.9795918367346939,
  "label_producer_fscore": 0.5895953757225434,
  "label_position_held_fscore": 0.8247422680412371,
  "label_league_fscore": 0.8058252427184467,
  "label_founded_by_fscore": 0.781144781144781,
  "label_employer_fscore": 0.8073878627968337,
  "label_located_in_or_next_to_body_of_water_fscore": 0.9239766081871345,
  "label_nominated_for_fscore": 0.4615384615384615,
  "label_member_of_political_party_fscore": 0.9521276595744681,
  "label_parent_organization_fscore": 0.7333333333333333,
  "label_member_of_sports_team_fscore": 0.9326683291770573,
  "label_production_company_fscore": 0.8658536585365854,
  "label_mother_fscore": 0.5439330543933054,
  "label_present_in_work_fscore": 0.7755102040816326,
  "label_named_after_fscore": 0.22222222222222218,
  "label_material_used_fscore": 0.8082191780821918,
  "label_performer_fscore": 0.39647577092511016,
  "label_capital_fscore": 0.8938053097345132,
  "label_color_fscore": 0.8808864265927978,
  "label_writing_system_fscore": 0.9787234042553192,
  "label_student_of_fscore": 0.9078947368421053,
  "label_continent_fscore": 0.9187817258883249,
  "label_creator_fscore": 0.808743169398907,
  "label_sport_fscore": 0.6435643564356436,
  "label_discoverer_or_inventor_fscore": 0.8727272727272727,
  "label_manner_of_death_fscore": 0.4444444444444445,
  "label_owned_by_fscore": 0.13333333333333333,
  "label_ethnic_group_fscore": 0.518987341772152,
  "label_child_fscore": 0.8247422680412371,
  "loss": 0.8631715065566823
}