{
  "accuracy": 0.7595863851788023,
  "macro_fscore": 0.7098931050624875,
  "micro_fscore": 0.7595863851788024,
  "label_continent_fscore": 0.8404040404040405,
  "label_father_fscore": 0.6450304259634888,
  "label_creator_fscore": 0.7962085308056873,
  "label_performer_fscore": 0.3870967741935484,
  "label_winner_fscore": 0.962962962962963,
  "label_country_of_citizenship_fscore": 0.5531914893617021,
  "label_sibling_fscore": 0.857142857142857,
  "label_publisher_fscore": 0.49056603773584906,
  "label_screenwriter_fscore": 0.3185840707964602,
  "label_ethnic_group_fscore": 0.488262910798122,
  "label_production_company_fscore": 0.775330396475771,
  "label_genre_fscore": 0.8130081300813009,
  "label_discoverer_or_inventor_fscore": 0.8909657320872274,
  "label_present_in_work_fscore": 0.8607594936708861,
  "label_contains_administrative_territorial_entity_fscore": 0.8222222222222222,
  "label_award_received_fscore": 0.8532110091743119,
  "label_capital_fscore": 0.8939393939393939,
  "label_educated_at_fscore": 0.9146757679180887,
  "label_manner_of_death_fscore": 0.34782608695652173,
  "label_composer_fscore": 0.08602150537634408,
  "label_writing_system_fscore": 0.979942693409742,
  "label_place_of_death_fscore": 0.7089947089947091,
  "label_position_held_fscore": 0.7777777777777778,
  "label_original_language_of_film_or_TV_show_fscore": 0.9333333333333333,
  "label_material_used_fscore": 0.9136690647482014,
  "label_member_of_sports_team_fscore": 0.8758465011286682,
  "label_member_of_political_party_fscore": 0.8674033149171272,
  "label_occupation_fscore": 0.7450980392156863,
  "label_founded_by_fscore": 0.7581047381546135,
  "label_director_fscore": 0.5758039816232772,
  "label_sport_fscore": 0.5326633165829147,
  "label_nominated_for_fscore": 0,
  "label_employer_fscore": 0.7546296296296295,
  "label_named_after_fscore": 0.13333333333333333,
  "label_spouse_fscore": 0.8705035971223022,
  "label_tributary_fscore": 0.9569377990430621,
  "label_league_fscore": 0.6918918918918919,
  "label_shares_border_with_fscore": 0.8113207547169812,
  "label_child_fscore": 0.8875000000000001,
  "label_place_of_birth_fscore": 0.898989898989899,
  "label_capital_of_fscore": 0.962962962962963,
  "label_color_fscore": 0.9476190476190477,
  "label_member_of_fscore": 0.782608695652174,
  "label_owned_by_fscore": 0.16260162601626016,
  "label_producer_fscore": 0.4615384615384615,
  "label_located_in_or_next_to_body_of_water_fscore": 0.8771929824561403,
  "label_participant_fscore": 0.9508196721311476,
  "label_student_of_fscore": 0.8105263157894737,
  "label_subsidiary_fscore": 0.8152173913043479,
  "label_mother_fscore": 0.4262295081967213,
  "label_parent_organization_fscore": 0.7360774818401937,
  "loss": 1.0180939745944027
}