{
  "accuracy": 0.7466609220163722,
  "macro_fscore": 0.6847443682193897,
  "micro_fscore": 0.7466609220163722,
  "label_continent_fscore": 0.9476082004555809,
  "label_father_fscore": 0.6290322580645161,
  "label_creator_fscore": 0.7909090909090908,
  "label_performer_fscore": 0.4968944099378882,
  "label_winner_fscore": 0.9811320754716981,
  "label_country_of_citizenship_fscore": 0.5595238095238095,
  "label_sibling_fscore": 0.6946564885496184,
  "label_publisher_fscore": 0.32258064516129037,
  "label_screenwriter_fscore": 0.304,
  "label_ethnic_group_fscore": 0.34117647058823525,
  "label_production_company_fscore": 0.787037037037037,
  "label_genre_fscore": 0.7359050445103857,
  "label_discoverer_or_inventor_fscore": 0.8497109826589595,
  "label_present_in_work_fscore": 0.625,
  "label_contains_administrative_territorial_entity_fscore": 0.8433734939759036,
  "label_award_received_fscore": 0.9073170731707317,
  "label_capital_fscore": 0.8663967611336032,
  "label_educated_at_fscore": 0.9078498293515358,
  "label_manner_of_death_fscore": 0.29834254143646405,
  "label_composer_fscore": 0.2476190476190476,
  "label_writing_system_fscore": 0.9771428571428572,
  "label_place_of_death_fscore": 0.640625,
  "label_position_held_fscore": 0.7887323943661972,
  "label_original_language_of_film_or_TV_show_fscore": 0.9152542372881356,
  "label_material_used_fscore": 0.8652482269503547,
  "label_member_of_sports_team_fscore": 0.9288537549407114,
  "label_occupation_fscore": 0.7915194346289752,
  "label_member_of_political_party_fscore": 0.896,
  "label_sport_fscore": 0.4803921568627451,
  "label_director_fscore": 0.5006877579092159,
  "label_founded_by_fscore": 0.7348242811501597,
  "label_nominated_for_fscore": 0,
  "label_employer_fscore": 0.7670588235294118,
  "label_named_after_fscore": 0.05714285714285714,
  "label_spouse_fscore": 0.7716535433070867,
  "label_tributary_fscore": 0.9473684210526315,
  "label_league_fscore": 0.7964989059080962,
  "label_shares_border_with_fscore": 0.7070707070707071,
  "label_child_fscore": 0.8405797101449276,
  "label_capital_of_fscore": 0.9636363636363636,
  "label_place_of_birth_fscore": 0.7647058823529412,
  "label_color_fscore": 0.9349397590361446,
  "label_member_of_fscore": 0.676923076923077,
  "label_owned_by_fscore": 0.12307692307692307,
  "label_producer_fscore": 0.31645569620253167,
  "label_located_in_or_next_to_body_of_water_fscore": 0.9090909090909092,
  "label_participant_fscore": 0.8778625954198473,
  "label_student_of_fscore": 0.8284023668639053,
  "label_subsidiary_fscore": 0.8333333333333334,
  "label_mother_fscore": 0.42231075697211157,
  "label_parent_organization_fscore": 0.7285067873303166,
  "loss": 1.0554356581164062
}