{
  "UAS": 0.4627922025398366,
  "LAS": 0.40859823667394646,
  "UEM": 0.075,
  "LEM": 0.038,
  "loss": 1.8118287741191803
}