{
  "UAS": 0.44560381784356545,
  "LAS": 0.3919760575911995,
  "UEM": 0.076,
  "LEM": 0.036,
  "loss": 1.7851580608458746
}