{
  "UAS": 0.45547197282213053,
  "LAS": 0.404270808056297,
  "UEM": 0.069,
  "LEM": 0.037,
  "loss": 1.7893857634256756
}