{
  "em_accuracy": 0.5589237057220708,
  "loss": 1.490065650123617
}