{
  "em_accuracy": 0.5987738419618529,
  "loss": 1.4749324324986208
}