{
  "em_accuracy": 0.595708446866485,
  "loss": 1.4681849252918493
}