{
    "model_count": 5,
    "em_accuracy_mean": 0.8353853169174646,
    "em_accuracy_std": 0.001432946316686791,
    "loss_mean": 0.0,
    "loss_std": 0.0
}