{
    "model_count": 5,
    "UAS_mean": 0.8104823965121185,
    "UAS_std": 0.009002913197950277,
    "LAS_mean": 0.7437157189067554,
    "LAS_std": 0.010292798635636705,
    "UEM_mean": 0.0898,
    "UEM_std": 0.015642889758609183,
    "LEM_mean": 0.0412,
    "LEM_std": 0.008497058314499201,
    "LOAS_mean": 0.8554685668745019,
    "LOAS_std": 0.006596535376252886,
    "LOEM_mean": 0.0968,
    "LOEM_std": 0.01716682847820179,
    "loss_mean": 4.292238303900711,
    "loss_std": 0.25546349160719056
}