{
  "UAS": 0.812104448924101,
  "LAS": 0.7434719422436828,
  "UEM": 0.094,
  "LEM": 0.041,
  "LOAS": 0.8545778444517369,
  "LOEM": 0.09,
  "loss": 4.323842487637958
}