{
  "UAS": 0.808682199615583,
  "LAS": 0.737190005156814,
  "UEM": 0.091,
  "LEM": 0.031,
  "LOAS": 0.8482490272373541,
  "LOEM": 0.082,
  "loss": 3.9254441633820534
}