{
  "UAS": 0.8057287515822043,
  "LAS": 0.7401903333177067,
  "UEM": 0.078,
  "LEM": 0.043,
  "LOAS": 0.8555154470020159,
  "LOEM": 0.097,
  "loss": 4.583234719932079
}