{
  "accuracy": 0.937007874015748,
  "macro_fscore": 0.5343862593996117,
  "micro_fscore": 0.9392712550607287,
  "loss": 0.2966424757614732
}