{
  "accuracy": 0.8740157480314961,
  "macro_fscore": 0.3735688128679368,
  "micro_fscore": 0.8790322580645161,
  "loss": 0.4103612080216408
}