{
    "model_count": 5,
    "UAS_mean": 0.6645200192957067,
    "UAS_std": 0.0058932290518404875,
    "LAS_mean": 0.46672696575012057,
    "LAS_std": 0.007096666736639789,
    "UEM_mean": 0.0658,
    "UEM_std": 0.004086563348340513,
    "LEM_mean": 0.008,
    "LEM_std": 0.0007071067811865472,
    "LOAS_mean": 0.5852870236372407,
    "LOAS_std": 0.007370018320023444,
    "LOEM_mean": 0.008799999999999999,
    "LOEM_std": 0.0004472135954999575,
    "loss_mean": 6.682717448472976,
    "loss_std": 0.437636647720853
}