{
  "UAS": 0.6585262904003859,
  "LAS": 0.4728051133622769,
  "UEM": 0.061,
  "LEM": 0.008,
  "LOAS": 0.5912928123492522,
  "LOEM": 0.009,
  "loss": 7.420865431427956
}