{
  "UAS": 0.6648576941630487,
  "LAS": 0.46146888567293776,
  "UEM": 0.07,
  "LEM": 0.009,
  "LOAS": 0.579232995658466,
  "LOEM": 0.009,
  "loss": 6.599307633936405
}