{
  "UAS": 0.6608176555716353,
  "LAS": 0.4573685479980704,
  "UEM": 0.067,
  "LEM": 0.007,
  "LOAS": 0.5759768451519537,
  "LOEM": 0.008,
  "loss": 6.617550425231457
}