{
    "model_count": 5,
    "accuracy_mean": 0.8573529411764705,
    "accuracy_std": 0.010408253041954967,
    "macro_fscore_mean": 0.8629469597624848,
    "macro_fscore_std": 0.010561278876390193,
    "micro_fscore_mean": 0.8647818962522368,
    "micro_fscore_std": 0.01049451367253154,
    "label_is-member-of_fscore_mean": 0.9088355822088956,
    "label_is-member-of_fscore_std": 0.010457864937574316,
    "label_has-edu_fscore_mean": 0.8461864359420076,
    "label_has-edu_fscore_std": 0.011529716928603013,
    "label_has-type_fscore_mean": 0.7823004378133143,
    "label_has-type_fscore_std": 0.029711979910931816,
    "label_has-author_fscore_mean": 0.9769732320491952,
    "label_has-author_fscore_std": 0.008911178347417222,
    "label_birth-place_fscore_mean": 0.6147914825308719,
    "label_birth-place_fscore_std": 0.07334375186461718,
    "label_org-has-member_fscore_mean": 0.9804856281494542,
    "label_org-has-member_fscore_std": 0.010659600910494789,
    "label_movie-has-director_fscore_mean": 0.9734461966604824,
    "label_movie-has-director_fscore_std": 0.009024104270447085,
    "label_has-parent_fscore_mean": 0.910886781187208,
    "label_has-parent_fscore_std": 0.03368113318105178,
    "label_invented-by_fscore_mean": 0.9778557365940675,
    "label_invented-by_fscore_std": 0.013233081246299173,
    "label_has-child_fscore_mean": 0.8793010130546137,
    "label_has-child_fscore_std": 0.07680069530751249,
    "label_is-where_fscore_mean": 0.8828026939451431,
    "label_is-where_fscore_std": 0.04381063155121723,
    "label_has-nationality_fscore_mean": 0.17665069410147977,
    "label_has-nationality_fscore_std": 0.061284472228817444,
    "label_headquarters_fscore_mean": 0.9663536555800557,
    "label_headquarters_fscore_std": 0.01332327957350871,
    "label_first-product_fscore_mean": 0.881953823941316,
    "label_first-product_fscore_std": 0.027508351136239957,
    "label_invented-when_fscore_mean": 0.9706453455168476,
    "label_invented-when_fscore_std": 0.009804753235625012,
    "label_won-award_fscore_mean": 0.9131940097413244,
    "label_won-award_fscore_std": 0.019645647559321758,
    "label_has-sibling_fscore_mean": 0.9365675674436236,
    "label_has-sibling_fscore_std": 0.008887545812056037,
    "label_has-occupation_fscore_mean": 0.8935874993818919,
    "label_has-occupation_fscore_std": 0.01593403943597072,
    "label_has-highest-mountain_fscore_mean": 0.98989898989899,
    "label_has-highest-mountain_fscore_std": 0.0,
    "label_event-year_fscore_mean": 0.9269700986310261,
    "label_event-year_fscore_std": 0.02641172368348989,
    "label_has-spouse_fscore_mean": 0.9278051367907336,
    "label_has-spouse_fscore_std": 0.02383221985148162,
    "label_from-country_fscore_mean": 0.6113939187673554,
    "label_from-country_fscore_std": 0.031252456100458105,
    "label_org-has-founder_fscore_mean": 0.7633824985014747,
    "label_org-has-founder_fscore_std": 0.2190373200214487,
    "label_has-genre_fscore_mean": 0.9179837669232633,
    "label_has-genre_fscore_std": 0.030653703695574224,
    "label_has-tourist-attraction_fscore_mean": 0.963421768707483,
    "label_has-tourist-attraction_fscore_std": 0.00906561812541913,
    "loss_mean": 0.6960200482332329,
    "loss_std": 0.0856669573930596
}