{
  "accuracy": 0.8602941176470589,
  "macro_fscore": 0.8661205021215305,
  "micro_fscore": 0.8670618120237087,
  "label_is-member-of_fscore": 0.9111111111111112,
  "label_has-edu_fscore": 0.8478260869565218,
  "label_has-type_fscore": 0.7727272727272727,
  "label_has-author_fscore": 0.9791666666666666,
  "label_birth-place_fscore": 0.5142857142857142,
  "label_org-has-member_fscore": 0.975609756097561,
  "label_movie-has-director_fscore": 0.9791666666666666,
  "label_has-parent_fscore": 0.9459459459459458,
  "label_invented-by_fscore": 0.9702970297029703,
  "label_has-child_fscore": 0.9583333333333333,
  "label_is-where_fscore": 0.9,
  "label_has-nationality_fscore": 0.2222222222222222,
  "label_headquarters_fscore": 0.9574468085106383,
  "label_first-product_fscore": 0.8623853211009174,
  "label_invented-when_fscore": 0.9607843137254902,
  "label_won-award_fscore": 0.8823529411764706,
  "label_has-sibling_fscore": 0.9484536082474226,
  "label_has-occupation_fscore": 0.8703703703703703,
  "label_has-highest-mountain_fscore": 0.98989898989899,
  "label_event-year_fscore": 0.9647058823529412,
  "label_has-spouse_fscore": 0.9462365591397849,
  "label_from-country_fscore": 0.5818181818181819,
  "label_org-has-founder_fscore": 0.8735632183908046,
  "label_has-genre_fscore": 0.8791208791208791,
  "label_has-tourist-attraction_fscore": 0.9591836734693877,
  "loss": 0.6187152483004641
}