{
  "accuracy": 0.8464052287581699,
  "macro_fscore": 0.8501717724430624,
  "micro_fscore": 0.8544917756221003,
  "label_is-member-of_fscore": 0.891304347826087,
  "label_has-edu_fscore": 0.8444444444444444,
  "label_has-type_fscore": 0.7341772151898733,
  "label_has-author_fscore": 0.968421052631579,
  "label_birth-place_fscore": 0.6582278481012658,
  "label_org-has-member_fscore": 0.963855421686747,
  "label_movie-has-director_fscore": 0.9591836734693877,
  "label_has-parent_fscore": 0.8656716417910448,
  "label_invented-by_fscore": 0.9591836734693877,
  "label_has-child_fscore": 0.7540983606557378,
  "label_is-where_fscore": 0.8045977011494252,
  "label_has-nationality_fscore": 0.11764705882352941,
  "label_headquarters_fscore": 0.9484536082474228,
  "label_first-product_fscore": 0.8990825688073395,
  "label_invented-when_fscore": 0.9607843137254902,
  "label_won-award_fscore": 0.9347826086956522,
  "label_has-sibling_fscore": 0.9263157894736842,
  "label_has-occupation_fscore": 0.9142857142857144,
  "label_has-highest-mountain_fscore": 0.98989898989899,
  "label_event-year_fscore": 0.9010989010989012,
  "label_has-spouse_fscore": 0.9213483146067417,
  "label_from-country_fscore": 0.6233766233766235,
  "label_org-has-founder_fscore": 0.8433734939759036,
  "label_has-genre_fscore": 0.8910891089108911,
  "label_has-tourist-attraction_fscore": 0.9795918367346939,
  "loss": 0.7049860292440885
}