{
  "accuracy": 0.768595041322314,
  "macro_fscore": 0.7797601548110766,
  "micro_fscore": 0.767277856135402,
  "loss": 1.0443002037380054
}