{
    "model_count": 5,
    "UAS_mean": 0.5936296109782198,
    "UAS_std": 0.008021625975919652,
    "LAS_mean": 0.4343530991648831,
    "LAS_std": 0.014218109668246496,
    "UEM_mean": 0.014199999999999999,
    "UEM_std": 0.003898717737923585,
    "LEM_mean": 0.0008,
    "LEM_std": 0.00044721359549995795,
    "LOAS_mean": 0.6073439926140417,
    "LOAS_std": 0.013262035486302873,
    "LOEM_mean": 0.0018,
    "LOEM_std": 0.0008366600265340755,
    "loss_mean": 7.713990664482116,
    "loss_std": 0.638138734337698
}