{
  "UAS": 0.6032985018255067,
  "LAS": 0.433799152293424,
  "UEM": 0.018,
  "LEM": 0.0,
  "LOAS": 0.5934365688866508,
  "LOEM": 0.001,
  "loss": 8.041343376040459
}