{
  "UAS": 0.5818960090645852,
  "LAS": 0.4140333207436317,
  "UEM": 0.008,
  "LEM": 0.001,
  "LOAS": 0.5933946032145705,
  "LOEM": 0.001,
  "loss": 6.710441991686821
}