{
  "UAS": 0.597003651013471,
  "LAS": 0.450879180830081,
  "UEM": 0.016,
  "LEM": 0.001,
  "LOAS": 0.6195811825926392,
  "LOEM": 0.002,
  "loss": 7.452881455421448
}