{
    "model_count": 5,
    "accuracy_mean": 0.8548693586698337,
    "accuracy_std": 0.009516021674114057,
    "macro_fscore_mean": 0.8734383753503931,
    "macro_fscore_std": 0.007573097311143876,
    "micro_fscore_mean": 0.8569048462573987,
    "micro_fscore_std": 0.009479427201378988,
    "label_org-has-member_fscore_mean": 0.9575811870100784,
    "label_org-has-member_fscore_std": 0.013166921684936583,
    "label_has-spouse_fscore_mean": 0.7800282561435478,
    "label_has-spouse_fscore_std": 0.03968441489528107,
    "label_birth-place_fscore_mean": 0.7554798857214733,
    "label_birth-place_fscore_std": 0.026413303932597047,
    "label_has-occupation_fscore_mean": 0.941267673136832,
    "label_has-occupation_fscore_std": 0.011878606772305069,
    "label_has-child_fscore_mean": 0.6729096112285368,
    "label_has-child_fscore_std": 0.024288082584377625,
    "label_has-genre_fscore_mean": 0.9836309656633663,
    "label_has-genre_fscore_std": 0.011745437584373752,
    "label_has-author_fscore_mean": 0.9641694618441435,
    "label_has-author_fscore_std": 0.014818999639833382,
    "label_has-parent_fscore_mean": 0.8021470017322111,
    "label_has-parent_fscore_std": 0.021491710937496994,
    "label_from-country_fscore_mean": 0.6351170836278955,
    "label_from-country_fscore_std": 0.09853781680472162,
    "label_is-where_fscore_mean": 0.9098246353539409,
    "label_is-where_fscore_std": 0.03316966693411054,
    "label_has-population_fscore_mean": 0.9838779633065348,
    "label_has-population_fscore_std": 0.005498945404748213,
    "label_has-type_fscore_mean": 0.8698558619906935,
    "label_has-type_fscore_std": 0.017820605575825044,
    "label_movie-has-director_fscore_mean": 0.9542807987752054,
    "label_movie-has-director_fscore_std": 0.012273225583485044,
    "label_event-year_fscore_mean": 0.9651892067831918,
    "label_event-year_fscore_std": 0.012385942466385653,
    "label_headquarters_fscore_mean": 0.9524458236903008,
    "label_headquarters_fscore_std": 0.008757904491718664,
    "label_org-leader_fscore_mean": 0.8744001815911928,
    "label_org-leader_fscore_std": 0.009919982468959448,
    "label_is-member-of_fscore_mean": 0.8462467833575378,
    "label_is-member-of_fscore_std": 0.03647758081752598,
    "loss_mean": 0.589272917399429,
    "loss_std": 0.03533372413206797
}