{
    "model_count": 5,
    "em_accuracy_mean": 0.8359325125398996,
    "em_accuracy_std": 0.003290606927270977,
    "loss_mean": 0.0,
    "loss_std": 0.0
}