{
    "model_count": 5,
    "UAS_mean": 0.5213216856749979,
    "UAS_std": 0.03879873962954898,
    "LAS_mean": 0.47752972579471004,
    "LAS_std": 0.037449393501993666,
    "UEM_mean": 0.0054,
    "UEM_std": 0.002073644135332772,
    "LEM_mean": 0.003,
    "LEM_std": 0.001,
    "LOAS_mean": 0.7367871875758311,
    "LOAS_std": 0.016167679941246526,
    "LOEM_mean": 0.009,
    "LOEM_std": 0.0037416573867739412,
    "loss_mean": 9.049818438291549,
    "loss_std": 0.24649576883596647
}