{
  "UAS": 0.5043678718757583,
  "LAS": 0.45923319582625577,
  "UEM": 0.004,
  "LEM": 0.002,
  "LOAS": 0.7302030251557066,
  "LOEM": 0.013,
  "loss": 9.023333370685577
}