{
  "UAS": 0.4643290463479738,
  "LAS": 0.42275337701205207,
  "UEM": 0.004,
  "LEM": 0.002,
  "LOAS": 0.7114777966512982,
  "LOEM": 0.003,
  "loss": 9.199349164962769
}