{
  "accuracy": 0.8487350199733689,
  "macro_fscore": 0.4905687606601282,
  "micro_fscore": 0.6199740596627755,
  "label_per:cause_of_death_fscore": 0.4347826086956522,
  "label_org:website_fscore": 0.7037037037037038,
  "label_per:employee_of_fscore": 0.3838383838383838,
  "label_org:parents_fscore": 0.3853211009174311,
  "label_org:founded_fscore": 0.7894736842105263,
  "label_per:origin_fscore": 0.6164383561643836,
  "label_org:members_fscore": 0.15,
  "label_per:city_of_death_fscore": 0.4150943396226415,
  "label_per:country_of_birth_fscore": 0,
  "label_org:dissolved_fscore": 0.3333333333333333,
  "label_org:subsidiaries_fscore": 0.411214953271028,
  "label_per:other_family_fscore": 0.2716049382716049,
  "label_org:shareholders_fscore": 0.08333333333333334,
  "label_org:member_of_fscore": 0,
  "label_per:cities_of_residence_fscore": 0.5339578454332553,
  "label_org:country_of_headquarters_fscore": 0.6008230452674896,
  "label_per:title_fscore": 0.8426103646833015,
  "label_per:stateorprovince_of_birth_fscore": 0.4,
  "label_org:number_of_employees/members_fscore": 0.6470588235294117,
  "label_per:children_fscore": 0.5526315789473685,
  "label_per:siblings_fscore": 0.563758389261745,
  "label_org:stateorprovince_of_headquarters_fscore": 0.6341463414634146,
  "label_per:date_of_birth_fscore": 0.823529411764706,
  "label_per:date_of_death_fscore": 0.606060606060606,
  "label_per:religion_fscore": 0.5747126436781609,
  "label_org:city_of_headquarters_fscore": 0.6625,
  "label_per:stateorprovince_of_death_fscore": 0.2,
  "label_per:stateorprovinces_of_residence_fscore": 0.48514851485148514,
  "label_org:top_members/employees_fscore": 0.6178660049627792,
  "label_org:founded_by_fscore": 0.564516129032258,
  "label_org:political/religious_affiliation_fscore": 0.380952380952381,
  "label_per:parents_fscore": 0.6790123456790123,
  "label_per:countries_of_residence_fscore": 0.40880503144654085,
  "label_per:spouse_fscore": 0.5279187817258884,
  "label_per:charges_fscore": 0.7661691542288557,
  "label_org:alternate_names_fscore": 0.8056206088992974,
  "label_per:city_of_birth_fscore": 0.4444444444444445,
  "label_per:age_fscore": 0.8857142857142858,
  "label_per:country_of_death_fscore": 0,
  "label_per:schools_attended_fscore": 0.6415094339622641,
  "label_per:alternate_names_fscore": 0.2857142857142857,
  "loss": 0.5606218938570949
}