{
  "accuracy": 0.8572569906790946,
  "macro_fscore": 0.4807463646933796,
  "micro_fscore": 0.6169138529504575,
  "label_per:cause_of_death_fscore": 0.3478260869565218,
  "label_org:website_fscore": 0.7692307692307692,
  "label_per:employee_of_fscore": 0.2677595628415301,
  "label_org:parents_fscore": 0.43478260869565216,
  "label_org:founded_fscore": 0.8,
  "label_per:origin_fscore": 0.5714285714285714,
  "label_org:members_fscore": 0.19999999999999998,
  "label_per:city_of_death_fscore": 0.2631578947368421,
  "label_per:country_of_birth_fscore": 0,
  "label_org:dissolved_fscore": 0.3333333333333333,
  "label_org:subsidiaries_fscore": 0.33333333333333326,
  "label_per:other_family_fscore": 0.40601503759398494,
  "label_org:shareholders_fscore": 0,
  "label_org:member_of_fscore": 0.06451612903225808,
  "label_per:cities_of_residence_fscore": 0.561038961038961,
  "label_org:country_of_headquarters_fscore": 0.5024154589371981,
  "label_per:title_fscore": 0.8250758341759352,
  "label_per:stateorprovince_of_birth_fscore": 0.39999999999999997,
  "label_org:number_of_employees/members_fscore": 0.6857142857142857,
  "label_per:children_fscore": 0.5316455696202531,
  "label_per:siblings_fscore": 0.6412213740458015,
  "label_org:stateorprovince_of_headquarters_fscore": 0.7254901960784315,
  "label_per:date_of_birth_fscore": 0.631578947368421,
  "label_per:date_of_death_fscore": 0.5176470588235293,
  "label_per:religion_fscore": 0.5641025641025641,
  "label_org:city_of_headquarters_fscore": 0.6122448979591838,
  "label_per:stateorprovince_of_death_fscore": 0.3157894736842105,
  "label_per:stateorprovinces_of_residence_fscore": 0.4942528735632184,
  "label_org:top_members/employees_fscore": 0.617283950617284,
  "label_org:founded_by_fscore": 0.5737704918032787,
  "label_org:political/religious_affiliation_fscore": 0.23529411764705882,
  "label_per:parents_fscore": 0.6582278481012659,
  "label_per:countries_of_residence_fscore": 0.3471074380165289,
  "label_per:spouse_fscore": 0.5882352941176471,
  "label_per:charges_fscore": 0.7291666666666666,
  "label_org:alternate_names_fscore": 0.794816414686825,
  "label_per:city_of_birth_fscore": 0.5,
  "label_per:age_fscore": 0.916256157635468,
  "label_per:country_of_death_fscore": 0,
  "label_per:schools_attended_fscore": 0.6545454545454547,
  "label_per:alternate_names_fscore": 0.2962962962962963,
  "loss": 0.9020191640041875
}