{
  "accuracy": 0.8464713715046605,
  "macro_fscore": 0.48586759301701865,
  "micro_fscore": 0.6062407132243685,
  "label_per:cause_of_death_fscore": 0.3908045977011494,
  "label_org:website_fscore": 0.7407407407407408,
  "label_per:employee_of_fscore": 0.331511839708561,
  "label_org:parents_fscore": 0.3835616438356164,
  "label_org:founded_fscore": 0.7948717948717948,
  "label_per:origin_fscore": 0.6066666666666667,
  "label_org:members_fscore": 0.3181818181818182,
  "label_per:city_of_death_fscore": 0.3902439024390244,
  "label_per:country_of_birth_fscore": 0,
  "label_org:dissolved_fscore": 0.4,
  "label_org:subsidiaries_fscore": 0.27692307692307694,
  "label_per:other_family_fscore": 0.375,
  "label_org:shareholders_fscore": 0,
  "label_org:member_of_fscore": 0.07692307692307691,
  "label_per:cities_of_residence_fscore": 0.5619834710743802,
  "label_per:stateorprovince_of_birth_fscore": 0.35294117647058826,
  "label_per:title_fscore": 0.8338028169014085,
  "label_org:country_of_headquarters_fscore": 0.5116279069767441,
  "label_org:number_of_employees/members_fscore": 0.7222222222222222,
  "label_per:children_fscore": 0.34210526315789475,
  "label_org:stateorprovince_of_headquarters_fscore": 0.6666666666666666,
  "label_per:siblings_fscore": 0.7102803738317757,
  "label_per:date_of_birth_fscore": 0.823529411764706,
  "label_per:date_of_death_fscore": 0.5172413793103449,
  "label_per:religion_fscore": 0.5523809523809523,
  "label_org:city_of_headquarters_fscore": 0.6074074074074074,
  "label_per:stateorprovince_of_death_fscore": 0.4,
  "label_per:stateorprovinces_of_residence_fscore": 0.5172413793103449,
  "label_org:top_members/employees_fscore": 0.6373902132998746,
  "label_org:founded_by_fscore": 0.19999999999999998,
  "label_org:political/religious_affiliation_fscore": 0.45454545454545453,
  "label_per:parents_fscore": 0.6258503401360545,
  "label_per:countries_of_residence_fscore": 0.31075697211155373,
  "label_per:spouse_fscore": 0.6024096385542169,
  "label_per:charges_fscore": 0.7692307692307693,
  "label_org:alternate_names_fscore": 0.7669172932330827,
  "label_per:city_of_birth_fscore": 0.4444444444444445,
  "label_per:age_fscore": 0.854586129753915,
  "label_per:country_of_death_fscore": 0,
  "label_per:schools_attended_fscore": 0.7017543859649122,
  "label_per:alternate_names_fscore": 0.34782608695652173,
  "loss": 0.5675350051617232
}