{
  "accuracy": 0.8390804597701149,
  "macro_fscore": 0.7993447905477982,
  "micro_fscore": 0.8795180722891567,
  "loss": 0.7163985905547937
}