{
  "accuracy": 0.896551724137931,
  "macro_fscore": 0.7711111111111111,
  "micro_fscore": 0.9069767441860465,
  "loss": 0.5102146392067274
}