{
    "model_count": 3,
    "accuracy_mean": 0.7188940092165899,
    "accuracy_std": 0.02394540286961584,
    "macro_fscore_mean": 0.6905002432905902,
    "macro_fscore_std": 0.026723768966261826,
    "micro_fscore_mean": 0.7441820988825611,
    "micro_fscore_std": 0.021976601992027715,
    "label_org:members_fscore_mean": 0.42962962962962964,
    "label_org:members_fscore_std": 0.025660011963983372,
    "label_org:website_fscore_mean": 1.0,
    "label_org:website_fscore_std": 0.0,
    "label_per:religion_fscore_mean": 0.630952380952381,
    "label_per:religion_fscore_std": 0.10309826235529027,
    "label_org:parents_fscore_mean": 0.1111111111111111,
    "label_org:parents_fscore_std": 0.19245008972987526,
    "label_org:dissolved_fscore_mean": 0,
    "label_org:dissolved_fscore_std": 0.0,
    "label_org:city_of_headquarters_fscore_mean": 0.4666666666666667,
    "label_org:city_of_headquarters_fscore_std": 0.05773502691896257,
    "label_per:country_of_birth_fscore_mean": 0.4666666666666667,
    "label_per:country_of_birth_fscore_std": 0.05773502691896257,
    "label_per:city_of_birth_fscore_mean": 0.9333333333333333,
    "label_per:city_of_birth_fscore_std": 0.11547005383792514,
    "label_org:country_of_headquarters_fscore_mean": 0.7975357975357975,
    "label_org:country_of_headquarters_fscore_std": 0.10043976777792653,
    "label_per:siblings_fscore_mean": 0.8333333333333334,
    "label_per:siblings_fscore_std": 0.0,
    "label_org:alternate_names_fscore_mean": 0.9090909090909091,
    "label_org:alternate_names_fscore_std": 0.0,
    "label_per:cause_of_death_fscore_mean": 0.75,
    "label_per:cause_of_death_fscore_std": 0.0,
    "label_per:age_fscore_mean": 1.0,
    "label_per:age_fscore_std": 0.0,
    "label_per:alternate_names_fscore_mean": 0.3055555555555555,
    "label_per:alternate_names_fscore_std": 0.0481125224324688,
    "label_per:origin_fscore_mean": 0.6444444444444444,
    "label_per:origin_fscore_std": 0.03849001794597497,
    "label_per:parents_fscore_mean": 0.9138888888888889,
    "label_per:parents_fscore_std": 0.03367876570272818,
    "label_org:political/religious_affiliation_fscore_mean": 0.9333333333333333,
    "label_org:political/religious_affiliation_fscore_std": 0.0,
    "label_org:number_of_employees/members_fscore_mean": 0.962962962962963,
    "label_org:number_of_employees/members_fscore_std": 0.06415002990995838,
    "label_per:title_fscore_mean": 0.923076923076923,
    "label_per:title_fscore_std": 0.0,
    "label_per:date_of_birth_fscore_mean": 0.9743589743589743,
    "label_per:date_of_birth_fscore_std": 0.044411559168432785,
    "label_per:stateorprovinces_of_residence_fscore_mean": 0.3015873015873016,
    "label_per:stateorprovinces_of_residence_fscore_std": 0.027492869961410718,
    "label_org:stateorprovince_of_headquarters_fscore_mean": 0.7962962962962963,
    "label_org:stateorprovince_of_headquarters_fscore_std": 0.08018753738744806,
    "label_per:countries_of_residence_fscore_mean": 0.25,
    "label_per:countries_of_residence_fscore_std": 0.25,
    "label_per:city_of_death_fscore_mean": 0.7777777777777778,
    "label_per:city_of_death_fscore_std": 0.1924500897298753,
    "label_per:schools_attended_fscore_mean": 0.9411764705882353,
    "label_per:schools_attended_fscore_std": 0.0,
    "label_org:founded_by_fscore_mean": 0.9393939393939393,
    "label_org:founded_by_fscore_std": 0.05248638810814781,
    "label_org:subsidiaries_fscore_mean": 0.6,
    "label_org:subsidiaries_fscore_std": 0.24037008503093266,
    "label_per:other_family_fscore_mean": 0.4722222222222222,
    "label_per:other_family_fscore_std": 0.20971762320196524,
    "label_org:member_of_fscore_mean": 0.2619047619047619,
    "label_org:member_of_fscore_std": 0.25084889887744616,
    "label_org:founded_fscore_mean": 0.9047619047619048,
    "label_org:founded_fscore_std": 0.08247860988423228,
    "label_per:children_fscore_mean": 0.5222222222222223,
    "label_per:children_fscore_std": 0.13471506281091264,
    "label_per:charges_fscore_mean": 0.9137529137529137,
    "label_per:charges_fscore_std": 0.008074828939715029,
    "label_per:stateorprovince_of_death_fscore_mean": 0.8666666666666667,
    "label_per:stateorprovince_of_death_fscore_std": 0.11547005383792514,
    "label_per:date_of_death_fscore_mean": 0.9411764705882353,
    "label_per:date_of_death_fscore_std": 0.0,
    "label_per:employee_of_fscore_mean": 0.4841269841269841,
    "label_per:employee_of_fscore_std": 0.19097157802406284,
    "label_org:shareholders_fscore_mean": 0.6444444444444444,
    "label_org:shareholders_fscore_std": 0.03849001794597504,
    "label_per:cities_of_residence_fscore_mean": 0.6018518518518519,
    "label_per:cities_of_residence_fscore_std": 0.040093768693724,
    "label_per:spouse_fscore_mean": 1.0,
    "label_per:spouse_fscore_std": 0.0,
    "label_org:top_members/employees_fscore_mean": 0.7242063492063492,
    "label_org:top_members/employees_fscore_std": 0.10452037453226926,
    "loss_mean": 1.203530455629031,
    "loss_std": 0.18320548411224777
}