{
    "model_count": 5,
    "accuracy_mean": 0.8478095238095238,
    "accuracy_std": 0.009768290594253793,
    "macro_fscore_mean": 0.8514886924450108,
    "macro_fscore_std": 0.011217217769186608,
    "micro_fscore_mean": 0.8494495455362266,
    "micro_fscore_std": 0.010547531465219402,
    "label_org-has-member_fscore_mean": 0.986216268685692,
    "label_org-has-member_fscore_std": 0.0053166623714343015,
    "label_has-edu_fscore_mean": 0.7771988795518208,
    "label_has-edu_fscore_std": 0.023422961818067363,
    "label_has-spouse_fscore_mean": 0.9520688275310124,
    "label_has-spouse_fscore_std": 0.011588699015343505,
    "label_birth-place_fscore_mean": 0.7533374281639627,
    "label_birth-place_fscore_std": 0.02242814597133329,
    "label_has-occupation_fscore_mean": 0.9188509735751007,
    "label_has-occupation_fscore_std": 0.030357839110156215,
    "label_has-child_fscore_mean": 0.7807858773493449,
    "label_has-child_fscore_std": 0.07980638690794344,
    "label_has-genre_fscore_mean": 0.9779785978597859,
    "label_has-genre_fscore_std": 0.008334562585525992,
    "label_has-author_fscore_mean": 0.9263017947347862,
    "label_has-author_fscore_std": 0.00742334727370851,
    "label_won-award_fscore_mean": 0.6168613696316623,
    "label_won-award_fscore_std": 0.037099412631290705,
    "label_has-parent_fscore_mean": 0.8478225583305571,
    "label_has-parent_fscore_std": 0.037771016891395136,
    "label_from-country_fscore_mean": 0.6770622262697865,
    "label_from-country_fscore_std": 0.07201924722577725,
    "label_is-where_fscore_mean": 0.958059405940594,
    "label_is-where_fscore_std": 0.017938779878985945,
    "label_org-has-founder_fscore_mean": 0.6970812546810568,
    "label_org-has-founder_fscore_std": 0.01996513400165038,
    "label_has-population_fscore_mean": 0.998019801980198,
    "label_has-population_fscore_std": 0.004427857381187756,
    "label_has-type_fscore_mean": 0.9321276033668922,
    "label_has-type_fscore_std": 0.026476476412340362,
    "label_movie-has-director_fscore_mean": 0.8929702874742464,
    "label_movie-has-director_fscore_std": 0.011200893012021443,
    "label_event-year_fscore_mean": 0.9502455167485536,
    "label_event-year_fscore_std": 0.03823634945554822,
    "label_headquarters_fscore_mean": 0.963957195719572,
    "label_headquarters_fscore_std": 0.009194399912587,
    "label_org-leader_fscore_mean": 0.45313101160862357,
    "label_org-leader_fscore_std": 0.03856437173882472,
    "label_is-member-of_fscore_mean": 0.9696969696969697,
    "label_is-member-of_fscore_std": 0.0,
    "loss_mean": 0.6688176308434005,
    "loss_std": 0.12622184819917098
}