{
  "accuracy": 0.8342857142857143,
  "macro_fscore": 0.839008903268297,
  "micro_fscore": 0.8357320099255583,
  "label_has-edu_fscore": 0.8,
  "label_org-has-member_fscore": 0.99009900990099,
  "label_has-spouse_fscore": 0.9387755102040817,
  "label_birth-place_fscore": 0.7596899224806202,
  "label_has-occupation_fscore": 0.8727272727272728,
  "label_has-child_fscore": 0.6666666666666666,
  "label_has-genre_fscore": 0.9702970297029702,
  "label_has-author_fscore": 0.9320388349514563,
  "label_has-parent_fscore": 0.8070175438596492,
  "label_won-award_fscore": 0.6511627906976745,
  "label_from-country_fscore": 0.6216216216216216,
  "label_is-where_fscore": 0.94,
  "label_org-has-founder_fscore": 0.6720000000000002,
  "label_has-population_fscore": 0.99009900990099,
  "label_has-type_fscore": 0.9010989010989011,
  "label_movie-has-director_fscore": 0.8771929824561403,
  "label_event-year_fscore": 0.9696969696969697,
  "label_headquarters_fscore": 0.9702970297029702,
  "label_org-leader_fscore": 0.4799999999999999,
  "label_is-member-of_fscore": 0.9696969696969697,
  "loss": 0.7986467768522826
}