{
  "accuracy": 0.8476190476190476,
  "macro_fscore": 0.8454185983924161,
  "micro_fscore": 0.8466135458167331,
  "label_org-has-member_fscore": 0.99009900990099,
  "label_has-edu_fscore": 0.7857142857142857,
  "label_has-spouse_fscore": 0.9607843137254902,
  "label_birth-place_fscore": 0.7500000000000001,
  "label_has-occupation_fscore": 0.9056603773584904,
  "label_has-child_fscore": 0.8421052631578948,
  "label_has-genre_fscore": 0.98,
  "label_has-author_fscore": 0.9259259259259259,
  "label_has-parent_fscore": 0.8910891089108911,
  "label_won-award_fscore": 0.5569620253164557,
  "label_from-country_fscore": 0.6582278481012658,
  "label_is-where_fscore": 0.96,
  "label_org-has-founder_fscore": 0.6865671641791046,
  "label_has-population_fscore": 1.0,
  "label_has-type_fscore": 0.924731182795699,
  "label_movie-has-director_fscore": 0.9009009009009009,
  "label_event-year_fscore": 0.8823529411764707,
  "label_headquarters_fscore": 0.9494949494949495,
  "label_org-leader_fscore": 0.3880597014925373,
  "label_is-member-of_fscore": 0.9696969696969697,
  "loss": 0.6353561683755481
}