{
    "model_count": 5,
    "accuracy_mean": 0.7870820420812266,
    "accuracy_std": 0.010846579014644727,
    "macro_fscore_mean": 0.7362949415488068,
    "macro_fscore_std": 0.011687413879746002,
    "micro_fscore_mean": 0.7870820420812266,
    "micro_fscore_std": 0.010846579014644713,
    "label_capital_fscore_mean": 0.9039526481470812,
    "label_capital_fscore_std": 0.007221032058752479,
    "label_contains_administrative_territorial_entity_fscore_mean": 0.8489939435552768,
    "label_contains_administrative_territorial_entity_fscore_std": 0.00813995999396711,
    "label_parent_organization_fscore_mean": 0.7219356369110401,
    "label_parent_organization_fscore_std": 0.016866308007139993,
    "label_subsidiary_fscore_mean": 0.8618288285211615,
    "label_subsidiary_fscore_std": 0.020283109392405775,
    "label_composer_fscore_mean": 0.40480009927996985,
    "label_composer_fscore_std": 0.18370377046661793,
    "label_shares_border_with_fscore_mean": 0.7611967198989743,
    "label_shares_border_with_fscore_std": 0.05175907071051894,
    "label_father_fscore_mean": 0.6574680601079586,
    "label_father_fscore_std": 0.030474234088630574,
    "label_member_of_sports_team_fscore_mean": 0.9020985556385991,
    "label_member_of_sports_team_fscore_std": 0.03850072352141926,
    "label_capital_of_fscore_mean": 0.9617488257149021,
    "label_capital_of_fscore_std": 0.003500811932618306,
    "label_continent_fscore_mean": 0.937548952528893,
    "label_continent_fscore_std": 0.026526524924903917,
    "label_league_fscore_mean": 0.795511984027211,
    "label_league_fscore_std": 0.07395871044968608,
    "label_owned_by_fscore_mean": 0.1294478500438566,
    "label_owned_by_fscore_std": 0.05581107419045218,
    "label_mother_fscore_mean": 0.4851756834169371,
    "label_mother_fscore_std": 0.07806640372213858,
    "label_sport_fscore_mean": 0.5696500188493062,
    "label_sport_fscore_std": 0.08931830792989819,
    "label_original_language_of_film_or_TV_show_fscore_mean": 0.9207208045159075,
    "label_original_language_of_film_or_TV_show_fscore_std": 0.00756576711867371,
    "label_material_used_fscore_mean": 0.8507630508242717,
    "label_material_used_fscore_std": 0.038054362285236024,
    "label_nominated_for_fscore_mean": 0.07272727272727272,
    "label_nominated_for_fscore_std": 0.09958591954639384,
    "label_publisher_fscore_mean": 0.4858434120455637,
    "label_publisher_fscore_std": 0.07771705812330942,
    "label_place_of_birth_fscore_mean": 0.8753804755944931,
    "label_place_of_birth_fscore_std": 0.020495870928657227,
    "label_employer_fscore_mean": 0.7887036479546391,
    "label_employer_fscore_std": 0.06920935327766205,
    "label_tributary_fscore_mean": 0.9516819344338526,
    "label_tributary_fscore_std": 0.017002217850118365,
    "label_genre_fscore_mean": 0.8144279739735456,
    "label_genre_fscore_std": 0.034304343715876054,
    "label_director_fscore_mean": 0.6403128717139309,
    "label_director_fscore_std": 0.039924685876617905,
    "label_founded_by_fscore_mean": 0.7939665186075838,
    "label_founded_by_fscore_std": 0.01258904016866097,
    "label_position_held_fscore_mean": 0.8317226392424512,
    "label_position_held_fscore_std": 0.02172293917393987,
    "label_winner_fscore_mean": 0.9725985641141551,
    "label_winner_fscore_std": 0.004475963226499684,
    "label_educated_at_fscore_mean": 0.9280383144296014,
    "label_educated_at_fscore_std": 0.00754609424761552,
    "label_discoverer_or_inventor_fscore_mean": 0.8747125805693086,
    "label_discoverer_or_inventor_fscore_std": 0.011771850951463212,
    "label_color_fscore_mean": 0.9008232868628183,
    "label_color_fscore_std": 0.035149986687339985,
    "label_production_company_fscore_mean": 0.7669958422676626,
    "label_production_company_fscore_std": 0.052593027809084716,
    "label_place_of_death_fscore_mean": 0.688589406610912,
    "label_place_of_death_fscore_std": 0.08580333884376447,
    "label_ethnic_group_fscore_mean": 0.5550468769459902,
    "label_ethnic_group_fscore_std": 0.08825076666043905,
    "label_creator_fscore_mean": 0.7646662359693843,
    "label_creator_fscore_std": 0.05716174151859413,
    "label_child_fscore_mean": 0.8606134629447818,
    "label_child_fscore_std": 0.042456050449513436,
    "label_spouse_fscore_mean": 0.842878518049551,
    "label_spouse_fscore_std": 0.027395099217881722,
    "label_named_after_fscore_mean": 0.2386449456975773,
    "label_named_after_fscore_std": 0.05031941546907086,
    "label_writing_system_fscore_mean": 0.983588858499417,
    "label_writing_system_fscore_std": 0.007334340170095283,
    "label_present_in_work_fscore_mean": 0.831801921289769,
    "label_present_in_work_fscore_std": 0.04628956729219758,
    "label_screenwriter_fscore_mean": 0.5124655440595709,
    "label_screenwriter_fscore_std": 0.09804272593082772,
    "label_producer_fscore_mean": 0.40267297495697835,
    "label_producer_fscore_std": 0.17783689613476072,
    "label_student_of_fscore_mean": 0.7949062437477618,
    "label_student_of_fscore_std": 0.07582960146638364,
    "label_located_in_or_next_to_body_of_water_fscore_mean": 0.8926697531013049,
    "label_located_in_or_next_to_body_of_water_fscore_std": 0.040246793070754516,
    "label_award_received_fscore_mean": 0.9429468285722838,
    "label_award_received_fscore_std": 0.00835483967706307,
    "label_sibling_fscore_mean": 0.8292384291003791,
    "label_sibling_fscore_std": 0.02086301874035035,
    "label_member_of_political_party_fscore_mean": 0.9205027209659012,
    "label_member_of_political_party_fscore_std": 0.040526148043833254,
    "label_manner_of_death_fscore_mean": 0.4727219318098366,
    "label_manner_of_death_fscore_std": 0.1558141828685435,
    "label_member_of_fscore_mean": 0.7657721877879236,
    "label_member_of_fscore_std": 0.07954381036521692,
    "label_country_of_citizenship_fscore_mean": 0.6113197690760663,
    "label_country_of_citizenship_fscore_std": 0.06601665706447207,
    "label_occupation_fscore_mean": 0.8134382238626297,
    "label_occupation_fscore_std": 0.07607648980352848,
    "label_participant_fscore_mean": 0.9131171924051181,
    "label_participant_fscore_std": 0.02351695604778757,
    "label_performer_fscore_mean": 0.502662997017787,
    "label_performer_fscore_std": 0.04967124539790717,
    "loss_mean": 0.8555265238440674,
    "loss_std": 0.04038450328106157
}