{
  "accuracy": 0.8015005708693524,
  "macro_fscore": 0.7471464280946701,
  "micro_fscore": 0.8015005708693524,
  "label_capital_fscore": 0.9147982062780268,
  "label_contains_administrative_territorial_entity_fscore": 0.8370607028753994,
  "label_parent_organization_fscore": 0.7021276595744682,
  "label_subsidiary_fscore": 0.8505747126436782,
  "label_composer_fscore": 0.6043956043956044,
  "label_shares_border_with_fscore": 0.6818181818181818,
  "label_father_fscore": 0.6359223300970874,
  "label_member_of_sports_team_fscore": 0.951219512195122,
  "label_capital_of_fscore": 0.961904761904762,
  "label_continent_fscore": 0.8943488943488944,
  "label_league_fscore": 0.8177339901477833,
  "label_owned_by_fscore": 0.13114754098360654,
  "label_mother_fscore": 0.37383177570093457,
  "label_sport_fscore": 0.5621621621621622,
  "label_original_language_of_film_or_TV_show_fscore": 0.9261083743842364,
  "label_material_used_fscore": 0.9062499999999999,
  "label_nominated_for_fscore": 0,
  "label_publisher_fscore": 0.3888888888888889,
  "label_place_of_birth_fscore": 0.9042553191489361,
  "label_employer_fscore": 0.839378238341969,
  "label_tributary_fscore": 0.9411764705882352,
  "label_genre_fscore": 0.8490566037735849,
  "label_director_fscore": 0.6506550218340611,
  "label_founded_by_fscore": 0.7986577181208053,
  "label_position_held_fscore": 0.8238341968911918,
  "label_winner_fscore": 0.9696969696969697,
  "label_educated_at_fscore": 0.9236947791164659,
  "label_discoverer_or_inventor_fscore": 0.8848920863309353,
  "label_color_fscore": 0.9509043927648579,
  "label_production_company_fscore": 0.7590361445783131,
  "label_place_of_death_fscore": 0.7741935483870968,
  "label_ethnic_group_fscore": 0.5228758169934641,
  "label_creator_fscore": 0.7604166666666666,
  "label_child_fscore": 0.8814814814814814,
  "label_spouse_fscore": 0.8561151079136692,
  "label_named_after_fscore": 0.22222222222222224,
  "label_writing_system_fscore": 0.9750889679715302,
  "label_present_in_work_fscore": 0.8955223880597014,
  "label_screenwriter_fscore": 0.6064516129032258,
  "label_producer_fscore": 0.5918367346938775,
  "label_student_of_fscore": 0.7865168539325842,
  "label_located_in_or_next_to_body_of_water_fscore": 0.8344370860927153,
  "label_award_received_fscore": 0.9408602150537635,
  "label_sibling_fscore": 0.8205128205128206,
  "label_member_of_political_party_fscore": 0.9501312335958005,
  "label_manner_of_death_fscore": 0.6862745098039217,
  "label_member_of_fscore": 0.7709497206703911,
  "label_country_of_citizenship_fscore": 0.5263157894736842,
  "label_occupation_fscore": 0.8676470588235293,
  "label_participant_fscore": 0.9333333333333333,
  "label_performer_fscore": 0.4657534246575342,
  "loss": 0.8025070215226151
}