{
  "accuracy": 0.7775240580655685,
  "macro_fscore": 0.7200016956096045,
  "micro_fscore": 0.7775240580655685,
  "label_capital_fscore": 0.8949771689497718,
  "label_contains_administrative_territorial_entity_fscore": 0.8451612903225807,
  "label_parent_organization_fscore": 0.7122507122507122,
  "label_subsidiary_fscore": 0.8402366863905325,
  "label_composer_fscore": 0.31292517006802717,
  "label_shares_border_with_fscore": 0.7358490566037735,
  "label_father_fscore": 0.6945812807881774,
  "label_member_of_sports_team_fscore": 0.8712328767123286,
  "label_capital_of_fscore": 0.9615384615384616,
  "label_continent_fscore": 0.935064935064935,
  "label_league_fscore": 0.7103594080338267,
  "label_owned_by_fscore": 0.14634146341463417,
  "label_mother_fscore": 0.4910714285714286,
  "label_sport_fscore": 0.4971751412429378,
  "label_original_language_of_film_or_TV_show_fscore": 0.9126213592233009,
  "label_material_used_fscore": 0.8375451263537906,
  "label_nominated_for_fscore": 0,
  "label_publisher_fscore": 0.4285714285714286,
  "label_place_of_birth_fscore": 0.88,
  "label_employer_fscore": 0.8324324324324325,
  "label_tributary_fscore": 0.9696969696969696,
  "label_genre_fscore": 0.8137931034482758,
  "label_director_fscore": 0.6588235294117647,
  "label_founded_by_fscore": 0.8066666666666666,
  "label_position_held_fscore": 0.8659793814432989,
  "label_winner_fscore": 0.9693877551020409,
  "label_educated_at_fscore": 0.921259842519685,
  "label_discoverer_or_inventor_fscore": 0.8723404255319149,
  "label_color_fscore": 0.9115281501340483,
  "label_production_company_fscore": 0.7909604519774011,
  "label_place_of_death_fscore": 0.5511111111111111,
  "label_ethnic_group_fscore": 0.4217687074829932,
  "label_creator_fscore": 0.8042328042328043,
  "label_child_fscore": 0.8266666666666668,
  "label_spouse_fscore": 0.8301886792452831,
  "label_named_after_fscore": 0.32,
  "label_writing_system_fscore": 0.989247311827957,
  "label_present_in_work_fscore": 0.8026315789473685,
  "label_screenwriter_fscore": 0.44799999999999995,
  "label_producer_fscore": 0.2517482517482518,
  "label_student_of_fscore": 0.8536585365853658,
  "label_located_in_or_next_to_body_of_water_fscore": 0.9202453987730062,
  "label_award_received_fscore": 0.9408602150537635,
  "label_sibling_fscore": 0.7978142076502732,
  "label_member_of_political_party_fscore": 0.926829268292683,
  "label_manner_of_death_fscore": 0.25,
  "label_member_of_fscore": 0.7634408602150538,
  "label_country_of_citizenship_fscore": 0.6622516556291391,
  "label_occupation_fscore": 0.8825622775800712,
  "label_participant_fscore": 0.9166666666666665,
  "label_performer_fscore": 0.4397905759162304,
  "loss": 0.8823500234866515
}