{
  "accuracy": 0.7789920078290654,
  "macro_fscore": 0.7296254288087829,
  "micro_fscore": 0.7789920078290654,
  "label_capital_fscore": 0.9041095890410958,
  "label_contains_administrative_territorial_entity_fscore": 0.8571428571428571,
  "label_parent_organization_fscore": 0.7162534435261708,
  "label_subsidiary_fscore": 0.8518518518518517,
  "label_composer_fscore": 0.13636363636363638,
  "label_shares_border_with_fscore": 0.7884615384615384,
  "label_father_fscore": 0.6208955223880598,
  "label_member_of_sports_team_fscore": 0.8855721393034826,
  "label_capital_of_fscore": 0.9615384615384616,
  "label_continent_fscore": 0.9655172413793104,
  "label_owned_by_fscore": 0.05555555555555555,
  "label_league_fscore": 0.9055555555555556,
  "label_mother_fscore": 0.5878378378378378,
  "label_sport_fscore": 0.7239819004524886,
  "label_original_language_of_film_or_TV_show_fscore": 0.9126213592233009,
  "label_material_used_fscore": 0.8717948717948718,
  "label_nominated_for_fscore": 0.18181818181818182,
  "label_publisher_fscore": 0.5393258426966293,
  "label_place_of_birth_fscore": 0.8470588235294118,
  "label_employer_fscore": 0.7370892018779343,
  "label_tributary_fscore": 0.9275362318840581,
  "label_genre_fscore": 0.7583892617449666,
  "label_director_fscore": 0.5694915254237288,
  "label_founded_by_fscore": 0.7924528301886792,
  "label_position_held_fscore": 0.817391304347826,
  "label_winner_fscore": 0.9795918367346939,
  "label_educated_at_fscore": 0.9322709163346613,
  "label_discoverer_or_inventor_fscore": 0.8872727272727272,
  "label_color_fscore": 0.9051490514905149,
  "label_production_company_fscore": 0.7796610169491526,
  "label_place_of_death_fscore": 0.7225806451612903,
  "label_ethnic_group_fscore": 0.6408839779005525,
  "label_creator_fscore": 0.7134502923976609,
  "label_child_fscore": 0.8090614886731391,
  "label_spouse_fscore": 0.803088803088803,
  "label_named_after_fscore": 0.1904761904761905,
  "label_writing_system_fscore": 0.9787234042553192,
  "label_present_in_work_fscore": 0.7870967741935485,
  "label_screenwriter_fscore": 0.39682539682539686,
  "label_producer_fscore": 0.23952095808383234,
  "label_student_of_fscore": 0.8343558282208589,
  "label_located_in_or_next_to_body_of_water_fscore": 0.8662420382165604,
  "label_award_received_fscore": 0.9433962264150945,
  "label_sibling_fscore": 0.8351648351648352,
  "label_member_of_political_party_fscore": 0.9536082474226804,
  "label_manner_of_death_fscore": 0.5056179775280898,
  "label_participant_fscore": 0.937799043062201,
  "label_member_of_fscore": 0.8571428571428572,
  "label_occupation_fscore": 0.6916666666666668,
  "label_country_of_citizenship_fscore": 0.5641025641025641,
  "label_performer_fscore": 0.5405405405405405,
  "loss": 0.9065749345512207
}