{
  "accuracy": 0.795791877344642,
  "macro_fscore": 0.7471115697789981,
  "micro_fscore": 0.795791877344642,
  "label_capital_fscore": 0.9009009009009008,
  "label_contains_administrative_territorial_entity_fscore": 0.8553054662379421,
  "label_parent_organization_fscore": 0.7401574803149605,
  "label_subsidiary_fscore": 0.8789808917197451,
  "label_composer_fscore": 0.4556962025316456,
  "label_shares_border_with_fscore": 0.8037383177570092,
  "label_father_fscore": 0.6554216867469879,
  "label_member_of_sports_team_fscore": 0.935064935064935,
  "label_capital_of_fscore": 0.966824644549763,
  "label_continent_fscore": 0.9451697127937337,
  "label_league_fscore": 0.7933491686460807,
  "label_owned_by_fscore": 0.10619469026548672,
  "label_mother_fscore": 0.46009389671361495,
  "label_sport_fscore": 0.53551912568306,
  "label_original_language_of_film_or_TV_show_fscore": 0.928395061728395,
  "label_material_used_fscore": 0.8259385665529011,
  "label_nominated_for_fscore": 0,
  "label_publisher_fscore": 0.5783132530120482,
  "label_place_of_birth_fscore": 0.875,
  "label_employer_fscore": 0.8418079096045197,
  "label_tributary_fscore": 0.9600000000000001,
  "label_genre_fscore": 0.8333333333333334,
  "label_director_fscore": 0.6651685393258426,
  "label_founded_by_fscore": 0.7733333333333334,
  "label_position_held_fscore": 0.8393782383419689,
  "label_winner_fscore": 0.9746192893401016,
  "label_educated_at_fscore": 0.9392712550607287,
  "label_discoverer_or_inventor_fscore": 0.8582089552238806,
  "label_color_fscore": 0.8777777777777778,
  "label_production_company_fscore": 0.8228571428571428,
  "label_place_of_death_fscore": 0.6666666666666667,
  "label_ethnic_group_fscore": 0.625,
  "label_creator_fscore": 0.8387096774193549,
  "label_child_fscore": 0.8720000000000001,
  "label_spouse_fscore": 0.85,
  "label_named_after_fscore": 0.25000000000000006,
  "label_writing_system_fscore": 0.9820788530465949,
  "label_present_in_work_fscore": 0.8652482269503546,
  "label_screenwriter_fscore": 0.6202531645569619,
  "label_producer_fscore": 0.5945945945945945,
  "label_student_of_fscore": 0.6666666666666666,
  "label_located_in_or_next_to_body_of_water_fscore": 0.9212121212121213,
  "label_award_received_fscore": 0.9333333333333333,
  "label_sibling_fscore": 0.8410256410256411,
  "label_member_of_political_party_fscore": 0.9189189189189189,
  "label_manner_of_death_fscore": 0.4772727272727272,
  "label_member_of_fscore": 0.6396396396396395,
  "label_participant_fscore": 0.890909090909091,
  "label_country_of_citizenship_fscore": 0.6842105263157894,
  "label_occupation_fscore": 0.8300395256916996,
  "label_performer_fscore": 0.5090909090909091,
  "loss": 0.8368431905594965
}