{"model_count": 5, "accuracy_mean": 0.8088, "accuracy_std": 0.06402499511909393, "loss_mean": 1.3352259469218553, "loss_std": 0.5228907565584145}