{
    "model_count": 5,
    "em_accuracy_mean": 0.476119883983242,
    "em_accuracy_std": 0.017874445052749002,
    "loss_mean": 0.0,
    "loss_std": 0.0
}