{
  "accuracy": 0.960328317373461,
  "macro_fscore": 0.9463920707548609,
  "micro_fscore": 0.9659574468085106,
  "loss": 0.19969403494842877
}