{
  "UAS": 0.8322160236275843,
  "LAS": 0.7562702170549904,
  "UEM": 0.128,
  "LEM": 0.056,
  "LOAS": 0.8669073179879049,
  "LOEM": 0.13,
  "loss": 3.680941268801689
}