{
  "UAS": 0.8392949228821902,
  "LAS": 0.7620364727392058,
  "UEM": 0.146,
  "LEM": 0.065,
  "LOAS": 0.8682199615582954,
  "LOEM": 0.143,
  "loss": 4.134101718664169
}