{
  "em_accuracy": 0.16787790697674418,
  "loss": 2.45407266533652
}