{
  "em_accuracy": 0.20348837209302326,
  "loss": 2.3250530583913935
}