{
  "em_accuracy": 0.16642441860465115,
  "loss": 2.467333456804586
}