{
  "em_accuracy": 0.17369186046511628,
  "loss": 2.466892588970273
}