{"model_count": 10, "em_accuracy_mean": 0.17845203488372094, "em_accuracy_std": 0.025491040817081884, "loss_mean": 2.424864876616833, "loss_std": 0.10205908721453022}