{
  "accuracy": 0.9090909090909091,
  "macro_fscore": 0.6236769214495644,
  "micro_fscore": 0.9100084104289319,
  "loss": 0.4573469290447732
}