{
  "accuracy": 0.9149291075896581,
  "macro_fscore": 0.6397434436943655,
  "micro_fscore": 0.9174389216512215,
  "loss": 0.39098613856049874
}