{
  "accuracy": 0.9099249374478732,
  "macro_fscore": 0.6669788979855401,
  "micro_fscore": 0.912,
  "loss": 0.44678935351005444
}