{
  "accuracy": 0.914095079232694,
  "macro_fscore": 0.6589469351006154,
  "micro_fscore": 0.9176867876741241,
  "loss": 0.35535408749555547
}