{
  "em_accuracy": 0.4817110219953822,
  "loss": 1.5326928727835127
}