{
  "em_accuracy": 0.4960505529225908,
  "loss": 1.524182756896158
}