{
  "em_accuracy": 0.4971442459594118,
  "loss": 1.520291193017682
}