{
  "em_accuracy": 0.5090533479159072,
  "loss": 1.4986594179301587
}