{
  "em_accuracy": 0.4855997083485235,
  "loss": 1.5170543030627723
}