{
  "em_accuracy": 0.4909466520840928,
  "loss": 1.5327067264075418
}