{
  "em_accuracy": 0.5137926844087981,
  "loss": 1.4827756394460363
}