{
    "model_count": 5,
    "accuracy_mean": 0.416078431372549,
    "accuracy_std": 0.036139122014046975,
    "macro_fscore_mean": 0.3339625491711641,
    "macro_fscore_std": 0.06395234683470943,
    "micro_fscore_mean": 0.4029190858924617,
    "micro_fscore_std": 0.052792770475536537,
    "label_per:cities_of_residence_fscore_mean": 0.04444444444444444,
    "label_per:cities_of_residence_fscore_std": 0.09938079899999064,
    "label_per:countries_of_residence_fscore_mean": 0.27582633053221284,
    "label_per:countries_of_residence_fscore_std": 0.20144038167502343,
    "label_per:date_of_death_fscore_mean": 0.49529411764705883,
    "label_per:date_of_death_fscore_std": 0.09415440458690282,
    "label_org:number_of_employees/members_fscore_mean": 0.5274725274725275,
    "label_org:number_of_employees/members_fscore_std": 0.0601892920335348,
    "label_per:country_of_birth_fscore_mean": 0.15,
    "label_per:country_of_birth_fscore_std": 0.13693063937629152,
    "label_per:title_fscore_mean": 0.6035954415954415,
    "label_per:title_fscore_std": 0.04046338559711389,
    "label_per:parents_fscore_mean": 0.2849439775910364,
    "label_per:parents_fscore_std": 0.13389467449693992,
    "label_org:city_of_headquarters_fscore_mean": 0.32542735042735044,
    "label_org:city_of_headquarters_fscore_std": 0.16277157328078823,
    "label_org:political/religious_affiliation_fscore_mean": 0.1,
    "label_org:political/religious_affiliation_fscore_std": 0.05590169943749474,
    "label_org:alternate_names_fscore_mean": 0.5340999557717824,
    "label_org:alternate_names_fscore_std": 0.06896312396957574,
    "label_per:other_family_fscore_mean": 0.07686274509803923,
    "label_per:other_family_fscore_std": 0.07045739507913948,
    "label_per:cause_of_death_fscore_mean": 0.6650154798761609,
    "label_per:cause_of_death_fscore_std": 0.0525890680014566,
    "label_per:children_fscore_mean": 0.3412587412587412,
    "label_per:children_fscore_std": 0.3128305870349869,
    "label_org:founded_fscore_mean": 0.32783882783882784,
    "label_org:founded_fscore_std": 0.10849233127926655,
    "label_org:website_fscore_mean": 0.7876456876456877,
    "label_org:website_fscore_std": 0.08854894625501715,
    "label_per:schools_attended_fscore_mean": 0.3976982097186701,
    "label_per:schools_attended_fscore_std": 0.221241942531308,
    "label_per:religion_fscore_mean": 0.06666666666666668,
    "label_per:religion_fscore_std": 0.149071198499986,
    "label_per:origin_fscore_mean": 0.14534798534798535,
    "label_per:origin_fscore_std": 0.008677531205764713,
    "label_per:stateorprovince_of_birth_fscore_mean": 0.26666666666666666,
    "label_per:stateorprovince_of_birth_fscore_std": 0.3651483716701107,
    "label_per:stateorprovinces_of_residence_fscore_mean": 0.3991830065359477,
    "label_per:stateorprovinces_of_residence_fscore_std": 0.24158953989850637,
    "label_per:spouse_fscore_mean": 0.5476190476190477,
    "label_per:spouse_fscore_std": 0.13883218797250718,
    "label_org:members_fscore_mean": 0.08352941176470588,
    "label_org:members_fscore_std": 0.1312964368338285,
    "label_per:alternate_names_fscore_mean": 0.18021978021978022,
    "label_per:alternate_names_fscore_std": 0.05897322138460982,
    "label_org:dissolved_fscore_mean": 0,
    "label_org:dissolved_fscore_std": 0.0,
    "label_per:charges_fscore_mean": 0.12867132867132866,
    "label_per:charges_fscore_std": 0.2020482916339148,
    "label_per:date_of_birth_fscore_mean": 0.8634130781499203,
    "label_per:date_of_birth_fscore_std": 0.05784381396746489,
    "label_org:founded_by_fscore_mean": 0.0841025641025641,
    "label_org:founded_by_fscore_std": 0.12187446791805495,
    "label_per:employee_of_fscore_mean": 0.4110622710622711,
    "label_per:employee_of_fscore_std": 0.11131505923737559,
    "label_org:stateorprovince_of_headquarters_fscore_mean": 0.41737161531279177,
    "label_org:stateorprovince_of_headquarters_fscore_std": 0.10168282699533518,
    "label_org:top_members/employees_fscore_mean": 0.38135847640491605,
    "label_org:top_members/employees_fscore_std": 0.12819529094137452,
    "label_per:city_of_death_fscore_mean": 0.5545920745920746,
    "label_per:city_of_death_fscore_std": 0.10040187449552285,
    "label_org:member_of_fscore_mean": 0,
    "label_org:member_of_fscore_std": 0.0,
    "label_per:siblings_fscore_mean": 0.5439918776875298,
    "label_per:siblings_fscore_std": 0.17489111442993316,
    "label_per:age_fscore_mean": 0.9150915750915751,
    "label_per:age_fscore_std": 0.03266898235209891,
    "label_org:subsidiaries_fscore_mean": 0.13999999999999999,
    "label_org:subsidiaries_fscore_std": 0.21908902300206642,
    "label_org:country_of_headquarters_fscore_mean": 0.18874458874458874,
    "label_org:country_of_headquarters_fscore_std": 0.19346823565944612,
    "label_per:stateorprovince_of_death_fscore_mean": 0.39999999999999997,
    "label_per:stateorprovince_of_death_fscore_std": 0.3651483716701107,
    "label_org:parents_fscore_mean": 0,
    "label_org:parents_fscore_std": 0.0,
    "label_per:city_of_birth_fscore_mean": 0.7034461152882205,
    "label_per:city_of_birth_fscore_std": 0.09670753754577238,
    "label_org:shareholders_fscore_mean": 0,
    "label_org:shareholders_fscore_std": 0.0,
    "loss_mean": 2.3143601674586534,
    "loss_std": 0.16283260051341922
}