{
  "UAS": 0.8511615923047193,
  "LAS": 0.7681968480267961,
  "UEM": 0.201,
  "LEM": 0.071,
  "LOAS": 0.8483273929660325,
  "LOEM": 0.111,
  "loss": 5.5606081783771515
}