{
  "UAS": 0.8461802722549062,
  "LAS": 0.7670803452570103,
  "UEM": 0.194,
  "LEM": 0.071,
  "LOAS": 0.8490574140078155,
  "LOEM": 0.117,
  "loss": 3.9132386786597118
}