{
  "UAS": 0.8520204405891699,
  "LAS": 0.7731352256623868,
  "UEM": 0.205,
  "LEM": 0.068,
  "LOAS": 0.8515480740327221,
  "LOEM": 0.107,
  "loss": 4.692459553480148
}