{
  "accuracy": 0.31983805668016196,
  "macro_fscore": 0.34095658253840067,
  "micro_fscore": 0.3368421052631579,
  "label_per:stateorprovinces_of_residence_fscore": 0.20689655172413793,
  "label_org:subsidiaries_fscore": 0.0689655172413793,
  "label_per:employee_of_fscore": 0.06741573033707865,
  "label_per:country_of_birth_fscore": 0.1904761904761905,
  "label_per:title_fscore": 0.7741935483870968,
  "label_per:spouse_fscore": 0.5454545454545454,
  "label_per:alternate_names_fscore": 0.25,
  "label_org:founded_fscore": 0.6086956521739131,
  "label_org:country_of_headquarters_fscore": 0.31818181818181823,
  "label_org:alternate_names_fscore": 0.19047619047619047,
  "label_org:city_of_headquarters_fscore": 0.6268656716417911,
  "label_per:cities_of_residence_fscore": 0.45714285714285713,
  "label_org:stateorprovince_of_headquarters_fscore": 0.5714285714285714,
  "label_org:founded_by_fscore": 0.33333333333333337,
  "label_org:top_members/employees_fscore": 0.3,
  "label_org:members_fscore": 0.15384615384615385,
  "label_per:countries_of_residence_fscore": 0.32,
  "label_per:origin_fscore": 0.15384615384615385,
  "loss": 3.420273703913535
}