{
  "accuracy": 0.3785425101214575,
  "macro_fscore": 0.42088350411184894,
  "micro_fscore": 0.4225352112676056,
  "label_per:stateorprovinces_of_residence_fscore": 0.4,
  "label_org:subsidiaries_fscore": 0.18181818181818182,
  "label_per:employee_of_fscore": 0.22000000000000003,
  "label_per:country_of_birth_fscore": 0.4799999999999999,
  "label_per:title_fscore": 0.6428571428571429,
  "label_per:spouse_fscore": 0.9333333333333333,
  "label_per:alternate_names_fscore": 0,
  "label_org:founded_fscore": 0.6666666666666666,
  "label_org:country_of_headquarters_fscore": 0.631578947368421,
  "label_org:alternate_names_fscore": 0.3478260869565218,
  "label_org:city_of_headquarters_fscore": 0.5671641791044776,
  "label_per:cities_of_residence_fscore": 0.3888888888888889,
  "label_org:stateorprovince_of_headquarters_fscore": 0.5641025641025642,
  "label_org:founded_by_fscore": 0.4615384615384615,
  "label_org:top_members/employees_fscore": 0.2857142857142857,
  "label_org:members_fscore": 0.15384615384615385,
  "label_per:countries_of_residence_fscore": 0.46875000000000006,
  "label_per:origin_fscore": 0.18181818181818182,
  "loss": 3.161600689734182
}