{"model_count": 3, "accuracy_mean": 0.349527665317139, "accuracy_std": 0.029358043073963686, "macro_fscore_mean": 0.3785024371323459, "macro_fscore_std": 0.040182243057874795, "micro_fscore_mean": 0.3767030079492789, "micro_fscore_std": 0.04315749561319001, "label_per:stateorprovinces_of_residence_fscore_mean": 0.31040695868282075, "label_per:stateorprovinces_of_residence_fscore_std": 0.09730110602560803, "label_org:subsidiaries_fscore_mean": 0.10581678857540926, "label_org:subsidiaries_fscore_std": 0.0658291729374077, "label_per:employee_of_fscore_mean": 0.1684125041717655, "label_per:employee_of_fscore_std": 0.08747255227773423, "label_per:country_of_birth_fscore_mean": 0.28698412698412695, "label_per:country_of_birth_fscore_std": 0.1671566493653773, "label_per:title_fscore_mean": 0.716794674859191, "label_per:title_fscore_std": 0.06721203963930393, "label_per:spouse_fscore_mean": 0.7786435786435786, "label_per:spouse_fscore_std": 0.20550934544506705, "label_per:alternate_names_fscore_mean": 0.16666666666666666, "label_per:alternate_names_fscore_std": 0.14433756729740643, "label_org:founded_fscore_mean": 0.6069389547650417, "label_org:founded_fscore_std": 0.06062515213609977, "label_org:country_of_headquarters_fscore_mean": 0.3356345408976988, "label_org:country_of_headquarters_fscore_std": 0.2876154613125937, "label_org:alternate_names_fscore_mean": 0.26276742581090407, "label_org:alternate_names_fscore_std": 0.07944811421280212, "label_org:city_of_headquarters_fscore_mean": 0.6263204525318613, "label_org:city_of_headquarters_fscore_std": 0.05888555696389711, "label_per:cities_of_residence_fscore_mean": 0.45744917850181005, "label_per:cities_of_residence_fscore_std": 0.06871396237786769, "label_org:stateorprovince_of_headquarters_fscore_mean": 0.5848595848595849, "label_org:stateorprovince_of_headquarters_fscore_std": 0.029833435220685246, "label_org:founded_by_fscore_mean": 0.4078144078144078, "label_org:founded_by_fscore_std": 0.06657536449433737, "label_org:top_members/employees_fscore_mean": 0.3341269841269841, "label_org:top_members/employees_fscore_std": 0.0718374540436738, "label_org:members_fscore_mean": 0.12923076923076923, "label_org:members_fscore_std": 0.04263509680169546, "label_per:countries_of_residence_fscore_mean": 0.3616820987654321, "label_per:countries_of_residence_fscore_std": 0.09347790112320474, "label_per:origin_fscore_mean": 0.1724941724941725, "label_per:origin_fscore_std": 0.01614965787943009, "loss_mean": 3.0702414397270448, "loss_std": 0.4035440294041843}