{
  "accuracy": 0.546,
  "macro_fscore": 0.5153408898693426,
  "micro_fscore": 0.5853658536585366,
  "label_per:schools_attended_fscore": 0.888888888888889,
  "label_org:political/religious_affiliation_fscore": 0.23529411764705882,
  "label_per:country_of_birth_fscore": 0.6,
  "label_per:city_of_birth_fscore": 0.888888888888889,
  "label_per:children_fscore": 0.4,
  "label_per:alternate_names_fscore": 0.18181818181818182,
  "label_per:stateorprovince_of_birth_fscore": 0.8,
  "label_per:date_of_birth_fscore": 1.0,
  "label_org:number_of_employees/members_fscore": 0.6666666666666666,
  "label_per:origin_fscore": 0.13333333333333333,
  "label_per:city_of_death_fscore": 0.8888888888888888,
  "label_per:cities_of_residence_fscore": 0.47058823529411764,
  "label_org:members_fscore": 0,
  "label_org:founded_fscore": 0.5333333333333333,
  "label_per:countries_of_residence_fscore": 0.5,
  "label_org:city_of_headquarters_fscore": 0.42857142857142855,
  "label_per:other_family_fscore": 0,
  "label_org:dissolved_fscore": 0,
  "label_per:stateorprovince_of_death_fscore": 0.6666666666666666,
  "label_org:subsidiaries_fscore": 0.2222222222222222,
  "label_per:parents_fscore": 0.7857142857142856,
  "label_per:age_fscore": 0.962962962962963,
  "label_per:date_of_death_fscore": 0.5882352941176471,
  "label_per:cause_of_death_fscore": 0.9565217391304348,
  "label_org:alternate_names_fscore": 0.625,
  "label_per:siblings_fscore": 0.5333333333333333,
  "label_per:employee_of_fscore": 0.23529411764705882,
  "label_org:top_members/employees_fscore": 0.7407407407407407,
  "label_per:title_fscore": 0.7857142857142857,
  "label_per:charges_fscore": 0.7142857142857143,
  "label_org:website_fscore": 1.0,
  "label_org:founded_by_fscore": 0.6666666666666666,
  "label_org:parents_fscore": 0,
  "label_per:stateorprovinces_of_residence_fscore": 0.7142857142857143,
  "label_org:stateorprovince_of_headquarters_fscore": 0.14285714285714288,
  "label_per:spouse_fscore": 0.8235294117647058,
  "label_org:country_of_headquarters_fscore": 0.33333333333333337,
  "label_per:religion_fscore": 0.5,
  "label_org:member_of_fscore": 0,
  "label_org:shareholders_fscore": 0,
  "loss": 1.7726924577727914
}