{
    "model_count": 5,
    "accuracy_mean": 0.574,
    "accuracy_std": 0.04549725266430929,
    "macro_fscore_mean": 0.557522207366924,
    "macro_fscore_std": 0.06473763869089393,
    "micro_fscore_mean": 0.6105560162013651,
    "micro_fscore_std": 0.04841563586431746,
    "label_per:schools_attended_fscore_mean": 0.8454700854700854,
    "label_per:schools_attended_fscore_std": 0.03144091183869969,
    "label_org:political/religious_affiliation_fscore_mean": 0.4089635854341737,
    "label_org:political/religious_affiliation_fscore_std": 0.15361534546998618,
    "label_per:children_fscore_mean": 0.5648484848484848,
    "label_per:children_fscore_std": 0.11029637009529526,
    "label_per:date_of_birth_fscore_mean": 0.9904761904761905,
    "label_per:date_of_birth_fscore_std": 0.02129588549999802,
    "label_per:cities_of_residence_fscore_mean": 0.45108954512979277,
    "label_per:cities_of_residence_fscore_std": 0.12215687530739651,
    "label_org:members_fscore_mean": 0.24023299355107133,
    "label_org:members_fscore_std": 0.23216732162533446,
    "label_org:founded_fscore_mean": 0.6350653594771242,
    "label_org:founded_fscore_std": 0.10744999144782885,
    "label_per:countries_of_residence_fscore_mean": 0.4761120448179272,
    "label_per:countries_of_residence_fscore_std": 0.07880682046040477,
    "label_org:city_of_headquarters_fscore_mean": 0.5221583370190181,
    "label_org:city_of_headquarters_fscore_std": 0.17142574152957768,
    "label_per:stateorprovince_of_death_fscore_mean": 0.7880952380952381,
    "label_per:stateorprovince_of_death_fscore_std": 0.14196147795965566,
    "label_org:subsidiaries_fscore_mean": 0.3442735042735043,
    "label_org:subsidiaries_fscore_std": 0.18564763646915464,
    "label_per:parents_fscore_mean": 0.7726894158473105,
    "label_per:parents_fscore_std": 0.08211359522510478,
    "label_per:age_fscore_mean": 0.931054131054131,
    "label_per:age_fscore_std": 0.017837579307690685,
    "label_per:date_of_death_fscore_mean": 0.5843137254901961,
    "label_per:date_of_death_fscore_std": 0.08336216340973063,
    "label_org:alternate_names_fscore_mean": 0.7278708133971291,
    "label_org:alternate_names_fscore_std": 0.11495240205301424,
    "label_per:employee_of_fscore_mean": 0.29920168067226893,
    "label_per:employee_of_fscore_std": 0.08662093608790626,
    "label_org:top_members/employees_fscore_mean": 0.7103251016294494,
    "label_org:top_members/employees_fscore_std": 0.02217853563528534,
    "label_per:charges_fscore_mean": 0.709010989010989,
    "label_per:charges_fscore_std": 0.09235477606097481,
    "label_org:website_fscore_mean": 0.9512820512820512,
    "label_org:website_fscore_std": 0.07387107841480996,
    "label_org:founded_by_fscore_mean": 0.530952380952381,
    "label_org:founded_by_fscore_std": 0.1911446603469171,
    "label_org:parents_fscore_mean": 0.3288888888888889,
    "label_org:parents_fscore_std": 0.18485897193853706,
    "label_org:stateorprovince_of_headquarters_fscore_mean": 0.3577591036414566,
    "label_org:stateorprovince_of_headquarters_fscore_std": 0.20473473477328727,
    "label_per:spouse_fscore_mean": 0.8258169934640522,
    "label_per:spouse_fscore_std": 0.06327982252794888,
    "label_per:country_of_birth_fscore_mean": 0.4177777777777778,
    "label_per:country_of_birth_fscore_std": 0.24615562677418648,
    "label_per:city_of_birth_fscore_mean": 0.8875128998968008,
    "label_per:city_of_birth_fscore_std": 0.04382422333454722,
    "label_per:alternate_names_fscore_mean": 0.37162837162837165,
    "label_per:alternate_names_fscore_std": 0.1789857429287604,
    "label_per:stateorprovince_of_birth_fscore_mean": 0.6,
    "label_per:stateorprovince_of_birth_fscore_std": 0.18708286933869708,
    "label_org:number_of_employees/members_fscore_mean": 0.6666666666666666,
    "label_org:number_of_employees/members_fscore_std": 0.0,
    "label_per:origin_fscore_mean": 0.18045177045177047,
    "label_per:origin_fscore_std": 0.05225679106544139,
    "label_per:city_of_death_fscore_mean": 0.8878863826232247,
    "label_per:city_of_death_fscore_std": 0.10752532048531534,
    "label_per:other_family_fscore_mean": 0.17023809523809524,
    "label_per:other_family_fscore_std": 0.17835304106248323,
    "label_org:dissolved_fscore_mean": 0,
    "label_org:dissolved_fscore_std": 0.0,
    "label_per:cause_of_death_fscore_mean": 0.9280632411067193,
    "label_per:cause_of_death_fscore_std": 0.025978935533841903,
    "label_per:siblings_fscore_mean": 0.6238235294117647,
    "label_per:siblings_fscore_std": 0.06712966387816365,
    "label_per:title_fscore_mean": 0.7330824087345826,
    "label_per:title_fscore_std": 0.08641318568081335,
    "label_per:stateorprovinces_of_residence_fscore_mean": 0.5161172161172161,
    "label_per:stateorprovinces_of_residence_fscore_std": 0.14051570428694637,
    "label_org:country_of_headquarters_fscore_mean": 0.49253178194354663,
    "label_org:country_of_headquarters_fscore_std": 0.13926493770323642,
    "label_per:religion_fscore_mean": 0.3771428571428571,
    "label_per:religion_fscore_std": 0.24002550884845383,
    "label_org:member_of_fscore_mean": 0.09487179487179488,
    "label_org:member_of_fscore_std": 0.13914834411502705,
    "label_org:shareholders_fscore_mean": 0.35714285714285715,
    "label_org:shareholders_fscore_std": 0.33502969713024494,
    "loss_mean": 1.674991218559444,
    "loss_std": 0.12127176934667763
}