{
    "model_count": 5,
    "UAS_mean": 0.6954232232849943,
    "UAS_std": 0.013195930623449308,
    "LAS_mean": 0.5765607322842744,
    "LAS_std": 0.011088524966972456,
    "UEM_mean": 0.028,
    "UEM_std": 0.007483314773547883,
    "LEM_mean": 0.0064,
    "LEM_std": 0.0005477225575051661,
    "LOAS_mean": 0.7282731667180912,
    "LOAS_std": 0.006672410054691798,
    "LOEM_mean": 0.024399999999999998,
    "LOEM_std": 0.0020736441353327723,
    "loss_mean": 7.517353260517121,
    "loss_std": 0.8163337746448924
}