{
  "UAS": 0.699218348246426,
  "LAS": 0.5755425280263293,
  "UEM": 0.026,
  "LEM": 0.006,
  "LOAS": 0.7273989509410675,
  "LOEM": 0.026,
  "loss": 8.173235654830933
}