{
  "UAS": 0.6830710686002263,
  "LAS": 0.5719428160032911,
  "UEM": 0.022,
  "LEM": 0.006,
  "LOAS": 0.7308958140491618,
  "LOEM": 0.023,
  "loss": 7.417213469743729
}