{
  "UAS": 0.7133600740512187,
  "LAS": 0.5909698652679214,
  "UEM": 0.04,
  "LEM": 0.006,
  "LOAS": 0.7330042168055128,
  "LOEM": 0.024,
  "loss": 7.991383299231529
}