{
  "UAS": 0.03023768224649571,
  "LAS": 0.005813135811729408,
  "UEM": 0.0,
  "LEM": 0.0,
  "LOAS": 0.11804416108011814,
  "LOEM": 0.0,
  "loss": 5.7695106863975525
}