{
  "UAS": 0.8427640523182223,
  "LAS": 0.7738502648727205,
  "UEM": 0.123,
  "LEM": 0.061,
  "LOAS": 0.8851905677183441,
  "LOEM": 0.165,
  "loss": 4.499662682414055
}