{
  "UAS": 0.8099010829309455,
  "LAS": 0.7427218602034598,
  "UEM": 0.082,
  "LEM": 0.049,
  "LOAS": 0.8716422108668136,
  "LOEM": 0.133,
  "loss": 3.7464929074048996
}