{
  "em_accuracy": 0.587874659400545,
  "loss": 1.4578329778235892
}