{
  "em_accuracy": 0.5977520435967303,
  "loss": 1.4632547407046608
}