{
  "em_accuracy": 0.5885558583106267,
  "loss": 1.501150352475436
}