{
  "accuracy": 0.8504347826086956,
  "loss": 1.095495521194405
}