{
  "accuracy": 0.837391304347826,
  "loss": 1.0494021123482122
}