{
  "accuracy": 0.8321739130434782,
  "loss": 1.1835346660680242
}