{
  "accuracy": 0.8304347826086956,
  "loss": 1.2556691293915112
}