{
  "UAS": 0.4019933554817276,
  "LAS": 0.2749842866121936,
  "UEM": 0.025025025025025027,
  "LEM": 0.003003003003003003,
  "loss": 2.626769332658677
}