{
  "UAS": 0.38574122295052526,
  "LAS": 0.2603932836490976,
  "UEM": 0.025025025025025027,
  "LEM": 0.002002002002002002,
  "loss": 2.666559172055078
}