{
  "UAS": 0.37487653766723533,
  "LAS": 0.2484062135224926,
  "UEM": 0.026026026026026026,
  "LEM": 0.002002002002002002,
  "loss": 2.7035578508225697
}