{
    "model_count": 5,
    "UAS_mean": 0.3897458920714735,
    "UAS_std": 0.015596138966766033,
    "LAS_mean": 0.2631139445092933,
    "LAS_std": 0.013462578335101847,
    "UEM_mean": 0.025825825825825828,
    "UEM_std": 0.0008374975240581335,
    "LEM_mean": 0.0028028028028028026,
    "LEM_std": 0.0013051456266671968,
    "loss_mean": 2.671731642692808,
    "loss_std": 0.02899199031428648
}