{
  "UAS": 0.6775855941239189,
  "LAS": 0.4832365833432058,
  "UEM": 0.055,
  "LEM": 0.012,
  "LOAS": 0.6279469257197015,
  "LOEM": 0.022,
  "loss": 9.28770735528734
}