{
  "UAS": 0.6838644710342376,
  "LAS": 0.494846582158512,
  "UEM": 0.063,
  "LEM": 0.014,
  "LOAS": 0.6390238123445089,
  "LOEM": 0.022,
  "loss": 10.233266085386276
}