{
    "model_count": 5,
    "UAS_mean": 0.6842080322236702,
    "UAS_std": 0.005757416642765943,
    "LAS_mean": 0.4888875725624926,
    "LAS_std": 0.006691763422130221,
    "UEM_mean": 0.0616,
    "UEM_std": 0.004037325847637271,
    "LEM_mean": 0.014,
    "LEM_std": 0.002121320343559643,
    "LOAS_mean": 0.6316550171780595,
    "LOAS_std": 0.00829355439037108,
    "LOEM_mean": 0.0224,
    "LOEM_std": 0.002880972058177587,
    "loss_mean": 8.60761402481132,
    "loss_std": 1.114525914966387
}