{
  "accuracy": 0.8416289592760181,
  "macro_fscore": 0.6400442908650988,
  "micro_fscore": 0.840855106888361,
  "loss": 0.46594685103212086
}