{
  "accuracy": 0.8280542986425339,
  "macro_fscore": 0.668031303082013,
  "micro_fscore": 0.8246445497630333,
  "loss": 0.6724193966282266
}