{
  "UAS": 0.458534527213914,
  "LAS": 0.3978247620833529,
  "UEM": 0.041,
  "LEM": 0.026,
  "loss": 2.0604659224313404
}