{
  "UAS": 0.4558623599456191,
  "LAS": 0.395902676855281,
  "UEM": 0.037,
  "LEM": 0.025,
  "loss": 2.110203014479743
}