{
  "UAS": 0.4577844451736909,
  "LAS": 0.397684121700811,
  "UEM": 0.039,
  "LEM": 0.024,
  "loss": 2.07650363445282
}