{
  "UAS": 0.45239323050958696,
  "LAS": 0.3925741878017908,
  "UEM": 0.041,
  "LEM": 0.028,
  "loss": 2.0873995262479026
}