{
    "model_count": 5,
    "em_accuracy_mean": 0.8160510715914273,
    "em_accuracy_std": 0.0013333507995634552,
    "loss_mean": 0.0,
    "loss_std": 0.0
}