{
  "accuracy": 0.792,
  "macro_fscore": 0.7849025131588702,
  "micro_fscore": 0.7673267326732675,
  "label_has-type_fscore": 0.5142857142857143,
  "label_has-occupation_fscore": 0.7317073170731706,
  "label_has-population_fscore": 1.0,
  "label_has-genre_fscore": 0.8936170212765958,
  "loss": 1.1433375785127282
}