{
    "model_count": 5,
    "UAS_mean": 0.820278249615789,
    "UAS_std": 0.008626434137482828,
    "LAS_mean": 0.7626304295074011,
    "LAS_std": 0.010008272381895085,
    "UEM_mean": 0.0474,
    "UEM_std": 0.03129376934790694,
    "LEM_mean": 0.0206,
    "LEM_std": 0.016318700928689145,
    "LOAS_mean": 0.8727735986411065,
    "LOAS_std": 0.004407331770664926,
    "LOEM_mean": 0.1412,
    "LOEM_std": 0.012296340919151515,
    "loss_mean": 5.630214692652226,
    "loss_std": 0.6194517240368577
}