{
  "UAS": 0.8293294507805549,
  "LAS": 0.7762678961417132,
  "UEM": 0.088,
  "LEM": 0.046,
  "LOAS": 0.8764862897355011,
  "LOEM": 0.153,
  "loss": 5.300454422831535
}