{
  "UAS": 0.8117770767613038,
  "LAS": 0.7554396182156434,
  "UEM": 0.029,
  "LEM": 0.011,
  "LOAS": 0.8738574779584243,
  "LOEM": 0.143,
  "loss": 6.588892988860607
}