{
  "UAS": 0.8157000727978646,
  "LAS": 0.7604141389630349,
  "UEM": 0.027,
  "LEM": 0.014,
  "LOAS": 0.8769311655746987,
  "LOEM": 0.153,
  "loss": 5.909405052661896
}