{
  "UAS": 0.8298552131359702,
  "LAS": 0.7691498827145515,
  "UEM": 0.074,
  "LEM": 0.027,
  "LOAS": 0.8699344819218636,
  "LOEM": 0.129,
  "loss": 5.084513992071152
}