{
  "UAS": 0.8565936899348366,
  "LAS": 0.7437063428812526,
  "UEM": 0.157,
  "LEM": 0.043,
  "LOAS": 0.8410763677277202,
  "LOEM": 0.077,
  "loss": 4.650815449655056
}