{
  "UAS": 0.8567812104448924,
  "LAS": 0.7399559326801369,
  "UEM": 0.156,
  "LEM": 0.036,
  "LOAS": 0.8392949228821902,
  "LOEM": 0.059,
  "loss": 3.872322864830494
}