{
  "UAS": 0.8602503398809245,
  "LAS": 0.7481599549950776,
  "UEM": 0.156,
  "LEM": 0.044,
  "LOAS": 0.8436547747409873,
  "LOEM": 0.081,
  "loss": 3.76494662463665
}