{
  "UAS": 0.8560780085321832,
  "LAS": 0.7457221883643523,
  "UEM": 0.153,
  "LEM": 0.042,
  "LOAS": 0.8437016548685012,
  "LOEM": 0.072,
  "loss": 2.7482942938804626
}