{
    "model_count": 2,
    "em_accuracy_mean": 0.6415190735694822,
    "em_accuracy_std": 0.009392767188785817,
    "loss_mean": 0.0,
    "loss_std": 0.0
}