{
    "model_count": 5,
    "UAS_mean": 0.8042373752956906,
    "UAS_std": 0.00878526316837235,
    "LAS_mean": 0.682957934793788,
    "LAS_std": 0.005877412807803847,
    "UEM_mean": 0.147,
    "UEM_std": 0.005244044240850763,
    "LEM_mean": 0.0302,
    "LEM_std": 0.002387467277262665,
    "LOAS_mean": 0.7829887894682711,
    "LOAS_std": 0.0034809457987802868,
    "LOEM_mean": 0.05,
    "LOEM_std": 0.0018708286933869695,
    "loss_mean": 5.875724690419341,
    "loss_std": 0.8333470645623356
}