{
  "UAS": 0.8093695361513936,
  "LAS": 0.6837910110048339,
  "UEM": 0.153,
  "LEM": 0.027,
  "LOAS": 0.7813946312866399,
  "LOEM": 0.05,
  "loss": 6.403684511780739
}