{
  "em_accuracy": 0.8506611947104423,
  "loss": 1.141210020238703
}