{
  "em_accuracy": 0.8508891928864569,
  "loss": 1.1454199780117382
}