{
  "em_accuracy": 0.8508891928864569,
  "loss": 1.1355111902410333
}