{
  "em_accuracy": 0.8481532147742818,
  "loss": 1.1375821096246892
}