{
  "UAS": 0.8193399660276632,
  "LAS": 0.7249858448596619,
  "UEM": 0.102,
  "LEM": 0.021,
  "LOAS": 0.8233034053223328,
  "LOEM": 0.037,
  "loss": 3.916447192430496
}