{
  "UAS": 0.7898972741244035,
  "LAS": 0.6997088085416161,
  "UEM": 0.075,
  "LEM": 0.012,
  "LOAS": 0.8082180700477231,
  "LOEM": 0.024,
  "loss": 5.158771641552448
}