{
  "UAS": 0.7761061231092777,
  "LAS": 0.6711558683167516,
  "UEM": 0.068,
  "LEM": 0.013,
  "LOAS": 0.7858529483135162,
  "LOEM": 0.02,
  "loss": 5.659342393279076
}