{
  "UAS": 0.6688254527162978,
  "LAS": 0.5241448692152918,
  "UEM": 0.041736227045075125,
  "LEM": 0.015025041736227046,
  "LOAS": 0.6926559356136821,
  "LOEM": 0.021702838063439065,
  "loss": 6.260366515109413
}