{
  "UAS": 0.6756790744466801,
  "LAS": 0.5323817907444668,
  "UEM": 0.04340567612687813,
  "LEM": 0.015025041736227046,
  "LOAS": 0.6972459758551308,
  "LOEM": 0.021702838063439065,
  "loss": 4.971660086983128
}