{
  "UAS": 0.6568158953722334,
  "LAS": 0.520435110663984,
  "UEM": 0.041736227045075125,
  "LEM": 0.015025041736227046,
  "LOAS": 0.6880658953722334,
  "LOEM": 0.018363939899833055,
  "loss": 7.30300423973485
}