{"model_count": 10, "em_accuracy_mean": 0.8306030821502245, "em_accuracy_std": 0.007414271237237931, "loss_mean": 1.0323129530562911, "loss_std": 0.0025545342381981828}