{
  "em_accuracy": 0.8343647615580634,
  "loss": 1.032846422620522
}