{
  "em_accuracy": 0.833758039072928,
  "loss": 1.0339514387901438
}