{
  "em_accuracy": 0.8326659385996845,
  "loss": 1.032392218708992
}