{
  "em_accuracy": 0.8310884601383327,
  "loss": 1.0303700454244318
}