{
  "em_accuracy": 0.8099745176556243,
  "loss": 1.0349575748970343
}