{
    "model_count": 5,
    "accuracy_mean": 0.7996745057343786,
    "accuracy_std": 0.007594150284141239,
    "macro_fscore_mean": 0.753973099188787,
    "macro_fscore_std": 0.011111080712114708,
    "micro_fscore_mean": 0.7996745057343786,
    "micro_fscore_std": 0.007594150284141247,
    "label_sport_fscore_mean": 0.5954148547574442,
    "label_sport_fscore_std": 0.13347344621402552,
    "label_position_held_fscore_mean": 0.8166966645260617,
    "label_position_held_fscore_std": 0.02085226861939736,
    "label_original_language_of_film_or_TV_show_fscore_mean": 0.9349559956810327,
    "label_original_language_of_film_or_TV_show_fscore_std": 0.014035559739303304,
    "label_production_company_fscore_mean": 0.8108272228029456,
    "label_production_company_fscore_std": 0.0366989983547431,
    "label_sibling_fscore_mean": 0.8461266958394337,
    "label_sibling_fscore_std": 0.01817419618372459,
    "label_member_of_sports_team_fscore_mean": 0.9374287379566548,
    "label_member_of_sports_team_fscore_std": 0.04113516549705084,
    "label_writing_system_fscore_mean": 0.9797017900247619,
    "label_writing_system_fscore_std": 0.009856305224174184,
    "label_named_after_fscore_mean": 0.23777777777777775,
    "label_named_after_fscore_std": 0.03478327964999673,
    "label_mother_fscore_mean": 0.4659258737918109,
    "label_mother_fscore_std": 0.11736004186382373,
    "label_place_of_death_fscore_mean": 0.7470336065655527,
    "label_place_of_death_fscore_std": 0.1019171995582635,
    "label_child_fscore_mean": 0.8951071025230292,
    "label_child_fscore_std": 0.016240519766279327,
    "label_capital_of_fscore_mean": 0.9576713675498567,
    "label_capital_of_fscore_std": 0.022095024282715932,
    "label_country_of_citizenship_fscore_mean": 0.7101322057980585,
    "label_country_of_citizenship_fscore_std": 0.037435275428143934,
    "label_student_of_fscore_mean": 0.811914695636281,
    "label_student_of_fscore_std": 0.03522324691719151,
    "label_publisher_fscore_mean": 0.5888262157161223,
    "label_publisher_fscore_std": 0.053685219760108115,
    "label_employer_fscore_mean": 0.8448503625154734,
    "label_employer_fscore_std": 0.0411714842711236,
    "label_shares_border_with_fscore_mean": 0.7919560781916983,
    "label_shares_border_with_fscore_std": 0.06418361588027438,
    "label_educated_at_fscore_mean": 0.9257038379589393,
    "label_educated_at_fscore_std": 0.010933239210527204,
    "label_parent_organization_fscore_mean": 0.7504958545023406,
    "label_parent_organization_fscore_std": 0.015100770814162997,
    "label_occupation_fscore_mean": 0.7877948261142587,
    "label_occupation_fscore_std": 0.05924183988190802,
    "label_owned_by_fscore_mean": 0.1457585449551623,
    "label_owned_by_fscore_std": 0.029988666917219034,
    "label_performer_fscore_mean": 0.4846422086139993,
    "label_performer_fscore_std": 0.08134562019716628,
    "label_continent_fscore_mean": 0.9612272764821942,
    "label_continent_fscore_std": 0.013783340705210876,
    "label_screenwriter_fscore_mean": 0.5415379109176128,
    "label_screenwriter_fscore_std": 0.042258375679939605,
    "label_composer_fscore_mean": 0.516421045628702,
    "label_composer_fscore_std": 0.2526725645096992,
    "label_subsidiary_fscore_mean": 0.8628362342541064,
    "label_subsidiary_fscore_std": 0.045812914819244176,
    "label_producer_fscore_mean": 0.44331467112976464,
    "label_producer_fscore_std": 0.17486792374066876,
    "label_spouse_fscore_mean": 0.8399922146626232,
    "label_spouse_fscore_std": 0.02822092325791606,
    "label_place_of_birth_fscore_mean": 0.8739992547576055,
    "label_place_of_birth_fscore_std": 0.023634708102082357,
    "label_nominated_for_fscore_mean": 0.1793939393939394,
    "label_nominated_for_fscore_std": 0.10888870148594283,
    "label_participant_fscore_mean": 0.9371334443818599,
    "label_participant_fscore_std": 0.010557840862581295,
    "label_tributary_fscore_mean": 0.9667169441889554,
    "label_tributary_fscore_std": 0.007748572678048145,
    "label_discoverer_or_inventor_fscore_mean": 0.8826396222380732,
    "label_discoverer_or_inventor_fscore_std": 0.010648950277756565,
    "label_director_fscore_mean": 0.6386115022362525,
    "label_director_fscore_std": 0.06307176177702573,
    "label_contains_administrative_territorial_entity_fscore_mean": 0.8522840998237833,
    "label_contains_administrative_territorial_entity_fscore_std": 0.02232844352075561,
    "label_color_fscore_mean": 0.879715695576221,
    "label_color_fscore_std": 0.03539083353453091,
    "label_award_received_fscore_mean": 0.9488615769408506,
    "label_award_received_fscore_std": 0.0033067633534683907,
    "label_winner_fscore_mean": 0.9610985985007906,
    "label_winner_fscore_std": 0.008418539246181123,
    "label_located_in_or_next_to_body_of_water_fscore_mean": 0.9084545752761314,
    "label_located_in_or_next_to_body_of_water_fscore_std": 0.015936291139267426,
    "label_ethnic_group_fscore_mean": 0.5460142682807274,
    "label_ethnic_group_fscore_std": 0.07259264301980428,
    "label_material_used_fscore_mean": 0.8358248003920495,
    "label_material_used_fscore_std": 0.04312249526585401,
    "label_founded_by_fscore_mean": 0.7830220274194808,
    "label_founded_by_fscore_std": 0.01713892287332051,
    "label_capital_fscore_mean": 0.8941995753108651,
    "label_capital_fscore_std": 0.011982412966909335,
    "label_creator_fscore_mean": 0.7717213892917998,
    "label_creator_fscore_std": 0.03582786222473954,
    "label_member_of_political_party_fscore_mean": 0.9458920679161069,
    "label_member_of_political_party_fscore_std": 0.016928280339652154,
    "label_member_of_fscore_mean": 0.7639025531708459,
    "label_member_of_fscore_std": 0.0788432851247186,
    "label_father_fscore_mean": 0.6656798064419978,
    "label_father_fscore_std": 0.025547594454600062,
    "label_genre_fscore_mean": 0.8433592894857994,
    "label_genre_fscore_std": 0.015775292820712973,
    "label_league_fscore_mean": 0.8204998926541354,
    "label_league_fscore_std": 0.07291037645769421,
    "label_manner_of_death_fscore_mean": 0.5487788882706326,
    "label_manner_of_death_fscore_std": 0.16302384119976357,
    "label_present_in_work_fscore_mean": 0.772752373805535,
    "label_present_in_work_fscore_std": 0.04500055741690791,
    "loss_mean": 0.8423170885992869,
    "loss_std": 0.03315431104037644
}