{
  "accuracy": 0.7976446933792906,
  "macro_fscore": 0.7543316656700851,
  "micro_fscore": 0.7976446933792904,
  "label_place_of_birth_fscore": 0.8813559322033899,
  "label_tributary_fscore": 0.970873786407767,
  "label_shares_border_with_fscore": 0.8095238095238095,
  "label_color_fscore": 0.8275862068965517,
  "label_father_fscore": 0.628099173553719,
  "label_production_company_fscore": 0.7934782608695652,
  "label_genre_fscore": 0.836065573770492,
  "label_position_held_fscore": 0.8177339901477833,
  "label_founded_by_fscore": 0.7768115942028986,
  "label_sibling_fscore": 0.8477366255144032,
  "label_occupation_fscore": 0.752411575562701,
  "label_contains_administrative_territorial_entity_fscore": 0.8435013262599469,
  "label_parent_organization_fscore": 0.7429906542056076,
  "label_screenwriter_fscore": 0.5989304812834224,
  "label_material_used_fscore": 0.7743902439024389,
  "label_present_in_work_fscore": 0.7164179104477613,
  "label_league_fscore": 0.8841607565011821,
  "label_mother_fscore": 0.3781512605042017,
  "label_producer_fscore": 0.3930635838150289,
  "label_discoverer_or_inventor_fscore": 0.8771929824561403,
  "label_composer_fscore": 0.762214983713355,
  "label_nominated_for_fscore": 0.2666666666666667,
  "label_performer_fscore": 0.49673202614379086,
  "label_winner_fscore": 0.9626168224299065,
  "label_publisher_fscore": 0.608695652173913,
  "label_award_received_fscore": 0.9514066496163683,
  "label_capital_fscore": 0.9000000000000001,
  "label_member_of_sports_team_fscore": 0.9628180039138944,
  "label_employer_fscore": 0.8337468982630273,
  "label_director_fscore": 0.6223021582733813,
  "label_original_language_of_film_or_TV_show_fscore": 0.921951219512195,
  "label_named_after_fscore": 0.22222222222222224,
  "label_creator_fscore": 0.7428571428571428,
  "label_country_of_citizenship_fscore": 0.6583850931677018,
  "label_writing_system_fscore": 0.979942693409742,
  "label_student_of_fscore": 0.7596153846153846,
  "label_owned_by_fscore": 0.10852713178294572,
  "label_ethnic_group_fscore": 0.507936507936508,
  "label_place_of_death_fscore": 0.7311827956989246,
  "label_member_of_political_party_fscore": 0.9704433497536946,
  "label_spouse_fscore": 0.8455882352941176,
  "label_capital_of_fscore": 0.9639639639639639,
  "label_participant_fscore": 0.9311740890688259,
  "label_continent_fscore": 0.9739952718676123,
  "label_member_of_fscore": 0.8666666666666667,
  "label_sport_fscore": 0.7242798353909465,
  "label_educated_at_fscore": 0.9198606271777003,
  "label_located_in_or_next_to_body_of_water_fscore": 0.9080459770114944,
  "label_subsidiary_fscore": 0.8914285714285715,
  "label_manner_of_death_fscore": 0.4248704663212435,
  "label_child_fscore": 0.9003021148036254,
  "loss": 0.8610034592005364
}