{
  "accuracy": 0.8088403196868373,
  "macro_fscore": 0.7635867206239028,
  "micro_fscore": 0.8088403196868373,
  "label_sport_fscore": 0.6699507389162561,
  "label_position_held_fscore": 0.8136482939632547,
  "label_original_language_of_film_or_TV_show_fscore": 0.9587628865979382,
  "label_production_company_fscore": 0.8685714285714285,
  "label_sibling_fscore": 0.8686868686868688,
  "label_member_of_sports_team_fscore": 0.9445783132530121,
  "label_writing_system_fscore": 0.9857142857142858,
  "label_named_after_fscore": 0.22222222222222218,
  "label_mother_fscore": 0.5658914728682171,
  "label_place_of_death_fscore": 0.8053691275167787,
  "label_child_fscore": 0.8680555555555556,
  "label_capital_of_fscore": 0.9714285714285714,
  "label_country_of_citizenship_fscore": 0.7357512953367875,
  "label_student_of_fscore": 0.8280254777070064,
  "label_publisher_fscore": 0.6153846153846154,
  "label_employer_fscore": 0.8695652173913043,
  "label_shares_border_with_fscore": 0.8113207547169811,
  "label_educated_at_fscore": 0.92,
  "label_parent_organization_fscore": 0.7342465753424657,
  "label_occupation_fscore": 0.7901234567901234,
  "label_owned_by_fscore": 0.13675213675213674,
  "label_performer_fscore": 0.5673758865248227,
  "label_continent_fscore": 0.9417989417989417,
  "label_screenwriter_fscore": 0.5471698113207547,
  "label_subsidiary_fscore": 0.8342857142857143,
  "label_composer_fscore": 0.24460431654676257,
  "label_producer_fscore": 0.595959595959596,
  "label_spouse_fscore": 0.7966101694915254,
  "label_place_of_birth_fscore": 0.850828729281768,
  "label_nominated_for_fscore": 0.18181818181818182,
  "label_participant_fscore": 0.9519230769230769,
  "label_tributary_fscore": 0.9600000000000001,
  "label_discoverer_or_inventor_fscore": 0.888888888888889,
  "label_director_fscore": 0.6282527881040892,
  "label_contains_administrative_territorial_entity_fscore": 0.873900293255132,
  "label_color_fscore": 0.8627450980392157,
  "label_award_received_fscore": 0.951086956521739,
  "label_winner_fscore": 0.9746192893401016,
  "label_located_in_or_next_to_body_of_water_fscore": 0.8888888888888891,
  "label_ethnic_group_fscore": 0.5859872611464968,
  "label_material_used_fscore": 0.8163265306122448,
  "label_founded_by_fscore": 0.7948717948717948,
  "label_capital_fscore": 0.9074074074074074,
  "label_creator_fscore": 0.8210526315789475,
  "label_member_of_political_party_fscore": 0.9295039164490861,
  "label_member_of_fscore": 0.7567567567567567,
  "label_father_fscore": 0.6826923076923077,
  "label_genre_fscore": 0.8421052631578947,
  "label_league_fscore": 0.8593350383631714,
  "label_manner_of_death_fscore": 0.6428571428571429,
  "label_present_in_work_fscore": 0.7792207792207793,
  "loss": 0.8412987136786493
}