{
  "accuracy": 0.801337465340075,
  "macro_fscore": 0.7554651720206513,
  "micro_fscore": 0.801337465340075,
  "label_sport_fscore": 0.4277456647398844,
  "label_position_held_fscore": 0.8167539267015708,
  "label_original_language_of_film_or_TV_show_fscore": 0.9330024813895782,
  "label_production_company_fscore": 0.8,
  "label_sibling_fscore": 0.8272251308900525,
  "label_member_of_sports_team_fscore": 0.8657534246575342,
  "label_writing_system_fscore": 0.9893238434163701,
  "label_named_after_fscore": 0.22222222222222218,
  "label_mother_fscore": 0.35353535353535354,
  "label_place_of_death_fscore": 0.5753424657534247,
  "label_child_fscore": 0.8976377952755906,
  "label_capital_of_fscore": 0.966183574879227,
  "label_country_of_citizenship_fscore": 0.744186046511628,
  "label_student_of_fscore": 0.8383233532934132,
  "label_publisher_fscore": 0.5813953488372092,
  "label_employer_fscore": 0.8857142857142858,
  "label_shares_border_with_fscore": 0.8224299065420562,
  "label_educated_at_fscore": 0.9328063241106719,
  "label_parent_organization_fscore": 0.7747252747252747,
  "label_occupation_fscore": 0.8692579505300354,
  "label_owned_by_fscore": 0.1322314049586777,
  "label_performer_fscore": 0.5500000000000002,
  "label_continent_fscore": 0.972972972972973,
  "label_screenwriter_fscore": 0.4936170212765958,
  "label_composer_fscore": 0.7106598984771573,
  "label_subsidiary_fscore": 0.9,
  "label_producer_fscore": 0.6256983240223464,
  "label_spouse_fscore": 0.8754208754208753,
  "label_place_of_birth_fscore": 0.9036144578313252,
  "label_nominated_for_fscore": 0.18181818181818182,
  "label_participant_fscore": 0.9345794392523366,
  "label_tributary_fscore": 0.9746192893401014,
  "label_discoverer_or_inventor_fscore": 0.8978102189781022,
  "label_director_fscore": 0.7480106100795756,
  "label_contains_administrative_territorial_entity_fscore": 0.875,
  "label_color_fscore": 0.8870523415977962,
  "label_award_received_fscore": 0.951086956521739,
  "label_winner_fscore": 0.96,
  "label_located_in_or_next_to_body_of_water_fscore": 0.9069767441860465,
  "label_ethnic_group_fscore": 0.6547619047619049,
  "label_material_used_fscore": 0.8368794326241135,
  "label_founded_by_fscore": 0.8052805280528054,
  "label_capital_fscore": 0.8898678414096918,
  "label_creator_fscore": 0.7333333333333334,
  "label_member_of_political_party_fscore": 0.9424083769633509,
  "label_member_of_fscore": 0.6829268292682927,
  "label_father_fscore": 0.6511627906976744,
  "label_genre_fscore": 0.8698412698412697,
  "label_league_fscore": 0.7008547008547009,
  "label_manner_of_death_fscore": 0.32704402515723263,
  "label_present_in_work_fscore": 0.8296296296296297,
  "loss": 0.8151126441856226
}