{
  "UAS": 0.7334468237613118,
  "LAS": 0.5341367260998119,
  "UEM": 0.061,
  "LEM": 0.003,
  "LOAS": 0.6187617596989518,
  "LOEM": 0.004,
  "loss": 7.3104313015937805
}