{
  "UAS": 0.728250156795986,
  "LAS": 0.5267449153301675,
  "UEM": 0.064,
  "LEM": 0.003,
  "LOAS": 0.6093092016844369,
  "LOEM": 0.004,
  "loss": 7.4868907779455185
}