{
  "UAS": 0.7278469671176417,
  "LAS": 0.5212794552459457,
  "UEM": 0.069,
  "LEM": 0.005,
  "LOAS": 0.6077860406773586,
  "LOEM": 0.006,
  "loss": 6.734922215342522
}