{
    "model_count": 5,
    "UAS_mean": 0.8656415545450283,
    "UAS_std": 0.0007731668699297004,
    "LAS_mean": 0.803516009563546,
    "LAS_std": 0.0025285734511918015,
    "UEM_mean": 0.154,
    "UEM_std": 0.003391164991562637,
    "LEM_mean": 0.0776,
    "LEM_std": 0.004722287581247042,
    "LOAS_mean": 0.8994046223805728,
    "LOAS_std": 0.001980484264279951,
    "LOEM_mean": 0.2042,
    "LOEM_std": 0.006760177512462224,
    "loss_mean": 3.30016007215849,
    "loss_std": 0.4048348363398232
}