{
  "UAS": 0.8655009141624865,
  "LAS": 0.7998687356429609,
  "UEM": 0.151,
  "LEM": 0.078,
  "LOAS": 0.8966293188317472,
  "LOEM": 0.194,
  "loss": 3.2525034695863724
}