{
  "UAS": 0.8653602737799447,
  "LAS": 0.8064319534949135,
  "UEM": 0.156,
  "LEM": 0.085,
  "LOAS": 0.902114293750879,
  "LOEM": 0.213,
  "loss": 2.652500944212079
}