{
    "model_count": 5,
    "em_accuracy_mean": 0.3111191860465116,
    "em_accuracy_std": 0.01125104687605527,
    "loss_mean": 0.0,
    "loss_std": 0.0
}