{
  "accuracy": 0.9782183846782504,
  "macro_fscore": 0.9242636874230391,
  "micro_fscore": 0.9421572840567255,
  "label_org:dissolved_fscore": 0.846153846153846,
  "label_org:shareholders_fscore": 0.8461538461538461,
  "label_org:website_fscore": 1.0,
  "label_org:top_members/employees_fscore": 0.9656004828002414,
  "label_org:member_of_fscore": 0.8817204301075269,
  "label_per:employee_of_fscore": 0.9544807965860597,
  "label_org:alternate_names_fscore": 0.9579579579579579,
  "label_per:children_fscore": 0.9044585987261147,
  "label_per:parents_fscore": 0.9285714285714285,
  "label_org:founded_fscore": 0.9166666666666665,
  "label_per:stateorprovince_of_birth_fscore": 0.9230769230769231,
  "label_per:city_of_birth_fscore": 0.9166666666666666,
  "label_per:schools_attended_fscore": 0.9710144927536231,
  "label_org:city_of_headquarters_fscore": 0.9178470254957507,
  "label_per:origin_fscore": 0.935251798561151,
  "label_per:charges_fscore": 0.9642857142857143,
  "label_org:stateorprovince_of_headquarters_fscore": 0.9276595744680852,
  "label_per:title_fscore": 0.9591180523656407,
  "label_per:date_of_death_fscore": 0.9565217391304348,
  "label_per:country_of_birth_fscore": 0.9166666666666666,
  "label_per:spouse_fscore": 0.9224489795918368,
  "label_per:cause_of_death_fscore": 0.9896907216494846,
  "label_per:countries_of_residence_fscore": 0.9296482412060302,
  "label_org:parents_fscore": 0.8791946308724833,
  "label_org:country_of_headquarters_fscore": 0.9069212410501193,
  "label_per:age_fscore": 0.9686609686609686,
  "label_per:country_of_death_fscore": 0.8,
  "label_per:date_of_birth_fscore": 0.945945945945946,
  "label_per:cities_of_residence_fscore": 0.9333333333333333,
  "label_org:members_fscore": 0.8571428571428571,
  "label_org:subsidiaries_fscore": 0.9083969465648856,
  "label_per:stateorprovince_of_death_fscore": 0.888888888888889,
  "label_per:stateorprovinces_of_residence_fscore": 0.9389067524115755,
  "label_org:founded_by_fscore": 0.9333333333333333,
  "label_per:siblings_fscore": 0.888888888888889,
  "label_per:other_family_fscore": 0.9019607843137255,
  "label_org:number_of_employees/members_fscore": 0.9599999999999999,
  "label_per:alternate_names_fscore": 0.9156626506024096,
  "label_org:political/religious_affiliation_fscore": 0.9411764705882353,
  "label_per:religion_fscore": 1.0,
  "label_per:city_of_death_fscore": 0.8947368421052632,
  "loss": 0.09140077340710275
}