{
  "accuracy": 0.9400206090324414,
  "macro_fscore": 0.7609826619704789,
  "micro_fscore": 0.8329379871230093,
  "label_org:dissolved_fscore": 0.9523809523809523,
  "label_org:shareholders_fscore": 0.49180327868852464,
  "label_org:website_fscore": 0.9791666666666666,
  "label_org:top_members/employees_fscore": 0.8771331058020478,
  "label_org:member_of_fscore": 0.36065573770491804,
  "label_per:employee_of_fscore": 0.8519553072625698,
  "label_org:alternate_names_fscore": 0.8895348837209301,
  "label_per:children_fscore": 0.7885714285714285,
  "label_per:parents_fscore": 0.8169014084507042,
  "label_org:founded_fscore": 0.86,
  "label_per:stateorprovince_of_birth_fscore": 0.7586206896551724,
  "label_per:city_of_birth_fscore": 0.8,
  "label_per:schools_attended_fscore": 0.8936170212765958,
  "label_org:city_of_headquarters_fscore": 0.8189415041782729,
  "label_per:origin_fscore": 0.6610878661087866,
  "label_per:charges_fscore": 0.9629629629629629,
  "label_org:stateorprovince_of_headquarters_fscore": 0.8611111111111112,
  "label_per:title_fscore": 0.9133928571428571,
  "label_per:date_of_death_fscore": 0.8125000000000001,
  "label_per:country_of_birth_fscore": 0.35294117647058826,
  "label_per:spouse_fscore": 0.8326848249027237,
  "label_per:cause_of_death_fscore": 0.9361702127659574,
  "label_per:countries_of_residence_fscore": 0.6707566462167689,
  "label_org:parents_fscore": 0.7070063694267515,
  "label_org:country_of_headquarters_fscore": 0.8341463414634146,
  "label_per:age_fscore": 0.9318801089918257,
  "label_per:country_of_death_fscore": 0,
  "label_per:date_of_birth_fscore": 0.9444444444444445,
  "label_per:cities_of_residence_fscore": 0.7975077881619937,
  "label_org:members_fscore": 0.5606060606060607,
  "label_org:subsidiaries_fscore": 0.6367713004484304,
  "label_per:stateorprovince_of_death_fscore": 0.7777777777777779,
  "label_per:stateorprovinces_of_residence_fscore": 0.7888198757763976,
  "label_per:siblings_fscore": 0.7210884353741497,
  "label_org:founded_by_fscore": 0.7438016528925621,
  "label_per:other_family_fscore": 0.4761904761904762,
  "label_org:number_of_employees/members_fscore": 0.8333333333333334,
  "label_per:alternate_names_fscore": 0.7536231884057972,
  "label_org:political/religious_affiliation_fscore": 0.8043478260869567,
  "label_per:religion_fscore": 0.9411764705882353,
  "label_per:city_of_death_fscore": 0.8048780487804879,
  "loss": 0.181333659656744
}