{
  "em_accuracy": 0.15806686046511628,
  "loss": 2.285221431144448
}