{
  "em_accuracy": 0.1398982558139535,
  "loss": 2.439238416594128
}