{
  "em_accuracy": 0.1282703488372093,
  "loss": 2.477554019107375
}