{
  "em_accuracy": 0.12899709302325582,
  "loss": 2.427955229615056
}