{"model_count": 10, "em_accuracy_mean": 0.1401889534883721, "em_accuracy_std": 0.012213483272695986, "loss_mean": 2.421419687950334, "loss_std": 0.07267800450330582}