{"model_count": 10, "em_accuracy_mean": 0.385929648241206, "em_accuracy_std": 0.010620616298941222, "loss_mean": 1.973648514849799, "loss_std": 0.030835298127906453}