{
  "em_accuracy": 0.3653984206748026,
  "loss": 1.9921189308166505
}