{
  "em_accuracy": 0.3987796123474515,
  "loss": 1.962643062046596
}