{
  "em_accuracy": 0.38801148600143576,
  "loss": 1.9656706414903913
}