{
  "em_accuracy": 0.3887293610911701,
  "loss": 2.042771955217634
}