{
  "em_accuracy": 0.3768844221105528,
  "loss": 1.954619733946664
}