{
  "em_accuracy": 0.3916008614501077,
  "loss": 2.0059013182776315
}