{
  "em_accuracy": 0.39195979899497485,
  "loss": 1.9521310683659145
}