{
  "UAS": 0.6162239288262201,
  "LAS": 0.48734734986780814,
  "UEM": 0.025,
  "LEM": 0.003,
  "LOAS": 0.6574342188090142,
  "LOEM": 0.004,
  "loss": 8.249083518981934
}