{
  "UAS": 0.5877712031558185,
  "LAS": 0.46359477947039324,
  "UEM": 0.012,
  "LEM": 0.002,
  "LOAS": 0.643837341055017,
  "LOEM": 0.003,
  "loss": 8.572591032300677
}