{
  "UAS": 0.5651936715766503,
  "LAS": 0.4307776239036468,
  "UEM": 0.014,
  "LEM": 0.003,
  "LOAS": 0.624826891602669,
  "LOEM": 0.004,
  "loss": 8.481497332453728
}