{
  "UAS": 0.5958705778673046,
  "LAS": 0.469721767594108,
  "UEM": 0.011,
  "LEM": 0.002,
  "LOAS": 0.6466070754123128,
  "LOEM": 0.004,
  "loss": 9.519318878650665
}