{"model_count": 10, "em_accuracy_mean": 0.5722526587173703, "em_accuracy_std": 0.01144550801330047, "loss_mean": 1.5404397059347212, "loss_std": 0.029174204259426573}