{
  "em_accuracy": 0.5510796003867225,
  "loss": 1.537893625878796
}