{
  "em_accuracy": 0.5778279084756687,
  "loss": 1.5446815625908448
}