{
  "em_accuracy": 0.558169513374154,
  "loss": 1.550622849734788
}