{
  "em_accuracy": 0.5849178214631002,
  "loss": 1.5433942184005816
}