{
    "model_count": 5,
    "em_accuracy_mean": 0.6315276583548295,
    "em_accuracy_std": 0.0075521848815045985,
    "loss_mean": 0.0,
    "loss_std": 0.0
}