{
    "model_count": 5,
    "UAS_mean": 0.8484218662773221,
    "UAS_std": 0.00168447059346192,
    "LAS_mean": 0.7737278309786576,
    "LAS_std": 0.002020895745746722,
    "UEM_mean": 0.192,
    "UEM_std": 0.0015811388300841912,
    "LEM_mean": 0.073,
    "LEM_std": 0.0015811388300841912,
    "LOAS_mean": 0.8521922102460601,
    "LOAS_std": 0.0014647707219316085,
    "LOEM_mean": 0.1192,
    "LOEM_std": 0.0035637059362410885,
    "loss_mean": 4.583590927909291,
    "loss_std": 0.3982439111560721
}