{
  "UAS": 0.8512045347189419,
  "LAS": 0.7769571005281917,
  "UEM": 0.193,
  "LEM": 0.074,
  "LOAS": 0.8539957916434062,
  "LOEM": 0.122,
  "loss": 4.426200710237026
}