{
  "UAS": 0.8477261991669172,
  "LAS": 0.7727916863486065,
  "UEM": 0.19,
  "LEM": 0.072,
  "LOAS": 0.8519774981749474,
  "LOEM": 0.121,
  "loss": 5.051747135818005
}