{
  "UAS": 0.8485421050371452,
  "LAS": 0.7741229011895049,
  "UEM": 0.192,
  "LEM": 0.071,
  "LOAS": 0.8530510585305106,
  "LOEM": 0.117,
  "loss": 4.962292254917205
}