{
  "em_accuracy": 0.19622093023255813,
  "loss": 2.4454692165518916
}