{
  "em_accuracy": 0.21475290697674418,
  "loss": 2.3727666881195333
}