{
  "em_accuracy": 0.21765988372093023,
  "loss": 2.357896257278531
}