{
  "em_accuracy": 0.20966569767441862,
  "loss": 2.4452561791553054
}