{"model_count": 10, "em_accuracy_mean": 0.20588662790697673, "em_accuracy_std": 0.02185891128026811, "loss_mean": 2.4164957478295923, "loss_std": 0.08811866027522461}