{
  "accuracy": 0.8754365541327125,
  "macro_fscore": 0.577783926111977,
  "micro_fscore": 0.8772753963593658,
  "loss": 0.5970945147866452
}