{
  "accuracy": 0.8637951105937136,
  "macro_fscore": 0.5903077106801061,
  "micro_fscore": 0.8650234741784038,
  "loss": 0.6440960204884134
}