{
  "accuracy": 0.8649592549476135,
  "macro_fscore": 0.6253137284448552,
  "micro_fscore": 0.868235294117647,
  "loss": 0.4335996751432066
}