{
    "model_count": 5,
    "em_accuracy_mean": 0.3220203488372093,
    "em_accuracy_std": 0.005211571690205597,
    "loss_mean": 0.0,
    "loss_std": 0.0
}