{
    "model_count": 5,
    "accuracy_mean": 0.8546086956521739,
    "accuracy_std": 0.011801765271181597,
    "macro_fscore_mean": 0.8582486449796324,
    "macro_fscore_std": 0.00935890640372611,
    "micro_fscore_mean": 0.8565676423880512,
    "micro_fscore_std": 0.010336585454370986,
    "label_has-tourist-attraction_fscore_mean": 0.9664469247610084,
    "label_has-tourist-attraction_fscore_std": 0.010791844407475007,
    "label_has-sibling_fscore_mean": 0.9251317414285514,
    "label_has-sibling_fscore_std": 0.007066707744010918,
    "label_has-genre_fscore_mean": 0.7680743718562847,
    "label_has-genre_fscore_std": 0.023057975120479312,
    "label_movie-has-director_fscore_mean": 0.9818961406344716,
    "label_movie-has-director_fscore_std": 0.010914486709860236,
    "label_org-has-founder_fscore_mean": 0.8832027406257599,
    "label_org-has-founder_fscore_std": 0.04317366580479655,
    "label_has-occupation_fscore_mean": 0.9338825144650388,
    "label_has-occupation_fscore_std": 0.016782307635973333,
    "label_org-has-member_fscore_mean": 0.9555134938442805,
    "label_org-has-member_fscore_std": 0.01584872518892671,
    "label_has-type_fscore_mean": 0.7529160112128535,
    "label_has-type_fscore_std": 0.04146681309094146,
    "label_headquarters_fscore_mean": 0.9368989337540264,
    "label_headquarters_fscore_std": 0.02220599628343003,
    "label_has-child_fscore_mean": 0.9090039296930236,
    "label_has-child_fscore_std": 0.016056494230997146,
    "label_has-parent_fscore_mean": 0.9099977283109251,
    "label_has-parent_fscore_std": 0.04796584487711059,
    "label_from-country_fscore_mean": 0.26910211740494,
    "label_from-country_fscore_std": 0.10323053394184814,
    "label_has-spouse_fscore_mean": 0.8540535625722135,
    "label_has-spouse_fscore_std": 0.040182515660875884,
    "label_is-where_fscore_mean": 0.8999603057717932,
    "label_is-where_fscore_std": 0.01358471162768462,
    "label_has-nationality_fscore_mean": 0.5662336522697935,
    "label_has-nationality_fscore_std": 0.02610548088019457,
    "label_won-award_fscore_mean": 0.9526970738310945,
    "label_won-award_fscore_std": 0.014978646744433435,
    "label_first-product_fscore_mean": 0.9217396392619591,
    "label_first-product_fscore_std": 0.022794982201577343,
    "label_is-member-of_fscore_mean": 0.9552416183533581,
    "label_is-member-of_fscore_std": 0.02529409404413045,
    "label_has-highest-mountain_fscore_mean": 0.980157639293341,
    "label_has-highest-mountain_fscore_std": 0.007002984539400143,
    "label_birth-place_fscore_mean": 0.5891092902857609,
    "label_birth-place_fscore_std": 0.016263322957553946,
    "label_invented-by_fscore_mean": 0.9879579713073348,
    "label_invented-by_fscore_std": 0.008477913401449618,
    "label_invented-when_fscore_mean": 0.9822527886140984,
    "label_invented-when_fscore_std": 0.008031909499577267,
    "loss_mean": 0.7638370596202245,
    "loss_std": 0.14531121176985023
}