{
  "accuracy": 0.8356521739130435,
  "macro_fscore": 0.8434522033823382,
  "micro_fscore": 0.8397435897435899,
  "label_has-tourist-attraction_fscore": 0.9702970297029702,
  "label_has-sibling_fscore": 0.9166666666666666,
  "label_has-genre_fscore": 0.7441860465116279,
  "label_org-has-founder_fscore": 0.8764044943820225,
  "label_movie-has-director_fscore": 0.9795918367346939,
  "label_has-occupation_fscore": 0.9494949494949495,
  "label_org-has-member_fscore": 0.98,
  "label_has-type_fscore": 0.7083333333333334,
  "label_headquarters_fscore": 0.9019607843137256,
  "label_has-child_fscore": 0.8842105263157894,
  "label_has-parent_fscore": 0.8275862068965518,
  "label_from-country_fscore": 0.25,
  "label_has-spouse_fscore": 0.7868852459016393,
  "label_is-where_fscore": 0.8979591836734694,
  "label_has-nationality_fscore": 0.5442176870748299,
  "label_won-award_fscore": 0.9690721649484536,
  "label_first-product_fscore": 0.9052631578947369,
  "label_is-member-of_fscore": 0.9142857142857144,
  "label_has-highest-mountain_fscore": 0.99009900990099,
  "label_birth-place_fscore": 0.5897435897435898,
  "label_invented-by_fscore": 0.9795918367346939,
  "label_invented-when_fscore": 0.99009900990099,
  "loss": 0.7147377998464637
}