{
  "accuracy": 0.8565217391304348,
  "macro_fscore": 0.859152205840314,
  "micro_fscore": 0.8579259936043857,
  "label_has-tourist-attraction_fscore": 0.9514563106796116,
  "label_has-sibling_fscore": 0.9292929292929293,
  "label_has-genre_fscore": 0.7764705882352942,
  "label_movie-has-director_fscore": 0.9702970297029702,
  "label_org-has-founder_fscore": 0.853932584269663,
  "label_has-occupation_fscore": 0.9320388349514563,
  "label_org-has-member_fscore": 0.9411764705882353,
  "label_has-type_fscore": 0.7850467289719626,
  "label_headquarters_fscore": 0.96,
  "label_has-child_fscore": 0.9090909090909091,
  "label_has-parent_fscore": 0.94,
  "label_from-country_fscore": 0.2191780821917808,
  "label_has-spouse_fscore": 0.8823529411764707,
  "label_is-where_fscore": 0.9072164948453608,
  "label_has-nationality_fscore": 0.5751633986928105,
  "label_won-award_fscore": 0.9583333333333334,
  "label_first-product_fscore": 0.9130434782608696,
  "label_is-member-of_fscore": 0.9795918367346939,
  "label_has-highest-mountain_fscore": 0.98,
  "label_birth-place_fscore": 0.5675675675675675,
  "label_invented-by_fscore": 0.99009900990099,
  "label_invented-when_fscore": 0.98,
  "loss": 0.7127780772279948
}