{
  "accuracy": 0.8669565217391304,
  "macro_fscore": 0.8645959185460736,
  "micro_fscore": 0.8671519563239308,
  "label_has-tourist-attraction_fscore": 0.98,
  "label_has-sibling_fscore": 0.9320388349514563,
  "label_has-genre_fscore": 0.7999999999999999,
  "label_org-has-founder_fscore": 0.9473684210526316,
  "label_movie-has-director_fscore": 0.9795918367346939,
  "label_has-occupation_fscore": 0.9292929292929293,
  "label_org-has-member_fscore": 0.9615384615384615,
  "label_has-type_fscore": 0.7291666666666667,
  "label_headquarters_fscore": 0.9504950495049505,
  "label_has-child_fscore": 0.9166666666666666,
  "label_has-parent_fscore": 0.9473684210526316,
  "label_from-country_fscore": 0.2,
  "label_has-spouse_fscore": 0.8867924528301886,
  "label_is-where_fscore": 0.88,
  "label_has-nationality_fscore": 0.5732484076433121,
  "label_won-award_fscore": 0.9484536082474226,
  "label_first-product_fscore": 0.96,
  "label_is-member-of_fscore": 0.9615384615384615,
  "label_has-highest-mountain_fscore": 0.9803921568627451,
  "label_birth-place_fscore": 0.5866666666666667,
  "label_invented-by_fscore": 0.99009900990099,
  "label_invented-when_fscore": 0.9803921568627451,
  "loss": 0.9293193048959236
}