{
  "accuracy": 0.8530434782608696,
  "macro_fscore": 0.856460448896798,
  "micro_fscore": 0.8559633027522936,
  "label_has-tourist-attraction_fscore": 0.9607843137254902,
  "label_has-sibling_fscore": 0.9183673469387755,
  "label_has-genre_fscore": 0.7469879518072288,
  "label_org-has-founder_fscore": 0.9010989010989011,
  "label_movie-has-director_fscore": 1.0,
  "label_has-occupation_fscore": 0.9090909090909091,
  "label_org-has-member_fscore": 0.9514563106796116,
  "label_has-type_fscore": 0.7346938775510204,
  "label_headquarters_fscore": 0.9320388349514563,
  "label_has-child_fscore": 0.9278350515463918,
  "label_has-parent_fscore": 0.9166666666666666,
  "label_from-country_fscore": 0.22535211267605634,
  "label_has-spouse_fscore": 0.8623853211009174,
  "label_is-where_fscore": 0.9166666666666666,
  "label_has-nationality_fscore": 0.5369127516778524,
  "label_won-award_fscore": 0.9583333333333334,
  "label_first-product_fscore": 0.924731182795699,
  "label_is-member-of_fscore": 0.9702970297029702,
  "label_has-highest-mountain_fscore": 0.9702970297029702,
  "label_birth-place_fscore": 0.588235294117647,
  "label_invented-by_fscore": 1.0,
  "label_invented-when_fscore": 0.98989898989899,
  "loss": 0.8891713394744633
}