{
  "accuracy": 0.8608695652173913,
  "macro_fscore": 0.8675824482326381,
  "micro_fscore": 0.862053369516056,
  "label_has-tourist-attraction_fscore": 0.9696969696969697,
  "label_has-sibling_fscore": 0.9292929292929293,
  "label_has-genre_fscore": 0.7727272727272727,
  "label_movie-has-director_fscore": 0.98,
  "label_org-has-founder_fscore": 0.8372093023255813,
  "label_has-occupation_fscore": 0.9494949494949495,
  "label_org-has-member_fscore": 0.9433962264150945,
  "label_has-type_fscore": 0.8073394495412843,
  "label_headquarters_fscore": 0.94,
  "label_has-child_fscore": 0.9072164948453608,
  "label_has-parent_fscore": 0.9183673469387755,
  "label_from-country_fscore": 0.4509803921568628,
  "label_has-spouse_fscore": 0.851851851851852,
  "label_is-where_fscore": 0.8979591836734694,
  "label_has-nationality_fscore": 0.6016260162601627,
  "label_won-award_fscore": 0.9292929292929293,
  "label_first-product_fscore": 0.9056603773584904,
  "label_is-member-of_fscore": 0.9504950495049505,
  "label_has-highest-mountain_fscore": 0.98,
  "label_birth-place_fscore": 0.6133333333333333,
  "label_invented-by_fscore": 0.98,
  "label_invented-when_fscore": 0.970873786407767,
  "loss": 0.5731787766562775
}