{
    "model_count": 5,
    "UAS_mean": 0.6434230382293763,
    "UAS_std": 0.007990238208204317,
    "LAS_mean": 0.49398893360160967,
    "LAS_std": 0.00876699379467462,
    "UEM_mean": 0.04240400667779633,
    "UEM_std": 0.0025318448894996832,
    "LEM_mean": 0.014357262103505844,
    "LEM_std": 0.00149320065275445,
    "LOAS_mean": 0.6725477867203219,
    "LOAS_std": 0.009560177257971467,
    "LOEM_mean": 0.02036727879799666,
    "LOEM_std": 0.003211249425988539,
    "loss_mean": 7.482864914442364,
    "loss_std": 1.1043001754390398
}