{
  "UAS": 0.65033953722334,
  "LAS": 0.5022635814889336,
  "UEM": 0.038397328881469114,
  "LEM": 0.01669449081803005,
  "LOAS": 0.6771252515090543,
  "LOEM": 0.02003338898163606,
  "loss": 7.442878045533833
}