{
  "UAS": 0.6350603621730382,
  "LAS": 0.4874245472837022,
  "UEM": 0.041736227045075125,
  "LEM": 0.01335559265442404,
  "LOAS": 0.6664361167002012,
  "LOEM": 0.018363939899833055,
  "loss": 8.015365588037591
}