{
  "UAS": 0.6410337022132797,
  "LAS": 0.4835261569416499,
  "UEM": 0.04340567612687813,
  "LEM": 0.01335559265442404,
  "LOAS": 0.658827967806841,
  "LOEM": 0.01669449081803005,
  "loss": 8.791748799775776
}