{
    "model_count": 5,
    "UAS_mean": 0.2518628912071535,
    "UAS_std": 0.008107169335612981,
    "LAS_mean": 0.18498023715415018,
    "LAS_std": 0.006564499484279326,
    "UEM_mean": 0.006235565819861432,
    "UEM_std": 0.0013165997980359564,
    "LEM_mean": 0.00023094688221709007,
    "LEM_std": 0.0005164129278290507,
    "LOAS_mean": 0.4640575390397201,
    "LOAS_std": 0.01063955048946529,
    "LOEM_mean": 0.00046189376443418013,
    "LOEM_std": 0.0006324740848789446,
    "loss_mean": 18.59628562927246,
    "loss_std": 2.0610585435464133
}