{
  "UAS": 0.25134452147994557,
  "LAS": 0.18615952828354823,
  "UEM": 0.004618937644341801,
  "LEM": 0.0,
  "LOAS": 0.4594051707380289,
  "LOEM": 0.0,
  "loss": 16.261925833565847
}