{
  "UAS": 0.26514611546685674,
  "LAS": 0.19432385148707315,
  "UEM": 0.008083140877598153,
  "LEM": 0.0,
  "LOAS": 0.47605779822458366,
  "LOEM": 0.0,
  "loss": 21.179083108901978
}