{
  "UAS": 0.24376336421952957,
  "LAS": 0.17754163156871638,
  "UEM": 0.006928406466512702,
  "LEM": 0.0011547344110854503,
  "LOAS": 0.44923216484157324,
  "LOEM": 0.0011547344110854503,
  "loss": 17.8949191229684
}