{
  "UAS": 0.2473271560940841,
  "LAS": 0.18000388777295406,
  "UEM": 0.005773672055427252,
  "LEM": 0.0,
  "LOAS": 0.4633577399079894,
  "LOEM": 0.0,
  "loss": 17.360340459006174
}