{
  "UAS": 0.680310389764246,
  "LAS": 0.4831773486553726,
  "UEM": 0.062,
  "LEM": 0.016,
  "LOAS": 0.6242151403862102,
  "LOEM": 0.021,
  "loss": 6.743887409331307
}