{
  "UAS": 0.6920980926430518,
  "LAS": 0.48975239900485723,
  "UEM": 0.065,
  "LEM": 0.016,
  "LOAS": 0.6277099869683687,
  "LOEM": 0.024,
  "loss": 8.262318164110184
}