{
  "UAS": 0.6735576353512617,
  "LAS": 0.48033408363937924,
  "UEM": 0.065,
  "LEM": 0.012,
  "LOAS": 0.6255183035185404,
  "LOEM": 0.019,
  "loss": 8.274446219205856
}