{
    "model_count": 5,
    "UAS_mean": 0.6819689610235754,
    "UAS_std": 0.007704723041359339,
    "LAS_mean": 0.48540457291790073,
    "LAS_std": 0.0041176843168436415,
    "UEM_mean": 0.0646,
    "UEM_std": 0.0023021728866442696,
    "LEM_mean": 0.0152,
    "LEM_std": 0.0017888543819998318,
    "LOAS_mean": 0.6276389053429688,
    "LOAS_std": 0.0032786814409375125,
    "LOEM_mean": 0.0224,
    "LOEM_std": 0.0024083189157584595,
    "loss_mean": 8.190896537852666,
    "loss_std": 0.8574091344741734
}