{
    "model_count": 5,
    "UAS_mean": 0.6525653923541248,
    "UAS_std": 0.005210966259456059,
    "LAS_mean": 0.5007419517102616,
    "LAS_std": 0.007361125865712817,
    "UEM_mean": 0.04340567612687813,
    "UEM_std": 0.0011804787665885604,
    "LEM_mean": 0.015025041736227046,
    "LEM_std": 0.0016694490818030044,
    "LOAS_mean": 0.6746353118712274,
    "LOAS_std": 0.007013366170572358,
    "LOEM_mean": 0.022370617696160267,
    "LOEM_std": 0.0045106030337583635,
    "loss_mean": 6.119283116491217,
    "loss_std": 0.5969584427050472
}