{
  "UAS": 0.6500880281690141,
  "LAS": 0.5037726358148893,
  "UEM": 0.04340567612687813,
  "LEM": 0.01669449081803005,
  "LOAS": 0.6805206237424547,
  "LOEM": 0.021702838063439065,
  "loss": 6.309073297600997
}