{
  "UAS": 0.6482645875251509,
  "LAS": 0.4948440643863179,
  "UEM": 0.04340567612687813,
  "LEM": 0.01335559265442404,
  "LOAS": 0.6686368209255533,
  "LOEM": 0.018363939899833055,
  "loss": 5.8089829746045565
}