{
  "UAS": 0.6483274647887324,
  "LAS": 0.4936493963782696,
  "UEM": 0.041736227045075125,
  "LEM": 0.01335559265442404,
  "LOAS": 0.6709632796780685,
  "LOEM": 0.02003338898163606,
  "loss": 7.083908344569959
}