{
  "UAS": 0.6564386317907445,
  "LAS": 0.4996856136820926,
  "UEM": 0.04340567612687813,
  "LEM": 0.01669449081803005,
  "LOAS": 0.6692655935613682,
  "LOEM": 0.021702838063439065,
  "loss": 5.7536343273363615
}