{
  "UAS": 0.6597082494969819,
  "LAS": 0.5117580482897385,
  "UEM": 0.045075125208681135,
  "LEM": 0.015025041736227046,
  "LOAS": 0.6837902414486922,
  "LOEM": 0.03005008347245409,
  "loss": 5.640816638344212
}