{
  "UAS": 0.6517000355408127,
  "LAS": 0.41073332543537494,
  "UEM": 0.056,
  "LEM": 0.006,
  "LOAS": 0.55858310626703,
  "LOEM": 0.007,
  "loss": 7.138231826206995
}