{
  "UAS": 0.6539509536784741,
  "LAS": 0.3944437862812463,
  "UEM": 0.062,
  "LEM": 0.003,
  "LOAS": 0.5444260158748964,
  "LOEM": 0.005,
  "loss": 9.100772306323051
}