{
  "UAS": 0.6707143703352684,
  "LAS": 0.41168108044070606,
  "UEM": 0.058,
  "LEM": 0.005,
  "LOAS": 0.5592939225210283,
  "LOEM": 0.007,
  "loss": 10.01931917667389
}