{
  "UAS": 0.6691742684516052,
  "LAS": 0.417426845160526,
  "UEM": 0.061,
  "LEM": 0.005,
  "LOAS": 0.5653358606800142,
  "LOEM": 0.006,
  "loss": 10.200849622488022
}