{
  "UAS": 0.7431233760415733,
  "LAS": 0.5274616969805573,
  "UEM": 0.064,
  "LEM": 0.003,
  "LOAS": 0.6145954663560613,
  "LOEM": 0.004,
  "loss": 6.2214618772268295
}