{
  "UAS": 0.7378819102230982,
  "LAS": 0.5442612669115671,
  "UEM": 0.072,
  "LEM": 0.005,
  "LOAS": 0.6329181972941492,
  "LOEM": 0.006,
  "loss": 6.29085536301136
}