{
  "UAS": 0.7254726279007258,
  "LAS": 0.5324343696801362,
  "UEM": 0.064,
  "LEM": 0.005,
  "LOAS": 0.6194785413493414,
  "LOEM": 0.006,
  "loss": 8.086562812328339
}