{
  "UAS": 0.7093450407669564,
  "LAS": 0.46944718215213693,
  "UEM": 0.058,
  "LEM": 0.003,
  "LOAS": 0.5624944001433563,
  "LOEM": 0.004,
  "loss": 6.59489580988884
}