{
  "UAS": 0.7328196398172206,
  "LAS": 0.5327031627990323,
  "UEM": 0.065,
  "LEM": 0.004,
  "LOAS": 0.6210465012095691,
  "LOEM": 0.005,
  "loss": 7.722531884908676
}