{
    "model_count": 5,
    "UAS_mean": 0.7297285189499149,
    "UAS_std": 0.013124917194344325,
    "LAS_mean": 0.5212615357046859,
    "LAS_std": 0.02961376335048115,
    "UEM_mean": 0.0646,
    "UEM_std": 0.00497995983919549,
    "LEM_mean": 0.004,
    "LEM_std": 0.001,
    "LOAS_mean": 0.6101066212704954,
    "LOAS_std": 0.027454303809195217,
    "LOEM_mean": 0.005,
    "LOEM_std": 0.001,
    "loss_mean": 6.983261549472809,
    "loss_std": 0.862320607552788
}