{
  "UAS": 0.8885390930102813,
  "LAS": 0.7961664142822985,
  "UEM": 0.6008666345690901,
  "LEM": 0.31584015406836785,
  "LOAS": 0.8530325974336495,
  "LOEM": 0.33461723639865193,
  "loss": 3.5915782670060583
}