{
    "model_count": 5,
    "UAS_mean": 0.835282698374181,
    "UAS_std": 0.0020933830450288494,
    "LAS_mean": 0.7621127558036075,
    "LAS_std": 0.005211220132620703,
    "UEM_mean": 0.1378,
    "UEM_std": 0.0013038404810405309,
    "LEM_mean": 0.0424,
    "LEM_std": 0.003130495168499705,
    "LOAS_mean": 0.8544851573242741,
    "LOAS_std": 0.005560617080740003,
    "LOEM_mean": 0.0916,
    "LOEM_std": 0.011349008767288884,
    "loss_mean": 5.311237701773644,
    "loss_std": 0.5444592634967305
}