{
  "UAS": 0.8348701771414705,
  "LAS": 0.7660357518401683,
  "UEM": 0.137,
  "LEM": 0.047,
  "LOAS": 0.8598641106527541,
  "LOEM": 0.108,
  "loss": 5.507043585181236
}