{
  "UAS": 0.835355496238777,
  "LAS": 0.7622340855779342,
  "UEM": 0.139,
  "LEM": 0.041,
  "LOAS": 0.8539189517107498,
  "LOEM": 0.08,
  "loss": 4.397105373442173
}