{
  "UAS": 0.8381865243063982,
  "LAS": 0.7600097063819461,
  "UEM": 0.139,
  "LEM": 0.041,
  "LOAS": 0.8510474803850199,
  "LOEM": 0.092,
  "loss": 5.4757562801241875
}