{
  "UAS": 0.8323222518806115,
  "LAS": 0.7545498665372482,
  "UEM": 0.136,
  "LEM": 0.039,
  "LOAS": 0.8474075871552212,
  "LOEM": 0.082,
  "loss": 5.844410791993141
}