{
  "UAS": 0.8058573452999528,
  "LAS": 0.6908575600120239,
  "UEM": 0.126,
  "LEM": 0.023,
  "LOAS": 0.7862326620002577,
  "LOEM": 0.031,
  "loss": 6.181616559624672
}