{"model_count": 10, "em_accuracy_mean": 0.5635139008311837, "em_accuracy_std": 0.007773852391591195, "loss_mean": 1.5646823305517572, "loss_std": 0.021150451154038182}