{
  "em_accuracy": 0.5643450845514474,
  "loss": 1.5766845859893381
}