{
  "em_accuracy": 0.5657781599312124,
  "loss": 1.5353218567425801
}