{
  "em_accuracy": 0.5712238463743193,
  "loss": 1.5568633542213266
}