{
  "em_accuracy": 0.5554600171969045,
  "loss": 1.589132338081865
}