{
  "em_accuracy": 0.5689309257666954,
  "loss": 1.592162254738481
}