{
  "em_accuracy": 0.5663513900831184,
  "loss": 1.5754252438131533
}