{
  "em_accuracy": 0.5657781599312124,
  "loss": 1.5787227600132494
}