{
    "model_count": 5,
    "UAS_mean": 0.920164182673149,
    "UAS_std": 0.0008261583790638383,
    "LAS_mean": 0.8479078664222524,
    "LAS_std": 0.0025198099982084187,
    "UEM_mean": 0.698700048146365,
    "UEM_std": 0.0050542218476689995,
    "LEM_mean": 0.4182956186807896,
    "LEM_std": 0.005577502342830845,
    "LOAS_mean": 0.8915358252968837,
    "LOAS_std": 0.0021245033679058887,
    "LOEM_mean": 0.4419836302359172,
    "LOEM_std": 0.007559132627880394,
    "loss_mean": 2.346991792884537,
    "loss_std": 0.12658298160263787
}