{
  "UAS": 0.9195026699609469,
  "LAS": 0.8493265322387822,
  "UEM": 0.6976408281174772,
  "LEM": 0.4212806933076553,
  "LOAS": 0.8930421614728621,
  "LOEM": 0.44535387578237845,
  "loss": 2.2408830678204965
}