{
  "UAS": 0.9193432693074042,
  "LAS": 0.8449430142663585,
  "UEM": 0.6918632643235436,
  "LEM": 0.41405873856523834,
  "LOAS": 0.8887383438272097,
  "LOEM": 0.4342802118440058,
  "loss": 2.5528560192067324
}