{
  "UAS": 0.9207778751892883,
  "LAS": 0.8506814377938949,
  "UEM": 0.7029369282619162,
  "LEM": 0.4232065479056331,
  "LOAS": 0.893759464413804,
  "LOEM": 0.4525758305247954,
  "loss": 2.3826108351969966
}