{
  "em_accuracy": 0.0720139315713993,
  "tp": 5568,
  "fp": 22417,
  "fn": 21627,
  "p": 19.89637305699482,
  "r": 20.47435190292333,
  "f1": 20.181225081551286,
  "Macro_f1": 16.453006272902066,
  "Macro_p": 22.96618734950699,
  "Macro_r": 14.77544720060998,
  "loss": 2.555966498808853
}