{
  "em_accuracy": 0.07078467527146076,
  "tp": 6291,
  "fp": 21471,
  "fn": 20904,
  "p": 22.660471147611844,
  "r": 23.13292884721456,
  "f1": 22.89426278727005,
  "Macro_f1": 15.166056006689896,
  "Macro_p": 19.80139332505042,
  "Macro_r": 14.099326917997963,
  "loss": 2.516017702519406
}