{
  "em_accuracy": 0.07262855972136857,
  "tp": 6422,
  "fp": 21872,
  "fn": 20773,
  "p": 22.69739167314625,
  "r": 23.614635043206473,
  "f1": 23.146930022166558,
  "Macro_f1": 15.333839738468294,
  "Macro_p": 20.764478106463613,
  "Macro_r": 13.934291792150361,
  "loss": 2.5826763782875823
}