{
  "em_accuracy": 0.07467732022126614,
  "tp": 6600,
  "fp": 22635,
  "fn": 20595,
  "p": 22.575679835813236,
  "r": 24.269167126309984,
  "f1": 23.391812865497073,
  "Macro_f1": 15.991150798621453,
  "Macro_p": 21.074727401103978,
  "Macro_r": 14.444007059543216,
  "loss": 2.554632879903391
}