{
  "em_accuracy": 0.0678139725466093,
  "tp": 6386,
  "fp": 20878,
  "fn": 20809,
  "p": 23.422828638497652,
  "r": 23.482257767972055,
  "f1": 23.452505554637437,
  "Macro_f1": 15.961448166979128,
  "Macro_p": 21.635155229097535,
  "Macro_r": 14.54950973884521,
  "loss": 2.5485081003457553
}