{
  "em_accuracy": 0.0701700471214915,
  "tp": 6727,
  "fp": 20558,
  "fn": 20468,
  "p": 24.65457210921752,
  "r": 24.736164736164735,
  "f1": 24.69530102790015,
  "Macro_f1": 15.59920373016492,
  "Macro_p": 21.089924428253077,
  "Macro_r": 13.910600079356742,
  "loss": 2.5757328201627967
}