{
  "accuracy": 0.8545994065281899,
  "macro_fscore": 0.5584173352843501,
  "micro_fscore": 0.8622754491017963,
  "loss": 0.592415690316226
}