{
  "accuracy": 0.9050445103857567,
  "macro_fscore": 0.5738860254787841,
  "micro_fscore": 0.9063893016344726,
  "loss": 0.4170354081645862
}