{
  "accuracy": 0.8486646884272997,
  "macro_fscore": 0.5206437582449346,
  "micro_fscore": 0.849925705794948,
  "loss": 0.6238459365611727
}