{"model_count": 5, "accuracy_mean": 0.8429565217391305, "accuracy_std": 0.003869320949789052, "loss_mean": 1.1621145425985258, "loss_std": 0.22882207777385205}