{
  "accuracy": 0.8434782608695652,
  "loss": 1.3746575887004535
}