{
  "accuracy": 0.8382608695652174,
  "loss": 0.8001260972685285
}