{
  "UAS": 0.6809027366425779,
  "LAS": 0.48134107333254356,
  "UEM": 0.068,
  "LEM": 0.013,
  "LOAS": 0.6229119772538799,
  "LOEM": 0.02,
  "loss": 10.884414583444595
}