{
  "UAS": 0.07078545196066817,
  "LAS": 0.021798365122615803,
  "UEM": 0.001,
  "LEM": 0.0,
  "LOAS": 0.1299609051060301,
  "LOEM": 0.0,
  "loss": 5.651757583022118
}