{
  "UAS": 0.6596374837104608,
  "LAS": 0.4479327093946215,
  "UEM": 0.058,
  "LEM": 0.012,
  "LOAS": 0.6006989693164317,
  "LOEM": 0.016,
  "loss": 8.564296752214432
}