{
  "UAS": 0.6723137069067646,
  "LAS": 0.46937566639023814,
  "UEM": 0.062,
  "LEM": 0.013,
  "LOAS": 0.6124274375074044,
  "LOEM": 0.018,
  "loss": 10.173335924744606
}