{
  "UAS": 0.6801326857007464,
  "LAS": 0.4779646961260514,
  "UEM": 0.068,
  "LEM": 0.013,
  "LOAS": 0.6180547328515579,
  "LOEM": 0.019,
  "loss": 9.129280030727386
}