{
    "model_count": 5,
    "UAS_mean": 0.5527544129842435,
    "UAS_std": 0.2695643300670283,
    "LAS_mean": 0.3796825020732141,
    "LAS_std": 0.2004855760296848,
    "UEM_mean": 0.0514,
    "UEM_std": 0.02849210416940104,
    "LEM_mean": 0.010199999999999999,
    "LEM_std": 0.005718391382198319,
    "LOAS_mean": 0.5168108044070608,
    "LOAS_std": 0.21641418694997225,
    "LOEM_mean": 0.0146,
    "LOEM_std": 0.008294576541331087,
    "loss_mean": 8.880616974830627,
    "loss_std": 2.017036930154456
}