{
  "accuracy": 0.8420019627085378,
  "macro_fscore": 0.5743923230148195,
  "micro_fscore": 0.8438274665344572,
  "loss": 0.6728057175932918
}