{
  "accuracy": 0.8469087340529932,
  "macro_fscore": 0.5411973346201466,
  "micro_fscore": 0.8493557978196233,
  "loss": 0.852792421457707
}