{
  "UAS": 0.22780216826449243,
  "LAS": 0.17296837200967655,
  "UEM": 0.001,
  "LEM": 0.0,
  "LOAS": 0.43235373174446734,
  "LOEM": 0.0,
  "loss": 13.407341986894608
}