{
  "UAS": 0.2773496998476839,
  "LAS": 0.21454170773228207,
  "UEM": 0.001,
  "LEM": 0.0,
  "LOAS": 0.45954663560612846,
  "LOEM": 0.0,
  "loss": 15.963765293359756
}