{
  "UAS": 0.23161007078218798,
  "LAS": 0.1796434011289311,
  "UEM": 0.0,
  "LEM": 0.0,
  "LOAS": 0.43629603082161095,
  "LOEM": 0.0,
  "loss": 13.159315675497055
}