{
  "UAS": 0.2443777439297554,
  "LAS": 0.18587044171669206,
  "UEM": 0.0,
  "LEM": 0.0,
  "LOAS": 0.44798853149359374,
  "LOEM": 0.0,
  "loss": 13.500774949789047
}