{
    "model_count": 5,
    "UAS_mean": 0.24711943374249618,
    "UAS_std": 0.019930692073391713,
    "LAS_mean": 0.18941851088612133,
    "LAS_std": 0.016058854873054182,
    "UEM_mean": 0.0004,
    "UEM_std": 0.0005477225575051661,
    "LEM_mean": 0.0,
    "LEM_std": 0.0,
    "LOAS_mean": 0.44363408296747603,
    "LOAS_std": 0.01067686472175934,
    "LOEM_mean": 0.0,
    "LOEM_std": 0.0,
    "loss_mean": 13.80509307384491,
    "loss_std": 1.2232280876244812
}