{"model_count": 10, "em_accuracy_mean": 0.5515620521639438, "em_accuracy_std": 0.008784542971667659, "loss_mean": 1.6096173612494447, "loss_std": 0.01664594986230696}