{
  "em_accuracy": 0.5468615649183147,
  "loss": 1.6122224450655724
}