{
  "em_accuracy": 0.5520206362854686,
  "loss": 1.6426146934021553
}