{
  "em_accuracy": 0.5591860131842935,
  "loss": 1.6143309422279601
}