{
  "em_accuracy": 0.533677271424477,
  "loss": 1.618230002927998
}