{
  "em_accuracy": 0.5609057036400115,
  "loss": 1.5996505517393487
}