{"model_count": 10, "em_accuracy_mean": 0.4043072505384063, "em_accuracy_std": 0.007559875731170581, "loss_mean": 1.9392103647163936, "loss_std": 0.03342619938535001}