{
  "em_accuracy": 0.4131371141421393,
  "loss": 1.90096914768219
}