{
  "em_accuracy": 0.41457286432160806,
  "loss": 1.9230762314796448
}