{
  "em_accuracy": 0.40882986360373297,
  "loss": 1.9314038348197937
}