{
  "em_accuracy": 0.4117013639626705,
  "loss": 1.9771728447505406
}