{"model_count": 10, "em_accuracy_mean": 0.358435032304379, "em_accuracy_std": 0.012752473941832796, "loss_mean": 1.825469677720751, "loss_std": 0.0313925738531283}