{
  "em_accuracy": 0.35570710696338836,
  "loss": 1.8845804643630981
}