{
  "em_accuracy": 0.34529791816223976,
  "loss": 1.833211738722665
}