{
  "em_accuracy": 0.3399138549892319,
  "loss": 1.8100324647767203
}