{
  "em_accuracy": 0.3499641062455133,
  "loss": 1.8035972966466631
}