{
  "em_accuracy": 0.3693467336683417,
  "loss": 1.7992676145689828
}