{
  "em_accuracy": 0.3905240488155061,
  "loss": 1.9861131368364606
}