{
  "em_accuracy": 0.3908829863603733,
  "loss": 1.9610620600836617
}