{
  "em_accuracy": 0.37724335965541994,
  "loss": 1.9368148769651141
}