{
  "em_accuracy": 0.3955491744436468,
  "loss": 1.972639763355255
}