{
    "model_count": 5,
    "UAS_mean": 0.5640234495526072,
    "UAS_std": 0.008937949430786607,
    "LAS_mean": 0.4646302581507765,
    "LAS_std": 0.008150525060921142,
    "UEM_mean": 0.0566,
    "UEM_std": 0.0037815340802378073,
    "LEM_mean": 0.02,
    "LEM_std": 0.0007071067811865482,
    "loss_mean": 1.8837165605454218,
    "loss_std": 0.009927643679842304
}