{
  "UAS": 0.5734341252699784,
  "LAS": 0.4715108505605266,
  "UEM": 0.062,
  "LEM": 0.02,
  "loss": 1.893104628911094
}