{
  "UAS": 0.5533785868559087,
  "LAS": 0.45418080839247144,
  "UEM": 0.055,
  "LEM": 0.021,
  "loss": 1.8937508303021628
}