{
    "model_count": 5,
    "UAS_mean": 0.413532314163229,
    "UAS_std": 0.004983226514411124,
    "LAS_mean": 0.35751031303081776,
    "LAS_std": 0.005531079478382811,
    "UEM_mean": 0.0034000000000000002,
    "UEM_std": 0.0008944271909999159,
    "LEM_mean": 0.002,
    "LEM_std": 0.0,
    "loss_mean": 1.8944171436249264,
    "loss_std": 0.01817365547487248
}