{
  "UAS": 0.415756693359217,
  "LAS": 0.36038987300816955,
  "UEM": 0.004,
  "LEM": 0.002,
  "loss": 1.868302721825857
}