{
  "UAS": 0.41219768664563616,
  "LAS": 0.3562646606810645,
  "UEM": 0.004,
  "LEM": 0.002,
  "loss": 1.9029526710510254
}