{
  "UAS": 0.6692927378272716,
  "LAS": 0.425008885203175,
  "UEM": 0.063,
  "LEM": 0.01,
  "LOAS": 0.5748134107333255,
  "LOEM": 0.013,
  "loss": 10.710571378469467
}