{
  "UAS": 0.671247482525767,
  "LAS": 0.41055562137187535,
  "UEM": 0.062,
  "LEM": 0.006,
  "LOAS": 0.555858310626703,
  "LOEM": 0.007,
  "loss": 11.010019153356552
}