{
    "model_count": 5,
    "UAS_mean": 0.6729652884729298,
    "UAS_std": 0.002849428615283934,
    "LAS_mean": 0.4152470086482644,
    "LAS_std": 0.008594481681914562,
    "UEM_mean": 0.063,
    "UEM_std": 0.0015811388300841912,
    "LEM_mean": 0.008,
    "LEM_std": 0.0018708286933869706,
    "LOAS_mean": 0.5594834735220945,
    "LOAS_std": 0.010480138053319852,
    "LOEM_mean": 0.0094,
    "LOEM_std": 0.0025099800796022265,
    "loss_mean": 10.216473937034607,
    "loss_std": 0.615704561809801
}