{
  "accuracy": 0.9126891734575088,
  "macro_fscore": 0.7206974389922715,
  "micro_fscore": 0.9153936545240895,
  "loss": 0.5319005893284662
}