{
  "accuracy": 0.9243306169965075,
  "macro_fscore": 0.6460511389722827,
  "micro_fscore": 0.926056338028169,
  "loss": 0.3803509658685437
}