{
  "accuracy": 0.9045401629802096,
  "macro_fscore": 0.6120560607001766,
  "micro_fscore": 0.9077013521457966,
  "loss": 0.5139497672380121
}