{
  "accuracy": 0.8635014836795252,
  "macro_fscore": 0.5618795452877976,
  "micro_fscore": 0.8673621460506706,
  "loss": 0.6086504097011957
}