{
  "accuracy": 0.8664688427299704,
  "macro_fscore": 0.5849274769636416,
  "micro_fscore": 0.8703427719821162,
  "loss": 0.48747996949929406
}