{
    "model_count": 5,
    "UAS_mean": 0.9397943731569299,
    "UAS_std": 0.0008346683074383477,
    "LAS_mean": 0.9215429983262932,
    "LAS_std": 0.0008961414862659438,
    "UEM_mean": 0.7546461242176216,
    "UEM_std": 0.0047977556738962555,
    "LEM_mean": 0.6632643235435725,
    "LEM_std": 0.005495860635580545,
    "LOAS_mean": 0.9560771499163147,
    "LOAS_std": 0.0006782727258884776,
    "LOEM_mean": 0.7232546942705825,
    "LOEM_std": 0.004495952828090035,
    "loss_mean": 1.339326126885525,
    "loss_std": 0.1885789952213589
}