{
  "UAS": 0.9393480513270105,
  "LAS": 0.921654578783773,
  "UEM": 0.7592681752527685,
  "LEM": 0.6711603273952816,
  "LOAS": 0.9570813740336336,
  "LOEM": 0.7279730380356283,
  "loss": 1.4157828256068474
}