{
  "UAS": 0.9397864031242528,
  "LAS": 0.9213357774766876,
  "UEM": 0.7481945113143957,
  "LEM": 0.6581608088589311,
  "LOAS": 0.9556467681517494,
  "LOEM": 0.718343765045739,
  "loss": 1.3218509380422685
}