{
  "accuracy": 0.6851851851851852,
  "macro_fscore": 0.25840032982890127,
  "micro_fscore": 0.6862745098039216,
  "loss": 1.3226142823696136
}