{
  "accuracy": 0.7777777777777778,
  "macro_fscore": 0.3731238660729012,
  "micro_fscore": 0.796116504854369,
  "loss": 0.8753714263439178
}