{
  "accuracy": 0.6666666666666666,
  "macro_fscore": 0.2108627806302225,
  "micro_fscore": 0.6923076923076923,
  "loss": 1.0602966584265232
}