{
    "model_count": 5,
    "UAS_mean": 0.8578407013267076,
    "UAS_std": 0.0017592857052696395,
    "LAS_mean": 0.7448314659415873,
    "LAS_std": 0.005977629891900084,
    "UEM_mean": 0.1504,
    "UEM_std": 0.0032093613071762454,
    "LEM_mean": 0.0374,
    "LEM_std": 0.0058991524815010495,
    "LOAS_mean": 0.841573297079368,
    "LOAS_std": 0.005828295376692533,
    "LOEM_mean": 0.0708,
    "LOEM_std": 0.007918333157931662,
    "loss_mean": 3.8508888840675355,
    "loss_std": 0.13560527270679765
}