{
  "UAS": 0.8599221789883269,
  "LAS": 0.7437532230087666,
  "UEM": 0.148,
  "LEM": 0.033,
  "LOAS": 0.8393886831372182,
  "LOEM": 0.062,
  "loss": 3.9246750250458717
}