{
  "UAS": 0.8557967277670995,
  "LAS": 0.7513009235385121,
  "UEM": 0.15,
  "LEM": 0.047,
  "LOAS": 0.8482490272373541,
  "LOEM": 0.083,
  "loss": 3.87313524633646
}