{
  "UAS": 0.6719582987797654,
  "LAS": 0.4272005686530032,
  "UEM": 0.061,
  "LEM": 0.008,
  "LOAS": 0.5662243809975122,
  "LOEM": 0.01,
  "loss": 6.8556279093027115
}