{
  "UAS": 0.6747423291079256,
  "LAS": 0.43424949650515343,
  "UEM": 0.06,
  "LEM": 0.008,
  "LOAS": 0.5757611657386565,
  "LOEM": 0.012,
  "loss": 9.218740478157997
}