{
  "UAS": 0.6662125340599455,
  "LAS": 0.4206255183035185,
  "UEM": 0.055,
  "LEM": 0.004,
  "LOAS": 0.5639142281720175,
  "LOEM": 0.005,
  "loss": 10.226639091968536
}