{
    "model_count": 5,
    "UAS_mean": 0.6683449828219405,
    "UAS_std": 0.004833165776770893,
    "LAS_mean": 0.4203885795521858,
    "LAS_std": 0.010716159146871542,
    "UEM_mean": 0.0572,
    "UEM_std": 0.0030331501776206192,
    "LEM_mean": 0.0062,
    "LEM_std": 0.0017888543819998318,
    "LOAS_mean": 0.5634758914820519,
    "LOAS_std": 0.008484901240916769,
    "LOEM_mean": 0.008,
    "LOEM_std": 0.00291547594742265,
    "loss_mean": 9.126299285888672,
    "loss_std": 1.3777345483823775
}