{
    "model_count": 5,
    "UAS_mean": 0.8444228747067863,
    "UAS_std": 0.002373333614642821,
    "LAS_mean": 0.7842594839440266,
    "LAS_std": 0.0037458186725894934,
    "UEM_mean": 0.15,
    "UEM_std": 0.006244997998398391,
    "LEM_mean": 0.060200000000000004,
    "LEM_std": 0.002774887385102321,
    "LOAS_mean": 0.8727655099894848,
    "LOAS_std": 0.0023749870737754856,
    "LOEM_mean": 0.1266,
    "LOEM_std": 0.005079370039680122,
    "loss_mean": 4.922608546167612,
    "loss_std": 0.7752469360206844
}