{
  "UAS": 0.8466391652511527,
  "LAS": 0.787187575831109,
  "UEM": 0.153,
  "LEM": 0.061,
  "LOAS": 0.8745450133462752,
  "LOEM": 0.128,
  "loss": 4.997231788933277
}