{
    "model_count": 5,
    "UAS_mean": 0.6341292812349253,
    "UAS_std": 0.011976436311943913,
    "LAS_mean": 0.44975880366618426,
    "LAS_std": 0.00671643554522652,
    "UEM_mean": 0.0722,
    "UEM_std": 0.006220932405998316,
    "LEM_mean": 0.0142,
    "LEM_std": 0.001788854381999832,
    "LOAS_mean": 0.5815726000964785,
    "LOAS_std": 0.005526568076584274,
    "LOEM_mean": 0.0162,
    "LOEM_std": 0.0016431676725154984,
    "loss_mean": 7.088514231145382,
    "loss_std": 0.5994506310203894
}