{
  "UAS": 0.6521345875542692,
  "LAS": 0.4605643994211288,
  "UEM": 0.079,
  "LEM": 0.016,
  "LOAS": 0.5858055957549445,
  "LOEM": 0.016,
  "loss": 6.123635083436966
}