{
  "UAS": 0.6358538350217077,
  "LAS": 0.4490472744814279,
  "UEM": 0.073,
  "LEM": 0.012,
  "LOAS": 0.5761577424023154,
  "LOEM": 0.015,
  "loss": 7.703354209661484
}