{"model_count": 10, "em_accuracy_mean": 0.5461512261580381, "em_accuracy_std": 0.012973863989691388, "loss_mean": 1.4155095128585464, "loss_std": 0.012747179584224465}