{
  "em_accuracy": 0.5432561307901907,
  "loss": 1.4199280920236006
}