{
  "em_accuracy": 0.5521117166212534,
  "loss": 1.4113441122614818
}