{
  "em_accuracy": 0.5626702997275205,
  "loss": 1.3977304152820422
}