{
  "em_accuracy": 0.5606267029972752,
  "loss": 1.4200391879548198
}