{
  "em_accuracy": 0.5439373297002725,
  "loss": 1.404971679267676
}