{
  "em_accuracy": 0.5180517711171662,
  "loss": 1.4366176254723384
}