{
  "UAS": 0.6412204534491076,
  "LAS": 0.4643632416787265,
  "UEM": 0.064,
  "LEM": 0.014,
  "LOAS": 0.586287988422576,
  "LOEM": 0.017,
  "loss": 7.135188385844231
}