{
  "UAS": 0.6551495417269657,
  "LAS": 0.480643994211288,
  "UEM": 0.071,
  "LEM": 0.017,
  "LOAS": 0.5961770381090208,
  "LOEM": 0.019,
  "loss": 7.363377548754215
}