{
  "accuracy": 0.9281767955801105,
  "macro_fscore": 0.34510421352526616,
  "micro_fscore": 0.9340974212034384,
  "loss": 0.3838312042256196
}