{
  "accuracy": 0.9171270718232044,
  "macro_fscore": 0.32437932437932443,
  "micro_fscore": 0.9204545454545455,
  "loss": 0.3844216846676621
}