{
  "accuracy": 0.9171270718232044,
  "macro_fscore": 0.27241641980533216,
  "micro_fscore": 0.92,
  "loss": 0.2919202942478781
}