{
  "accuracy": 0.9116022099447514,
  "macro_fscore": 0.42693674484719263,
  "micro_fscore": 0.9147727272727273,
  "loss": 0.5640576883840064
}