{
  "accuracy": 0.9392265193370166,
  "macro_fscore": 0.3793706293706294,
  "micro_fscore": 0.9398280802292263,
  "loss": 0.3614486453492039
}