{
  "UAS": 0.6929273782727166,
  "LAS": 0.4658215851202464,
  "UEM": 0.063,
  "LEM": 0.008,
  "LOAS": 0.5950124392844449,
  "LOEM": 0.01,
  "loss": 8.761651709675789
}