{
  "UAS": 0.7048335505271888,
  "LAS": 0.4901078071318564,
  "UEM": 0.063,
  "LEM": 0.015,
  "LOAS": 0.6197133041108873,
  "LOEM": 0.019,
  "loss": 7.644665628671646
}