{
  "UAS": 0.6896694704418908,
  "LAS": 0.471152707025234,
  "UEM": 0.061,
  "LEM": 0.011,
  "LOAS": 0.6031868262054259,
  "LOEM": 0.015,
  "loss": 7.964353144168854
}