{
  "UAS": 0.684871460727402,
  "LAS": 0.4674801563795759,
  "UEM": 0.066,
  "LEM": 0.01,
  "LOAS": 0.6003435611894326,
  "LOEM": 0.014,
  "loss": 7.620947167277336
}