{
    "model_count": 5,
    "UAS_mean": 0.6940172965288474,
    "UAS_std": 0.007663581454562854,
    "LAS_mean": 0.4736524108517948,
    "LAS_std": 0.009701151844767848,
    "UEM_mean": 0.0624,
    "UEM_std": 0.0026076809620810618,
    "LEM_mean": 0.011,
    "LEM_std": 0.002549509756796392,
    "LOAS_mean": 0.6041938158985902,
    "LOAS_std": 0.009262608273613027,
    "LOEM_mean": 0.014,
    "LOEM_std": 0.0033911649915626335,
    "loss_mean": 8.002540138363837,
    "loss_std": 0.4614487576566887
}