{
  "UAS": 0.45114454420448113,
  "LAS": 0.3970719081129176,
  "UEM": 0.077,
  "LEM": 0.036,
  "loss": 1.766107780592782
}