{
  "UAS": 0.5952380952380952,
  "LAS": 0.4865782165998149,
  "UEM": 0.083,
  "LEM": 0.018,
  "loss": 1.9815367062886555
}