{
  "UAS": 0.5949809729507354,
  "LAS": 0.4836470225239124,
  "UEM": 0.086,
  "LEM": 0.016,
  "loss": 1.9850775419719635
}