{
  "UAS": 0.5911755630978093,
  "LAS": 0.4829785045767767,
  "UEM": 0.071,
  "LEM": 0.017,
  "loss": 1.9925729149863833
}