{"model_count": 5, "accuracy_mean": 0.7768595041322314, "accuracy_std": 0.023130655129127656, "macro_fscore_mean": 0.7714986408111377, "macro_fscore_std": 0.05364862449990143, "micro_fscore_mean": 0.7756015468273858, "micro_fscore_std": 0.02407689892834371, "loss_mean": 1.2432802192998402, "loss_std": 0.3097214340965105}