{
  "accuracy": 0.7933884297520661,
  "macro_fscore": 0.7719676865825944,
  "micro_fscore": 0.7949438202247191,
  "loss": 0.7953044305677
}