{
  "accuracy": 0.8071625344352618,
  "macro_fscore": 0.8458702303491017,
  "micro_fscore": 0.8056338028169014,
  "loss": 1.1865138280984906
}