{
  "accuracy": 0.7658402203856749,
  "macro_fscore": 0.7900381349773329,
  "micro_fscore": 0.7623066104078763,
  "loss": 1.1628434790865234
}