{
  "accuracy": 0.7201946472019465,
  "macro_fscore": 0.21463974478680364,
  "micro_fscore": 0.32843137254901955,
  "label_per:employee_of_fscore": 0.08888888888888889,
  "label_per:religion_fscore": 0.5714285714285715,
  "label_per:date_of_birth_fscore": 0,
  "label_org:alternate_names_fscore": 0.35294117647058826,
  "label_org:top_members/employees_fscore": 0.16666666666666666,
  "label_per:date_of_death_fscore": 0.5,
  "label_org:members_fscore": 0,
  "label_org:dissolved_fscore": 0,
  "label_per:origin_fscore": 0.125,
  "label_per:schools_attended_fscore": 0,
  "label_per:spouse_fscore": 0.28571428571428575,
  "label_org:member_of_fscore": 0,
  "label_per:title_fscore": 0.661764705882353,
  "label_per:siblings_fscore": 0.6666666666666666,
  "label_org:number_of_employees/members_fscore": 0,
  "label_per:alternate_names_fscore": 0.4444444444444445,
  "label_per:children_fscore": 0,
  "label_per:other_family_fscore": 0,
  "loss": 1.178489632331408
}