{
  "accuracy": 0.7068126520681265,
  "macro_fscore": 0.16718087908564097,
  "micro_fscore": 0.33928571428571436,
  "label_per:employee_of_fscore": 0.18181818181818182,
  "label_per:religion_fscore": 0.33333333333333337,
  "label_per:date_of_birth_fscore": 0,
  "label_org:alternate_names_fscore": 0,
  "label_org:top_members/employees_fscore": 0.17777777777777778,
  "label_per:date_of_death_fscore": 0,
  "label_org:members_fscore": 0,
  "label_org:dissolved_fscore": 0,
  "label_per:origin_fscore": 0.14285714285714285,
  "label_per:schools_attended_fscore": 0,
  "label_per:spouse_fscore": 0.33333333333333337,
  "label_org:member_of_fscore": 0,
  "label_per:title_fscore": 0.7210884353741497,
  "label_per:siblings_fscore": 0.28571428571428575,
  "label_org:number_of_employees/members_fscore": 0,
  "label_per:alternate_names_fscore": 0.6666666666666666,
  "label_per:children_fscore": 0,
  "label_per:other_family_fscore": 0.16666666666666666,
  "loss": 1.5614642145541997
}