{
    "model_count": 5,
    "accuracy_mean": 0.8380869565217391,
    "accuracy_std": 0.009149049347869668,
    "macro_fscore_mean": 0.8448053597203534,
    "macro_fscore_std": 0.008428891158761137,
    "micro_fscore_mean": 0.8419721935286163,
    "micro_fscore_std": 0.008522576766084835,
    "label_has-sibling_fscore_mean": 0.933688917991439,
    "label_has-sibling_fscore_std": 0.017431666286095576,
    "label_has-genre_fscore_mean": 0.7300010137408511,
    "label_has-genre_fscore_std": 0.03794852074944946,
    "label_first-product_fscore_mean": 0.9096626413213403,
    "label_first-product_fscore_std": 0.033329290643923995,
    "label_is-member-of_fscore_mean": 0.9475373056483556,
    "label_is-member-of_fscore_std": 0.018364016554936826,
    "label_has-occupation_fscore_mean": 0.9261754175417541,
    "label_has-occupation_fscore_std": 0.011101729759287287,
    "label_movie-has-director_fscore_mean": 0.9857336249088826,
    "label_movie-has-director_fscore_std": 0.015485378106301384,
    "label_has-type_fscore_mean": 0.715593902545183,
    "label_has-type_fscore_std": 0.04957567134849182,
    "label_has-parent_fscore_mean": 0.8886640599543826,
    "label_has-parent_fscore_std": 0.03478223801669147,
    "label_has-highest-mountain_fscore_mean": 0.9817260726072606,
    "label_has-highest-mountain_fscore_std": 0.01378874372593136,
    "label_headquarters_fscore_mean": 0.9406670255372123,
    "label_headquarters_fscore_std": 0.025280443121781737,
    "label_birth-place_fscore_mean": 0.5725497861462774,
    "label_birth-place_fscore_std": 0.037070726573604704,
    "label_has-child_fscore_mean": 0.9150365105738515,
    "label_has-child_fscore_std": 0.022123093072937833,
    "label_org-has-founder_fscore_mean": 0.8458849652308105,
    "label_org-has-founder_fscore_std": 0.0906411317786059,
    "label_has-nationality_fscore_mean": 0.5028831178285016,
    "label_has-nationality_fscore_std": 0.016005499016624018,
    "label_from-country_fscore_mean": 0.20920867268324894,
    "label_from-country_fscore_std": 0.09042012232235477,
    "label_invented-when_fscore_mean": 0.9837889550022315,
    "label_invented-when_fscore_std": 0.021363155903024345,
    "label_org-has-member_fscore_mean": 0.9704861522131654,
    "label_org-has-member_fscore_std": 0.022723457810654244,
    "label_has-tourist-attraction_fscore_mean": 0.9520649905291697,
    "label_has-tourist-attraction_fscore_std": 0.02531122437919023,
    "label_is-where_fscore_mean": 0.8960885745460213,
    "label_is-where_fscore_std": 0.014401689958872988,
    "label_has-spouse_fscore_mean": 0.8445300112731305,
    "label_has-spouse_fscore_std": 0.03163369832581203,
    "label_invented-by_fscore_mean": 0.9783593037482712,
    "label_invented-by_fscore_std": 0.02064816722188349,
    "label_won-award_fscore_mean": 0.9553868922764357,
    "label_won-award_fscore_std": 0.011040711329311326,
    "loss_mean": 0.7837663765608643,
    "loss_std": 0.13300832646640326
}