{
  "accuracy": 0.8408695652173913,
  "macro_fscore": 0.8431053080229785,
  "micro_fscore": 0.8431192660550461,
  "label_has-sibling_fscore": 0.9607843137254902,
  "label_has-genre_fscore": 0.7727272727272727,
  "label_first-product_fscore": 0.94,
  "label_is-member-of_fscore": 0.96,
  "label_has-occupation_fscore": 0.92,
  "label_movie-has-director_fscore": 0.9690721649484536,
  "label_has-type_fscore": 0.7096774193548386,
  "label_has-parent_fscore": 0.9032258064516129,
  "label_has-highest-mountain_fscore": 0.9583333333333334,
  "label_headquarters_fscore": 0.9263157894736842,
  "label_birth-place_fscore": 0.625,
  "label_has-child_fscore": 0.9473684210526316,
  "label_org-has-founder_fscore": 0.8,
  "label_has-nationality_fscore": 0.524390243902439,
  "label_from-country_fscore": 0.06779661016949154,
  "label_invented-when_fscore": 1.0,
  "label_org-has-member_fscore": 0.9514563106796116,
  "label_has-tourist-attraction_fscore": 0.9090909090909091,
  "label_is-where_fscore": 0.9010989010989011,
  "label_has-spouse_fscore": 0.8623853211009174,
  "label_invented-by_fscore": 0.99009900990099,
  "label_won-award_fscore": 0.9494949494949495,
  "loss": 1.0103758906350575
}