{
  "accuracy": 0.8469565217391304,
  "macro_fscore": 0.8507231375267073,
  "micro_fscore": 0.8497030607583371,
  "label_has-sibling_fscore": 0.94,
  "label_has-genre_fscore": 0.691358024691358,
  "label_first-product_fscore": 0.9306930693069307,
  "label_is-member-of_fscore": 0.9345794392523363,
  "label_has-occupation_fscore": 0.9306930693069307,
  "label_has-type_fscore": 0.6530612244897959,
  "label_movie-has-director_fscore": 1.0,
  "label_has-parent_fscore": 0.9032258064516129,
  "label_has-highest-mountain_fscore": 0.99009900990099,
  "label_headquarters_fscore": 0.9504950495049505,
  "label_birth-place_fscore": 0.5897435897435898,
  "label_has-child_fscore": 0.9052631578947369,
  "label_org-has-founder_fscore": 0.924731182795699,
  "label_has-nationality_fscore": 0.5135135135135135,
  "label_from-country_fscore": 0.225,
  "label_invented-when_fscore": 1.0,
  "label_org-has-member_fscore": 0.98989898989899,
  "label_has-tourist-attraction_fscore": 0.9702970297029702,
  "label_is-where_fscore": 0.8749999999999999,
  "label_has-spouse_fscore": 0.8392857142857143,
  "label_invented-by_fscore": 0.98989898989899,
  "label_won-award_fscore": 0.9690721649484536,
  "loss": 0.6942523749700437
}