{
  "accuracy": 0.8226086956521739,
  "macro_fscore": 0.8307676341681318,
  "micro_fscore": 0.8277752398355414,
  "label_has-sibling_fscore": 0.9183673469387755,
  "label_has-genre_fscore": 0.6923076923076923,
  "label_first-product_fscore": 0.8599999999999999,
  "label_is-member-of_fscore": 0.9215686274509804,
  "label_has-occupation_fscore": 0.9108910891089109,
  "label_has-type_fscore": 0.712871287128713,
  "label_movie-has-director_fscore": 0.98989898989899,
  "label_has-parent_fscore": 0.8666666666666667,
  "label_has-highest-mountain_fscore": 0.98,
  "label_headquarters_fscore": 0.9148936170212766,
  "label_birth-place_fscore": 0.5274725274725274,
  "label_has-child_fscore": 0.8936170212765958,
  "label_org-has-founder_fscore": 0.8505747126436781,
  "label_has-nationality_fscore": 0.49079754601226994,
  "label_from-country_fscore": 0.18181818181818182,
  "label_invented-when_fscore": 0.99009900990099,
  "label_org-has-member_fscore": 0.98989898989899,
  "label_has-tourist-attraction_fscore": 0.9514563106796116,
  "label_is-where_fscore": 0.8958333333333334,
  "label_has-spouse_fscore": 0.8363636363636363,
  "label_invented-by_fscore": 0.9423076923076924,
  "label_won-award_fscore": 0.9591836734693877,
  "loss": 0.7862705451746782
}