{
    "model_count": 5,
    "UAS_mean": 0.8481985657233649,
    "UAS_std": 0.0026882774467968263,
    "LAS_mean": 0.7740713702924379,
    "LAS_std": 0.003227601674008535,
    "UEM_mean": 0.1884,
    "UEM_std": 0.0015165750888103114,
    "LEM_mean": 0.0716,
    "LEM_std": 0.0025099800796022247,
    "LOAS_mean": 0.8535234250869584,
    "LOAS_std": 0.0023686546778067695,
    "LOEM_mean": 0.1124,
    "LOEM_std": 0.005319774431308154,
    "loss_mean": 4.831204376878246,
    "loss_std": 0.5376079569972759
}