{
  "UAS": 0.8497874350495985,
  "LAS": 0.772834628762829,
  "UEM": 0.188,
  "LEM": 0.071,
  "LOAS": 0.8526216343882853,
  "LOEM": 0.106,
  "loss": 5.110510215163231
}