{
  "UAS": 0.8493580109073732,
  "LAS": 0.7770429853566367,
  "UEM": 0.191,
  "LEM": 0.076,
  "LOAS": 0.8549405247563018,
  "LOEM": 0.12,
  "loss": 4.963822171092033
}