{
  "UAS": 0.8511186498904968,
  "LAS": 0.7779877184695324,
  "UEM": 0.188,
  "LEM": 0.07,
  "LOAS": 0.8569588182247606,
  "LOEM": 0.113,
  "loss": 3.891776486048623
}