{
  "em_accuracy": 0.012231781901109153,
  "tp": 1828,
  "fp": 31037,
  "fn": 31814,
  "p": 5.562148181956489,
  "r": 5.433684085369479,
  "f1": 5.497165711879952,
  "Macro_f1": 1.3519323006631414,
  "Macro_p": 1.4769797101219115,
  "Macro_r": 1.3366788775944825,
  "loss": 4.088074821737869
}