{
  "em_accuracy": 0.010987871877267545,
  "tp": 1887,
  "fp": 31265,
  "fn": 31755,
  "p": 5.691964285714286,
  "r": 5.609060103442126,
  "f1": 5.650208102524179,
  "Macro_f1": 1.328933678726236,
  "Macro_p": 1.4094655110078735,
  "Macro_r": 1.3411840849000054,
  "loss": 4.0882822929527824
}