{
  "em_accuracy": 0.012231781901109153,
  "tp": 1777,
  "fp": 30636,
  "fn": 31865,
  "p": 5.482368185604542,
  "r": 5.2820878663575295,
  "f1": 5.380364847475589,
  "Macro_f1": 1.2403575078737559,
  "Macro_p": 1.4110969668124251,
  "Macro_r": 1.2035430055157064,
  "loss": 4.097874456772559
}