{
  "em_accuracy": 0.00995128019073287,
  "tp": 1772,
  "fp": 31539,
  "fn": 31870,
  "p": 5.319564107952328,
  "r": 5.267225491944593,
  "f1": 5.2932654249996265,
  "Macro_f1": 1.2462472341197575,
  "Macro_p": 1.37882125147155,
  "Macro_r": 1.220615948026771,
  "loss": 4.077538908219852
}