{
  "em_accuracy": 0.005701254275940707,
  "tp": 1782,
  "fp": 31100,
  "fn": 31860,
  "p": 5.4193783833100175,
  "r": 5.296950240770466,
  "f1": 5.3574649750466,
  "Macro_f1": 1.2338519884836647,
  "Macro_p": 1.446517456887379,
  "Macro_r": 1.2670380523027085,
  "loss": 4.143258188494403
}