{
  "em_accuracy": 0.013579351093604228,
  "tp": 1700,
  "fp": 31738,
  "fn": 31942,
  "p": 5.0840361265625935,
  "r": 5.053207300398312,
  "f1": 5.068574836016697,
  "Macro_f1": 1.2905743835819272,
  "Macro_p": 1.544634894454883,
  "Macro_r": 1.253369119050959,
  "loss": 4.059609447150286
}