{
  "em_accuracy": 0.016481807815901316,
  "tp": 1609,
  "fp": 30904,
  "fn": 32033,
  "p": 4.948789714883278,
  "r": 4.7827120860828725,
  "f1": 4.864333761620436,
  "Macro_f1": 1.2224490610658374,
  "Macro_p": 1.311197116780044,
  "Macro_r": 1.2215277079541833,
  "loss": 4.055579716886454
}