{"model_count": 10, "em_accuracy_mean": 0.012791541411837876, "em_accuracy_std": 0.0033777976294125656, "tp_mean": 1779.5, "tp_std": 84.04000370194079, "fp_mean": 31104.9, "fp_std": 329.9206807030374, "fn_mean": 31862.5, "fn_std": 84.04000370194079, "p_mean": 5.411355161936631, "p_std": 0.24901984255803242, "r_mean": 5.289519053563998, "r_std": 0.24980680013655798, "f1_mean": 5.349619575025341, "f1_std": 0.24809802118840701, "Macro_f1_mean": 1.274195087205159, "Macro_f1_std": 0.04262878263991494, "Macro_p_mean": 1.4302271962988797, "Macro_p_std": 0.06534145023931644, "Macro_r_mean": 1.2677790793090904, "Macro_r_std": 0.04643330618682226, "loss_mean": 4.0884915398128, "loss_std": 0.02423102220109599}