{
  "accuracy": 0.9630642954856361,
  "macro_fscore": 0.94589100598806,
  "micro_fscore": 0.9673758865248226,
  "loss": 0.175159319699995
}