{
  "accuracy": 0.9589603283173734,
  "macro_fscore": 0.9446348217086282,
  "micro_fscore": 0.965272856130404,
  "loss": 0.17864737549098209
}