{
  "accuracy": 0.960328317373461,
  "macro_fscore": 0.9451370437949929,
  "micro_fscore": 0.9659574468085106,
  "loss": 0.16309412098590934
}