{
  "accuracy": 0.9589603283173734,
  "macro_fscore": 0.9335405734504262,
  "micro_fscore": 0.9631728045325778,
  "loss": 0.14146432588281838
}