{
    "model_count": 5,
    "em_accuracy_mean": 0.47165697674418605,
    "em_accuracy_std": 0.007793463150264264,
    "loss_mean": 0.0,
    "loss_std": 0.0
}