{
  "UAS": 0.6737353394147613,
  "LAS": 0.4613789835327568,
  "UEM": 0.064,
  "LEM": 0.013,
  "LOAS": 0.6024760099514276,
  "LOEM": 0.016,
  "loss": 9.438233211636543
}