{
  "UAS": 0.6705366662717688,
  "LAS": 0.45314536192394267,
  "UEM": 0.06,
  "LEM": 0.01,
  "LOAS": 0.5899774908186234,
  "LOEM": 0.013,
  "loss": 11.0094673037529
}