{
  "UAS": 0.6762824309915887,
  "LAS": 0.46819097263357423,
  "UEM": 0.059,
  "LEM": 0.011,
  "LOAS": 0.6056746830944201,
  "LOEM": 0.017,
  "loss": 10.628589630126953
}