{
    "model_count": 5,
    "em_accuracy_mean": 0.1974156496769562,
    "em_accuracy_std": 0.008828696249999173,
    "loss_mean": 0.0,
    "loss_std": 0.0
}