{
  "accuracy": 0.8724035608308606,
  "macro_fscore": 0.5656793963885138,
  "micro_fscore": 0.8802395209580838,
  "loss": 0.719353525883972
}