{
  "accuracy": 0.8664688427299704,
  "macro_fscore": 0.5111058988735089,
  "micro_fscore": 0.8690476190476191,
  "loss": 0.6685155694775115
}