{
  "accuracy": 0.8724035608308606,
  "macro_fscore": 0.5941114611098971,
  "micro_fscore": 0.8763040238450075,
  "loss": 0.562523099844508
}