{
  "accuracy": 0.8456973293768546,
  "macro_fscore": 0.5389838096924279,
  "micro_fscore": 0.852017937219731,
  "loss": 0.5865165354665475
}