{
  "UAS": 0.7316996684884867,
  "LAS": 0.5432308932891318,
  "UEM": 0.064,
  "LEM": 0.004,
  "LOAS": 0.6328285995878505,
  "LOEM": 0.005,
  "loss": 6.551109492778778
}