{
  "UAS": 0.7214407311172834,
  "LAS": 0.5271033061553624,
  "UEM": 0.061,
  "LEM": 0.005,
  "LOAS": 0.6180897769017113,
  "LOEM": 0.007,
  "loss": 6.872005715966225
}