{
  "UAS": 0.6679061016037989,
  "LAS": 0.49941761490905834,
  "UEM": 0.05,
  "LEM": 0.008,
  "LOAS": 0.6081892303557029,
  "LOEM": 0.008,
  "loss": 6.632696598768234
}