{
    "model_count": 5,
    "UAS_mean": 0.7112265925992295,
    "UAS_std": 0.025495448075664954,
    "LAS_mean": 0.525248633634979,
    "LAS_std": 0.016227749967821278,
    "UEM_mean": 0.0594,
    "UEM_std": 0.00687749954561976,
    "LEM_mean": 0.0058000000000000005,
    "LEM_std": 0.0016431676725154984,
    "LOAS_mean": 0.6208314667144521,
    "LOAS_std": 0.00938717182849601,
    "LOEM_mean": 0.0066,
    "LOEM_std": 0.001140175425099138,
    "loss_mean": 6.35686511444667,
    "loss_std": 0.5963498913237608
}