{"model_count": 10, "em_accuracy_mean": 0.3617372577171572, "em_accuracy_std": 0.010452145166144572, "loss_mean": 1.8463561642169952, "loss_std": 0.023542011494053567}