{
  "em_accuracy": 0.36862885857860733,
  "loss": 1.809804972921099
}