{
  "em_accuracy": 0.36898779612347454,
  "loss": 1.8178977363450186
}