{
  "em_accuracy": 0.3460157932519742,
  "loss": 1.8783158557755606
}