{
    "model_count": 5,
    "accuracy_mean": 0.7174887892376681,
    "accuracy_std": 0.013821556060468544,
    "macro_fscore_mean": 0.7027425042277984,
    "macro_fscore_std": 0.011567829435296884,
    "micro_fscore_mean": 0.7339818007211415,
    "micro_fscore_std": 0.012936021036111021,
    "label_per:other_family_fscore_mean": 0.5190476190476191,
    "label_per:other_family_fscore_std": 0.14325341863325067,
    "label_per:charges_fscore_mean": 0.8290909090909091,
    "label_per:charges_fscore_std": 0.07883448504974108,
    "label_org:number_of_employees/members_fscore_mean": 0.8571428571428571,
    "label_org:number_of_employees/members_fscore_std": 0.0,
    "label_org:dissolved_fscore_mean": 0,
    "label_org:dissolved_fscore_std": 0.0,
    "label_per:stateorprovince_of_birth_fscore_mean": 0.7333333333333333,
    "label_per:stateorprovince_of_birth_fscore_std": 0.14907119849998599,
    "label_per:title_fscore_mean": 0.7254621848739495,
    "label_per:title_fscore_std": 0.0946356170110474,
    "label_per:age_fscore_mean": 0.935064935064935,
    "label_per:age_fscore_std": 0.023710933225331854,
    "label_per:stateorprovince_of_death_fscore_mean": 0.8,
    "label_per:stateorprovince_of_death_fscore_std": 0.0,
    "label_per:cause_of_death_fscore_mean": 0.905128205128205,
    "label_per:cause_of_death_fscore_std": 0.040134553442303926,
    "label_per:cities_of_residence_fscore_mean": 0.3527272727272727,
    "label_per:cities_of_residence_fscore_std": 0.12148832168100294,
    "label_per:stateorprovinces_of_residence_fscore_mean": 0.9,
    "label_per:stateorprovinces_of_residence_fscore_std": 0.22360679774997896,
    "label_per:schools_attended_fscore_mean": 0.8355555555555557,
    "label_per:schools_attended_fscore_std": 0.04868644955601471,
    "label_org:subsidiaries_fscore_mean": 0.8076190476190476,
    "label_org:subsidiaries_fscore_std": 0.08258850814734779,
    "label_org:city_of_headquarters_fscore_mean": 0.6133333333333333,
    "label_org:city_of_headquarters_fscore_std": 0.11925695879998875,
    "label_org:stateorprovince_of_headquarters_fscore_mean": 0.7658730158730158,
    "label_org:stateorprovince_of_headquarters_fscore_std": 0.10416194244767217,
    "label_org:top_members/employees_fscore_mean": 0.6093939393939394,
    "label_org:top_members/employees_fscore_std": 0.1473222887051083,
    "label_org:member_of_fscore_mean": 0.5419047619047619,
    "label_org:member_of_fscore_std": 0.22498173269257096,
    "label_org:alternate_names_fscore_mean": 0.7163636363636363,
    "label_org:alternate_names_fscore_std": 0.07227129787037019,
    "label_org:political/religious_affiliation_fscore_mean": 0.8846153846153846,
    "label_org:political/religious_affiliation_fscore_std": 0.07530346233635087,
    "label_org:founded_fscore_mean": 0.9090909090909091,
    "label_org:founded_fscore_std": 0.0,
    "label_per:religion_fscore_mean": 1.0,
    "label_per:religion_fscore_std": 0.0,
    "label_per:countries_of_residence_fscore_mean": 0.6124242424242424,
    "label_per:countries_of_residence_fscore_std": 0.09892906809544523,
    "label_per:city_of_death_fscore_mean": 0.8857142857142857,
    "label_per:city_of_death_fscore_std": 0.06388765649999402,
    "label_org:shareholders_fscore_mean": 0.3,
    "label_org:shareholders_fscore_std": 0.27386127875258304,
    "label_org:website_fscore_mean": 1.0,
    "label_org:website_fscore_std": 0.0,
    "label_per:city_of_birth_fscore_mean": 0.6066666666666667,
    "label_per:city_of_birth_fscore_std": 0.15705625319186328,
    "label_org:country_of_headquarters_fscore_mean": 0.48095238095238096,
    "label_org:country_of_headquarters_fscore_std": 0.19752579555414287,
    "label_per:alternate_names_fscore_mean": 0.29428571428571426,
    "label_per:alternate_names_fscore_std": 0.061735115532376865,
    "label_per:spouse_fscore_mean": 1.0,
    "label_per:spouse_fscore_std": 0.0,
    "label_per:children_fscore_mean": 0.7628571428571428,
    "label_per:children_fscore_std": 0.10563220751885347,
    "label_per:siblings_fscore_mean": 0.8097402597402598,
    "label_per:siblings_fscore_std": 0.06540414984283376,
    "label_per:parents_fscore_mean": 0.7999999999999999,
    "label_per:parents_fscore_std": 0.07824607964359512,
    "label_org:members_fscore_mean": 0.5888344988344988,
    "label_org:members_fscore_std": 0.09941453033279789,
    "label_per:employee_of_fscore_mean": 0.63003663003663,
    "label_per:employee_of_fscore_std": 0.14285808208576378,
    "label_per:date_of_death_fscore_mean": 0.8928571428571428,
    "label_per:date_of_death_fscore_std": 0.10714285714285719,
    "label_per:country_of_birth_fscore_mean": 0.43333333333333335,
    "label_per:country_of_birth_fscore_std": 0.25276251480171835,
    "label_org:parents_fscore_mean": 0.41333333333333333,
    "label_org:parents_fscore_std": 0.27648588471103624,
    "label_per:date_of_birth_fscore_mean": 0.8928671328671328,
    "label_per:date_of_birth_fscore_std": 0.05238317727553164,
    "label_per:origin_fscore_mean": 0.6939393939393939,
    "label_per:origin_fscore_std": 0.14705558252789006,
    "label_org:founded_by_fscore_mean": 0.7711111111111111,
    "label_org:founded_by_fscore_std": 0.08140358229142351,
    "loss_mean": 1.0973055315869196,
    "loss_std": 0.06479035544628017
}