{
  "accuracy": 0.9231664726426076,
  "macro_fscore": 0.7189214700091124,
  "micro_fscore": 0.927433628318584,
  "loss": 0.3017378061194904
}