{
  "accuracy": 0.9278230500582072,
  "macro_fscore": 0.6832042995468716,
  "micro_fscore": 0.9289489136817382,
  "loss": 0.5791267168630535
}