{
    "model_count": 5,
    "UAS_mean": 0.6479502012072434,
    "UAS_std": 0.01149760238318237,
    "LAS_mean": 0.5085638832997988,
    "LAS_std": 0.01134367525547883,
    "UEM_mean": 0.0330550918196995,
    "UEM_std": 0.003985755053860875,
    "LEM_mean": 0.012353923205342237,
    "LEM_std": 0.001903464816526107,
    "LOAS_mean": 0.6883677062374245,
    "LOAS_std": 0.011030023416237931,
    "LOEM_mean": 0.02003338898163606,
    "LOEM_std": 0.002044649200987628,
    "loss_mean": 6.251213284542686,
    "loss_std": 0.6853186284305678
}