{
  "UAS": 0.6488933601609658,
  "LAS": 0.5118838028169014,
  "UEM": 0.03171953255425709,
  "LEM": 0.01335559265442404,
  "LOAS": 0.6945422535211268,
  "LOEM": 0.02337228714524207,
  "loss": 6.338864928797672
}