{
  "UAS": 0.6673163983903421,
  "LAS": 0.5210010060362174,
  "UEM": 0.035058430717863104,
  "LEM": 0.015025041736227046,
  "LOAS": 0.6902037223340041,
  "LOEM": 0.018363939899833055,
  "loss": 6.432506536182604
}