{
  "accuracy": 0.7407407407407407,
  "macro_fscore": 0.2920175438596491,
  "micro_fscore": 0.7572815533980584,
  "loss": 1.4083744404571397
}