{
  "accuracy": 0.8287292817679558,
  "macro_fscore": 0.3065007716049382,
  "micro_fscore": 0.8275862068965516,
  "loss": 0.8108695050080618
}