{
  "accuracy": 0.9060773480662984,
  "macro_fscore": 0.2965544332210999,
  "micro_fscore": 0.9173789173789174,
  "loss": 0.4108816881974538
}