{
  "accuracy": 0.9226519337016574,
  "macro_fscore": 0.3831908831908832,
  "micro_fscore": 0.9261363636363636,
  "loss": 0.3744342935582002
}