{
  "accuracy": 0.9060773480662984,
  "macro_fscore": 0.29745454545454547,
  "micro_fscore": 0.9213483146067416,
  "loss": 0.4118029934664567
}