{
  "UAS": 0.8391571625010111,
  "LAS": 0.7700396343929466,
  "UEM": 0.142,
  "LEM": 0.052,
  "LOAS": 0.8617649437838713,
  "LOEM": 0.107,
  "loss": 4.7397447526454926
}