{
  "UAS": 0.838226967564507,
  "LAS": 0.7677748119388498,
  "UEM": 0.132,
  "LEM": 0.035,
  "LOAS": 0.8598236673946453,
  "LOEM": 0.089,
  "loss": 4.465207457542419
}