{
  "em_accuracy": 0.5885558583106267,
  "loss": 1.465201526556326
}