{
  "em_accuracy": 0.5875340599455041,
  "loss": 1.4408217632900113
}