{
  "em_accuracy": 0.5790190735694822,
  "loss": 1.4762083282289298
}