{
  "em_accuracy": 0.5827656675749319,
  "loss": 1.4578102522570153
}