{
  "UAS": 0.41058853118712274,
  "LAS": 0.326647384305835,
  "UEM": 0.015025041736227046,
  "LEM": 0.008347245409015025,
  "LOAS": 0.5840040241448692,
  "LOEM": 0.01001669449081803,
  "loss": 11.941575853448166
}