{
  "UAS": 0.3939260563380282,
  "LAS": 0.31161971830985913,
  "UEM": 0.01001669449081803,
  "LEM": 0.00667779632721202,
  "LOAS": 0.5692907444668008,
  "LOEM": 0.01001669449081803,
  "loss": 12.321400792975174
}