{
  "UAS": 0.4188883299798793,
  "LAS": 0.332432092555332,
  "UEM": 0.01335559265442404,
  "LEM": 0.01001669449081803,
  "LOAS": 0.5822434607645876,
  "LOEM": 0.01335559265442404,
  "loss": 13.520906649137798
}