{
  "accuracy": 0.8518518518518519,
  "macro_fscore": 0.3474702380952381,
  "micro_fscore": 0.8514851485148515,
  "loss": 0.6861344059663159
}