{
  "accuracy": 0.7777777777777778,
  "macro_fscore": 0.34349489795918364,
  "micro_fscore": 0.8076923076923077,
  "loss": 0.729134167943682
}