{
  "accuracy": 0.8518518518518519,
  "macro_fscore": 0.3530952380952381,
  "micro_fscore": 0.8737864077669903,
  "loss": 0.594480533685003
}