{
  "UAS": 0.8623130654915382,
  "LAS": 0.7911959120528808,
  "UEM": 0.155,
  "LEM": 0.068,
  "LOAS": 0.8864563311612208,
  "LOEM": 0.166,
  "loss": 3.202633887529373
}