{
  "UAS": 0.8570624912099761,
  "LAS": 0.7794290000468801,
  "UEM": 0.161,
  "LEM": 0.062,
  "LOAS": 0.8761895832356664,
  "LOEM": 0.136,
  "loss": 3.9794088304042816
}