{
    "model_count": 5,
    "UAS_mean": 0.6849404847959134,
    "UAS_std": 0.008966946359861618,
    "LAS_mean": 0.5026649318105152,
    "LAS_std": 0.0072430420670980536,
    "UEM_mean": 0.0524,
    "UEM_std": 0.004037325847637271,
    "LEM_mean": 0.0076,
    "LEM_std": 0.0027928480087537877,
    "LOAS_mean": 0.6316418485856103,
    "LOAS_std": 0.008129158780749986,
    "LOEM_mean": 0.0114,
    "LOEM_std": 0.0018165902124584953,
    "loss_mean": 7.109473156929016,
    "loss_std": 0.9733047130798879
}