{
  "UAS": 0.6829550383114067,
  "LAS": 0.5046021878463689,
  "UEM": 0.055,
  "LEM": 0.007,
  "LOAS": 0.6403546817020866,
  "LOEM": 0.011,
  "loss": 6.581473857164383
}