{
  "UAS": 0.6952436027179413,
  "LAS": 0.509710375403595,
  "UEM": 0.051,
  "LEM": 0.011,
  "LOAS": 0.6364512553611874,
  "LOEM": 0.014,
  "loss": 6.275617182254791
}