{
  "UAS": 0.6755818996674859,
  "LAS": 0.5033974266300419,
  "UEM": 0.054,
  "LEM": 0.01,
  "LOAS": 0.6340417329285336,
  "LOEM": 0.012,
  "loss": 6.408088609576225
}