{
    "model_count": 5,
    "UAS_mean": 0.5435865191146881,
    "UAS_std": 0.010128549415322312,
    "LAS_mean": 0.39413983903420524,
    "LAS_std": 0.008783888459362716,
    "UEM_mean": 0.022370617696160267,
    "UEM_std": 0.0025318448894996832,
    "LEM_mean": 0.011018363939899833,
    "LEM_std": 0.0009143949207097934,
    "LOAS_mean": 0.5903672032193159,
    "LOAS_std": 0.015199555949390941,
    "LOEM_mean": 0.018363939899833055,
    "LOEM_std": 0.00486723864344349,
    "loss_mean": 9.454391609994989,
    "loss_std": 1.2352216005732972
}