{
  "UAS": 0.542567907444668,
  "LAS": 0.3960638832997988,
  "UEM": 0.02003338898163606,
  "LEM": 0.01001669449081803,
  "LOAS": 0.5971453722334004,
  "LOEM": 0.021702838063439065,
  "loss": 10.055359388652601
}