{
  "UAS": 0.5602992957746479,
  "LAS": 0.4017228370221328,
  "UEM": 0.02671118530884808,
  "LEM": 0.011686143572621035,
  "LOAS": 0.5957620724346077,
  "LOEM": 0.01669449081803005,
  "loss": 7.721820530138518
}