{
  "UAS": 0.539864185110664,
  "LAS": 0.3902791750503018,
  "UEM": 0.021702838063439065,
  "LEM": 0.011686143572621035,
  "LOAS": 0.5865191146881288,
  "LOEM": 0.01335559265442404,
  "loss": 10.025588888871042
}