{
    "model_count": 5,
    "UAS_mean": 0.4562690338884209,
    "UAS_std": 0.020564996012722308,
    "LAS_mean": 0.3233071988595866,
    "LAS_std": 0.01686087931271303,
    "UEM_mean": 0.019399538106235566,
    "UEM_std": 0.004718895321409364,
    "LEM_mean": 0.0013856812933025404,
    "LEM_std": 0.0015055894700237065,
    "LOAS_mean": 0.54117799520508,
    "LOAS_std": 0.014497999461266516,
    "LOEM_mean": 0.003233256351039261,
    "LOEM_std": 0.0018974222546368341,
    "loss_mean": 11.378211770738874,
    "loss_std": 1.1939662115883385
}