{
  "UAS": 0.47566902092917773,
  "LAS": 0.3360331756625413,
  "UEM": 0.017321016166281754,
  "LEM": 0.0,
  "LOAS": 0.5496662994881099,
  "LOEM": 0.0023094688221709007,
  "loss": 11.13213324546814
}