{
  "UAS": 0.46128426099915765,
  "LAS": 0.3300719237996501,
  "UEM": 0.020785219399538105,
  "LEM": 0.003464203233256351,
  "LOAS": 0.5585433810665457,
  "LOEM": 0.005773672055427252,
  "loss": 12.01276959691729
}