{
  "UAS": 0.4365321065249789,
  "LAS": 0.30143199637141194,
  "UEM": 0.018475750577367205,
  "LEM": 0.0023094688221709007,
  "LOAS": 0.5202488174690598,
  "LOEM": 0.0023094688221709007,
  "loss": 12.943557824407305
}