{
    "model_count": 5,
    "accuracy_mean": 0.8502263648468709,
    "accuracy_std": 0.0022580607780209624,
    "macro_fscore_mean": 0.4799652545133682,
    "macro_fscore_std": 0.01722666767200779,
    "micro_fscore_mean": 0.606452610550119,
    "micro_fscore_std": 0.010550492352404345,
    "label_per:stateorprovince_of_death_fscore_mean": 0.2608133376920562,
    "label_per:stateorprovince_of_death_fscore_std": 0.07486485136271681,
    "label_org:members_fscore_mean": 0.23119492279084808,
    "label_org:members_fscore_std": 0.085977284928448,
    "label_per:cities_of_residence_fscore_mean": 0.5486834426947731,
    "label_per:cities_of_residence_fscore_std": 0.021930292076482446,
    "label_per:title_fscore_mean": 0.8163573316854393,
    "label_per:title_fscore_std": 0.00459340671294352,
    "label_per:origin_fscore_mean": 0.6099658383107853,
    "label_per:origin_fscore_std": 0.016272930427739005,
    "label_per:age_fscore_mean": 0.8988739583944398,
    "label_per:age_fscore_std": 0.011164207962914454,
    "label_per:cause_of_death_fscore_mean": 0.4406509912337328,
    "label_per:cause_of_death_fscore_std": 0.10916954721885441,
    "label_per:country_of_death_fscore_mean": 0,
    "label_per:country_of_death_fscore_std": 0.0,
    "label_per:country_of_birth_fscore_mean": 0.05,
    "label_per:country_of_birth_fscore_std": 0.1118033988749895,
    "label_org:dissolved_fscore_mean": 0.3047619047619048,
    "label_org:dissolved_fscore_std": 0.026082026547865022,
    "label_per:children_fscore_mean": 0.37458599321613023,
    "label_per:children_fscore_std": 0.09677451702498198,
    "label_per:other_family_fscore_mean": 0.4317819900724363,
    "label_per:other_family_fscore_std": 0.06023154383682484,
    "label_org:founded_fscore_mean": 0.8117060218112849,
    "label_org:founded_fscore_std": 0.013713572572595097,
    "label_per:siblings_fscore_mean": 0.5958339240895864,
    "label_per:siblings_fscore_std": 0.050594984545178905,
    "label_org:number_of_employees/members_fscore_mean": 0.6301587301587301,
    "label_org:number_of_employees/members_fscore_std": 0.11522978674845422,
    "label_per:schools_attended_fscore_mean": 0.6182403803093458,
    "label_per:schools_attended_fscore_std": 0.04977520408579069,
    "label_per:city_of_death_fscore_mean": 0.37942310605026036,
    "label_per:city_of_death_fscore_std": 0.09226320223082746,
    "label_org:shareholders_fscore_mean": 0,
    "label_org:shareholders_fscore_std": 0.0,
    "label_per:charges_fscore_mean": 0.7456766429304457,
    "label_per:charges_fscore_std": 0.02862264034878665,
    "label_per:parents_fscore_mean": 0.6131538889959821,
    "label_per:parents_fscore_std": 0.055173745344907495,
    "label_org:subsidiaries_fscore_mean": 0.33679523643821935,
    "label_org:subsidiaries_fscore_std": 0.08561318882657087,
    "label_org:top_members/employees_fscore_mean": 0.5935271611179169,
    "label_org:top_members/employees_fscore_std": 0.030385771751771113,
    "label_per:countries_of_residence_fscore_mean": 0.3648014508011852,
    "label_per:countries_of_residence_fscore_std": 0.05125847581216688,
    "label_org:website_fscore_mean": 0.7494316041773669,
    "label_org:website_fscore_std": 0.041582530664143386,
    "label_org:founded_by_fscore_mean": 0.4347960465372726,
    "label_org:founded_by_fscore_std": 0.17124166403770372,
    "label_per:employee_of_fscore_mean": 0.33441608966495606,
    "label_per:employee_of_fscore_std": 0.029658443498579296,
    "label_per:city_of_birth_fscore_mean": 0.4831746031746032,
    "label_per:city_of_birth_fscore_std": 0.06475529066754426,
    "label_org:parents_fscore_mean": 0.3527949495226696,
    "label_org:parents_fscore_std": 0.03702827530265546,
    "label_per:religion_fscore_mean": 0.5361424710876594,
    "label_per:religion_fscore_std": 0.0619199066754858,
    "label_org:alternate_names_fscore_mean": 0.7950156586649119,
    "label_org:alternate_names_fscore_std": 0.03223780599656533,
    "label_per:stateorprovinces_of_residence_fscore_mean": 0.47906322031109805,
    "label_per:stateorprovinces_of_residence_fscore_std": 0.00958398539321324,
    "label_per:alternate_names_fscore_mean": 0.25437837016784387,
    "label_per:alternate_names_fscore_std": 0.06688725100340355,
    "label_per:date_of_death_fscore_mean": 0.5120016519177273,
    "label_per:date_of_death_fscore_std": 0.05161089238635446,
    "label_per:date_of_birth_fscore_mean": 0.7290608875128999,
    "label_per:date_of_birth_fscore_std": 0.08956688392062918,
    "label_org:city_of_headquarters_fscore_mean": 0.6497717865362586,
    "label_org:city_of_headquarters_fscore_std": 0.031500471274058583,
    "label_org:political/religious_affiliation_fscore_mean": 0.3977404460163081,
    "label_org:political/religious_affiliation_fscore_std": 0.09051939567558835,
    "label_per:stateorprovince_of_birth_fscore_mean": 0.4253425229741019,
    "label_per:stateorprovince_of_birth_fscore_std": 0.06266494584345823,
    "label_org:member_of_fscore_mean": 0.06950738916256158,
    "label_org:member_of_fscore_std": 0.040665083475928766,
    "label_per:spouse_fscore_mean": 0.6066937819572248,
    "label_per:spouse_fscore_std": 0.03824322360825652,
    "label_org:country_of_headquarters_fscore_mean": 0.5225254001229324,
    "label_org:country_of_headquarters_fscore_std": 0.05504536840709367,
    "label_org:stateorprovince_of_headquarters_fscore_mean": 0.6897323019841973,
    "label_org:stateorprovince_of_headquarters_fscore_std": 0.014477636896721033,
    "loss_mean": 0.6959790962996619,
    "loss_std": 0.10637161576664637
}