{
  "accuracy": 0.8466045272969375,
  "macro_fscore": 0.4613778507573071,
  "micro_fscore": 0.5946929492039423,
  "label_per:stateorprovince_of_death_fscore": 0.2857142857142857,
  "label_org:members_fscore": 0.25000000000000006,
  "label_per:cities_of_residence_fscore": 0.5665024630541873,
  "label_per:title_fscore": 0.8140900195694716,
  "label_per:origin_fscore": 0.6323529411764706,
  "label_per:age_fscore": 0.8799999999999999,
  "label_per:cause_of_death_fscore": 0.3902439024390244,
  "label_per:country_of_death_fscore": 0,
  "label_per:country_of_birth_fscore": 0,
  "label_org:dissolved_fscore": 0.3333333333333333,
  "label_per:children_fscore": 0.36111111111111116,
  "label_per:other_family_fscore": 0.39639639639639634,
  "label_org:founded_fscore": 0.8157894736842105,
  "label_per:siblings_fscore": 0.5185185185185185,
  "label_org:number_of_employees/members_fscore": 0.7222222222222222,
  "label_per:schools_attended_fscore": 0.5862068965517241,
  "label_per:city_of_death_fscore": 0.3181818181818182,
  "label_org:shareholders_fscore": 0,
  "label_per:charges_fscore": 0.7378640776699028,
  "label_per:parents_fscore": 0.524822695035461,
  "label_org:subsidiaries_fscore": 0.2526315789473684,
  "label_org:top_members/employees_fscore": 0.5939086294416244,
  "label_per:countries_of_residence_fscore": 0.2890625,
  "label_org:website_fscore": 0.6779661016949152,
  "label_org:founded_by_fscore": 0.46280991735537186,
  "label_per:employee_of_fscore": 0.3347826086956522,
  "label_per:city_of_birth_fscore": 0.5,
  "label_org:parents_fscore": 0.3603603603603604,
  "label_per:religion_fscore": 0.47500000000000003,
  "label_org:alternate_names_fscore": 0.7894736842105264,
  "label_per:stateorprovinces_of_residence_fscore": 0.46616541353383456,
  "label_per:alternate_names_fscore": 0.15789473684210525,
  "label_per:date_of_death_fscore": 0.5283018867924528,
  "label_per:date_of_birth_fscore": 0.7000000000000001,
  "label_org:city_of_headquarters_fscore": 0.6219512195121951,
  "label_org:political/religious_affiliation_fscore": 0.3448275862068966,
  "label_per:stateorprovince_of_birth_fscore": 0.4,
  "label_org:member_of_fscore": 0.09999999999999999,
  "label_per:spouse_fscore": 0.5925925925925926,
  "label_org:country_of_headquarters_fscore": 0.4574468085106383,
  "label_org:stateorprovince_of_headquarters_fscore": 0.6779661016949153,
  "loss": 0.8052740411499923
}