{
  "accuracy": 0.849733688415446,
  "macro_fscore": 0.4765867071226671,
  "micro_fscore": 0.6038247251919892,
  "label_per:stateorprovince_of_death_fscore": 0.21052631578947364,
  "label_org:members_fscore": 0.3333333333333333,
  "label_per:cities_of_residence_fscore": 0.549865229110512,
  "label_per:title_fscore": 0.818455366098295,
  "label_per:origin_fscore": 0.603448275862069,
  "label_per:age_fscore": 0.8999999999999999,
  "label_per:cause_of_death_fscore": 0.4878048780487804,
  "label_per:country_of_death_fscore": 0,
  "label_per:country_of_birth_fscore": 0,
  "label_org:dissolved_fscore": 0.3333333333333333,
  "label_per:other_family_fscore": 0.4274809160305343,
  "label_per:children_fscore": 0.4109589041095891,
  "label_org:founded_fscore": 0.8157894736842105,
  "label_per:siblings_fscore": 0.6564885496183206,
  "label_org:number_of_employees/members_fscore": 0.6666666666666667,
  "label_per:schools_attended_fscore": 0.6153846153846153,
  "label_per:city_of_death_fscore": 0.2631578947368421,
  "label_org:shareholders_fscore": 0,
  "label_per:charges_fscore": 0.779816513761468,
  "label_per:parents_fscore": 0.601156069364162,
  "label_org:subsidiaries_fscore": 0.2686567164179105,
  "label_org:top_members/employees_fscore": 0.6162962962962962,
  "label_per:countries_of_residence_fscore": 0.4011627906976744,
  "label_org:website_fscore": 0.7777777777777777,
  "label_org:founded_by_fscore": 0.336283185840708,
  "label_per:employee_of_fscore": 0.32761904761904764,
  "label_per:city_of_birth_fscore": 0.4444444444444445,
  "label_org:parents_fscore": 0.29677419354838713,
  "label_per:religion_fscore": 0.5858585858585859,
  "label_org:alternate_names_fscore": 0.744,
  "label_per:stateorprovinces_of_residence_fscore": 0.4848484848484848,
  "label_per:alternate_names_fscore": 0.2857142857142857,
  "label_per:date_of_death_fscore": 0.4565217391304348,
  "label_per:date_of_birth_fscore": 0.631578947368421,
  "label_org:city_of_headquarters_fscore": 0.6293706293706294,
  "label_org:political/religious_affiliation_fscore": 0.5555555555555556,
  "label_per:stateorprovince_of_birth_fscore": 0.375,
  "label_org:member_of_fscore": 0,
  "label_per:spouse_fscore": 0.5802469135802469,
  "label_org:country_of_headquarters_fscore": 0.5756097560975609,
  "label_org:stateorprovince_of_headquarters_fscore": 0.6930693069306932,
  "loss": 0.5487964574948818
}