{
  "accuracy": 0.8524633821571238,
  "macro_fscore": 0.5042943879132293,
  "micro_fscore": 0.6201436739481014,
  "label_per:stateorprovince_of_death_fscore": 0.34782608695652173,
  "label_org:members_fscore": 0.15789473684210525,
  "label_per:cities_of_residence_fscore": 0.5483028720626631,
  "label_per:title_fscore": 0.8233046800382045,
  "label_per:origin_fscore": 0.6120996441281139,
  "label_per:age_fscore": 0.908653846153846,
  "label_per:cause_of_death_fscore": 0.5316455696202531,
  "label_per:country_of_death_fscore": 0,
  "label_per:country_of_birth_fscore": 0.25,
  "label_org:dissolved_fscore": 0.28571428571428575,
  "label_per:children_fscore": 0.47727272727272724,
  "label_per:other_family_fscore": 0.3529411764705882,
  "label_org:founded_fscore": 0.8266666666666665,
  "label_per:siblings_fscore": 0.5882352941176471,
  "label_org:number_of_employees/members_fscore": 0.6666666666666667,
  "label_per:schools_attended_fscore": 0.7,
  "label_per:city_of_death_fscore": 0.425531914893617,
  "label_org:shareholders_fscore": 0,
  "label_per:charges_fscore": 0.7397260273972603,
  "label_per:parents_fscore": 0.6363636363636364,
  "label_org:subsidiaries_fscore": 0.3218390804597701,
  "label_org:top_members/employees_fscore": 0.5893587994542975,
  "label_per:countries_of_residence_fscore": 0.3921568627450981,
  "label_org:website_fscore": 0.75,
  "label_org:founded_by_fscore": 0.5931034482758619,
  "label_per:employee_of_fscore": 0.37627811860940696,
  "label_per:city_of_birth_fscore": 0.4000000000000001,
  "label_org:parents_fscore": 0.37500000000000006,
  "label_per:religion_fscore": 0.6122448979591838,
  "label_org:alternate_names_fscore": 0.8232662192393737,
  "label_per:stateorprovinces_of_residence_fscore": 0.48863636363636365,
  "label_per:alternate_names_fscore": 0.33333333333333337,
  "label_per:date_of_death_fscore": 0.5617977528089888,
  "label_per:date_of_birth_fscore": 0.823529411764706,
  "label_org:city_of_headquarters_fscore": 0.6951219512195121,
  "label_org:political/religious_affiliation_fscore": 0.3333333333333333,
  "label_per:stateorprovince_of_birth_fscore": 0.4444444444444445,
  "label_org:member_of_fscore": 0.06896551724137931,
  "label_per:spouse_fscore": 0.5695364238410596,
  "label_org:country_of_headquarters_fscore": 0.5728643216080402,
  "label_org:stateorprovince_of_headquarters_fscore": 0.6724137931034483,
  "loss": 0.6627638477195328
}