{
  "accuracy": 0.8507989347536618,
  "macro_fscore": 0.46793407564588996,
  "micro_fscore": 0.5993052409001661,
  "label_per:stateorprovince_of_death_fscore": 0.3,
  "label_org:members_fscore": 0.1290322580645161,
  "label_per:cities_of_residence_fscore": 0.5661252900232019,
  "label_per:title_fscore": 0.8143133462282399,
  "label_per:origin_fscore": 0.5877551020408164,
  "label_per:age_fscore": 0.9054726368159204,
  "label_per:cause_of_death_fscore": 0.5208333333333334,
  "label_per:country_of_death_fscore": 0,
  "label_per:country_of_birth_fscore": 0,
  "label_org:dissolved_fscore": 0.28571428571428575,
  "label_per:children_fscore": 0.2181818181818182,
  "label_per:other_family_fscore": 0.49056603773584906,
  "label_org:founded_fscore": 0.7894736842105263,
  "label_per:siblings_fscore": 0.5972222222222223,
  "label_org:number_of_employees/members_fscore": 0.42857142857142855,
  "label_per:schools_attended_fscore": 0.6181818181818183,
  "label_per:city_of_death_fscore": 0.3902439024390244,
  "label_org:shareholders_fscore": 0,
  "label_per:charges_fscore": 0.7054263565891472,
  "label_per:parents_fscore": 0.6706586826347305,
  "label_org:subsidiaries_fscore": 0.37931034482758624,
  "label_org:top_members/employees_fscore": 0.5454545454545454,
  "label_per:countries_of_residence_fscore": 0.4070796460176991,
  "label_org:website_fscore": 0.7636363636363636,
  "label_org:founded_by_fscore": 0.19354838709677422,
  "label_per:employee_of_fscore": 0.34006734006734,
  "label_per:city_of_birth_fscore": 0.5714285714285715,
  "label_org:parents_fscore": 0.3389830508474576,
  "label_per:religion_fscore": 0.4788732394366197,
  "label_org:alternate_names_fscore": 0.7964205816554809,
  "label_per:stateorprovinces_of_residence_fscore": 0.48387096774193544,
  "label_per:alternate_names_fscore": 0.2727272727272727,
  "label_per:date_of_death_fscore": 0.5555555555555555,
  "label_per:date_of_birth_fscore": 0.6666666666666666,
  "label_org:city_of_headquarters_fscore": 0.632258064516129,
  "label_org:political/religious_affiliation_fscore": 0.38461538461538464,
  "label_per:stateorprovince_of_birth_fscore": 0.380952380952381,
  "label_org:member_of_fscore": 0.08333333333333333,
  "label_per:spouse_fscore": 0.6621621621621622,
  "label_org:country_of_headquarters_fscore": 0.5333333333333333,
  "label_org:stateorprovince_of_headquarters_fscore": 0.6972477064220183,
  "loss": 0.6682040270366354
}