{
  "UAS": 0.6909327121225697,
  "LAS": 0.500627183944091,
  "UEM": 0.051,
  "LEM": 0.004,
  "LOAS": 0.5994982528447271,
  "LOEM": 0.004,
  "loss": 6.092313051223755
}