{
  "UAS": 0.6554968192814264,
  "LAS": 0.4561867216199265,
  "UEM": 0.042,
  "LEM": 0.004,
  "LOAS": 0.567198279724039,
  "LOEM": 0.004,
  "loss": 8.827284887433052
}