{
  "UAS": 0.683003315115133,
  "LAS": 0.49296658005555055,
  "UEM": 0.044,
  "LEM": 0.002,
  "LOAS": 0.5913448615715438,
  "LOEM": 0.002,
  "loss": 5.68403197824955
}