{
  "UAS": 0.7149896962637756,
  "LAS": 0.5317623868828958,
  "UEM": 0.062,
  "LEM": 0.008,
  "LOAS": 0.6236000358390825,
  "LOEM": 0.009,
  "loss": 6.973393619060516
}