{
  "UAS": 0.7002956724307857,
  "LAS": 0.5223546277215303,
  "UEM": 0.05,
  "LEM": 0.005,
  "LOAS": 0.6202401218528806,
  "LOEM": 0.005,
  "loss": 6.345557913184166
}