{
  "UAS": 0.7002956724307857,
  "LAS": 0.5072574142101962,
  "UEM": 0.049,
  "LEM": 0.004,
  "LOAS": 0.6029477645372279,
  "LOEM": 0.005,
  "loss": 5.149282455444336
}