{
  "UAS": 0.6773138607651644,
  "LAS": 0.4961920974823045,
  "UEM": 0.038,
  "LEM": 0.003,
  "LOAS": 0.5944359824388495,
  "LOEM": 0.003,
  "loss": 5.056087251693484
}