{
    "model_count": 5,
    "UAS_mean": 0.6961562583997849,
    "UAS_std": 0.014251267917230014,
    "LAS_mean": 0.5119254547083595,
    "LAS_std": 0.014738666093571438,
    "UEM_mean": 0.0502,
    "UEM_std": 0.008555699854482976,
    "LEM_mean": 0.0054,
    "LEM_std": 0.0020736441353327723,
    "LOAS_mean": 0.609999104022937,
    "LOAS_std": 0.012075829812578097,
    "LOEM_mean": 0.0058,
    "LOEM_std": 0.002280350850198276,
    "loss_mean": 5.939226537186002,
    "loss_std": 0.8204646747842087
}