{
    "model_count": 5,
    "em_accuracy_mean": 0.8072959416324669,
    "em_accuracy_std": 0.005451493125526366,
    "loss_mean": 0.0,
    "loss_std": 0.0
}