{
    "model_count": 5,
    "accuracy_mean": 0.4886274509803921,
    "accuracy_std": 0.0221577303317908,
    "macro_fscore_mean": 0.4516471149930869,
    "macro_fscore_std": 0.034649679517912056,
    "micro_fscore_mean": 0.5060908389292054,
    "micro_fscore_std": 0.030527321294713926,
    "label_per:cause_of_death_fscore_mean": 0.7796273291925466,
    "label_per:cause_of_death_fscore_std": 0.07415038070513491,
    "label_org:website_fscore_mean": 0.8055944055944055,
    "label_org:website_fscore_std": 0.1072463748961164,
    "label_per:employee_of_fscore_mean": 0.4865539414146225,
    "label_per:employee_of_fscore_std": 0.17317470659482542,
    "label_org:parents_fscore_mean": 0,
    "label_org:parents_fscore_std": 0.0,
    "label_org:founded_fscore_mean": 0.5607142857142857,
    "label_org:founded_fscore_std": 0.09157772432112916,
    "label_per:origin_fscore_mean": 0.20029304029304032,
    "label_per:origin_fscore_std": 0.0783156693606714,
    "label_org:members_fscore_mean": 0.29039086517347384,
    "label_org:members_fscore_std": 0.08738884558572797,
    "label_per:city_of_death_fscore_mean": 0.8077407886231416,
    "label_per:city_of_death_fscore_std": 0.12757776370154147,
    "label_per:country_of_birth_fscore_mean": 0.3888888888888889,
    "label_per:country_of_birth_fscore_std": 0.1469336795048688,
    "label_org:dissolved_fscore_mean": 0,
    "label_org:dissolved_fscore_std": 0.0,
    "label_org:subsidiaries_fscore_mean": 0.40129870129870127,
    "label_org:subsidiaries_fscore_std": 0.23983816998569688,
    "label_per:other_family_fscore_mean": 0.14915966386554622,
    "label_per:other_family_fscore_std": 0.1551069072376657,
    "label_org:shareholders_fscore_mean": 0,
    "label_org:shareholders_fscore_std": 0.0,
    "label_org:member_of_fscore_mean": 0.1523809523809524,
    "label_org:member_of_fscore_std": 0.17544888978038609,
    "label_per:cities_of_residence_fscore_mean": 0.1335714285714286,
    "label_per:cities_of_residence_fscore_std": 0.09449261809942323,
    "label_org:country_of_headquarters_fscore_mean": 0.49333333333333335,
    "label_org:country_of_headquarters_fscore_std": 0.07450517034517315,
    "label_per:title_fscore_mean": 0.608715422508526,
    "label_per:title_fscore_std": 0.053100176937594744,
    "label_per:stateorprovince_of_birth_fscore_mean": 0.6,
    "label_per:stateorprovince_of_birth_fscore_std": 0.3651483716701107,
    "label_org:number_of_employees/members_fscore_mean": 0.6095238095238096,
    "label_org:number_of_employees/members_fscore_std": 0.052164053095730044,
    "label_per:children_fscore_mean": 0.533022533022533,
    "label_per:children_fscore_std": 0.17901059173007575,
    "label_per:siblings_fscore_mean": 0.6372951609793714,
    "label_per:siblings_fscore_std": 0.12114401060170055,
    "label_org:stateorprovince_of_headquarters_fscore_mean": 0.3548868778280543,
    "label_org:stateorprovince_of_headquarters_fscore_std": 0.11900467005307458,
    "label_per:date_of_birth_fscore_mean": 0.7986416546416547,
    "label_per:date_of_birth_fscore_std": 0.06473720926694337,
    "label_per:date_of_death_fscore_mean": 0.6457172342621259,
    "label_per:date_of_death_fscore_std": 0.10196083654001492,
    "label_per:religion_fscore_mean": 0.05714285714285715,
    "label_per:religion_fscore_std": 0.12777531299998798,
    "label_org:city_of_headquarters_fscore_mean": 0.46,
    "label_org:city_of_headquarters_fscore_std": 0.0547722557505166,
    "label_per:stateorprovince_of_death_fscore_mean": 0.7404761904761905,
    "label_per:stateorprovince_of_death_fscore_std": 0.12383241546615084,
    "label_per:stateorprovinces_of_residence_fscore_mean": 0.4716153127917834,
    "label_per:stateorprovinces_of_residence_fscore_std": 0.1202745221408486,
    "label_org:top_members/employees_fscore_mean": 0.5624922600619194,
    "label_org:top_members/employees_fscore_std": 0.12825672477977906,
    "label_org:founded_by_fscore_mean": 0.22505494505494505,
    "label_org:founded_by_fscore_std": 0.1530402755055689,
    "label_org:political/religious_affiliation_fscore_mean": 0.3470588235294118,
    "label_org:political/religious_affiliation_fscore_std": 0.09545616819323988,
    "label_per:parents_fscore_mean": 0.42464646464646466,
    "label_per:parents_fscore_std": 0.20418236885452626,
    "label_per:spouse_fscore_mean": 0.5976190476190476,
    "label_per:spouse_fscore_std": 0.1203500186295249,
    "label_per:countries_of_residence_fscore_mean": 0.42865497076023396,
    "label_per:countries_of_residence_fscore_std": 0.11874279446045485,
    "label_per:charges_fscore_mean": 0.262004662004662,
    "label_per:charges_fscore_std": 0.17682308275526112,
    "label_org:alternate_names_fscore_mean": 0.5331652661064425,
    "label_org:alternate_names_fscore_std": 0.10330735763016496,
    "label_per:city_of_birth_fscore_mean": 0.7072222222222222,
    "label_per:city_of_birth_fscore_std": 0.0768696989540349,
    "label_per:age_fscore_mean": 0.9220945083014049,
    "label_per:age_fscore_std": 0.03861102543507274,
    "label_per:schools_attended_fscore_mean": 0.6563197189284146,
    "label_per:schools_attended_fscore_std": 0.13608876432863934,
    "label_per:alternate_names_fscore_mean": 0.23296703296703297,
    "label_per:alternate_names_fscore_std": 0.07222715044024168,
    "loss_mean": 2.3553723637014627,
    "loss_std": 0.5367187469723398
}