{
    "model_count": 5,
    "UAS_mean": 0.5496792587312901,
    "UAS_std": 0.009726276775397766,
    "LAS_mean": 0.3843322749951403,
    "LAS_std": 0.007601289352319143,
    "UEM_mean": 0.03140877598152425,
    "UEM_std": 0.001897422254636835,
    "LEM_mean": 0.003002309468822171,
    "LEM_std": 0.0010328258556581015,
    "LOAS_mean": 0.5746905980690727,
    "LOAS_std": 0.00860075495238502,
    "LOEM_mean": 0.005542725173210162,
    "LOEM_std": 0.0005164129278290508,
    "loss_mean": 11.737665353502546,
    "loss_std": 1.3739989192240052
}