{
  "UAS": 0.541113198989179,
  "LAS": 0.3805481759865224,
  "UEM": 0.03348729792147806,
  "LEM": 0.0023094688221709007,
  "LOAS": 0.5777878571891402,
  "LOEM": 0.005773672055427252,
  "loss": 13.599759306226458
}