{
  "UAS": 0.5427331043867039,
  "LAS": 0.37491090520313614,
  "UEM": 0.028868360277136258,
  "LEM": 0.003464203233256351,
  "LOAS": 0.5604224713276744,
  "LOEM": 0.005773672055427252,
  "loss": 11.880211506571088
}