{
  "UAS": 0.5595801205209616,
  "LAS": 0.38761096351973046,
  "UEM": 0.03233256351039261,
  "LEM": 0.0023094688221709007,
  "LOAS": 0.5733169182919717,
  "LOEM": 0.005773672055427252,
  "loss": 12.395822712353297
}