{
  "UAS": 0.5609408410548824,
  "LAS": 0.39512732456424543,
  "UEM": 0.03233256351039261,
  "LEM": 0.0023094688221709007,
  "LOAS": 0.5819996112227046,
  "LOEM": 0.004618937644341801,
  "loss": 10.199672154017858
}