{
  "UAS": 0.2812349252291365,
  "LAS": 0.13712011577424024,
  "UEM": 0.016,
  "LEM": 0.007,
  "loss": 3.184642466287764
}