{
    "model_count": 5,
    "accuracy_mean": 0.8121350513782417,
    "accuracy_std": 0.004841789765736115,
    "macro_fscore_mean": 0.7693899211801862,
    "macro_fscore_std": 0.006811480819650153,
    "micro_fscore_mean": 0.8121350513782417,
    "micro_fscore_std": 0.004841789765736115,
    "label_place_of_birth_fscore_mean": 0.8660693165984497,
    "label_place_of_birth_fscore_std": 0.044282194681073965,
    "label_educated_at_fscore_mean": 0.9263702406347613,
    "label_educated_at_fscore_std": 0.0051982674656628255,
    "label_member_of_fscore_mean": 0.7957472827150112,
    "label_member_of_fscore_std": 0.10655492170275092,
    "label_material_used_fscore_mean": 0.8974736535152763,
    "label_material_used_fscore_std": 0.02683860136230645,
    "label_screenwriter_fscore_mean": 0.5989194590086732,
    "label_screenwriter_fscore_std": 0.06082946322705734,
    "label_employer_fscore_mean": 0.8217174278495333,
    "label_employer_fscore_std": 0.0168145433931183,
    "label_father_fscore_mean": 0.6666413902562062,
    "label_father_fscore_std": 0.057625094504119886,
    "label_manner_of_death_fscore_mean": 0.5558833456075319,
    "label_manner_of_death_fscore_std": 0.17974254490060418,
    "label_subsidiary_fscore_mean": 0.9029419515401766,
    "label_subsidiary_fscore_std": 0.0413564089847793,
    "label_continent_fscore_mean": 0.9567724906310722,
    "label_continent_fscore_std": 0.01882292296851235,
    "label_present_in_work_fscore_mean": 0.8112215534966483,
    "label_present_in_work_fscore_std": 0.06297459581955409,
    "label_member_of_sports_team_fscore_mean": 0.9272262380983306,
    "label_member_of_sports_team_fscore_std": 0.026134677156314953,
    "label_ethnic_group_fscore_mean": 0.5750020194459095,
    "label_ethnic_group_fscore_std": 0.06751444726701274,
    "label_position_held_fscore_mean": 0.8584658887915567,
    "label_position_held_fscore_std": 0.009519875367253086,
    "label_sport_fscore_mean": 0.5759020181695472,
    "label_sport_fscore_std": 0.1303990803917093,
    "label_founded_by_fscore_mean": 0.8086260500873361,
    "label_founded_by_fscore_std": 0.01094053979879976,
    "label_creator_fscore_mean": 0.7884812416231428,
    "label_creator_fscore_std": 0.052511192036240086,
    "label_located_in_or_next_to_body_of_water_fscore_mean": 0.9113765884007876,
    "label_located_in_or_next_to_body_of_water_fscore_std": 0.03508779209342593,
    "label_production_company_fscore_mean": 0.769135228597647,
    "label_production_company_fscore_std": 0.039682724727310936,
    "label_discoverer_or_inventor_fscore_mean": 0.8762939085370581,
    "label_discoverer_or_inventor_fscore_std": 0.01811877207912803,
    "label_genre_fscore_mean": 0.8490873611954664,
    "label_genre_fscore_std": 0.009561876293492673,
    "label_contains_administrative_territorial_entity_fscore_mean": 0.8483821832528089,
    "label_contains_administrative_territorial_entity_fscore_std": 0.02814806334311401,
    "label_writing_system_fscore_mean": 0.9822504641046231,
    "label_writing_system_fscore_std": 0.00814418331112742,
    "label_named_after_fscore_mean": 0.3155665024630542,
    "label_named_after_fscore_std": 0.07170119537791643,
    "label_nominated_for_fscore_mean": 0.3655677655677656,
    "label_nominated_for_fscore_std": 0.2210646230197999,
    "label_mother_fscore_mean": 0.5947788438310169,
    "label_mother_fscore_std": 0.04357385687708031,
    "label_sibling_fscore_mean": 0.8517066496565623,
    "label_sibling_fscore_std": 0.017422735925523927,
    "label_owned_by_fscore_mean": 0.13787968766988093,
    "label_owned_by_fscore_std": 0.033785359163081174,
    "label_composer_fscore_mean": 0.5014068610408267,
    "label_composer_fscore_std": 0.23739826969672068,
    "label_award_received_fscore_mean": 0.9610664351965704,
    "label_award_received_fscore_std": 0.010300854276301752,
    "label_country_of_citizenship_fscore_mean": 0.6265841176803862,
    "label_country_of_citizenship_fscore_std": 0.09366083738632422,
    "label_tributary_fscore_mean": 0.9563994000071343,
    "label_tributary_fscore_std": 0.018354310102181293,
    "label_director_fscore_mean": 0.6775141017734407,
    "label_director_fscore_std": 0.057656017049459156,
    "label_member_of_political_party_fscore_mean": 0.9036682547967619,
    "label_member_of_political_party_fscore_std": 0.09009618537928571,
    "label_color_fscore_mean": 0.9346677278767427,
    "label_color_fscore_std": 0.02898576358167785,
    "label_publisher_fscore_mean": 0.5592838628742525,
    "label_publisher_fscore_std": 0.12301152961919531,
    "label_occupation_fscore_mean": 0.8581020443177871,
    "label_occupation_fscore_std": 0.031377996895674866,
    "label_shares_border_with_fscore_mean": 0.8319930185670007,
    "label_shares_border_with_fscore_std": 0.018593387837537622,
    "label_parent_organization_fscore_mean": 0.7483031863244897,
    "label_parent_organization_fscore_std": 0.017642737934697537,
    "label_child_fscore_mean": 0.8904049716725512,
    "label_child_fscore_std": 0.025808515749010538,
    "label_performer_fscore_mean": 0.5193009834506036,
    "label_performer_fscore_std": 0.032234944493790996,
    "label_capital_fscore_mean": 0.8898447012483429,
    "label_capital_fscore_std": 0.015543691940057575,
    "label_original_language_of_film_or_TV_show_fscore_mean": 0.9302425449392147,
    "label_original_language_of_film_or_TV_show_fscore_std": 0.012024514806086389,
    "label_participant_fscore_mean": 0.9317647077292354,
    "label_participant_fscore_std": 0.01720118167960595,
    "label_spouse_fscore_mean": 0.845119214636074,
    "label_spouse_fscore_std": 0.04802241437837312,
    "label_student_of_fscore_mean": 0.8101896851048707,
    "label_student_of_fscore_std": 0.019531129803228013,
    "label_winner_fscore_mean": 0.9736323874336927,
    "label_winner_fscore_std": 0.008037007574613416,
    "label_producer_fscore_mean": 0.6265902464971732,
    "label_producer_fscore_std": 0.05834235168824016,
    "label_league_fscore_mean": 0.8202110472328618,
    "label_league_fscore_std": 0.06630031265115716,
    "label_capital_of_fscore_mean": 0.9529076992902139,
    "label_capital_of_fscore_std": 0.008348999553685874,
    "label_place_of_death_fscore_mean": 0.6542020291534384,
    "label_place_of_death_fscore_std": 0.12039470534413459,
    "loss_mean": 0.776787010920331,
    "loss_std": 0.021949921430484007
}