{
  "accuracy": 0.8196052846191486,
  "macro_fscore": 0.7792363756097815,
  "micro_fscore": 0.8196052846191486,
  "label_place_of_birth_fscore": 0.8795811518324607,
  "label_place_of_death_fscore": 0.5355648535564853,
  "label_educated_at_fscore": 0.9285714285714285,
  "label_member_of_fscore": 0.8553459119496855,
  "label_material_used_fscore": 0.9224489795918367,
  "label_screenwriter_fscore": 0.6060606060606061,
  "label_employer_fscore": 0.8361581920903954,
  "label_father_fscore": 0.5907859078590787,
  "label_manner_of_death_fscore": 0.3057324840764331,
  "label_subsidiary_fscore": 0.9395973154362416,
  "label_continent_fscore": 0.9732620320855615,
  "label_present_in_work_fscore": 0.8029197080291972,
  "label_member_of_sports_team_fscore": 0.920863309352518,
  "label_ethnic_group_fscore": 0.5228758169934641,
  "label_position_held_fscore": 0.8505154639175259,
  "label_sport_fscore": 0.7570093457943925,
  "label_founded_by_fscore": 0.7905405405405406,
  "label_creator_fscore": 0.7821782178217822,
  "label_located_in_or_next_to_body_of_water_fscore": 0.8734177215189872,
  "label_production_company_fscore": 0.7951807228915662,
  "label_discoverer_or_inventor_fscore": 0.8480565371024735,
  "label_genre_fscore": 0.8399999999999999,
  "label_contains_administrative_territorial_entity_fscore": 0.8819875776397516,
  "label_writing_system_fscore": 0.968421052631579,
  "label_named_after_fscore": 0.39999999999999997,
  "label_nominated_for_fscore": 0.4615384615384615,
  "label_mother_fscore": 0.5210727969348659,
  "label_owned_by_fscore": 0.10256410256410256,
  "label_composer_fscore": 0.7735849056603773,
  "label_award_received_fscore": 0.9615384615384615,
  "label_country_of_citizenship_fscore": 0.49230769230769234,
  "label_tributary_fscore": 0.9320388349514565,
  "label_director_fscore": 0.7457627118644068,
  "label_member_of_political_party_fscore": 0.9533678756476685,
  "label_color_fscore": 0.9700000000000001,
  "label_publisher_fscore": 0.7572815533980582,
  "label_occupation_fscore": 0.8318042813455657,
  "label_shares_border_with_fscore": 0.8245614035087719,
  "label_parent_organization_fscore": 0.7598944591029024,
  "label_child_fscore": 0.896551724137931,
  "label_performer_fscore": 0.5344827586206897,
  "label_capital_fscore": 0.9,
  "label_original_language_of_film_or_TV_show_fscore": 0.9417721518987342,
  "label_participant_fscore": 0.9333333333333333,
  "label_spouse_fscore": 0.8872727272727274,
  "label_student_of_fscore": 0.8045977011494253,
  "label_winner_fscore": 0.9743589743589745,
  "label_producer_fscore": 0.66,
  "label_league_fscore": 0.907103825136612,
  "label_capital_of_fscore": 0.9444444444444444,
  "label_sibling_fscore": 0.8627450980392156,
  "loss": 0.7392245662437441
}