{
  "accuracy": 0.8072092643940629,
  "macro_fscore": 0.7701711400599847,
  "micro_fscore": 0.8072092643940629,
  "label_place_of_birth_fscore": 0.7999999999999999,
  "label_educated_at_fscore": 0.9218749999999999,
  "label_member_of_fscore": 0.7734806629834254,
  "label_material_used_fscore": 0.9056603773584906,
  "label_screenwriter_fscore": 0.5827814569536424,
  "label_employer_fscore": 0.8136482939632547,
  "label_father_fscore": 0.6970509383378016,
  "label_manner_of_death_fscore": 0.801762114537445,
  "label_subsidiary_fscore": 0.8774193548387097,
  "label_continent_fscore": 0.9576719576719577,
  "label_present_in_work_fscore": 0.8251748251748252,
  "label_member_of_sports_team_fscore": 0.891304347826087,
  "label_ethnic_group_fscore": 0.5072463768115941,
  "label_position_held_fscore": 0.8594594594594593,
  "label_sport_fscore": 0.41420118343195267,
  "label_founded_by_fscore": 0.8092105263157895,
  "label_creator_fscore": 0.7373271889400921,
  "label_located_in_or_next_to_body_of_water_fscore": 0.927710843373494,
  "label_production_company_fscore": 0.7,
  "label_discoverer_or_inventor_fscore": 0.8937728937728938,
  "label_genre_fscore": 0.856269113149847,
  "label_contains_administrative_territorial_entity_fscore": 0.8580060422960726,
  "label_writing_system_fscore": 0.9893238434163701,
  "label_named_after_fscore": 0.3428571428571428,
  "label_nominated_for_fscore": 0.5714285714285715,
  "label_mother_fscore": 0.6008230452674898,
  "label_sibling_fscore": 0.8514851485148516,
  "label_owned_by_fscore": 0.1774193548387097,
  "label_composer_fscore": 0.6395939086294415,
  "label_award_received_fscore": 0.9693593314763231,
  "label_country_of_citizenship_fscore": 0.6385542168674698,
  "label_tributary_fscore": 0.9696969696969696,
  "label_director_fscore": 0.673866090712743,
  "label_member_of_political_party_fscore": 0.8831908831908832,
  "label_color_fscore": 0.9368421052631579,
  "label_publisher_fscore": 0.45569620253164556,
  "label_occupation_fscore": 0.8359375,
  "label_shares_border_with_fscore": 0.8113207547169811,
  "label_parent_organization_fscore": 0.7521865889212828,
  "label_child_fscore": 0.8805970149253731,
  "label_performer_fscore": 0.5,
  "label_capital_fscore": 0.8849557522123894,
  "label_original_language_of_film_or_TV_show_fscore": 0.9193154034229828,
  "label_participant_fscore": 0.9320388349514563,
  "label_spouse_fscore": 0.7711598746081505,
  "label_student_of_fscore": 0.783132530120482,
  "label_winner_fscore": 0.9795918367346939,
  "label_producer_fscore": 0.5760869565217392,
  "label_league_fscore": 0.7328918322295805,
  "label_capital_of_fscore": 0.9532710280373832,
  "label_place_of_death_fscore": 0.8550724637681159,
  "loss": 0.7765184696181677
}