{
  "accuracy": 0.8107975860381667,
  "macro_fscore": 0.7600575178000476,
  "micro_fscore": 0.8107975860381667,
  "label_place_of_birth_fscore": 0.9005847953216374,
  "label_place_of_death_fscore": 0.6321243523316062,
  "label_educated_at_fscore": 0.92,
  "label_member_of_fscore": 0.7816091954022987,
  "label_material_used_fscore": 0.9083969465648855,
  "label_screenwriter_fscore": 0.6878980891719746,
  "label_employer_fscore": 0.8072916666666667,
  "label_father_fscore": 0.6190476190476191,
  "label_manner_of_death_fscore": 0.5775401069518716,
  "label_subsidiary_fscore": 0.9192546583850931,
  "label_continent_fscore": 0.9246231155778895,
  "label_present_in_work_fscore": 0.7204968944099378,
  "label_member_of_sports_team_fscore": 0.9354005167958656,
  "label_ethnic_group_fscore": 0.5731707317073171,
  "label_position_held_fscore": 0.8523676880222842,
  "label_sport_fscore": 0.5263157894736842,
  "label_founded_by_fscore": 0.8116883116883117,
  "label_creator_fscore": 0.7387387387387387,
  "label_located_in_or_next_to_body_of_water_fscore": 0.8734177215189872,
  "label_production_company_fscore": 0.7934782608695652,
  "label_discoverer_or_inventor_fscore": 0.875,
  "label_genre_fscore": 0.8459016393442624,
  "label_contains_administrative_territorial_entity_fscore": 0.8148148148148148,
  "label_writing_system_fscore": 0.9820788530465949,
  "label_named_after_fscore": 0.21428571428571427,
  "label_nominated_for_fscore": 0,
  "label_mother_fscore": 0.610062893081761,
  "label_owned_by_fscore": 0.13793103448275862,
  "label_composer_fscore": 0.5824175824175825,
  "label_award_received_fscore": 0.9668508287292817,
  "label_country_of_citizenship_fscore": 0.6133333333333334,
  "label_tributary_fscore": 0.9411764705882352,
  "label_director_fscore": 0.7198067632850241,
  "label_member_of_political_party_fscore": 0.9470899470899471,
  "label_color_fscore": 0.9451697127937337,
  "label_publisher_fscore": 0.5909090909090909,
  "label_occupation_fscore": 0.8982456140350877,
  "label_shares_border_with_fscore": 0.8210526315789475,
  "label_parent_organization_fscore": 0.7671957671957671,
  "label_child_fscore": 0.851985559566787,
  "label_performer_fscore": 0.4745762711864407,
  "label_capital_fscore": 0.8695652173913044,
  "label_original_language_of_film_or_TV_show_fscore": 0.9447236180904524,
  "label_participant_fscore": 0.9032258064516129,
  "label_spouse_fscore": 0.8226950354609929,
  "label_student_of_fscore": 0.8375,
  "label_winner_fscore": 0.9795918367346939,
  "label_producer_fscore": 0.7075471698113208,
  "label_league_fscore": 0.7809523809523808,
  "label_capital_of_fscore": 0.966183574879227,
  "label_sibling_fscore": 0.8476190476190476,
  "loss": 0.7868745612067869
}