{
  "accuracy": 0.9281767955801105,
  "macro_fscore": 0.7307422969187676,
  "micro_fscore": 0.9257142857142857,
  "label_has-population_fscore": 1.0,
  "label_has-occupation_fscore": 0.9705882352941176,
  "label_has-type_fscore": 0.6666666666666667,
  "label_has-genre_fscore": 0.28571428571428575,
  "loss": 0.2942004977085162
}