{"model_count": 10, "em_accuracy_mean": 0.544891008174387, "em_accuracy_std": 0.006345274302230318, "loss_mean": 1.4287564918722795, "loss_std": 0.007835150021585116}