{
  "em_accuracy": 0.5500681198910081,
  "loss": 1.425623569475568
}