{
  "em_accuracy": 0.5449591280653951,
  "loss": 1.4393818870834683
}