{
  "em_accuracy": 0.5544959128065395,
  "loss": 1.4273412878746572
}