{
  "em_accuracy": 0.5381471389645777,
  "loss": 1.4209384565120158
}