{"model_count": 10, "em_accuracy_mean": 0.0793701171875, "em_accuracy_std": 0.01056169638000036, "loss_mean": 3.0277487588115037, "loss_std": 0.1344782242383589}