{
  "em_accuracy": 0.0775146484375,
  "loss": 2.9561378262005746
}