{
  "em_accuracy": 0.0989990234375,
  "loss": 3.318865862675011
}