{
  "em_accuracy": 0.0731201171875,
  "loss": 2.9549775721970946
}