{
  "em_accuracy": 0.0830078125,
  "loss": 3.1840201064478606
}