{
  "em_accuracy": 0.068359375,
  "loss": 3.0027305365074426
}