{
    "model_count": 5,
    "UAS_mean": 0.6334659913169319,
    "UAS_std": 0.0040724431408500706,
    "LAS_mean": 0.4446454413892909,
    "LAS_std": 0.009909343037351066,
    "UEM_mean": 0.0718,
    "UEM_std": 0.002167948338867877,
    "LEM_mean": 0.0132,
    "LEM_std": 0.0031144823004794877,
    "LOAS_mean": 0.574095513748191,
    "LOAS_std": 0.010480199277517865,
    "LOEM_mean": 0.014799999999999999,
    "LOEM_std": 0.002387467277262664,
    "loss_mean": 7.310905858874321,
    "loss_std": 1.0881338215718133
}