{
  "UAS": 0.6397129763627593,
  "LAS": 0.4352387843704776,
  "UEM": 0.071,
  "LEM": 0.01,
  "LOAS": 0.5639170284611674,
  "LOEM": 0.012,
  "loss": 6.232364319264889
}