{
  "UAS": 0.6345875542691751,
  "LAS": 0.45996140858658946,
  "UEM": 0.074,
  "LEM": 0.014,
  "LOAS": 0.5886396526772794,
  "LOEM": 0.016,
  "loss": 7.1266085132956505
}