{
  "UAS": 0.6318137964302942,
  "LAS": 0.4450675349734684,
  "UEM": 0.071,
  "LEM": 0.017,
  "LOAS": 0.570489628557646,
  "LOEM": 0.018,
  "loss": 9.14324140548706
}