{
  "accuracy": 0.9005524861878453,
  "macro_fscore": 0.28196491228070175,
  "micro_fscore": 0.906515580736544,
  "loss": 0.3484573222619171
}