{
  "accuracy": 0.9171270718232044,
  "macro_fscore": 0.3616666666666667,
  "micro_fscore": 0.9173789173789174,
  "loss": 0.4121799507411197
}