{
  "accuracy": 0.9171270718232044,
  "macro_fscore": 0.3226818058934848,
  "micro_fscore": 0.9204545454545455,
  "loss": 0.28574209109259147
}