{
    "model_count": 5,
    "UAS_mean": 0.6708273034249879,
    "UAS_std": 0.007748490880304152,
    "LAS_mean": 0.4764954172696575,
    "LAS_std": 0.009918365269619535,
    "UEM_mean": 0.067,
    "UEM_std": 0.0035355339059327346,
    "LEM_mean": 0.0104,
    "LEM_std": 0.002073644135332772,
    "LOAS_mean": 0.5886396526772794,
    "LOAS_std": 0.004892593464652165,
    "LOEM_mean": 0.0114,
    "LOEM_std": 0.0018165902124584953,
    "loss_mean": 6.887232035398483,
    "loss_std": 0.6491126057416089
}