{
  "UAS": 0.6614206464061746,
  "LAS": 0.4653280270139894,
  "UEM": 0.064,
  "LEM": 0.012,
  "LOAS": 0.581825856246985,
  "LOEM": 0.012,
  "loss": 6.399320751428604
}