{
  "UAS": 0.6748673420164013,
  "LAS": 0.48516642547033284,
  "UEM": 0.065,
  "LEM": 0.012,
  "LOAS": 0.5947901591895803,
  "LOEM": 0.014,
  "loss": 7.017129294574261
}