{
  "em_accuracy": 0.3592964824120603,
  "loss": 2.0240501138142175
}