{
  "em_accuracy": 0.38334529791816224,
  "loss": 1.9957369361604964
}