{
  "em_accuracy": 0.3840631730078966,
  "loss": 2.0190523655073984
}