{
    "model_count": 5,
    "UAS_mean": 0.5193077665219489,
    "UAS_std": 0.26190681964384127,
    "LAS_mean": 0.3662807525325615,
    "LAS_std": 0.19940739420317555,
    "UEM_mean": 0.0624,
    "UEM_std": 0.034961407294329554,
    "LEM_mean": 0.0092,
    "LEM_std": 0.005449770637375485,
    "LOAS_mean": 0.481657018813314,
    "LOAS_std": 0.2216803950351471,
    "LOEM_mean": 0.011,
    "LOEM_std": 0.006557438524302001,
    "loss_mean": 7.181237248366787,
    "loss_std": 1.0450405824634221
}