{
  "UAS": 0.6325373854317414,
  "LAS": 0.44820308731307285,
  "UEM": 0.082,
  "LEM": 0.009,
  "LOAS": 0.5782682103232031,
  "LOEM": 0.011,
  "loss": 7.842135198414326
}