{
  "UAS": 0.6454413892908828,
  "LAS": 0.46068499758803666,
  "UEM": 0.077,
  "LEM": 0.014,
  "LOAS": 0.5803183791606368,
  "LOEM": 0.016,
  "loss": 7.5479235127568245
}