{
  "UAS": 0.8671417186254746,
  "LAS": 0.8068069945150251,
  "UEM": 0.15,
  "LEM": 0.083,
  "LOAS": 0.9025830950260185,
  "LOEM": 0.213,
  "loss": 3.0657868683338165
}