{
  "UAS": 0.8679386807932118,
  "LAS": 0.8031972246964512,
  "UEM": 0.161,
  "LEM": 0.075,
  "LOAS": 0.8979888425296517,
  "LOEM": 0.2,
  "loss": 3.1021677255630493
}