{
  "accuracy": 0.905511811023622,
  "macro_fscore": 0.5133112704541276,
  "micro_fscore": 0.9105691056910569,
  "loss": 0.394555467646569
}