{
  "accuracy": 0.8818897637795275,
  "macro_fscore": 0.3180171277997365,
  "micro_fscore": 0.8870967741935484,
  "loss": 0.3989592483267188
}