{
  "accuracy": 0.8976377952755905,
  "macro_fscore": 0.35824303405572755,
  "micro_fscore": 0.9068825910931174,
  "loss": 0.3089670657645911
}