{
  "accuracy": 0.8976377952755905,
  "macro_fscore": 0.45269529869211733,
  "micro_fscore": 0.9039999999999999,
  "loss": 0.32955764420330524
}