{
    "model_count": 5,
    "em_accuracy_mean": 0.2215362526920316,
    "em_accuracy_std": 0.008131341702595335,
    "loss_mean": 0.0,
    "loss_std": 0.0
}