{
  "accuracy": 0.8850574712643678,
  "macro_fscore": 0.7266666666666666,
  "micro_fscore": 0.8953488372093024,
  "loss": 0.5804699924774468
}