{
  "accuracy": 0.8850574712643678,
  "macro_fscore": 0.6965778688524591,
  "micro_fscore": 0.8953488372093024,
  "loss": 0.5265109899143378
}