{
  "accuracy": 0.8735632183908046,
  "macro_fscore": 0.7469733656174334,
  "micro_fscore": 0.8837209302325582,
  "loss": 0.746961792310079
}