{
  "accuracy": 0.8620689655172413,
  "macro_fscore": 0.7278708264915162,
  "micro_fscore": 0.872093023255814,
  "loss": 0.7053784035767118
}