{
  "accuracy": 0.9337016574585635,
  "macro_fscore": 0.3810439560439561,
  "micro_fscore": 0.9452449567723343,
  "loss": 0.3042578048383196
}