{
  "accuracy": 0.9171270718232044,
  "macro_fscore": 0.4029718456725756,
  "micro_fscore": 0.923076923076923,
  "loss": 0.33680753968656063
}