{
  "accuracy": 0.9226519337016574,
  "macro_fscore": 0.2930322128851541,
  "micro_fscore": 0.9287749287749288,
  "loss": 0.249729600114127
}