{
  "accuracy": 0.8434782608695652,
  "macro_fscore": 0.8524345678850582,
  "micro_fscore": 0.8491260349586016,
  "label_birth-place_fscore": 0.5714285714285714,
  "label_has-nationality_fscore": 0.5503355704697985,
  "label_has-parent_fscore": 0.9375,
  "label_has-spouse_fscore": 0.8807339449541285,
  "label_invented-when_fscore": 0.9803921568627451,
  "label_has-tourist-attraction_fscore": 0.9607843137254902,
  "label_has-sibling_fscore": 0.8913043478260869,
  "label_movie-has-director_fscore": 1.0,
  "label_has-type_fscore": 0.6666666666666666,
  "label_has-genre_fscore": 0.7710843373493975,
  "label_has-occupation_fscore": 0.9306930693069307,
  "label_org-has-founder_fscore": 0.8372093023255813,
  "label_won-award_fscore": 0.9361702127659575,
  "label_has-highest-mountain_fscore": 0.9795918367346939,
  "label_is-where_fscore": 0.9072164948453608,
  "label_org-has-member_fscore": 0.9411764705882353,
  "label_is-member-of_fscore": 0.96,
  "label_first-product_fscore": 0.9484536082474226,
  "label_from-country_fscore": 0.28205128205128205,
  "label_has-child_fscore": 0.9,
  "label_headquarters_fscore": 0.9411764705882353,
  "label_invented-by_fscore": 0.9795918367346939,
  "loss": 0.8396691001123853
}