{
  "accuracy": 0.8417391304347827,
  "macro_fscore": 0.851653287880966,
  "micro_fscore": 0.8445052439580484,
  "label_invented-when_fscore": 0.9803921568627451,
  "label_has-nationality_fscore": 0.5103448275862068,
  "label_has-spouse_fscore": 0.8952380952380952,
  "label_birth-place_fscore": 0.5945945945945945,
  "label_has-parent_fscore": 0.8910891089108911,
  "label_has-tourist-attraction_fscore": 0.9795918367346939,
  "label_movie-has-director_fscore": 0.98989898989899,
  "label_has-sibling_fscore": 0.9387755102040817,
  "label_has-type_fscore": 0.7307692307692308,
  "label_has-genre_fscore": 0.7407407407407407,
  "label_has-occupation_fscore": 0.94,
  "label_org-has-founder_fscore": 0.8,
  "label_won-award_fscore": 0.9484536082474226,
  "label_has-highest-mountain_fscore": 0.9803921568627451,
  "label_is-where_fscore": 0.8842105263157894,
  "label_org-has-member_fscore": 0.9514563106796116,
  "label_invented-by_fscore": 1.0,
  "label_is-member-of_fscore": 0.96,
  "label_from-country_fscore": 0.24096385542168675,
  "label_has-child_fscore": 0.9375,
  "label_headquarters_fscore": 0.94,
  "label_first-product_fscore": 0.9019607843137256,
  "loss": 0.6979927769991465
}