{
  "accuracy": 0.8443478260869566,
  "macro_fscore": 0.8449564492240893,
  "micro_fscore": 0.8465753424657534,
  "label_has-nationality_fscore": 0.5398773006134969,
  "label_has-parent_fscore": 0.9148936170212766,
  "label_has-spouse_fscore": 0.8648648648648649,
  "label_invented-when_fscore": 0.9803921568627451,
  "label_birth-place_fscore": 0.5714285714285714,
  "label_has-tourist-attraction_fscore": 0.9504950495049505,
  "label_has-sibling_fscore": 0.9278350515463918,
  "label_movie-has-director_fscore": 1.0,
  "label_has-type_fscore": 0.6938775510204083,
  "label_has-genre_fscore": 0.7710843373493975,
  "label_has-occupation_fscore": 0.9215686274509804,
  "label_org-has-founder_fscore": 0.8913043478260869,
  "label_won-award_fscore": 0.9375,
  "label_has-highest-mountain_fscore": 0.9696969696969697,
  "label_is-where_fscore": 0.8865979381443299,
  "label_org-has-member_fscore": 0.96,
  "label_is-member-of_fscore": 0.96,
  "label_first-product_fscore": 0.8679245283018867,
  "label_from-country_fscore": 0.19047619047619047,
  "label_has-child_fscore": 0.8979591836734694,
  "label_headquarters_fscore": 0.9215686274509804,
  "label_invented-by_fscore": 0.9696969696969697,
  "loss": 0.7695312844330652
}