{
  "accuracy": 0.8565217391304348,
  "macro_fscore": 0.8564641084351229,
  "micro_fscore": 0.8555808656036447,
  "label_has-nationality_fscore": 0.5466666666666666,
  "label_birth-place_fscore": 0.5675675675675675,
  "label_has-parent_fscore": 0.9375,
  "label_invented-when_fscore": 0.970873786407767,
  "label_has-spouse_fscore": 0.8703703703703703,
  "label_has-tourist-attraction_fscore": 0.96,
  "label_has-sibling_fscore": 0.9494949494949495,
  "label_movie-has-director_fscore": 0.98989898989899,
  "label_has-type_fscore": 0.743362831858407,
  "label_has-genre_fscore": 0.7000000000000001,
  "label_has-occupation_fscore": 0.92,
  "label_org-has-founder_fscore": 0.9361702127659575,
  "label_won-award_fscore": 0.9583333333333334,
  "label_has-highest-mountain_fscore": 0.98,
  "label_is-where_fscore": 0.9072164948453608,
  "label_org-has-member_fscore": 0.9423076923076924,
  "label_invented-by_fscore": 1.0,
  "label_is-member-of_fscore": 0.9803921568627451,
  "label_from-country_fscore": 0.2,
  "label_has-child_fscore": 0.9166666666666666,
  "label_headquarters_fscore": 0.9504950495049505,
  "label_first-product_fscore": 0.9148936170212766,
  "loss": 0.9059331809274025
}