{
  "UAS": 0.30645673290584724,
  "LAS": 0.19560662815059363,
  "UEM": 0.01507537688442211,
  "LEM": 0.008375209380234505,
  "loss": 2.6553630389665304
}