{
  "UAS": 0.3070281251984001,
  "LAS": 0.19535267602057013,
  "UEM": 0.01507537688442211,
  "LEM": 0.010050251256281407,
  "loss": 2.6606419055085433
}