{
    "model_count": 5,
    "UAS_mean": 0.6002517940324814,
    "UAS_std": 0.010008377288838624,
    "LAS_mean": 0.4946997356162659,
    "LAS_std": 0.009011604103774154,
    "UEM_mean": 0.019200000000000002,
    "UEM_std": 0.004494441010848847,
    "LEM_mean": 0.005,
    "LEM_std": 0.0015811388300841897,
    "LOAS_mean": 0.6540853581770112,
    "LOAS_std": 0.006730710338423437,
    "LOEM_mean": 0.0064,
    "LOEM_std": 0.001140175425099138,
    "loss_mean": 8.242613610625266,
    "loss_std": 0.8404967247112006
}