{
  "UAS": 0.6151747870242142,
  "LAS": 0.5071971127617608,
  "UEM": 0.025,
  "LEM": 0.007,
  "LOAS": 0.6580217382181376,
  "LOEM": 0.008,
  "loss": 7.894550636410713
}