{
  "UAS": 0.5880649628603802,
  "LAS": 0.4838641990851483,
  "UEM": 0.017,
  "LEM": 0.004,
  "LOAS": 0.6523983381593856,
  "LOEM": 0.005,
  "loss": 8.735421672463417
}