{
  "accuracy": 0.8516624040920716,
  "macro_fscore": 0.711711844146894,
  "micro_fscore": 0.8519715578539108,
  "loss": 0.9219865505393519
}