{
  "accuracy": 0.8350383631713555,
  "macro_fscore": 0.6658908102530745,
  "micro_fscore": 0.8355899419729208,
  "loss": 1.1490409979406668
}