{
  "accuracy": 0.840153452685422,
  "macro_fscore": 0.6700316133640983,
  "micro_fscore": 0.841628959276018,
  "loss": 1.2173752688745758
}