{
  "accuracy": 0.8324808184143222,
  "macro_fscore": 0.6701125560169139,
  "micro_fscore": 0.833117723156533,
  "loss": 1.209241698439024
}