{
  "accuracy": 0.8350383631713555,
  "macro_fscore": 0.6467821240867659,
  "micro_fscore": 0.8348387096774194,
  "loss": 1.2776919817943981
}