{
    "model_count": 3,
    "em_accuracy_mean": 0.36627906976744184,
    "em_accuracy_std": 0.01134628996802034,
    "loss_mean": 0.0,
    "loss_std": 0.0
}