{
    "model_count": 5,
    "UAS_mean": 0.803466008433611,
    "UAS_std": 0.0036135333608196753,
    "LAS_mean": 0.680304432788234,
    "LAS_std": 0.002900448813094902,
    "UEM_mean": 0.14759999999999998,
    "UEM_std": 0.004335896677735764,
    "LEM_mean": 0.0302,
    "LEM_std": 0.002774887385102322,
    "LOAS_mean": 0.7813740615036512,
    "LOAS_std": 0.004861393074784257,
    "LOEM_mean": 0.0478,
    "LOEM_std": 0.003271085446759225,
    "loss_mean": 5.738228364288807,
    "loss_std": 0.8381762706824656
}