{
  "UAS": 0.7985189756248071,
  "LAS": 0.6790085364599403,
  "UEM": 0.151,
  "LEM": 0.032,
  "LOAS": 0.7826288182659673,
  "LOEM": 0.05,
  "loss": 6.672961637377739
}