{
  "UAS": 0.8049984572662758,
  "LAS": 0.6809626658438753,
  "UEM": 0.143,
  "LEM": 0.026,
  "LOAS": 0.7812917823716959,
  "LOEM": 0.042,
  "loss": 6.0655432641506195
}