{
  "UAS": 0.8061812197881313,
  "LAS": 0.6812712125887072,
  "UEM": 0.147,
  "LEM": 0.031,
  "LOAS": 0.7824231204360794,
  "LOEM": 0.049,
  "loss": 5.951031103730202
}