{
  "UAS": 0.8067983132777949,
  "LAS": 0.6762316157564537,
  "UEM": 0.153,
  "LEM": 0.033,
  "LOAS": 0.7735781137508999,
  "LOEM": 0.049,
  "loss": 5.590895652770996
}