{
  "UAS": 0.8008330762110459,
  "LAS": 0.6840481332921937,
  "UEM": 0.144,
  "LEM": 0.029,
  "LOAS": 0.7869484726936131,
  "LOEM": 0.049,
  "loss": 4.410710163414478
}