{
    "model_count": 5,
    "em_accuracy_mean": 0.2145010768126346,
    "em_accuracy_std": 0.008362551539654544,
    "loss_mean": 0.0,
    "loss_std": 0.0
}