{
  "UAS": 0.6413339651700035,
  "LAS": 0.4479919440824547,
  "UEM": 0.06,
  "LEM": 0.015,
  "LOAS": 0.6066224380997512,
  "LOEM": 0.023,
  "loss": 8.736858025193214
}