{
  "UAS": 0.6355289657623504,
  "LAS": 0.43454566994431937,
  "UEM": 0.048,
  "LEM": 0.011,
  "LOAS": 0.5952493780357777,
  "LOEM": 0.019,
  "loss": 9.268729850649834
}