{
  "UAS": 0.6340480985665206,
  "LAS": 0.4267859258381708,
  "UEM": 0.051,
  "LEM": 0.01,
  "LOAS": 0.5889705011254591,
  "LOEM": 0.014,
  "loss": 9.624270245432854
}