{
  "UAS": 0.636595190143348,
  "LAS": 0.4429569956166331,
  "UEM": 0.05,
  "LEM": 0.014,
  "LOAS": 0.6064447340362517,
  "LOEM": 0.023,
  "loss": 9.805445238947868
}