{
    "model_count": 5,
    "UAS_mean": 0.636820281957114,
    "UAS_std": 0.0027307126845161904,
    "LAS_mean": 0.4371046084587134,
    "LAS_std": 0.008377405906719223,
    "UEM_mean": 0.0518,
    "UEM_std": 0.004711687595755897,
    "LEM_mean": 0.012199999999999999,
    "LEM_std": 0.0021679483388678798,
    "LOAS_mean": 0.6001540101883663,
    "LOAS_std": 0.007772101203778985,
    "LOEM_mean": 0.019,
    "LOEM_std": 0.004062019202317979,
    "loss_mean": 9.316530260443688,
    "loss_std": 0.41852992453927407
}