{"model_count": 10, "em_accuracy_mean": 0.5895776566757494, "em_accuracy_std": 0.0054566824889636404, "loss_mean": 1.5403961052065311, "loss_std": 0.013028116608036943}