{
  "em_accuracy": 0.590258855585831,
  "loss": 1.5622917310051296
}