{
  "em_accuracy": 0.5953678474114441,
  "loss": 1.5283638423551684
}