{
  "em_accuracy": 0.582425068119891,
  "loss": 1.5527910421723905
}