{
  "em_accuracy": 0.5810626702997275,
  "loss": 1.534362923839818
}