{
  "em_accuracy": 0.5882152588555858,
  "loss": 1.5500537471278855
}