{
  "UAS": 0.4632281474761874,
  "LAS": 0.31082744767705567,
  "UEM": 0.018475750577367205,
  "LEM": 0.0,
  "LOAS": 0.5032722089030001,
  "LOEM": 0.0011547344110854503,
  "loss": 9.037417326654706
}