{
  "UAS": 0.45571178643167237,
  "LAS": 0.3147800168470161,
  "UEM": 0.019630484988452657,
  "LEM": 0.003464203233256351,
  "LOAS": 0.5157130823559904,
  "LOEM": 0.003464203233256351,
  "loss": 10.362923843520027
}