{
  "UAS": 0.45843322749951404,
  "LAS": 0.3171774768353528,
  "UEM": 0.021939953810623556,
  "LEM": 0.0,
  "LOAS": 0.5184993196397331,
  "LOEM": 0.0011547344110854503,
  "loss": 8.495052014078412
}