{
  "UAS": 0.4931639992224454,
  "LAS": 0.3360331756625413,
  "UEM": 0.02771362586605081,
  "LEM": 0.0023094688221709007,
  "LOAS": 0.541890753579991,
  "LOEM": 0.003464203233256351,
  "loss": 8.548406532832555
}