{
  "UAS": 0.4298580962871768,
  "LAS": 0.2938508391109959,
  "UEM": 0.018475750577367205,
  "LEM": 0.0011547344110854503,
  "LOAS": 0.5054104840277328,
  "LOEM": 0.0011547344110854503,
  "loss": 9.862696959755638
}