{
    "model_count": 5,
    "UAS_mean": 0.6675930583501006,
    "UAS_std": 0.011591232111057144,
    "LAS_mean": 0.5337273641851107,
    "LAS_std": 0.006659738212242086,
    "UEM_mean": 0.041402337228714524,
    "UEM_std": 0.00274318476212938,
    "LEM_mean": 0.015692821368948246,
    "LEM_std": 0.0019034648165261062,
    "LOAS_mean": 0.7030181086519115,
    "LOAS_std": 0.007999559704710875,
    "LOEM_mean": 0.025709515859766278,
    "LOEM_std": 0.003461843297717483,
    "loss_mean": 7.048155041744835,
    "loss_std": 0.43012974810206256
}