{
  "UAS": 0.6714662977867203,
  "LAS": 0.5315643863179075,
  "UEM": 0.038397328881469114,
  "LEM": 0.01335559265442404,
  "LOAS": 0.6981262575452716,
  "LOEM": 0.02337228714524207,
  "loss": 6.749573657387181
}