{
  "UAS": 0.64738430583501,
  "LAS": 0.5306841046277666,
  "UEM": 0.04006677796327212,
  "LEM": 0.01669449081803005,
  "LOAS": 0.7110160965794768,
  "LOEM": 0.03005008347245409,
  "loss": 7.514283581783897
}