{
  "UAS": 0.6691398390342053,
  "LAS": 0.5309984909456741,
  "UEM": 0.04340567612687813,
  "LEM": 0.018363939899833055,
  "LOAS": 0.6969944668008048,
  "LOEM": 0.028380634390651086,
  "loss": 6.993121147155762
}