{
    "model_count": 5,
    "em_accuracy_mean": 0.42697547683923703,
    "em_accuracy_std": 0.009090241493151833,
    "loss_mean": 0.0,
    "loss_std": 0.0
}