,VANILLA,HUJI,RASOOLINI,HUJI_ENSEMBLE,RASOOLINI_ENSEMBLE,HUJI_ENSEMBLE-VANILLA
french,1.6,1.9,1.1,1.3,0.8,-0.30000000000000004
spanish,1.5,1.1,1.3,1.2,0.9,-0.30000000000000004
english,0.4,,,,,
hindi,1.5,1.1,1.1,1.2,0.8,-0.30000000000000004
thai,1.8,1.9,1.6,2.7,2.1,0.9000000000000001
german,0.9,0.4,1.1,0.8,1.0,-0.09999999999999998
