,VANILLA,HUJI,RASOOLINI,HUJI_ENSEMBLE,RASOOLINI_ENSEMBLE,HUJI_ENSEMBLE-VANILLA
french,52.9,54.0,51.1,59.0,55.9,6.100000000000001
spanish,55.3,55.5,54.6,59.6,57.6,4.300000000000004
english,83.4,,,,,
hindi,36.9,41.5,39.3,42.9,40.4,6.0
thai,13.5,13.8,15.9,17.9,17.3,4.399999999999999
german,53.9,53.7,51.3,56.4,54.7,2.5
