,VANILLA,HUJI,RASOOLINI,HUJI_ENSEMBLE,RASOOLINI_ENSEMBLE,HUJI_ENSEMBLE-VANILLA
french,146.7,145.8,148.5,150.1,151.2,3.4000000000000057
spanish,140.5,141.4,141.6,146.0,146.6,5.5
english,111.6,,,,,
hindi,183.0,185.9,187.8,191.4,193.9,8.400000000000006
thai,244.3,244.0,236.8,238.0,244.6,-6.300000000000011
german,149.1,150.2,152.6,156.5,158.7,7.400000000000006
