{
  "accuracy": 0.8733031674208145,
  "macro_fscore": 0.7433222142607485,
  "micro_fscore": 0.8687350835322196,
  "loss": 0.7548635600666914
}