{
  "accuracy": 0.8733031674208145,
  "macro_fscore": 0.7529584639498432,
  "micro_fscore": 0.8792270531400966,
  "loss": 0.6203581329235541
}