{
  "accuracy": 0.8959276018099548,
  "macro_fscore": 0.7073756677486598,
  "micro_fscore": 0.8926014319809068,
  "loss": 0.39733138281319824
}