{
  "accuracy": 0.8974145120934112,
  "macro_fscore": 0.651637556393339,
  "micro_fscore": 0.8997472620050547,
  "loss": 0.4126408332586288
}