{
  "accuracy": 0.8733031674208145,
  "macro_fscore": 0.7514700337976199,
  "micro_fscore": 0.8687350835322196,
  "loss": 0.6155174651316234
}