{
  "accuracy": 0.8552036199095022,
  "macro_fscore": 0.6100964517949117,
  "micro_fscore": 0.8551068883610452,
  "loss": 0.6024346713508878
}