{
  "UAS": 0.27629991746555776,
  "LAS": 0.18068694051171355,
  "UEM": 0.01340033500837521,
  "LEM": 0.008375209380234505,
  "loss": 2.4850911341215434
}