{
  "UAS": 0.27115738683258206,
  "LAS": 0.1780204431464669,
  "UEM": 0.011725293132328308,
  "LEM": 0.008375209380234505,
  "loss": 2.4942441112116764
}