{
  "UAS": 0.27852199860326327,
  "LAS": 0.1847501745920894,
  "UEM": 0.01675041876046901,
  "LEM": 0.01340033500837521,
  "loss": 2.5041521756272567
}