{
    "model_count": 5,
    "UAS_mean": 0.8499797783709455,
    "UAS_std": 0.0012325576412715632,
    "LAS_mean": 0.7925099085982367,
    "LAS_std": 0.001408738013803502,
    "UEM_mean": 0.1556,
    "UEM_std": 0.006985699678629199,
    "LEM_mean": 0.0698,
    "LEM_std": 0.004438468204234426,
    "LOAS_mean": 0.8801261829652997,
    "LOAS_std": 0.0018061888435948077,
    "LOEM_mean": 0.1522,
    "LOEM_std": 0.007190271204899026,
    "loss_mean": 4.885454628616571,
    "loss_std": 0.7058794742189088
}