{
  "UAS": 0.8489039877052496,
  "LAS": 0.7908274690609075,
  "UEM": 0.145,
  "LEM": 0.067,
  "LOAS": 0.8791151015125779,
  "LOEM": 0.15,
  "loss": 5.161306761205196
}