{
  "UAS": 0.8514519129661086,
  "LAS": 0.7933753943217665,
  "UEM": 0.16,
  "LEM": 0.066,
  "LOAS": 0.8805306155463885,
  "LOEM": 0.152,
  "loss": 3.6784172169864178
}