{
  "UAS": 0.849389306802556,
  "LAS": 0.7942651460001617,
  "UEM": 0.153,
  "LEM": 0.067,
  "LOAS": 0.8824718919356144,
  "LOEM": 0.153,
  "loss": 4.8737200647592545
}