{
  "UAS": 0.8511688101593464,
  "LAS": 0.7913936746744318,
  "UEM": 0.163,
  "LEM": 0.073,
  "LOAS": 0.8776995874787673,
  "LOEM": 0.143,
  "loss": 5.444501653313637
}