{
  "accuracy": 0.8260869565217391,
  "macro_fscore": 0.6088039961883852,
  "micro_fscore": 0.8276307295029052,
  "loss": 1.05434249390905
}