{
  "accuracy": 0.8312020460358056,
  "macro_fscore": 0.6482511530624759,
  "micro_fscore": 0.8338720103425985,
  "loss": 1.0845260377973318
}