{
  "accuracy": 0.8312020460358056,
  "macro_fscore": 0.6332215803039257,
  "micro_fscore": 0.830213040671401,
  "loss": 0.9069094435996091
}