{"model_count": 10, "em_accuracy_mean": 0.5078245915735168, "em_accuracy_std": 0.011662569010869222, "loss_mean": 1.6665493488856102, "loss_std": 0.03417190424514093}