{
  "em_accuracy": 0.5087417598165663,
  "loss": 1.7046969682658644
}