{
  "em_accuracy": 0.5010031527658355,
  "loss": 1.668569236041204
}