{
  "em_accuracy": 0.5027228432215535,
  "loss": 1.6856911498117664
}