{
  "em_accuracy": 0.4938377758670106,
  "loss": 1.693784254326668
}