{
  "em_accuracy": 0.5161937517913442,
  "loss": 1.6364060125938833
}