{
  "em_accuracy": 0.5233591286901691,
  "loss": 1.6607280147674421
}