{
  "em_accuracy": 0.5124677558039553,
  "loss": 1.6366503113481008
}