{"model_count": 5, "accuracy_mean": 0.8351304347826087, "accuracy_std": 0.007595640974581698, "loss_mean": 1.1477397970027394, "loss_std": 0.17439010663720056}