{
  "accuracy": 0.8269565217391305,
  "loss": 1.1752715694407623
}