{
  "accuracy": 0.8347826086956521,
  "loss": 1.2629075236618519
}