{
  "accuracy": 0.8304347826086956,
  "loss": 1.3593356725242403
}