{
    "model_count": 5,
    "UAS_mean": 0.5025808888329346,
    "UAS_std": 0.017938840002471,
    "LAS_mean": 0.37136262537244535,
    "LAS_std": 0.017143924713381577,
    "UEM_mean": 0.003,
    "UEM_std": 0.002345207879911715,
    "LEM_mean": 0.0,
    "LEM_std": 0.0,
    "LOAS_mean": 0.5681480548910991,
    "LOAS_std": 0.0166056472847384,
    "LOEM_mean": 0.0006000000000000001,
    "LOEM_std": 0.0008944271909999159,
    "loss_mean": 10.30221853852272,
    "loss_std": 1.0356426737128221
}