{
  "UAS": 0.4853329976079567,
  "LAS": 0.3496999454446263,
  "UEM": 0.002,
  "LEM": 0.0,
  "LOAS": 0.5427840026858031,
  "LOEM": 0.0,
  "loss": 11.248143136501312
}