{
  "UAS": 0.48751521255612906,
  "LAS": 0.36275126946158043,
  "UEM": 0.001,
  "LEM": 0.0,
  "LOAS": 0.5628435939401569,
  "LOEM": 0.0,
  "loss": 9.825516879558563
}