{
  "UAS": 0.5129044441646733,
  "LAS": 0.3789080532124722,
  "UEM": 0.003,
  "LEM": 0.0,
  "LOAS": 0.5861345419446893,
  "LOEM": 0.0,
  "loss": 9.326753795146942
}