{
  "UAS": 0.9149597513349804,
  "LAS": 0.8472144735793417,
  "UEM": 0.6918632643235436,
  "LEM": 0.4212806933076553,
  "LOAS": 0.8932414122897904,
  "LOEM": 0.4467982667308618,
  "loss": 2.431069229428025
}