{
  "em_accuracy": 0.15625,
  "loss": 2.3383318158083184
}