{
  "em_accuracy": 0.13771802325581395,
  "loss": 2.4257020978040473
}