{
  "em_accuracy": 0.16351744186046513,
  "loss": 2.367472083762635
}