{
  "em_accuracy": 0.13263081395348839,
  "loss": 2.442402927681457
}