{
  "em_accuracy": 0.15479651162790697,
  "loss": 2.357662697864133
}