{"model_count": 10, "em_accuracy_mean": 0.14269622093023257, "em_accuracy_std": 0.01532977624951306, "loss_mean": 2.3850436417169347, "loss_std": 0.07150029350185647}