{
    "model_count": 5,
    "UAS_mean": 0.2700795947901592,
    "UAS_std": 0.003947863470077134,
    "LAS_mean": 0.12659189580318378,
    "LAS_std": 0.004664242268068125,
    "UEM_mean": 0.016,
    "UEM_std": 0.0030000000000000005,
    "LEM_mean": 0.0074,
    "LEM_std": 0.0008944271909999159,
    "loss_mean": 3.2283757830423023,
    "loss_std": 0.056439620770285366
}