{
  "UAS": 0.2704413892908828,
  "LAS": 0.12867824409068981,
  "UEM": 0.017,
  "LEM": 0.008,
  "loss": 3.20876968096173
}