{
  "UAS": 0.26640135069946935,
  "LAS": 0.12644717800289434,
  "UEM": 0.019,
  "LEM": 0.008,
  "loss": 3.2841182890392484
}