{
  "UAS": 0.27212976362759284,
  "LAS": 0.1301857211770381,
  "UEM": 0.016,
  "LEM": 0.007,
  "loss": 3.1498804811447387
}