{
  "UAS": 0.26603955619874575,
  "LAS": 0.11860829715388325,
  "UEM": 0.017,
  "LEM": 0.008,
  "loss": 3.2826569420950755
}