{
  "em_accuracy": 0.40224795640326977,
  "loss": 1.5773959623082825
}