{
  "em_accuracy": 0.40565395095367845,
  "loss": 1.586475485044977
}