{
  "em_accuracy": 0.3872615803814714,
  "loss": 1.5874282458554143
}