{
  "em_accuracy": 0.39645776566757496,
  "loss": 1.5750993004311686
}