{
  "em_accuracy": 0.24382267441860464,
  "loss": 2.168175685544347
}