{
  "em_accuracy": 0.16715116279069767,
  "loss": 2.37513206171435
}