{
  "em_accuracy": 0.19113372093023256,
  "loss": 2.2759654168472734
}