{"model_count": 10, "em_accuracy_mean": 0.1994549418604651, "em_accuracy_std": 0.02577094158439259, "loss_mean": 2.2860850056936575, "loss_std": 0.08231992640987053}