{
    "model_count": 5,
    "accuracy_mean": 0.6286995515695067,
    "accuracy_std": 0.01360157030323147,
    "macro_fscore_mean": 0.5832716088521042,
    "macro_fscore_std": 0.02212302980470008,
    "micro_fscore_mean": 0.6485572371096122,
    "micro_fscore_std": 0.011303994036197897,
    "label_org:founded_by_fscore_mean": 0.896969696969697,
    "label_org:founded_by_fscore_std": 0.06893523130955959,
    "label_org:political/religious_affiliation_fscore_mean": 0.8852747252747252,
    "label_org:political/religious_affiliation_fscore_std": 0.05556572516241049,
    "label_per:spouse_fscore_mean": 0.7961904761904761,
    "label_per:spouse_fscore_std": 0.16142786908120846,
    "label_per:age_fscore_mean": 0.9789473684210527,
    "label_per:age_fscore_std": 0.028827503026587657,
    "label_org:number_of_employees/members_fscore_mean": 0.8357142857142856,
    "label_org:number_of_employees/members_fscore_std": 0.047915742374995525,
    "label_org:shareholders_fscore_mean": 0.06666666666666667,
    "label_org:shareholders_fscore_std": 0.14907119849998599,
    "label_per:siblings_fscore_mean": 0.6425574425574426,
    "label_per:siblings_fscore_std": 0.07938884380295971,
    "label_per:date_of_death_fscore_mean": 0.780952380952381,
    "label_per:date_of_death_fscore_std": 0.20370713939245177,
    "label_per:other_family_fscore_mean": 0.173015873015873,
    "label_per:other_family_fscore_std": 0.2062270700814186,
    "label_per:alternate_names_fscore_mean": 0.42603174603174604,
    "label_per:alternate_names_fscore_std": 0.0889498090560972,
    "label_per:title_fscore_mean": 0.6541589267285861,
    "label_per:title_fscore_std": 0.0400975209588586,
    "label_per:stateorprovince_of_death_fscore_mean": 0.36,
    "label_per:stateorprovince_of_death_fscore_std": 0.3507135583350037,
    "label_per:stateorprovince_of_birth_fscore_mean": 0,
    "label_per:stateorprovince_of_birth_fscore_std": 0.0,
    "label_org:members_fscore_mean": 0.5384559884559884,
    "label_org:members_fscore_std": 0.18299888342531398,
    "label_org:dissolved_fscore_mean": 0,
    "label_org:dissolved_fscore_std": 0.0,
    "label_per:cities_of_residence_fscore_mean": 0.5057123268887975,
    "label_per:cities_of_residence_fscore_std": 0.07463047381938584,
    "label_per:children_fscore_mean": 0.8433333333333333,
    "label_per:children_fscore_std": 0.15073892072793355,
    "label_per:city_of_birth_fscore_mean": 0.22666666666666668,
    "label_per:city_of_birth_fscore_std": 0.20869967789998037,
    "label_per:cause_of_death_fscore_mean": 0.905128205128205,
    "label_per:cause_of_death_fscore_std": 0.040134553442303926,
    "label_org:subsidiaries_fscore_mean": 0.6046031746031746,
    "label_org:subsidiaries_fscore_std": 0.19591475205575062,
    "label_per:country_of_birth_fscore_mean": 0.6666666666666666,
    "label_per:country_of_birth_fscore_std": 0.0,
    "label_per:parents_fscore_mean": 0.8167032967032967,
    "label_per:parents_fscore_std": 0.10202685033704594,
    "label_per:stateorprovinces_of_residence_fscore_mean": 0.48,
    "label_per:stateorprovinces_of_residence_fscore_std": 0.1260511360079269,
    "label_org:founded_fscore_mean": 0.6866666666666666,
    "label_org:founded_fscore_std": 0.12382783747337808,
    "label_per:schools_attended_fscore_mean": 0.888888888888889,
    "label_per:schools_attended_fscore_std": 0.0,
    "label_org:city_of_headquarters_fscore_mean": 0.5285714285714286,
    "label_org:city_of_headquarters_fscore_std": 0.03912303982179762,
    "label_per:religion_fscore_mean": 0.7999999999999999,
    "label_per:religion_fscore_std": 0.18257418583505539,
    "label_org:top_members/employees_fscore_mean": 0.6352447552447552,
    "label_org:top_members/employees_fscore_std": 0.09648525215197638,
    "label_per:employee_of_fscore_mean": 0.40444444444444444,
    "label_per:employee_of_fscore_std": 0.1134748571705492,
    "label_org:country_of_headquarters_fscore_mean": 0.4841269841269842,
    "label_org:country_of_headquarters_fscore_std": 0.09976035785695667,
    "label_org:alternate_names_fscore_mean": 0.6635897435897437,
    "label_org:alternate_names_fscore_std": 0.13518682132549767,
    "label_org:member_of_fscore_mean": 0.4233766233766234,
    "label_org:member_of_fscore_std": 0.31930097372736227,
    "label_org:website_fscore_mean": 1.0,
    "label_org:website_fscore_std": 0.0,
    "label_org:stateorprovince_of_headquarters_fscore_mean": 0.4507936507936508,
    "label_org:stateorprovince_of_headquarters_fscore_std": 0.2640842456264816,
    "label_per:origin_fscore_mean": 0.2,
    "label_per:origin_fscore_std": 0.11180339887498948,
    "label_per:city_of_death_fscore_mean": 0.8571428571428571,
    "label_per:city_of_death_fscore_std": 0.0,
    "label_org:parents_fscore_mean": 0,
    "label_org:parents_fscore_std": 0.0,
    "label_per:charges_fscore_mean": 0.8903030303030303,
    "label_per:charges_fscore_std": 0.07768458275958465,
    "label_per:countries_of_residence_fscore_mean": 0.4503296703296703,
    "label_per:countries_of_residence_fscore_std": 0.037831575602224075,
    "label_per:date_of_birth_fscore_mean": 0.8836363636363637,
    "label_per:date_of_birth_fscore_std": 0.08489176385402726,
    "loss_mean": 1.4893179476261138,
    "loss_std": 0.2792257191750893
}