{
    "model_count": 3,
    "accuracy_mean": 0.6337817638266069,
    "accuracy_std": 0.005178029320086281,
    "macro_fscore_mean": 0.5943075656427049,
    "macro_fscore_std": 0.019237481255802356,
    "micro_fscore_mean": 0.6502578088957638,
    "micro_fscore_std": 0.008771058373597823,
    "label_per:city_of_birth_fscore_mean": 0.24444444444444444,
    "label_per:city_of_birth_fscore_std": 0.2143033502442879,
    "label_per:date_of_death_fscore_mean": 0.8888888888888888,
    "label_per:date_of_death_fscore_std": 0.1924500897298753,
    "label_org:parents_fscore_mean": 0,
    "label_org:parents_fscore_std": 0.0,
    "label_per:religion_fscore_mean": 0.8888888888888888,
    "label_per:religion_fscore_std": 0.1924500897298753,
    "label_org:founded_by_fscore_mean": 0.8838383838383838,
    "label_org:founded_by_fscore_std": 0.043738656756789854,
    "label_org:alternate_names_fscore_mean": 0.6615384615384615,
    "label_org:alternate_names_fscore_std": 0.09358096200458801,
    "label_per:cause_of_death_fscore_mean": 0.923076923076923,
    "label_per:cause_of_death_fscore_std": 0.0,
    "label_per:stateorprovince_of_death_fscore_mean": 0.43333333333333335,
    "label_per:stateorprovince_of_death_fscore_std": 0.40414518843273806,
    "label_per:employee_of_fscore_mean": 0.3740740740740741,
    "label_per:employee_of_fscore_std": 0.14069199935720428,
    "label_org:shareholders_fscore_mean": 0.1111111111111111,
    "label_org:shareholders_fscore_std": 0.19245008972987526,
    "label_org:member_of_fscore_mean": 0.638961038961039,
    "label_org:member_of_fscore_std": 0.14006720792428848,
    "label_per:siblings_fscore_mean": 0.6380286380286381,
    "label_per:siblings_fscore_std": 0.08035181422234124,
    "label_org:website_fscore_mean": 1.0,
    "label_org:website_fscore_std": 0.0,
    "label_per:country_of_birth_fscore_mean": 0.6666666666666666,
    "label_per:country_of_birth_fscore_std": 0.0,
    "label_org:founded_fscore_mean": 0.7555555555555555,
    "label_org:founded_fscore_std": 0.07698003589195015,
    "label_per:stateorprovince_of_birth_fscore_mean": 0,
    "label_per:stateorprovince_of_birth_fscore_std": 0.0,
    "label_per:alternate_names_fscore_mean": 0.41005291005291006,
    "label_per:alternate_names_fscore_std": 0.111205553211554,
    "label_per:date_of_birth_fscore_mean": 0.9030303030303031,
    "label_per:date_of_birth_fscore_std": 0.10013764631429274,
    "label_per:charges_fscore_mean": 0.8474747474747475,
    "label_per:charges_fscore_std": 0.05590341051321896,
    "label_per:city_of_death_fscore_mean": 0.8571428571428571,
    "label_per:city_of_death_fscore_std": 0.0,
    "label_org:dissolved_fscore_mean": 0,
    "label_org:dissolved_fscore_std": 0.0,
    "label_per:stateorprovinces_of_residence_fscore_mean": 0.5,
    "label_per:stateorprovinces_of_residence_fscore_std": 0.16666666666666663,
    "label_per:parents_fscore_mean": 0.7643467643467643,
    "label_per:parents_fscore_std": 0.09533197214135841,
    "label_org:top_members/employees_fscore_mean": 0.6536130536130536,
    "label_org:top_members/employees_fscore_std": 0.13150820211864037,
    "label_per:title_fscore_mean": 0.6680426556587546,
    "label_per:title_fscore_std": 0.037170808831758086,
    "label_org:country_of_headquarters_fscore_mean": 0.42592592592592593,
    "label_org:country_of_headquarters_fscore_std": 0.0848625128695526,
    "label_org:members_fscore_mean": 0.654040404040404,
    "label_org:members_fscore_std": 0.10285561542634492,
    "label_org:number_of_employees/members_fscore_mean": 0.8214285714285714,
    "label_org:number_of_employees/members_fscore_std": 0.06185895741317423,
    "label_per:cities_of_residence_fscore_mean": 0.49292929292929294,
    "label_per:cities_of_residence_fscore_std": 0.08070700749671988,
    "label_per:spouse_fscore_mean": 0.8412698412698413,
    "label_per:spouse_fscore_std": 0.16723259925163078,
    "label_per:countries_of_residence_fscore_mean": 0.45384615384615384,
    "label_per:countries_of_residence_fscore_std": 0.0504418348023231,
    "label_org:city_of_headquarters_fscore_mean": 0.5238095238095238,
    "label_org:city_of_headquarters_fscore_std": 0.04123930494211617,
    "label_per:age_fscore_mean": 0.9649122807017544,
    "label_per:age_fscore_std": 0.030386856273138165,
    "label_per:children_fscore_mean": 0.7388888888888888,
    "label_per:children_fscore_std": 0.06735753140545636,
    "label_per:origin_fscore_mean": 0.25,
    "label_per:origin_fscore_std": 0.0,
    "label_per:other_family_fscore_mean": 0.1216931216931217,
    "label_per:other_family_fscore_std": 0.11261268070789822,
    "label_org:subsidiaries_fscore_mean": 0.6838624338624338,
    "label_org:subsidiaries_fscore_std": 0.21415094723558437,
    "label_org:political/religious_affiliation_fscore_mean": 0.86007326007326,
    "label_org:political/religious_affiliation_fscore_std": 0.06159076793255298,
    "label_org:stateorprovince_of_headquarters_fscore_mean": 0.33862433862433866,
    "label_org:stateorprovince_of_headquarters_fscore_std": 0.3000517857938164,
    "label_per:schools_attended_fscore_mean": 0.888888888888889,
    "label_per:schools_attended_fscore_std": 0.0,
    "loss_mean": 1.6179174326715016,
    "loss_std": 0.30546500205716576
}