{"model_count": 5, "accuracy_mean": 0.8727748691099476, "accuracy_std": 0.0166183981655538, "loss_mean": 0.6339951305960615, "loss_std": 0.11302540462055961}