{
  "accuracy": 0.8769633507853403,
  "loss": 0.606785025447607
}