{
  "accuracy": 0.8455497382198953,
  "loss": 0.6974482747415701
}