{"model_count": 10, "em_accuracy_mean": 0.849452804377565, "em_accuracy_std": 0.002765479928229948, "loss_mean": 1.1386692866195331, "loss_std": 0.006589185155497992}