{
  "em_accuracy": 0.8465572275421797,
  "loss": 1.1468293530290776
}