{
  "em_accuracy": 0.8479252165982673,
  "loss": 1.1445262841744857
}