{
    "model_count": 5,
    "UAS_mean": 0.8307368761627437,
    "UAS_std": 0.006402143487524053,
    "LAS_mean": 0.7693520990050958,
    "LAS_std": 0.007463452369392507,
    "UEM_mean": 0.0672,
    "UEM_std": 0.024201239637671457,
    "LEM_mean": 0.0284,
    "LEM_std": 0.008905054744357275,
    "LOAS_mean": 0.8728059532475936,
    "LOAS_std": 0.003517982326187384,
    "LOEM_mean": 0.1308,
    "LOEM_std": 0.006058052492344389,
    "loss_mean": 5.010410298407078,
    "loss_std": 0.32881209644152953
}