{
  "UAS": 0.8233842918385506,
  "LAS": 0.7631238372563294,
  "UEM": 0.034,
  "LEM": 0.015,
  "LOAS": 0.8737765914422065,
  "LOEM": 0.137,
  "loss": 5.064968578517437
}