{
  "UAS": 0.8252851249696675,
  "LAS": 0.7603332524468172,
  "UEM": 0.059,
  "LEM": 0.028,
  "LOAS": 0.8665776914988271,
  "LOEM": 0.121,
  "loss": 4.948206752538681
}