{
  "UAS": 0.8312707271697808,
  "LAS": 0.7710507158456685,
  "UEM": 0.077,
  "LEM": 0.029,
  "LOAS": 0.8741405807651864,
  "LOEM": 0.134,
  "loss": 5.48850479722023
}