{
  "UAS": 0.835355496238777,
  "LAS": 0.7741244034619429,
  "UEM": 0.066,
  "LEM": 0.03,
  "LOAS": 0.8743832403138397,
  "LOEM": 0.132,
  "loss": 4.567353896796703
}