{
  "accuracy": 0.8888888888888888,
  "macro_fscore": 0.4743230625583567,
  "micro_fscore": 0.9019607843137256,
  "loss": 0.620894872716495
}