{
  "accuracy": 0.8148148148148148,
  "macro_fscore": 0.3470009955201593,
  "micro_fscore": 0.8349514563106797,
  "loss": 0.5363187255071742
}