{
  "accuracy": 0.8148148148148148,
  "macro_fscore": 0.27530487804878045,
  "micro_fscore": 0.8235294117647058,
  "loss": 0.8472633617264884
}