{"model_count": 10, "em_accuracy_mean": 0.8508891928864569, "em_accuracy_std": 0.002949324808015236, "loss_mean": 1.157627199194648, "loss_std": 0.0033947599834133926}