{
  "em_accuracy": 0.8506611947104423,
  "loss": 1.1520489068464799
}