{
  "em_accuracy": 0.8506611947104423,
  "loss": 1.159686180678281
}