{
  "em_accuracy": 0.8486092111263109,
  "loss": 1.1599517729065636
}