{
  "em_accuracy": 0.854765161878705,
  "loss": 1.1562152030251243
}