{
  "UAS": 0.42040766804173746,
  "LAS": 0.3642724257866214,
  "UEM": 0.005,
  "LEM": 0.003,
  "loss": 1.9060040466369144
}