{
  "UAS": 0.42356224217422955,
  "LAS": 0.36673946453126266,
  "UEM": 0.005,
  "LEM": 0.002,
  "loss": 1.8845406884238833
}