{
  "UAS": 0.4174957534578986,
  "LAS": 0.3607538623311494,
  "UEM": 0.003,
  "LEM": 0.002,
  "loss": 1.9127415834911285
}