{
    "model_count": 5,
    "UAS_mean": 0.6668929342795433,
    "UAS_std": 0.022639047228739512,
    "LAS_mean": 0.553388871747403,
    "LAS_std": 0.0111942079119507,
    "UEM_mean": 0.06720000000000001,
    "UEM_std": 0.006610597552415364,
    "LEM_mean": 0.0138,
    "LEM_std": 0.0016431676725154984,
    "LOAS_mean": 0.6859816928931399,
    "LOAS_std": 0.005481302020860809,
    "LOEM_mean": 0.018000000000000002,
    "LOEM_std": 0.0024494897427831783,
    "loss_mean": 7.974512852964893,
    "loss_std": 0.41769399927485157
}