{
  "UAS": 0.6887277589221433,
  "LAS": 0.5627892625732799,
  "UEM": 0.068,
  "LEM": 0.016,
  "LOAS": 0.6864650827933765,
  "LOEM": 0.02,
  "loss": 7.8515695706009865
}