{
  "UAS": 0.6889848812095032,
  "LAS": 0.5669546436285097,
  "UEM": 0.075,
  "LEM": 0.013,
  "LOAS": 0.6947444204463643,
  "LOEM": 0.017,
  "loss": 7.371843652119712
}