{
  "UAS": 0.6422914738249511,
  "LAS": 0.541088141520107,
  "UEM": 0.057,
  "LEM": 0.013,
  "LOAS": 0.6816826082484829,
  "LOEM": 0.017,
  "loss": 8.252672031521797
}