{
  "UAS": 0.6451198189859096,
  "LAS": 0.544842126915561,
  "UEM": 0.066,
  "LEM": 0.015,
  "LOAS": 0.6860022626761287,
  "LOEM": 0.021,
  "loss": 8.464761674404144
}