{
    "model_count": 5,
    "UAS_mean": 0.2706367849660339,
    "UAS_std": 0.009256023879943266,
    "LAS_mean": 0.18078852136372292,
    "LAS_std": 0.0077460083058953424,
    "UEM_mean": 0.004355108877721943,
    "UEM_std": 0.001498202999999859,
    "LEM_mean": 0.004355108877721943,
    "LEM_std": 0.001498202999999859,
    "loss_mean": 2.7618276056490445,
    "loss_std": 0.026863274992331643
}