{
  "UAS": 0.2672846168497238,
  "LAS": 0.17376674496857342,
  "UEM": 0.0033500837520938024,
  "LEM": 0.0033500837520938024,
  "loss": 2.776301465536419
}