{
  "UAS": 0.2750301568154403,
  "LAS": 0.18455971049457176,
  "UEM": 0.0033500837520938024,
  "LEM": 0.0033500837520938024,
  "loss": 2.765288792158428
}