{
  "UAS": 0.256237699193702,
  "LAS": 0.17135419973335025,
  "UEM": 0.005025125628140704,
  "LEM": 0.005025125628140704,
  "loss": 2.797143678916128
}