{
  "UAS": 0.2745222525553933,
  "LAS": 0.18525807885213638,
  "UEM": 0.0033500837520938024,
  "LEM": 0.0033500837520938024,
  "loss": 2.7351582426773873
}