{
  "UAS": 0.2801091994159101,
  "LAS": 0.18900387276998284,
  "UEM": 0.006700167504187605,
  "LEM": 0.006700167504187605,
  "loss": 2.735245848956861
}