{
    "model_count": 5,
    "em_accuracy_mean": 0.47915531335149864,
    "em_accuracy_std": 0.00761755840048662,
    "loss_mean": 0.0,
    "loss_std": 0.0
}