{
    "model_count": 5,
    "UAS_mean": 0.6645173726567395,
    "UAS_std": 0.01966396480049388,
    "LAS_mean": 0.48653076960146496,
    "LAS_std": 0.009335026029215189,
    "UEM_mean": 0.0446,
    "UEM_std": 0.007536577472566708,
    "LEM_mean": 0.0066,
    "LEM_std": 0.0008944271909999159,
    "LOAS_mean": 0.6202496265240229,
    "LOAS_std": 0.01000821762239104,
    "LOEM_mean": 0.011,
    "LOEM_std": 0.0007071067811865475,
    "loss_mean": 8.245066651323485,
    "loss_std": 0.3144985659777061
}