{
  "UAS": 0.6799672304949159,
  "LAS": 0.4982410486241627,
  "UEM": 0.049,
  "LEM": 0.005,
  "LOAS": 0.6267167847332659,
  "LOEM": 0.011,
  "loss": 7.904219983116029
}