{
  "UAS": 0.6620885740446244,
  "LAS": 0.485904293768975,
  "UEM": 0.042,
  "LEM": 0.007,
  "LOAS": 0.6187653607055081,
  "LOEM": 0.012,
  "loss": 8.039571449160576
}