{
  "UAS": 0.9140431975771101,
  "LAS": 0.8718020243883,
  "UEM": 0.7024554646124218,
  "LEM": 0.5122773230621088,
  "LOAS": 0.9196620706144896,
  "LOEM": 0.5474241694752047,
  "loss": 1.7411972425059608
}