{
    "model_count": 5,
    "UAS_mean": 0.8474399417617083,
    "UAS_std": 0.001872527217958194,
    "LAS_mean": 0.7919113483782254,
    "LAS_std": 0.0023969924464043112,
    "UEM_mean": 0.1524,
    "UEM_std": 0.005128352561983239,
    "LEM_mean": 0.072,
    "LEM_std": 0.003937003937005904,
    "LOAS_mean": 0.8793334951063658,
    "LOAS_std": 0.003040999549750866,
    "LOEM_mean": 0.152,
    "LOEM_std": 0.008276472678623432,
    "loss_mean": 4.359678657352925,
    "loss_std": 0.6530950667658325
}