{
  "UAS": 0.8472458141227858,
  "LAS": 0.7913936746744318,
  "UEM": 0.155,
  "LEM": 0.072,
  "LOAS": 0.8785488958990536,
  "LOEM": 0.153,
  "loss": 4.151503868401051
}