{
  "UAS": 0.8499959556741891,
  "LAS": 0.791959880287956,
  "UEM": 0.15,
  "LEM": 0.066,
  "LOAS": 0.8773355981557874,
  "LOEM": 0.142,
  "loss": 3.8412093557417393
}