{
  "UAS": 0.8457898568308663,
  "LAS": 0.7925665291595891,
  "UEM": 0.15,
  "LEM": 0.076,
  "LOAS": 0.8806923885788239,
  "LOEM": 0.154,
  "loss": 3.74403540417552
}