{
  "accuracy": 0.9712722298221614,
  "macro_fscore": 0.9582083713764019,
  "micro_fscore": 0.975886524822695,
  "loss": 0.15668446396075128
}