{
  "accuracy": 0.9671682626538988,
  "macro_fscore": 0.9554908467302766,
  "micro_fscore": 0.973049645390071,
  "loss": 0.13405090540966383
}