{
  "accuracy": 0.9644322845417237,
  "macro_fscore": 0.9477176363147192,
  "micro_fscore": 0.9708599857853588,
  "loss": 0.16210205850960768
}