{
  "accuracy": 0.8554987212276215,
  "macro_fscore": 0.653795615252533,
  "micro_fscore": 0.8554838709677419,
  "loss": 0.7825109721256458
}