{
  "accuracy": 0.8388746803069054,
  "macro_fscore": 0.6276537645637869,
  "micro_fscore": 0.838501291989664,
  "loss": 1.0584343165653396
}