{
  "accuracy": 0.8388746803069054,
  "macro_fscore": 0.6838535402513394,
  "micro_fscore": 0.8412903225806452,
  "loss": 1.0642179474804778
}