{
  "UAS": 0.6782044115750097,
  "LAS": 0.5345057402072494,
  "UEM": 0.049766718506998445,
  "LEM": 0.012441679626749611,
  "LOAS": 0.6747645870060627,
  "LOEM": 0.013996889580093312,
  "loss": 12.074877716246105
}