{
  "UAS": 0.6752805606914047,
  "LAS": 0.5388915165326569,
  "UEM": 0.04665629860031104,
  "LEM": 0.013996889580093312,
  "LOAS": 0.6817732295652922,
  "LOEM": 0.017107309486780714,
  "loss": 10.750804174514045
}