{
  "UAS": 0.6731736681429247,
  "LAS": 0.5382895472330911,
  "UEM": 0.04510108864696734,
  "LEM": 0.013996889580093312,
  "LOAS": 0.6804402975448253,
  "LOEM": 0.017107309486780714,
  "loss": 11.42402812412807
}