{
  "UAS": 0.6764844992905362,
  "LAS": 0.5313669002880853,
  "UEM": 0.041990668740279936,
  "LEM": 0.012441679626749611,
  "LOAS": 0.670980779980221,
  "LOEM": 0.013996889580093312,
  "loss": 10.78562897727603
}