{
  "UAS": 0.6772154620114375,
  "LAS": 0.5415143827664789,
  "UEM": 0.04665629860031104,
  "LEM": 0.013996889580093312,
  "LOAS": 0.6836221352711012,
  "LOEM": 0.015552099533437015,
  "loss": 10.49542622339158
}