{
  "UAS": 0.6884847766852269,
  "LAS": 0.4953204596611776,
  "UEM": 0.069,
  "LEM": 0.02,
  "LOAS": 0.63570666982585,
  "LOEM": 0.027,
  "loss": 6.298309788107872
}