{
  "UAS": 0.6768155431820875,
  "LAS": 0.48696836867669707,
  "UEM": 0.065,
  "LEM": 0.014,
  "LOAS": 0.6313233029261935,
  "LOEM": 0.024,
  "loss": 7.799051322042942
}