{"model_count": 10, "em_accuracy_mean": 0.8547423620611035, "em_accuracy_std": 0.002498635329283635, "loss_mean": 1.1543491566614672, "loss_std": 0.00548783159272588}