{
  "em_accuracy": 0.8529411764705882,
  "loss": 1.1582940723679283
}