{
  "em_accuracy": 0.8529411764705882,
  "loss": 1.1533724390376698
}