{
  "em_accuracy": 0.8549931600547196,
  "loss": 1.154319988597523
}