{
  "em_accuracy": 0.8590971272229823,
  "loss": 1.1505933284759522
}