{
  "em_accuracy": 0.8554491564067488,
  "loss": 1.1453979715433988
}