{
  "em_accuracy": 0.8554491564067488,
  "loss": 1.1644445954669607
}