{
  "em_accuracy": 0.8518011855905153,
  "loss": 1.1606398099119013
}