{
  "UAS": 0.757071948339839,
  "LAS": 0.6168859332080382,
  "UEM": 0.093,
  "LEM": 0.024,
  "LOAS": 0.7303262493373813,
  "LOEM": 0.046,
  "loss": 6.699056938290596
}