{
  "UAS": 0.7450243361765698,
  "LAS": 0.6158739337863236,
  "UEM": 0.091,
  "LEM": 0.026,
  "LOAS": 0.7329767240133006,
  "LOEM": 0.043,
  "loss": 7.450967103242874
}