{
  "UAS": 0.7525902366151029,
  "LAS": 0.6268613560792251,
  "UEM": 0.095,
  "LEM": 0.027,
  "LOAS": 0.7423738615006505,
  "LOEM": 0.049,
  "loss": 5.574536055326462
}