{
  "UAS": 0.7413136716302828,
  "LAS": 0.6003566093200328,
  "UEM": 0.092,
  "LEM": 0.025,
  "LOAS": 0.7184232085200714,
  "LOEM": 0.039,
  "loss": 6.985185742378235
}