{
  "UAS": 0.7088970522354627,
  "LAS": 0.5451572439745542,
  "UEM": 0.046,
  "LEM": 0.007,
  "LOAS": 0.644476301406684,
  "LOEM": 0.011,
  "loss": 6.955267295241356
}