{
  "UAS": 0.7297733178030642,
  "LAS": 0.5540274168981274,
  "UEM": 0.048,
  "LEM": 0.005,
  "LOAS": 0.6454170773228205,
  "LOEM": 0.008,
  "loss": 5.811870187520981
}