{
  "UAS": 0.7200967655228027,
  "LAS": 0.5503091120867306,
  "UEM": 0.047,
  "LEM": 0.006,
  "LOAS": 0.6449242899381776,
  "LOEM": 0.008,
  "loss": 6.336167201399803
}