{
    "model_count": 5,
    "UAS_mean": 0.7209300241913807,
    "UAS_std": 0.007612220283469554,
    "LAS_mean": 0.5507033419944449,
    "LAS_std": 0.0033690703418081005,
    "UEM_mean": 0.0494,
    "UEM_std": 0.0036469165057620937,
    "LEM_mean": 0.0054,
    "LEM_std": 0.00151657508881031,
    "LOAS_mean": 0.6452647612221127,
    "LOAS_std": 0.0016936692127247218,
    "LOEM_mean": 0.008,
    "LOEM_std": 0.002121320343559642,
    "loss_mean": 6.545303842425346,
    "loss_std": 0.9294097620956179
}