{
    "model_count": 3,
    "accuracy_mean": 0.6442451420029895,
    "accuracy_std": 0.010356058640172626,
    "macro_fscore_mean": 0.6092807917343521,
    "macro_fscore_std": 0.01453519462805683,
    "micro_fscore_mean": 0.6565186954875449,
    "micro_fscore_std": 0.016141080678505646,
    "label_org:top_members/employees_fscore_mean": 0.37777777777777777,
    "label_org:top_members/employees_fscore_std": 0.03849001794597508,
    "label_org:founded_by_fscore_mean": 0.835016835016835,
    "label_org:founded_by_fscore_std": 0.09330913441448506,
    "label_per:title_fscore_mean": 0.6563467492260061,
    "label_per:title_fscore_std": 0.042899091209136264,
    "label_per:spouse_fscore_mean": 0.8666666666666667,
    "label_per:spouse_fscore_std": 0.11547005383792514,
    "label_per:cause_of_death_fscore_mean": 0.882051282051282,
    "label_per:cause_of_death_fscore_std": 0.0710584946694924,
    "label_org:members_fscore_mean": 0.3952380952380953,
    "label_org:members_fscore_std": 0.10722219284950191,
    "label_org:subsidiaries_fscore_mean": 0.6555555555555556,
    "label_org:subsidiaries_fscore_std": 0.1503083250940965,
    "label_per:country_of_birth_fscore_mean": 0.5222222222222223,
    "label_per:country_of_birth_fscore_std": 0.13471506281091264,
    "label_org:parents_fscore_mean": 0.4571428571428572,
    "label_org:parents_fscore_std": 0.09897433186107873,
    "label_org:alternate_names_fscore_mean": 0.7313131313131314,
    "label_org:alternate_names_fscore_std": 0.06675843087619528,
    "label_per:date_of_birth_fscore_mean": 0.9076923076923077,
    "label_per:date_of_birth_fscore_std": 0.10088366960464613,
    "label_per:city_of_death_fscore_mean": 0.8571428571428571,
    "label_per:city_of_death_fscore_std": 0.0,
    "label_per:cities_of_residence_fscore_mean": 0.32121212121212117,
    "label_per:cities_of_residence_fscore_std": 0.04960819861740877,
    "label_per:siblings_fscore_mean": 0.7301587301587301,
    "label_per:siblings_fscore_std": 0.10997147984564302,
    "label_per:date_of_death_fscore_mean": 0.7579365079365079,
    "label_per:date_of_death_fscore_std": 0.09548578901203146,
    "label_per:employee_of_fscore_mean": 0.5994152046783625,
    "label_per:employee_of_fscore_std": 0.08786537544629659,
    "label_per:stateorprovince_of_birth_fscore_mean": 0.2222222222222222,
    "label_per:stateorprovince_of_birth_fscore_std": 0.3849001794597505,
    "label_per:religion_fscore_mean": 0.7777777777777778,
    "label_per:religion_fscore_std": 0.1924500897298753,
    "label_org:website_fscore_mean": 1.0,
    "label_org:website_fscore_std": 0.0,
    "label_per:city_of_birth_fscore_mean": 0.4285714285714286,
    "label_per:city_of_birth_fscore_std": 0.12371791482634835,
    "label_per:age_fscore_mean": 0.9031746031746032,
    "label_per:age_fscore_std": 0.04769834667084667,
    "label_org:political/religious_affiliation_fscore_mean": 0.8825396825396825,
    "label_org:political/religious_affiliation_fscore_std": 0.043988591938257236,
    "label_per:charges_fscore_mean": 0.8222222222222222,
    "label_per:charges_fscore_std": 0.019245008972987393,
    "label_per:stateorprovinces_of_residence_fscore_mean": 0.3888888888888889,
    "label_per:stateorprovinces_of_residence_fscore_std": 0.0962250448649376,
    "label_per:schools_attended_fscore_mean": 0.8000000000000002,
    "label_per:schools_attended_fscore_std": 0.0,
    "label_per:alternate_names_fscore_mean": 0.2526455026455026,
    "label_per:alternate_names_fscore_std": 0.03182859633734382,
    "label_per:origin_fscore_mean": 0.5148148148148148,
    "label_per:origin_fscore_std": 0.07882887649552872,
    "label_per:other_family_fscore_mean": 0.12535612535612536,
    "label_per:other_family_fscore_std": 0.11381757467486142,
    "label_org:dissolved_fscore_mean": 0,
    "label_org:dissolved_fscore_std": 0.0,
    "label_org:stateorprovince_of_headquarters_fscore_mean": 0.5793650793650793,
    "label_org:stateorprovince_of_headquarters_fscore_std": 0.08361629962581531,
    "label_org:city_of_headquarters_fscore_mean": 0.4666666666666667,
    "label_org:city_of_headquarters_fscore_std": 0.17638342073763935,
    "label_org:member_of_fscore_mean": 0.7111111111111111,
    "label_org:member_of_fscore_std": 0.07698003589195015,
    "label_org:number_of_employees/members_fscore_mean": 0.8571428571428571,
    "label_org:number_of_employees/members_fscore_std": 0.0,
    "label_per:countries_of_residence_fscore_mean": 0.4743589743589744,
    "label_per:countries_of_residence_fscore_std": 0.02220577958421636,
    "label_per:parents_fscore_mean": 0.723942723942724,
    "label_per:parents_fscore_std": 0.1607036284446825,
    "label_org:country_of_headquarters_fscore_mean": 0.4632996632996633,
    "label_org:country_of_headquarters_fscore_std": 0.07453788068429201,
    "label_per:children_fscore_mean": 0.5484848484848485,
    "label_per:children_fscore_std": 0.05006882315714637,
    "label_per:stateorprovince_of_death_fscore_mean": 0.8,
    "label_per:stateorprovince_of_death_fscore_std": 0.0,
    "label_org:shareholders_fscore_mean": 0.16666666666666666,
    "label_org:shareholders_fscore_std": 0.2886751345948129,
    "label_org:founded_fscore_mean": 0.9090909090909091,
    "label_org:founded_fscore_std": 0.0,
    "loss_mean": 1.3519729808682488,
    "loss_std": 0.039449076751950155
}