{
    "model_count": 5,
    "accuracy_mean": 0.662780269058296,
    "accuracy_std": 0.026605196366262455,
    "macro_fscore_mean": 0.6353061262782626,
    "macro_fscore_std": 0.03770836111124804,
    "micro_fscore_mean": 0.6770645435580981,
    "micro_fscore_std": 0.030405781881932284,
    "label_org:top_members/employees_fscore_mean": 0.4933333333333333,
    "label_org:top_members/employees_fscore_std": 0.16055459438389721,
    "label_org:shareholders_fscore_mean": 0.18,
    "label_org:shareholders_fscore_std": 0.24899799195977465,
    "label_per:age_fscore_mean": 0.9237229437229437,
    "label_per:age_fscore_std": 0.054427137532444554,
    "label_org:dissolved_fscore_mean": 0,
    "label_org:dissolved_fscore_std": 0.0,
    "label_per:country_of_birth_fscore_mean": 0.5466666666666666,
    "label_per:country_of_birth_fscore_std": 0.11690451944500119,
    "label_per:origin_fscore_mean": 0.4777777777777778,
    "label_per:origin_fscore_std": 0.07698003589195007,
    "label_org:member_of_fscore_mean": 0.748095238095238,
    "label_org:member_of_fscore_std": 0.08344210588194433,
    "label_per:schools_attended_fscore_mean": 0.8177777777777779,
    "label_per:schools_attended_fscore_std": 0.03975231959999622,
    "label_org:stateorprovince_of_headquarters_fscore_mean": 0.6333333333333333,
    "label_org:stateorprovince_of_headquarters_fscore_std": 0.13842325574998693,
    "label_org:founded_by_fscore_mean": 0.8121212121212121,
    "label_org:founded_by_fscore_std": 0.107280145837186,
    "label_per:city_of_death_fscore_mean": 0.8571428571428571,
    "label_per:city_of_death_fscore_std": 0.0,
    "label_per:employee_of_fscore_mean": 0.681077694235589,
    "label_per:employee_of_fscore_std": 0.133413043616559,
    "label_per:stateorprovinces_of_residence_fscore_mean": 0.36333333333333334,
    "label_per:stateorprovinces_of_residence_fscore_std": 0.09309493362512627,
    "label_per:spouse_fscore_mean": 0.8914285714285715,
    "label_per:spouse_fscore_std": 0.10182016960688833,
    "label_org:alternate_names_fscore_mean": 0.7054545454545454,
    "label_org:alternate_names_fscore_std": 0.05900926761036657,
    "label_per:cities_of_residence_fscore_mean": 0.40606060606060607,
    "label_per:cities_of_residence_fscore_std": 0.15368148282552685,
    "label_org:number_of_employees/members_fscore_mean": 0.8857142857142857,
    "label_org:number_of_employees/members_fscore_std": 0.06388765649999402,
    "label_per:cause_of_death_fscore_mean": 0.8984615384615384,
    "label_per:cause_of_death_fscore_std": 0.05504167329230252,
    "label_per:children_fscore_mean": 0.5690909090909091,
    "label_per:children_fscore_std": 0.04527236217450447,
    "label_per:stateorprovince_of_death_fscore_mean": 0.8,
    "label_per:stateorprovince_of_death_fscore_std": 0.0,
    "label_per:religion_fscore_mean": 0.7999999999999999,
    "label_per:religion_fscore_std": 0.18257418583505539,
    "label_org:city_of_headquarters_fscore_mean": 0.42666666666666664,
    "label_org:city_of_headquarters_fscore_std": 0.13824294235551812,
    "label_org:country_of_headquarters_fscore_mean": 0.4793783993783994,
    "label_org:country_of_headquarters_fscore_std": 0.06436553627114724,
    "label_org:website_fscore_mean": 1.0,
    "label_org:website_fscore_std": 0.0,
    "label_per:stateorprovince_of_birth_fscore_mean": 0.39999999999999997,
    "label_per:stateorprovince_of_birth_fscore_std": 0.3651483716701107,
    "label_per:charges_fscore_mean": 0.8251515151515151,
    "label_per:charges_fscore_std": 0.058008738773607925,
    "label_org:parents_fscore_mean": 0.46857142857142864,
    "label_org:parents_fscore_std": 0.09389529557231423,
    "label_org:subsidiaries_fscore_mean": 0.7133333333333334,
    "label_org:subsidiaries_fscore_std": 0.13249737942901196,
    "label_per:title_fscore_mean": 0.647141382868937,
    "label_per:title_fscore_std": 0.04043027036955341,
    "label_org:political/religious_affiliation_fscore_mean": 0.8808058608058608,
    "label_org:political/religious_affiliation_fscore_std": 0.04449577065572901,
    "label_per:countries_of_residence_fscore_mean": 0.46263736263736266,
    "label_per:countries_of_residence_fscore_std": 0.025298603149937034,
    "label_per:alternate_names_fscore_mean": 0.2587301587301587,
    "label_per:alternate_names_fscore_std": 0.02711801517979347,
    "label_org:members_fscore_mean": 0.48714285714285716,
    "label_org:members_fscore_std": 0.17145833075028302,
    "label_per:city_of_birth_fscore_mean": 0.49047619047619045,
    "label_per:city_of_birth_fscore_std": 0.13531687846078877,
    "label_per:date_of_death_fscore_mean": 0.7976190476190476,
    "label_per:date_of_death_fscore_std": 0.08666797487238713,
    "label_per:parents_fscore_mean": 0.7215451215451215,
    "label_per:parents_fscore_std": 0.11932531551120076,
    "label_per:date_of_birth_fscore_mean": 0.9292307692307692,
    "label_per:date_of_birth_fscore_std": 0.08184268355858698,
    "label_per:siblings_fscore_mean": 0.8095238095238094,
    "label_per:siblings_fscore_std": 0.14285714285714288,
    "label_org:founded_fscore_mean": 0.9090909090909091,
    "label_org:founded_fscore_std": 0.0,
    "label_per:other_family_fscore_mean": 0.2146076146076146,
    "label_per:other_family_fscore_std": 0.14672400104837463,
    "loss_mean": 1.3318876483610698,
    "loss_std": 0.039536945740049886
}