{
    "model_count": 5,
    "UAS_mean": 0.8473311289560699,
    "UAS_std": 0.0012298335579989555,
    "LAS_mean": 0.7729291020741186,
    "LAS_std": 0.001980106337309412,
    "UEM_mean": 0.1848,
    "UEM_std": 0.0023874672772626667,
    "LEM_mean": 0.06999999999999999,
    "LEM_std": 0.002449489742783173,
    "LOAS_mean": 0.8522609181088161,
    "LOAS_std": 0.0016940768804186656,
    "LOEM_mean": 0.1184,
    "LOEM_std": 0.0030495901363953772,
    "loss_mean": 4.745249937971433,
    "loss_std": 0.791115223037594
}