{
  "UAS": 0.8477691415811397,
  "LAS": 0.7709451625370378,
  "UEM": 0.188,
  "LEM": 0.067,
  "LOAS": 0.8500450895349336,
  "LOEM": 0.115,
  "loss": 4.887753777205944
}