{
  "UAS": 0.8488427019367029,
  "LAS": 0.7754970584446258,
  "UEM": 0.186,
  "LEM": 0.071,
  "LOAS": 0.8535234250869584,
  "LOEM": 0.116,
  "loss": 4.70236100256443
}