{
  "UAS": 0.8456220208700133,
  "LAS": 0.7709022201228153,
  "UEM": 0.183,
  "LEM": 0.068,
  "LOAS": 0.8508180529909392,
  "LOEM": 0.118,
  "loss": 5.994770206511021
}