{
  "UAS": 0.8477691415811397,
  "LAS": 0.7736075922188346,
  "UEM": 0.182,
  "LEM": 0.071,
  "LOAS": 0.8535663675011809,
  "LOEM": 0.122,
  "loss": 4.000245779752731
}