{
  "UAS": 0.846652638811354,
  "LAS": 0.7736934770472796,
  "UEM": 0.185,
  "LEM": 0.073,
  "LOAS": 0.8533516554300683,
  "LOEM": 0.121,
  "loss": 4.141118923823039
}