{
  "accuracy": 0.7823691460055097,
  "macro_fscore": 0.8056209468072298,
  "micro_fscore": 0.7824858757062148,
  "loss": 1.1544259099856666
}