{
  "accuracy": 0.7658402203856749,
  "macro_fscore": 0.8080198354213898,
  "micro_fscore": 0.764456981664316,
  "loss": 0.9209678775590399
}