{
  "accuracy": 0.7630853994490359,
  "macro_fscore": 0.826775292903682,
  "micro_fscore": 0.76056338028169,
  "loss": 1.15829030132812
}