{
  "accuracy": 0.7575757575757576,
  "macro_fscore": 0.7372289336841426,
  "micro_fscore": 0.7556179775280899,
  "loss": 1.056415486594905
}