{
  "UAS": 0.7627275532243135,
  "LAS": 0.6234701223902088,
  "UEM": 0.104,
  "LEM": 0.016,
  "LOAS": 0.7359868353388872,
  "LOEM": 0.026,
  "loss": 6.584366351366043
}