{
  "UAS": 0.759642085775995,
  "LAS": 0.6137508999280058,
  "UEM": 0.095,
  "LEM": 0.014,
  "LOAS": 0.7297644759847783,
  "LOEM": 0.023,
  "loss": 6.343213066458702
}