{
  "UAS": 0.7371695978607425,
  "LAS": 0.5901984984058418,
  "UEM": 0.086,
  "LEM": 0.011,
  "LOAS": 0.7135143474236347,
  "LOEM": 0.017,
  "loss": 6.8350290805101395
}