{
  "accuracy": 0.7575757575757576,
  "macro_fscore": 0.793570925000499,
  "micro_fscore": 0.7613636363636362,
  "loss": 0.8837184368268304
}