{
  "accuracy": 0.7548209366391184,
  "macro_fscore": 0.8252497384648195,
  "micro_fscore": 0.7510548523206751,
  "loss": 1.224198191062264
}