{
  "accuracy": 0.7520661157024794,
  "macro_fscore": 0.826122322142499,
  "micro_fscore": 0.7492957746478873,
  "loss": 1.0757329178893047
}