{
    "model_count": 5,
    "em_accuracy_mean": 0.7973552211582308,
    "em_accuracy_std": 0.004840332006947227,
    "loss_mean": 0.0,
    "loss_std": 0.0
}