{"model_count": 10, "em_accuracy_mean": 0.5885272317112472, "em_accuracy_std": 0.011647141985200442, "loss_mean": 1.582026279832899, "loss_std": 0.02018121851300513}