{
  "em_accuracy": 0.5829842088301643,
  "loss": 1.588931201659527
}