{
  "em_accuracy": 0.5862068965517241,
  "loss": 1.593062776880166
}