{
  "em_accuracy": 0.5839510151466323,
  "loss": 1.5991361239521773
}