{
  "em_accuracy": 0.6032871414759909,
  "loss": 1.5730380366757972
}