{
  "em_accuracy": 0.573960683209797,
  "loss": 1.5935935525550056
}