{
    "model_count": 4,
    "em_accuracy_mean": 0.35574127906976744,
    "em_accuracy_std": 0.013715391282802776,
    "loss_mean": 0.0,
    "loss_std": 0.0
}