{
  "UAS": 0.7075978854941314,
  "LAS": 0.5185019263506854,
  "UEM": 0.054,
  "LEM": 0.004,
  "LOAS": 0.6068004659080728,
  "LOEM": 0.004,
  "loss": 8.721233412623405
}