{
  "UAS": 0.7101962189767942,
  "LAS": 0.5139772421826001,
  "UEM": 0.053,
  "LEM": 0.004,
  "LOAS": 0.604336528984858,
  "LOEM": 0.005,
  "loss": 6.40118870139122
}