{
  "UAS": 0.6768658722336708,
  "LAS": 0.4984768389929218,
  "UEM": 0.043,
  "LEM": 0.006,
  "LOAS": 0.6059940865513843,
  "LOEM": 0.008,
  "loss": 5.865587845444679
}