{
  "UAS": 0.6920526834513037,
  "LAS": 0.5135292536511066,
  "UEM": 0.052,
  "LEM": 0.004,
  "LOAS": 0.6114595466356061,
  "LOEM": 0.004,
  "loss": 6.565195724368095
}