{
    "model_count": 5,
    "UAS_mean": 0.701675477107786,
    "UAS_std": 0.01743102594131534,
    "LAS_mean": 0.5152136905295224,
    "LAS_std": 0.011866564238816426,
    "UEM_mean": 0.0514,
    "UEM_std": 0.00482700735445887,
    "LEM_mean": 0.0042,
    "LEM_std": 0.0010954451150103322,
    "LOAS_mean": 0.6101066212704955,
    "LOAS_std": 0.007124876983112305,
    "LOEM_mean": 0.0048000000000000004,
    "LOEM_std": 0.0019235384061671345,
    "loss_mean": 6.660191470384598,
    "loss_std": 1.2029070857036144
}