{
    "model_count": 5,
    "em_accuracy_mean": 0.4706413148565904,
    "em_accuracy_std": 0.006872716861136358,
    "loss_mean": 0.0,
    "loss_std": 0.0
}