{
    "model_count": 4,
    "em_accuracy_mean": 0.5539850136239781,
    "em_accuracy_std": 0.006560408816164247,
    "loss_mean": 0.0,
    "loss_std": 0.0
}