{"model_count": 3, "accuracy_mean": 0.9228070175438596, "accuracy_std": 0.016079212964757325, "macro_fscore_mean": 0.45648426184739704, "macro_fscore_std": 0.020968490693759563, "micro_fscore_mean": 0.9298933144875733, "micro_fscore_std": 0.011999964423466016, "loss_mean": 0.5175061513733049, "loss_std": 0.11753108967393178}