{
  "accuracy": 0.9368421052631579,
  "macro_fscore": 0.47257156545694096,
  "micro_fscore": 0.9405405405405404,
  "loss": 0.46991311845340533
}