{
  "UAS": 0.6479739507959479,
  "LAS": 0.477990834539315,
  "UEM": 0.077,
  "LEM": 0.012,
  "LOAS": 0.5866497829232996,
  "LOEM": 0.013,
  "loss": 9.078493133187294
}