{
  "UAS": 0.6474915581283165,
  "LAS": 0.4734684032802701,
  "UEM": 0.077,
  "LEM": 0.014,
  "LOAS": 0.5817655571635311,
  "LOEM": 0.019,
  "loss": 10.005271211266518
}