{
  "accuracy": 0.64,
  "macro_fscore": 0.6349139759256363,
  "micro_fscore": 0.6745562130177515,
  "label_org:members_fscore": 0.5833333333333334,
  "label_per:date_of_birth_fscore": 1.0,
  "label_per:alternate_names_fscore": 0.6666666666666666,
  "label_per:countries_of_residence_fscore": 0.4210526315789474,
  "label_per:city_of_death_fscore": 1.0,
  "label_org:shareholders_fscore": 0.6666666666666667,
  "label_org:subsidiaries_fscore": 0.36363636363636365,
  "label_per:country_of_birth_fscore": 0.5454545454545454,
  "label_org:country_of_headquarters_fscore": 0.33333333333333337,
  "label_org:political/religious_affiliation_fscore": 0.33333333333333337,
  "label_per:children_fscore": 0.7142857142857143,
  "label_per:religion_fscore": 0.4444444444444444,
  "label_per:cause_of_death_fscore": 0.9565217391304348,
  "label_org:stateorprovince_of_headquarters_fscore": 0.5555555555555556,
  "label_org:parents_fscore": 0.5,
  "label_per:age_fscore": 0.962962962962963,
  "label_per:charges_fscore": 0.8750000000000001,
  "label_per:schools_attended_fscore": 0.888888888888889,
  "label_org:alternate_names_fscore": 0.7368421052631579,
  "label_per:parents_fscore": 0.7857142857142856,
  "label_per:date_of_death_fscore": 0.7000000000000001,
  "label_per:other_family_fscore": 0.14285714285714285,
  "label_per:city_of_birth_fscore": 0.9473684210526316,
  "label_per:siblings_fscore": 0.7368421052631577,
  "label_org:dissolved_fscore": 0,
  "label_org:member_of_fscore": 0.16666666666666669,
  "label_org:city_of_headquarters_fscore": 0.6666666666666666,
  "label_org:founded_by_fscore": 0.5714285714285715,
  "label_per:stateorprovince_of_death_fscore": 1.0,
  "label_org:website_fscore": 0.923076923076923,
  "label_per:stateorprovince_of_birth_fscore": 0.6666666666666666,
  "label_per:origin_fscore": 0.4210526315789474,
  "label_per:spouse_fscore": 0.8235294117647058,
  "label_org:top_members/employees_fscore": 0.7826086956521738,
  "label_per:stateorprovinces_of_residence_fscore": 0.46153846153846156,
  "label_org:founded_fscore": 0.5333333333333333,
  "label_per:title_fscore": 0.7692307692307692,
  "label_per:cities_of_residence_fscore": 0.6,
  "label_per:employee_of_fscore": 0.4000000000000001,
  "label_org:number_of_employees/members_fscore": 0.7499999999999999,
  "loss": 1.7319540344178677
}