{
    "model_count": 5,
    "accuracy_mean": 0.624,
    "accuracy_std": 0.027964262908219153,
    "macro_fscore_mean": 0.6165016683717115,
    "macro_fscore_std": 0.03120947879806237,
    "micro_fscore_mean": 0.6600695340132842,
    "micro_fscore_std": 0.025426765449730798,
    "label_org:members_fscore_mean": 0.3842690058479532,
    "label_org:members_fscore_std": 0.15088914907974635,
    "label_per:date_of_birth_fscore_mean": 1.0,
    "label_per:date_of_birth_fscore_std": 0.0,
    "label_per:alternate_names_fscore_mean": 0.580952380952381,
    "label_per:alternate_names_fscore_std": 0.09759000729485333,
    "label_per:countries_of_residence_fscore_mean": 0.5145516634395353,
    "label_per:countries_of_residence_fscore_std": 0.08942290037585884,
    "label_per:city_of_death_fscore_mean": 0.918954248366013,
    "label_per:city_of_death_fscore_std": 0.06626819270921083,
    "label_org:shareholders_fscore_mean": 0.44891774891774894,
    "label_org:shareholders_fscore_std": 0.2868990260391624,
    "label_org:subsidiaries_fscore_mean": 0.4647907647907648,
    "label_org:subsidiaries_fscore_std": 0.17495492456878903,
    "label_per:country_of_birth_fscore_mean": 0.5890909090909091,
    "label_per:country_of_birth_fscore_std": 0.02439346884545226,
    "label_org:country_of_headquarters_fscore_mean": 0.5008241758241758,
    "label_org:country_of_headquarters_fscore_std": 0.16827169144247522,
    "label_org:political/religious_affiliation_fscore_mean": 0.4461152882205514,
    "label_org:political/religious_affiliation_fscore_std": 0.1198692134693546,
    "label_per:children_fscore_mean": 0.6632034632034632,
    "label_per:children_fscore_std": 0.1820602387907034,
    "label_per:religion_fscore_mean": 0.42317460317460315,
    "label_per:religion_fscore_std": 0.1373066335433812,
    "label_per:cause_of_death_fscore_mean": 0.9565217391304348,
    "label_per:cause_of_death_fscore_std": 0.0,
    "label_org:stateorprovince_of_headquarters_fscore_mean": 0.4749363605091159,
    "label_org:stateorprovince_of_headquarters_fscore_std": 0.12148449130106043,
    "label_org:parents_fscore_mean": 0.44684491978609625,
    "label_org:parents_fscore_std": 0.06191280251833124,
    "label_per:age_fscore_mean": 0.9698005698005698,
    "label_per:age_fscore_std": 0.032018026432105544,
    "label_per:charges_fscore_mean": 0.827857142857143,
    "label_per:charges_fscore_std": 0.07131240553840176,
    "label_per:schools_attended_fscore_mean": 0.854017094017094,
    "label_per:schools_attended_fscore_std": 0.03699186375113588,
    "label_org:alternate_names_fscore_mean": 0.7288250036856848,
    "label_org:alternate_names_fscore_std": 0.09775014464349584,
    "label_per:parents_fscore_mean": 0.791429987082161,
    "label_per:parents_fscore_std": 0.05765080187095094,
    "label_per:date_of_death_fscore_mean": 0.6610084033613446,
    "label_per:date_of_death_fscore_std": 0.07470657028899141,
    "label_per:other_family_fscore_mean": 0.18349206349206348,
    "label_per:other_family_fscore_std": 0.11639153391049017,
    "label_per:city_of_birth_fscore_mean": 0.9145029239766083,
    "label_per:city_of_birth_fscore_std": 0.03034293240167021,
    "label_per:siblings_fscore_mean": 0.7356118343599835,
    "label_per:siblings_fscore_std": 0.035183145532160454,
    "label_org:dissolved_fscore_mean": 0,
    "label_org:dissolved_fscore_std": 0.0,
    "label_org:member_of_fscore_mean": 0.06666666666666668,
    "label_org:member_of_fscore_std": 0.09128709291752769,
    "label_org:city_of_headquarters_fscore_mean": 0.6509649122807017,
    "label_org:city_of_headquarters_fscore_std": 0.03192488394396033,
    "label_org:founded_by_fscore_mean": 0.6070135746606334,
    "label_org:founded_by_fscore_std": 0.17435246344837171,
    "label_per:stateorprovince_of_death_fscore_mean": 0.8044444444444444,
    "label_per:stateorprovince_of_death_fscore_std": 0.14435894905699312,
    "label_org:website_fscore_mean": 0.9692307692307692,
    "label_org:website_fscore_std": 0.04213250442347435,
    "label_per:stateorprovince_of_birth_fscore_mean": 0.7733333333333333,
    "label_per:stateorprovince_of_birth_fscore_std": 0.059628479399994425,
    "label_per:origin_fscore_mean": 0.3055679923791379,
    "label_per:origin_fscore_std": 0.10109978245574022,
    "label_per:spouse_fscore_mean": 0.8366013071895425,
    "label_per:spouse_fscore_std": 0.02922964676470318,
    "label_org:top_members/employees_fscore_mean": 0.7547430830039525,
    "label_org:top_members/employees_fscore_std": 0.04761779684844894,
    "label_per:stateorprovinces_of_residence_fscore_mean": 0.345034965034965,
    "label_per:stateorprovinces_of_residence_fscore_std": 0.14142446831663352,
    "label_org:founded_fscore_mean": 0.6228431372549019,
    "label_org:founded_fscore_std": 0.06107673966120991,
    "label_per:title_fscore_mean": 0.7450256410256411,
    "label_per:title_fscore_std": 0.05234588851769954,
    "label_per:cities_of_residence_fscore_mean": 0.5408187134502924,
    "label_per:cities_of_residence_fscore_std": 0.06434130633025603,
    "label_per:employee_of_fscore_mean": 0.44141923436041086,
    "label_per:employee_of_fscore_std": 0.07239695563783272,
    "label_org:number_of_employees/members_fscore_mean": 0.7166666666666666,
    "label_org:number_of_employees/members_fscore_std": 0.045643546458763805,
    "loss_mean": 1.7051302885636688,
    "loss_std": 0.141481140714333
}