{
  "accuracy": 0.8278260869565217,
  "macro_fscore": 0.8331806816861417,
  "micro_fscore": 0.8339449541284405,
  "label_has-type_fscore": 0.6837606837606838,
  "label_is-member-of_fscore": 0.9411764705882353,
  "label_has-tourist-attraction_fscore": 0.9690721649484536,
  "label_has-highest-mountain_fscore": 0.9803921568627451,
  "label_has-nationality_fscore": 0.564885496183206,
  "label_has-spouse_fscore": 0.8648648648648649,
  "label_has-sibling_fscore": 0.9292929292929293,
  "label_has-child_fscore": 0.9148936170212766,
  "label_has-occupation_fscore": 0.9306930693069307,
  "label_invented-when_fscore": 0.9803921568627451,
  "label_org-has-member_fscore": 0.9504950495049505,
  "label_invented-by_fscore": 0.9591836734693877,
  "label_has-genre_fscore": 0.5555555555555556,
  "label_from-country_fscore": 0.23076923076923075,
  "label_first-product_fscore": 0.8842105263157894,
  "label_has-parent_fscore": 0.8936170212765958,
  "label_org-has-founder_fscore": 0.8372093023255813,
  "label_movie-has-director_fscore": 1.0,
  "label_is-where_fscore": 0.8659793814432989,
  "label_won-award_fscore": 0.8440366972477064,
  "label_birth-place_fscore": 0.6,
  "label_headquarters_fscore": 0.9494949494949495,
  "loss": 0.7169388442610701
}