{
  "accuracy": 0.8434782608695652,
  "macro_fscore": 0.8483354879387464,
  "micro_fscore": 0.8465753424657534,
  "label_has-type_fscore": 0.7184466019417476,
  "label_is-member-of_fscore": 0.9615384615384615,
  "label_has-tourist-attraction_fscore": 0.9514563106796116,
  "label_has-highest-mountain_fscore": 0.98,
  "label_has-spouse_fscore": 0.888888888888889,
  "label_has-nationality_fscore": 0.5394736842105263,
  "label_has-sibling_fscore": 0.8791208791208791,
  "label_has-child_fscore": 0.8737864077669903,
  "label_has-occupation_fscore": 0.9494949494949495,
  "label_invented-when_fscore": 0.99009900990099,
  "label_org-has-member_fscore": 0.9423076923076924,
  "label_invented-by_fscore": 0.98989898989899,
  "label_has-genre_fscore": 0.7441860465116279,
  "label_from-country_fscore": 0.24324324324324328,
  "label_first-product_fscore": 0.9052631578947369,
  "label_has-parent_fscore": 0.9292929292929293,
  "label_org-has-founder_fscore": 0.8636363636363636,
  "label_movie-has-director_fscore": 0.9795918367346939,
  "label_is-where_fscore": 0.8958333333333334,
  "label_won-award_fscore": 0.9591836734693877,
  "label_birth-place_fscore": 0.547945205479452,
  "label_headquarters_fscore": 0.9306930693069307,
  "loss": 0.665031485673454
}