{
  "accuracy": 0.8426086956521739,
  "macro_fscore": 0.8471699093387834,
  "micro_fscore": 0.8439201451905627,
  "label_has-type_fscore": 0.7017543859649122,
  "label_has-sibling_fscore": 0.9166666666666666,
  "label_has-tourist-attraction_fscore": 0.9795918367346939,
  "label_has-highest-mountain_fscore": 0.9803921568627451,
  "label_has-nationality_fscore": 0.5142857142857142,
  "label_is-member-of_fscore": 0.9320388349514563,
  "label_has-spouse_fscore": 0.8932038834951457,
  "label_has-child_fscore": 0.9108910891089109,
  "label_has-occupation_fscore": 0.9278350515463918,
  "label_invented-when_fscore": 0.970873786407767,
  "label_invented-by_fscore": 0.98989898989899,
  "label_org-has-member_fscore": 0.9423076923076924,
  "label_has-genre_fscore": 0.6329113924050632,
  "label_from-country_fscore": 0.3132530120481928,
  "label_first-product_fscore": 0.912621359223301,
  "label_has-parent_fscore": 0.9263157894736842,
  "label_org-has-founder_fscore": 0.9130434782608696,
  "label_movie-has-director_fscore": 0.98989898989899,
  "label_is-where_fscore": 0.8865979381443299,
  "label_won-award_fscore": 0.9583333333333334,
  "label_birth-place_fscore": 0.5411764705882354,
  "label_headquarters_fscore": 0.9038461538461539,
  "loss": 0.7973524689312197
}