{
  "em_accuracy": 0.6013535288430552,
  "loss": 1.4741264630838768
}