{
  "em_accuracy": 0.5981308411214953,
  "loss": 1.4884467948343336
}