{
  "em_accuracy": 0.5916854656783758,
  "loss": 1.4873271596800421
}