{
  "em_accuracy": 0.5955526909442475,
  "loss": 1.4945672308046793
}