{
    "model_count": 5,
    "em_accuracy_mean": 0.6328337874659401,
    "em_accuracy_std": 0.008845755390477222,
    "loss_mean": 0.0,
    "loss_std": 0.0
}