{
    "model_count": 5,
    "UAS_mean": 0.8484304547601667,
    "UAS_std": 0.0014443596600514051,
    "LAS_mean": 0.7712114055052175,
    "LAS_std": 0.0016504641915150845,
    "UEM_mean": 0.193,
    "UEM_std": 0.0035355339059327407,
    "LEM_mean": 0.0694,
    "LEM_std": 0.0031304951684997034,
    "LOAS_mean": 0.8503886288487139,
    "LOAS_std": 0.0013007369975403663,
    "LOEM_mean": 0.109,
    "LOEM_std": 0.002549509756796395,
    "loss_mean": 4.880946793111544,
    "loss_std": 0.3321442848491688
}