{
  "UAS": 0.8482415081375875,
  "LAS": 0.7711598746081505,
  "UEM": 0.198,
  "LEM": 0.07,
  "LOAS": 0.8510757074762744,
  "LOEM": 0.112,
  "loss": 4.854228436946869
}