{
  "UAS": 0.8496156653927084,
  "LAS": 0.7738652467041697,
  "UEM": 0.188,
  "LEM": 0.064,
  "LOAS": 0.8521922102460601,
  "LOEM": 0.109,
  "loss": 4.5087562426924706
}