{
  "UAS": 0.8468244084682441,
  "LAS": 0.7708592777085927,
  "UEM": 0.193,
  "LEM": 0.072,
  "LOAS": 0.8503456864344914,
  "LOEM": 0.111,
  "loss": 5.1570514686523925
}