{
    "model_count": 5,
    "em_accuracy_mean": 0.2390524048815506,
    "em_accuracy_std": 0.011907316881118714,
    "loss_mean": 0.0,
    "loss_std": 0.0
}