{
  "UAS": 0.43377929424441053,
  "LAS": 0.29693813414743647,
  "UEM": 0.03003003003003003,
  "LEM": 0.005005005005005005,
  "loss": 2.598591501750643
}