{
  "UAS": 0.4363383316871689,
  "LAS": 0.3001706024961839,
  "UEM": 0.03003003003003003,
  "LEM": 0.004004004004004004,
  "loss": 2.5435477022140747
}