{
  "UAS": 0.4275837299093113,
  "LAS": 0.2943342013109455,
  "UEM": 0.02702702702702703,
  "LEM": 0.004004004004004004,
  "loss": 2.5907455266468107
}