{"model_count": 10, "em_accuracy_mean": 0.5955040871934605, "em_accuracy_std": 0.01165162144636598, "loss_mean": 1.4596181285770045, "loss_std": 0.021051792195562677}