{
  "em_accuracy": 0.5980926430517711,
  "loss": 1.4302166865571686
}