{
  "em_accuracy": 0.6069482288828338,
  "loss": 1.4452616944909096
}