{
  "accuracy": 0.9301038062283737,
  "macro_fscore": 0.5962455431890633,
  "micro_fscore": 0.9360955056179775,
  "loss": 0.3921212279541638
}