{
  "accuracy": 0.9273356401384083,
  "macro_fscore": 0.5918485596496069,
  "micro_fscore": 0.9287211740041929,
  "loss": 0.3254151548857668
}