{
  "accuracy": 0.937007874015748,
  "macro_fscore": 0.5312629399585921,
  "micro_fscore": 0.9392712550607287,
  "loss": 0.24631350790150464
}