{
  "accuracy": 0.905511811023622,
  "macro_fscore": 0.45000000000000007,
  "micro_fscore": 0.9076305220883534,
  "loss": 0.25896427332190797
}