{
  "accuracy": 0.9133858267716536,
  "macro_fscore": 0.4030429490523388,
  "micro_fscore": 0.9156626506024096,
  "loss": 0.39271878206636757
}