{
  "accuracy": 0.7410468319559229,
  "macro_fscore": 0.7779453712875284,
  "micro_fscore": 0.7369901547116737,
  "loss": 1.0765999063201572
}