{
  "accuracy": 0.7272727272727273,
  "macro_fscore": 0.7398764070475562,
  "micro_fscore": 0.7229254571026722,
  "loss": 1.421263566483622
}