{
  "accuracy": 0.7658402203856749,
  "macro_fscore": 0.7812775076850768,
  "micro_fscore": 0.7640449438202248,
  "loss": 0.9411860574846682
}