{
  "UAS": 0.5192768742305449,
  "LAS": 0.368431283613037,
  "UEM": 0.03117782909930716,
  "LEM": 0.003464203233256351,
  "LOAS": 0.5604872675435755,
  "LOEM": 0.005773672055427252,
  "loss": 11.472660200936454
}