{
  "UAS": 0.5289963066156936,
  "LAS": 0.37860428950949265,
  "UEM": 0.03464203233256351,
  "LEM": 0.003464203233256351,
  "LOAS": 0.5748072312576945,
  "LOEM": 0.005773672055427252,
  "loss": 10.448997872216362
}