{
  "UAS": 0.5048273180846239,
  "LAS": 0.3467893475021059,
  "UEM": 0.03117782909930716,
  "LEM": 0.003464203233256351,
  "LOAS": 0.5377437957623274,
  "LOEM": 0.004618937644341801,
  "loss": 11.178763536973433
}