{
  "accuracy": 0.9281767955801105,
  "macro_fscore": 0.37294690603514136,
  "micro_fscore": 0.9314285714285714,
  "loss": 0.3286252565837155
}