{
  "accuracy": 0.9116022099447514,
  "macro_fscore": 0.3781835205992509,
  "micro_fscore": 0.9147727272727273,
  "loss": 0.2796730222180486
}