{
  "accuracy": 0.9392265193370166,
  "macro_fscore": 0.3450416574504166,
  "micro_fscore": 0.9401709401709402,
  "loss": 0.273898392294844
}