{
  "accuracy": 0.9226519337016574,
  "macro_fscore": 0.31285194066968647,
  "micro_fscore": 0.9257142857142857,
  "loss": 0.42611485719680786
}