{
  "accuracy": 0.8868778280542986,
  "macro_fscore": 0.7056600075060822,
  "micro_fscore": 0.8809523809523809,
  "loss": 0.596092915794413
}