{
  "accuracy": 0.8823529411764706,
  "macro_fscore": 0.7042504736286809,
  "micro_fscore": 0.8782816229116945,
  "loss": 0.5151771347570632
}