{
  "UAS": 0.8332928900752244,
  "LAS": 0.7652673299360997,
  "UEM": 0.128,
  "LEM": 0.046,
  "LOAS": 0.8598236673946453,
  "LOEM": 0.109,
  "loss": 4.138580404222012
}