{
  "UAS": 0.8374989889185472,
  "LAS": 0.7656313192590795,
  "UEM": 0.137,
  "LEM": 0.045,
  "LOAS": 0.8585294831351614,
  "LOEM": 0.094,
  "loss": 4.899678640067577
}