{
  "UAS": 0.834708404109035,
  "LAS": 0.7638922591603979,
  "UEM": 0.138,
  "LEM": 0.046,
  "LOAS": 0.8580846072959638,
  "LOEM": 0.098,
  "loss": 5.3750506192445755
}