{
  "UAS": 0.04622664401844213,
  "LAS": 0.005257623554153523,
  "UEM": 0.0,
  "LEM": 0.0,
  "LOAS": 0.09293860713419073,
  "LOEM": 0.0,
  "loss": 5.996483469766284
}