{"model_count": 10, "em_accuracy_mean": 0.5294618528610354, "em_accuracy_std": 0.012531149292157031, "loss_mean": 1.5443739471228226, "loss_std": 0.02181543372342239}