{
  "em_accuracy": 0.5088555858310627,
  "loss": 1.5833632450388826
}