{
  "em_accuracy": 0.526566757493188,
  "loss": 1.5188713268093441
}