{
  "em_accuracy": 0.5289509536784741,
  "loss": 1.5501948922224666
}