{
  "em_accuracy": 0.534741144414169,
  "loss": 1.5390328794069912
}