{
  "em_accuracy": 0.5074931880108992,
  "loss": 1.5660855705323427
}