{
  "em_accuracy": 0.5418937329700273,
  "loss": 1.5150459761852804
}