{
    "model_count": 5,
    "UAS_mean": 0.3323429434722397,
    "UAS_std": 0.005560301105620968,
    "LAS_mean": 0.22465902891434808,
    "LAS_std": 0.005731318685077149,
    "UEM_mean": 0.0048000000000000004,
    "UEM_std": 0.0017888543819998318,
    "LEM_mean": 0.0022,
    "LEM_std": 0.0010954451150103322,
    "loss_mean": 3.0594547551775735,
    "loss_std": 0.044946946888529724
}