{
  "UAS": 0.3385370766712829,
  "LAS": 0.22930043224642244,
  "UEM": 0.007,
  "LEM": 0.003,
  "loss": 3.0699093266138955
}