{
  "UAS": 0.3367325527718326,
  "LAS": 0.22888077552562006,
  "UEM": 0.006,
  "LEM": 0.003,
  "loss": 3.0468708295670766
}