{
  "UAS": 0.33291367661253096,
  "LAS": 0.22825129044441647,
  "UEM": 0.005,
  "LEM": 0.003,
  "loss": 2.989114106647552
}