{
  "UAS": 0.02941478967396894,
  "LAS": 0.006119510439164867,
  "UEM": 0.0,
  "LEM": 0.0,
  "LOAS": 0.11827625218553944,
  "LOEM": 0.0,
  "loss": 5.733268246054649
}