{
  "UAS": 0.689601974699167,
  "LAS": 0.5751825568240255,
  "UEM": 0.05,
  "LEM": 0.016,
  "LOAS": 0.7289416846652268,
  "LOEM": 0.028,
  "loss": 8.252835512161255
}