{
  "UAS": 0.6858479893037128,
  "LAS": 0.5660804278514862,
  "UEM": 0.042,
  "LEM": 0.006,
  "LOAS": 0.7234392677157256,
  "LOEM": 0.016,
  "loss": 6.877676248550415
}