{
  "UAS": 0.7238506633755014,
  "LAS": 0.5944667283760157,
  "UEM": 0.08,
  "LEM": 0.014,
  "LOAS": 0.7295073536974185,
  "LOEM": 0.022,
  "loss": 8.11070816218853
}