{
  "UAS": 0.6948986938187802,
  "LAS": 0.583924714594261,
  "UEM": 0.044,
  "LEM": 0.015,
  "LOAS": 0.738249511467654,
  "LOEM": 0.034,
  "loss": 7.219077005982399
}