{
  "accuracy": 0.8783382789317508,
  "macro_fscore": 0.63186259694565,
  "micro_fscore": 0.880952380952381,
  "loss": 0.4615110190564089
}