{
  "accuracy": 0.8605341246290801,
  "macro_fscore": 0.569454300787918,
  "micro_fscore": 0.8656716417910448,
  "loss": 0.5653975756669586
}