{
  "accuracy": 0.8783382789317508,
  "macro_fscore": 0.5981212567336969,
  "micro_fscore": 0.8835820895522388,
  "loss": 0.6538374297405508
}