{
    "model_count": 5,
    "UAS_mean": 0.5551423541031477,
    "UAS_std": 0.0034849032519960734,
    "LAS_mean": 0.48862455447245245,
    "LAS_std": 0.0036074950718793133,
    "UEM_mean": 0.004,
    "UEM_std": 0.0017320508075688774,
    "LEM_mean": 0.0034000000000000002,
    "LEM_std": 0.0008944271909999159,
    "loss_mean": 1.8253572993808322,
    "loss_std": 0.01023835643022564
}