{
  "UAS": 0.5556318976252845,
  "LAS": 0.4903594280070426,
  "UEM": 0.004,
  "LEM": 0.003,
  "loss": 1.8123857993928214
}