{
  "UAS": 0.554858934169279,
  "LAS": 0.48825524971013873,
  "UEM": 0.003,
  "LEM": 0.003,
  "loss": 1.8397085382824852
}