{"model_count": 10, "em_accuracy_mean": 0.8169402644778841, "em_accuracy_std": 0.00689415447514076, "loss_mean": 1.1704291894219139, "loss_std": 0.006626415455340512}