{
  "em_accuracy": 0.8221614227086184,
  "loss": 1.156610944704576
}