{
  "em_accuracy": 0.8185134518923849,
  "loss": 1.1704419842633333
}