{
  "em_accuracy": 0.8176014591883265,
  "loss": 1.1742393773252313
}