{
  "em_accuracy": 0.8169174646602827,
  "loss": 1.1783850277553904
}