{
  "em_accuracy": 0.8207934336525308,
  "loss": 1.1724692437865518
}