{
  "UAS": 0.8626881065116497,
  "LAS": 0.8028690638038536,
  "UEM": 0.151,
  "LEM": 0.081,
  "LOAS": 0.898551404059819,
  "LOEM": 0.209,
  "loss": 3.892855066806078
}