{
  "UAS": 0.861516103323801,
  "LAS": 0.7992124138577656,
  "UEM": 0.153,
  "LEM": 0.073,
  "LOAS": 0.8946134733486475,
  "LOEM": 0.184,
  "loss": 2.8758962154388428
}