{
  "UAS": 0.8621724251089963,
  "LAS": 0.8045098682668417,
  "UEM": 0.155,
  "LEM": 0.084,
  "LOAS": 0.9027706155360743,
  "LOEM": 0.218,
  "loss": 3.007658887654543
}