{"model_count": 5, "accuracy_mean": 0.8072, "accuracy_std": 0.025518620652378504, "loss_mean": 1.313949326518923, "loss_std": 0.4200100484876657}