{
    "model_count": 5,
    "UAS_mean": 0.2644235407621804,
    "UAS_std": 0.004688500938879434,
    "LAS_mean": 0.11862035697057405,
    "LAS_std": 0.00474841403636419,
    "UEM_mean": 0.0126,
    "UEM_std": 0.0019493588689617925,
    "LEM_mean": 0.0046,
    "LEM_std": 0.0013416407864998738,
    "loss_mean": 3.2331638264277625,
    "loss_std": 0.029276039494026584
}