{
  "UAS": 0.26772793053545585,
  "LAS": 0.1248191027496382,
  "UEM": 0.015,
  "LEM": 0.007,
  "loss": 3.2368770137665765
}