{
  "UAS": 0.2645923781958514,
  "LAS": 0.116196333815726,
  "UEM": 0.012,
  "LEM": 0.004,
  "loss": 3.254398190785968
}