{
  "UAS": 0.2681500241196334,
  "LAS": 0.1207790641582248,
  "UEM": 0.014,
  "LEM": 0.004,
  "loss": 3.1839819900573247
}