{
    "model_count": 5,
    "accuracy_mean": 0.8430040681994789,
    "accuracy_std": 0.004192466579247929,
    "macro_fscore_mean": 0.5408550771769921,
    "macro_fscore_std": 0.010652610718145753,
    "micro_fscore_mean": 0.6365210524085395,
    "micro_fscore_std": 0.004662124534265421,
    "label_org:website_fscore_mean": 0.911886479246383,
    "label_org:website_fscore_std": 0.011882465281629943,
    "label_org:alternate_names_fscore_mean": 0.8128982779086008,
    "label_org:alternate_names_fscore_std": 0.00914020430442935,
    "label_per:date_of_death_fscore_mean": 0.6895779449131282,
    "label_per:date_of_death_fscore_std": 0.02844723647559763,
    "label_per:schools_attended_fscore_mean": 0.6785224464708649,
    "label_per:schools_attended_fscore_std": 0.03668917567733726,
    "label_per:age_fscore_mean": 0.9002901543822938,
    "label_per:age_fscore_std": 0.007650455590189317,
    "label_per:origin_fscore_mean": 0.5737601907874529,
    "label_per:origin_fscore_std": 0.020941584307620723,
    "label_per:country_of_birth_fscore_mean": 0.18321385902031065,
    "label_per:country_of_birth_fscore_std": 0.16127809812517743,
    "label_per:country_of_death_fscore_mean": 0.01739130434782609,
    "label_per:country_of_death_fscore_std": 0.03888813873912679,
    "label_org:members_fscore_mean": 0.5853456930139449,
    "label_org:members_fscore_std": 0.07094507205610207,
    "label_per:charges_fscore_mean": 0.7411584044172231,
    "label_per:charges_fscore_std": 0.015355711747854151,
    "label_per:alternate_names_fscore_mean": 0.3123243744718721,
    "label_per:alternate_names_fscore_std": 0.05541190779763247,
    "label_per:city_of_death_fscore_mean": 0.694443408024052,
    "label_per:city_of_death_fscore_std": 0.03143480742965101,
    "label_org:founded_by_fscore_mean": 0.5901597292463897,
    "label_org:founded_by_fscore_std": 0.03418774835098845,
    "label_per:cities_of_residence_fscore_mean": 0.46532092021590077,
    "label_per:cities_of_residence_fscore_std": 0.04052045080348018,
    "label_per:stateorprovinces_of_residence_fscore_mean": 0.5276911267989192,
    "label_per:stateorprovinces_of_residence_fscore_std": 0.01600528055609562,
    "label_per:other_family_fscore_mean": 0.21505058591913662,
    "label_per:other_family_fscore_std": 0.02931366909002968,
    "label_per:stateorprovince_of_birth_fscore_mean": 0.5882251082251082,
    "label_per:stateorprovince_of_birth_fscore_std": 0.041723439143510885,
    "label_per:siblings_fscore_mean": 0.6403232995817741,
    "label_per:siblings_fscore_std": 0.06512693567543357,
    "label_per:parents_fscore_mean": 0.5282221984918172,
    "label_per:parents_fscore_std": 0.040946314850732676,
    "label_per:spouse_fscore_mean": 0.6674199040396224,
    "label_per:spouse_fscore_std": 0.02126296523130412,
    "label_org:top_members/employees_fscore_mean": 0.6406796928278633,
    "label_org:top_members/employees_fscore_std": 0.012272420431636007,
    "label_org:founded_fscore_mean": 0.7808899446623317,
    "label_org:founded_fscore_std": 0.026118548018659198,
    "label_per:children_fscore_mean": 0.5633331312880225,
    "label_per:children_fscore_std": 0.07232931971691911,
    "label_per:stateorprovince_of_death_fscore_mean": 0.6599296674952105,
    "label_per:stateorprovince_of_death_fscore_std": 0.0634288938138981,
    "label_org:dissolved_fscore_mean": 0.27575757575757576,
    "label_org:dissolved_fscore_std": 0.1911734581283334,
    "label_per:countries_of_residence_fscore_mean": 0.41985354972126826,
    "label_per:countries_of_residence_fscore_std": 0.018928272731578835,
    "label_org:subsidiaries_fscore_mean": 0.21105281880661586,
    "label_org:subsidiaries_fscore_std": 0.0858334327144577,
    "label_org:member_of_fscore_mean": 0.00975609756097561,
    "label_org:member_of_fscore_std": 0.021815297341461364,
    "label_org:political/religious_affiliation_fscore_mean": 0.1715221208100465,
    "label_org:political/religious_affiliation_fscore_std": 0.04420680608860251,
    "label_per:title_fscore_mean": 0.8080526729098826,
    "label_per:title_fscore_std": 0.0059471688640428556,
    "label_org:country_of_headquarters_fscore_mean": 0.5513187794729417,
    "label_org:country_of_headquarters_fscore_std": 0.03760027263909101,
    "label_org:stateorprovince_of_headquarters_fscore_mean": 0.6111095864063344,
    "label_org:stateorprovince_of_headquarters_fscore_std": 0.027927649575696906,
    "label_org:shareholders_fscore_mean": 0.17657642901579315,
    "label_org:shareholders_fscore_std": 0.08355230945498883,
    "label_per:cause_of_death_fscore_mean": 0.7938710410081435,
    "label_per:cause_of_death_fscore_std": 0.014117902700080282,
    "label_per:city_of_birth_fscore_mean": 0.708913741403922,
    "label_per:city_of_birth_fscore_std": 0.05068575340371525,
    "label_org:number_of_employees/members_fscore_mean": 0.7982533753203686,
    "label_org:number_of_employees/members_fscore_std": 0.04879387653898579,
    "label_per:religion_fscore_mean": 0.5781710223055588,
    "label_per:religion_fscore_std": 0.07594266896860047,
    "label_per:date_of_birth_fscore_mean": 0.8559469170241396,
    "label_per:date_of_birth_fscore_std": 0.03282331229997549,
    "label_org:parents_fscore_mean": 0.254950866624298,
    "label_org:parents_fscore_std": 0.044293424283994735,
    "label_org:city_of_headquarters_fscore_mean": 0.5699101813528912,
    "label_org:city_of_headquarters_fscore_std": 0.037041588932566476,
    "label_per:employee_of_fscore_mean": 0.4119835429598736,
    "label_per:employee_of_fscore_std": 0.011093089874624826,
    "loss_mean": 0.7459926254977854,
    "loss_std": 0.10882020262672407
}