{
  "accuracy": 0.840471728299127,
  "macro_fscore": 0.5308221833190057,
  "micro_fscore": 0.6343500363108207,
  "label_org:website_fscore": 0.9042553191489361,
  "label_org:alternate_names_fscore": 0.808695652173913,
  "label_per:date_of_death_fscore": 0.6889460154241646,
  "label_per:schools_attended_fscore": 0.7184466019417476,
  "label_per:age_fscore": 0.9098360655737705,
  "label_per:origin_fscore": 0.5982532751091703,
  "label_per:country_of_birth_fscore": 0.12903225806451613,
  "label_per:country_of_death_fscore": 0,
  "label_org:members_fscore": 0.47761194029850745,
  "label_per:charges_fscore": 0.7272727272727272,
  "label_per:alternate_names_fscore": 0.3448275862068965,
  "label_org:founded_by_fscore": 0.5797101449275363,
  "label_per:city_of_death_fscore": 0.6439024390243903,
  "label_per:cities_of_residence_fscore": 0.4898989898989899,
  "label_per:stateorprovinces_of_residence_fscore": 0.5306122448979592,
  "label_per:other_family_fscore": 0.19230769230769232,
  "label_per:stateorprovince_of_birth_fscore": 0.6190476190476191,
  "label_per:siblings_fscore": 0.6440677966101694,
  "label_per:parents_fscore": 0.5471698113207547,
  "label_per:spouse_fscore": 0.6338028169014085,
  "label_org:top_members/employees_fscore": 0.6403225806451613,
  "label_org:founded_fscore": 0.7948717948717949,
  "label_per:children_fscore": 0.6101694915254237,
  "label_per:stateorprovince_of_death_fscore": 0.5675675675675675,
  "label_org:dissolved_fscore": 0,
  "label_per:countries_of_residence_fscore": 0.43049327354260086,
  "label_org:subsidiaries_fscore": 0.29655172413793107,
  "label_org:member_of_fscore": 0,
  "label_org:political/religious_affiliation_fscore": 0.21428571428571427,
  "label_per:title_fscore": 0.8131147540983605,
  "label_org:country_of_headquarters_fscore": 0.5767634854771784,
  "label_org:stateorprovince_of_headquarters_fscore": 0.5779816513761467,
  "label_org:shareholders_fscore": 0.16129032258064518,
  "label_per:cause_of_death_fscore": 0.8,
  "label_per:city_of_birth_fscore": 0.736842105263158,
  "label_org:number_of_employees/members_fscore": 0.8070175438596491,
  "label_per:religion_fscore": 0.4666666666666667,
  "label_per:date_of_birth_fscore": 0.8285714285714285,
  "label_org:parents_fscore": 0.25925925925925924,
  "label_org:city_of_headquarters_fscore": 0.5916666666666667,
  "label_per:employee_of_fscore": 0.40257648953301123,
  "loss": 0.583992531054724
}