{
  "accuracy": 0.8407002788316497,
  "macro_fscore": 0.528063739090813,
  "micro_fscore": 0.6297257227575982,
  "label_org:website_fscore": 0.9042553191489361,
  "label_org:alternate_names_fscore": 0.8044692737430168,
  "label_per:date_of_death_fscore": 0.7047146401985112,
  "label_per:schools_attended_fscore": 0.6304347826086957,
  "label_per:age_fscore": 0.9036144578313254,
  "label_per:origin_fscore": 0.5844155844155845,
  "label_per:country_of_birth_fscore": 0.33333333333333337,
  "label_per:country_of_death_fscore": 0,
  "label_org:members_fscore": 0.5734265734265734,
  "label_per:charges_fscore": 0.7410714285714285,
  "label_per:alternate_names_fscore": 0.30434782608695654,
  "label_per:city_of_death_fscore": 0.7,
  "label_org:founded_by_fscore": 0.544,
  "label_per:cities_of_residence_fscore": 0.4195804195804196,
  "label_per:stateorprovinces_of_residence_fscore": 0.5263157894736842,
  "label_per:other_family_fscore": 0.18947368421052632,
  "label_per:stateorprovince_of_birth_fscore": 0.6181818181818182,
  "label_per:siblings_fscore": 0.65625,
  "label_per:parents_fscore": 0.4869565217391304,
  "label_per:spouse_fscore": 0.6666666666666666,
  "label_org:top_members/employees_fscore": 0.6401446654611211,
  "label_org:founded_fscore": 0.8,
  "label_per:children_fscore": 0.4387096774193548,
  "label_per:stateorprovince_of_death_fscore": 0.6216216216216217,
  "label_org:dissolved_fscore": 0.18181818181818182,
  "label_per:countries_of_residence_fscore": 0.43495934959349597,
  "label_org:subsidiaries_fscore": 0.11464968152866244,
  "label_org:member_of_fscore": 0.04878048780487805,
  "label_org:political/religious_affiliation_fscore": 0.13333333333333333,
  "label_per:title_fscore": 0.7995867768595042,
  "label_org:country_of_headquarters_fscore": 0.5446428571428571,
  "label_org:stateorprovince_of_headquarters_fscore": 0.5893719806763286,
  "label_org:shareholders_fscore": 0.0625,
  "label_per:cause_of_death_fscore": 0.7706422018348622,
  "label_per:city_of_birth_fscore": 0.7164179104477613,
  "label_org:number_of_employees/members_fscore": 0.8518518518518519,
  "label_per:religion_fscore": 0.591304347826087,
  "label_per:date_of_birth_fscore": 0.8656716417910448,
  "label_org:parents_fscore": 0.22040816326530613,
  "label_org:city_of_headquarters_fscore": 0.5294117647058824,
  "label_per:employee_of_fscore": 0.40327868852459015,
  "loss": 0.7071510754499791
}