{
  "accuracy": 0.8502079809845957,
  "macro_fscore": 0.5516835956994122,
  "micro_fscore": 0.6416296582351805,
  "label_org:website_fscore": 0.9021739130434784,
  "label_org:alternate_names_fscore": 0.8057971014492754,
  "label_per:date_of_death_fscore": 0.6866485013623977,
  "label_per:schools_attended_fscore": 0.6516853932584269,
  "label_per:age_fscore": 0.8907563025210083,
  "label_per:origin_fscore": 0.5434173669467786,
  "label_per:country_of_birth_fscore": 0.37037037037037035,
  "label_per:country_of_death_fscore": 0.08695652173913045,
  "label_org:members_fscore": 0.6708860759493671,
  "label_per:charges_fscore": 0.7264150943396226,
  "label_per:alternate_names_fscore": 0.27777777777777773,
  "label_per:city_of_death_fscore": 0.7309236947791166,
  "label_org:founded_by_fscore": 0.6029411764705882,
  "label_per:cities_of_residence_fscore": 0.4768211920529801,
  "label_per:stateorprovinces_of_residence_fscore": 0.5477707006369427,
  "label_per:other_family_fscore": 0.2040816326530612,
  "label_per:stateorprovince_of_birth_fscore": 0.55,
  "label_per:siblings_fscore": 0.7272727272727274,
  "label_per:parents_fscore": 0.5454545454545454,
  "label_per:spouse_fscore": 0.6666666666666666,
  "label_org:top_members/employees_fscore": 0.6211180124223603,
  "label_org:founded_fscore": 0.7352941176470588,
  "label_per:children_fscore": 0.5614035087719297,
  "label_per:stateorprovince_of_death_fscore": 0.6913580246913581,
  "label_org:dissolved_fscore": 0.36363636363636365,
  "label_per:countries_of_residence_fscore": 0.3875598086124402,
  "label_org:subsidiaries_fscore": 0.1285714285714286,
  "label_org:member_of_fscore": 0,
  "label_org:political/religious_affiliation_fscore": 0.2105263157894737,
  "label_per:title_fscore": 0.8099352051835853,
  "label_org:country_of_headquarters_fscore": 0.5819209039548022,
  "label_org:stateorprovince_of_headquarters_fscore": 0.6363636363636364,
  "label_org:shareholders_fscore": 0.21052631578947367,
  "label_per:cause_of_death_fscore": 0.8034188034188035,
  "label_per:city_of_birth_fscore": 0.6857142857142857,
  "label_org:number_of_employees/members_fscore": 0.7419354838709677,
  "label_per:religion_fscore": 0.6666666666666667,
  "label_per:date_of_birth_fscore": 0.8405797101449276,
  "label_org:parents_fscore": 0.32432432432432434,
  "label_org:city_of_headquarters_fscore": 0.547008547008547,
  "label_per:employee_of_fscore": 0.40634920634920635,
  "loss": 0.8770682778513406
}