{
    "model_count": 5,
    "em_accuracy_mean": 0.4786784741144414,
    "em_accuracy_std": 0.005990097739423041,
    "loss_mean": 0.0,
    "loss_std": 0.0
}