{
  "em_accuracy": 0.3786791098348887,
  "loss": 1.82592428956713
}