{
  "em_accuracy": 0.3801148600143575,
  "loss": 1.8504205404009137
}