{
  "em_accuracy": 0.3711414213926777,
  "loss": 1.8596338101795742
}