{
    "model_count": 5,
    "UAS_mean": 0.8156204584876471,
    "UAS_std": 0.008859103798311454,
    "LAS_mean": 0.7468379353991843,
    "LAS_std": 0.008587794478694651,
    "UEM_mean": 0.0944,
    "UEM_std": 0.0077974354758471726,
    "LEM_mean": 0.045,
    "LEM_std": 0.0066332495807108005,
    "LOAS_mean": 0.8589001922085228,
    "LOAS_std": 0.005453168493215045,
    "LOEM_mean": 0.1036,
    "LOEM_std": 0.010876580344942984,
    "loss_mean": 4.105835804343224,
    "loss_std": 0.4034448481288446
}