{
  "UAS": 0.8206835122591534,
  "LAS": 0.7523322863438189,
  "UEM": 0.089,
  "LEM": 0.047,
  "LOAS": 0.8618911443439126,
  "LOEM": 0.111,
  "loss": 4.603910572826862
}