{
  "UAS": 0.8211991936618067,
  "LAS": 0.7496132389480099,
  "UEM": 0.107,
  "LEM": 0.046,
  "LOAS": 0.8580938540152829,
  "LOEM": 0.095,
  "loss": 3.6958514153957367
}