{
  "UAS": 0.8173550232056631,
  "LAS": 0.7540199709343209,
  "UEM": 0.095,
  "LEM": 0.054,
  "LOAS": 0.8656415545450283,
  "LOEM": 0.116,
  "loss": 4.035233497619629
}