{
  "UAS": 0.8000093760255028,
  "LAS": 0.7325488725329333,
  "UEM": 0.087,
  "LEM": 0.036,
  "LOAS": 0.850968074633163,
  "LOEM": 0.09,
  "loss": 3.7581465616822243
}