{
  "UAS": 0.8188551872861094,
  "LAS": 0.7456753082368384,
  "UEM": 0.094,
  "LEM": 0.042,
  "LOAS": 0.8579063335052272,
  "LOEM": 0.106,
  "loss": 4.436036974191666
}