{
    "model_count": 5,
    "em_accuracy_mean": 0.2271356783919598,
    "em_accuracy_std": 0.01028905601055958,
    "loss_mean": 0.0,
    "loss_std": 0.0
}