{"model_count": 5, "accuracy_mean": 0.8016, "accuracy_std": 0.020317480158720442, "loss_mean": 1.3613875471055508, "loss_std": 0.32110687272288324}