{
  "accuracy": 0.8498527968596663,
  "macro_fscore": 0.5421382125611532,
  "micro_fscore": 0.8538767395626242,
  "loss": 0.7442225604027044
}