{
  "accuracy": 0.8439646712463199,
  "macro_fscore": 0.5754113447405235,
  "micro_fscore": 0.8498753117206983,
  "loss": 1.0236601384895039
}