{
  "accuracy": 0.844946025515211,
  "macro_fscore": 0.5380573312250904,
  "micro_fscore": 0.8547094188376754,
  "loss": 0.910474384578265
}