{
  "accuracy": 0.8420019627085378,
  "macro_fscore": 0.523728710984874,
  "micro_fscore": 0.8468827930174564,
  "loss": 0.8885395572506241
}