{
    "model_count": 5,
    "UAS_mean": 0.6388853917495488,
    "UAS_std": 0.005978966990744819,
    "LAS_mean": 0.5389483402576692,
    "LAS_std": 0.00516029330062342,
    "UEM_mean": 0.0264,
    "UEM_std": 0.003286335345030997,
    "LEM_mean": 0.0084,
    "LEM_std": 0.0013416407864998735,
    "LOAS_mean": 0.6866675059801083,
    "LOAS_std": 0.003718357475324727,
    "LOEM_mean": 0.0094,
    "LOEM_std": 0.0005477225575051665,
    "loss_mean": 8.519154144421456,
    "loss_std": 0.5052736830889227
}