{
  "UAS": 0.6453481052499056,
  "LAS": 0.5451340803222964,
  "UEM": 0.029,
  "LEM": 0.01,
  "LOAS": 0.6918041042427294,
  "LOEM": 0.01,
  "loss": 8.443304538726807
}