{
  "UAS": 0.6419908514834866,
  "LAS": 0.5412312728188342,
  "UEM": 0.027,
  "LEM": 0.007,
  "LOAS": 0.6881111250996684,
  "LOEM": 0.009,
  "loss": 9.004328802227974
}