{
  "accuracy": 0.9280276816608997,
  "macro_fscore": 0.6400974535220509,
  "micro_fscore": 0.9353023909985936,
  "loss": 0.3356714243277815
}