{
  "accuracy": 0.8934256055363322,
  "macro_fscore": 0.5946743601609389,
  "micro_fscore": 0.9007741027445461,
  "loss": 0.44579170598996454
}