{
  "accuracy": 0.8948096885813149,
  "macro_fscore": 0.6177412197390043,
  "micro_fscore": 0.8949389179755671,
  "loss": 0.4112610560304557
}