{
  "accuracy": 0.9121107266435986,
  "macro_fscore": 0.585349459849894,
  "micro_fscore": 0.9172510518934083,
  "loss": 0.3518891580924801
}