{
    "model_count": 5,
    "em_accuracy_mean": 0.7947104423164615,
    "em_accuracy_std": 0.004541687039849966,
    "loss_mean": 0.0,
    "loss_std": 0.0
}