{
    "model_count": 5,
    "UAS_mean": 0.6436565364206465,
    "UAS_std": 0.008945079927484403,
    "LAS_mean": 0.44024360829715387,
    "LAS_std": 0.011967735170477401,
    "UEM_mean": 0.0566,
    "UEM_std": 0.003435112807463534,
    "LEM_mean": 0.0104,
    "LEM_std": 0.0026076809620810596,
    "LOAS_mean": 0.566365171249397,
    "LOAS_std": 0.010709039131104263,
    "LOEM_mean": 0.0108,
    "LOEM_std": 0.0023874672772626645,
    "loss_mean": 7.167783954739571,
    "loss_std": 0.9381616017452705
}