{
  "UAS": 0.6389290882778582,
  "LAS": 0.44476603955619876,
  "UEM": 0.058,
  "LEM": 0.011,
  "LOAS": 0.5684997588036662,
  "LOEM": 0.011,
  "loss": 6.349536210298538
}