{
  "UAS": 0.6501447178002895,
  "LAS": 0.44989146164978294,
  "UEM": 0.054,
  "LEM": 0.007,
  "LOAS": 0.5712132175590932,
  "LOEM": 0.008,
  "loss": 7.0437872260808945
}