{
  "UAS": 0.630306319343946,
  "LAS": 0.42468644476603956,
  "UEM": 0.055,
  "LEM": 0.014,
  "LOAS": 0.5604196816208393,
  "LOEM": 0.014,
  "loss": 6.713992431759834
}