{
  "accuracy": 0.4176470588235294,
  "macro_fscore": 0.35177758752255656,
  "micro_fscore": 0.40740740740740744,
  "label_org:founded_by_fscore": 0.2857142857142857,
  "label_org:shareholders_fscore": 0,
  "label_org:stateorprovince_of_headquarters_fscore": 0.375,
  "label_per:stateorprovince_of_birth_fscore": 0,
  "label_per:city_of_death_fscore": 0.875,
  "label_per:spouse_fscore": 0.46153846153846156,
  "label_per:country_of_birth_fscore": 0.25,
  "label_org:parents_fscore": 0.25,
  "label_org:member_of_fscore": 0,
  "label_org:top_members/employees_fscore": 0.5714285714285715,
  "label_per:origin_fscore": 0.15384615384615385,
  "label_per:stateorprovince_of_death_fscore": 0.6666666666666666,
  "label_org:country_of_headquarters_fscore": 0.18181818181818182,
  "label_per:stateorprovinces_of_residence_fscore": 0.15384615384615385,
  "label_per:siblings_fscore": 0.4615384615384615,
  "label_per:schools_attended_fscore": 0.35294117647058826,
  "label_per:title_fscore": 0.5833333333333334,
  "label_org:city_of_headquarters_fscore": 0.5263157894736842,
  "label_per:cause_of_death_fscore": 0.5,
  "label_per:children_fscore": 0.4,
  "label_org:dissolved_fscore": 0,
  "label_per:employee_of_fscore": 0.16666666666666669,
  "label_per:other_family_fscore": 0,
  "label_org:number_of_employees/members_fscore": 0.5714285714285715,
  "label_org:subsidiaries_fscore": 0.19999999999999998,
  "label_per:date_of_death_fscore": 0.47058823529411764,
  "label_per:date_of_birth_fscore": 0.8421052631578948,
  "label_per:charges_fscore": 0.33333333333333337,
  "label_per:religion_fscore": 0,
  "label_org:founded_fscore": 0.3076923076923077,
  "label_per:city_of_birth_fscore": 0.8000000000000002,
  "label_org:website_fscore": 0.7272727272727273,
  "label_per:countries_of_residence_fscore": 0.4444444444444444,
  "label_org:political/religious_affiliation_fscore": 0.23529411764705882,
  "label_per:alternate_names_fscore": 0.15384615384615385,
  "label_org:alternate_names_fscore": 0.5333333333333333,
  "label_per:age_fscore": 0.8571428571428571,
  "label_org:members_fscore": 0.1111111111111111,
  "label_per:parents_fscore": 0.125,
  "label_per:cities_of_residence_fscore": 0.14285714285714288,
  "loss": 2.9322374984622
}