{
  "UAS": 0.7039450302096908,
  "LAS": 0.49816372467717096,
  "UEM": 0.065,
  "LEM": 0.016,
  "LOAS": 0.6300793744816965,
  "LOEM": 0.019,
  "loss": 9.314350977540016
}