{
  "UAS": 0.6988508470560361,
  "LAS": 0.5053903565928207,
  "UEM": 0.065,
  "LEM": 0.015,
  "LOAS": 0.6426371283023339,
  "LOEM": 0.02,
  "loss": 8.703718326985836
}