{
  "UAS": 0.6977253879872053,
  "LAS": 0.4946688780950124,
  "UEM": 0.067,
  "LEM": 0.016,
  "LOAS": 0.6299016704181969,
  "LOEM": 0.024,
  "loss": 8.852408975362778
}