{
    "model_count": 5,
    "em_accuracy_mean": 0.47418256130790193,
    "em_accuracy_std": 0.006906698558930008,
    "loss_mean": 0.0,
    "loss_std": 0.0
}