{
    "model_count": 3,
    "em_accuracy_mean": 0.5359900090826522,
    "em_accuracy_std": 0.010729333352708263,
    "loss_mean": 0.0,
    "loss_std": 0.0
}