{
  "UAS": 0.6766970738064211,
  "LAS": 0.40848240729771357,
  "UEM": 0.06,
  "LEM": 0.007,
  "LOAS": 0.5483947399597204,
  "LOEM": 0.007,
  "loss": 8.790086254477501
}