{
    "model_count": 5,
    "UAS_mean": 0.6723374007818979,
    "UAS_std": 0.004467921370970046,
    "LAS_mean": 0.41756900841132566,
    "LAS_std": 0.006513742117642794,
    "UEM_mean": 0.0588,
    "UEM_std": 0.002774887385102321,
    "LEM_mean": 0.0076,
    "LEM_std": 0.0008944271909999156,
    "LOAS_mean": 0.5608814121549579,
    "LOAS_std": 0.0070779131659509265,
    "LOEM_mean": 0.009,
    "LOEM_std": 0.0018708286933869706,
    "loss_mean": 9.084476152062416,
    "loss_std": 0.4352599024476315
}