{
    "model_count": 5,
    "UAS_mean": 0.6715484506117857,
    "UAS_std": 0.02629886154993041,
    "LAS_mean": 0.6201115747034832,
    "LAS_std": 0.02541585262818886,
    "UEM_mean": 0.0414,
    "UEM_std": 0.009154233993076646,
    "LEM_mean": 0.0274,
    "LEM_std": 0.002966479394838265,
    "LOAS_mean": 0.8075852046317565,
    "LOAS_std": 0.010964068211340949,
    "LOEM_mean": 0.0658,
    "LOEM_std": 0.01052140675005011,
    "loss_mean": 6.730825212597847,
    "loss_std": 0.3151532907951632
}