{
  "UAS": 0.7023580704139515,
  "LAS": 0.6474145609676059,
  "UEM": 0.054,
  "LEM": 0.03,
  "LOAS": 0.8157610988701889,
  "LOEM": 0.073,
  "loss": 6.49801367521286
}