{
  "UAS": 0.6835591392808589,
  "LAS": 0.6332098823308799,
  "UEM": 0.04,
  "LEM": 0.028,
  "LOAS": 0.8186207866485397,
  "LOEM": 0.078,
  "loss": 6.511150300502777
}