{
  "UAS": 0.6802775303548826,
  "LAS": 0.6308658759551826,
  "UEM": 0.047,
  "LEM": 0.03,
  "LOAS": 0.8101354835685153,
  "LOEM": 0.066,
  "loss": 7.266211152076721
}