{
    "model_count": 5,
    "em_accuracy_mean": 0.46683854334514985,
    "em_accuracy_std": 0.008765473637107161,
    "loss_mean": 0.0,
    "loss_std": 0.0
}