{
    "model_count": 5,
    "UAS_mean": 0.575337674867342,
    "UAS_std": 0.006135502114657143,
    "LAS_mean": 0.4153400868306802,
    "LAS_std": 0.0032759110781706833,
    "UEM_mean": 0.046,
    "UEM_std": 0.0055677643628300215,
    "LEM_mean": 0.0062,
    "LEM_std": 0.001643167672515498,
    "LOAS_mean": 0.5619512783405692,
    "LOAS_std": 0.0038368416255362007,
    "LOEM_mean": 0.010199999999999999,
    "LOEM_std": 0.0016431676725154984,
    "loss_mean": 7.160416162014007,
    "loss_std": 0.705881344354022
}