{
  "UAS": 0.5714544138929089,
  "LAS": 0.4143753014954173,
  "UEM": 0.042,
  "LEM": 0.005,
  "LOAS": 0.5636758321273516,
  "LOEM": 0.01,
  "loss": 7.36194472014904
}