{
  "UAS": 0.5823082489146165,
  "LAS": 0.4210082006753497,
  "UEM": 0.049,
  "LEM": 0.006,
  "LOAS": 0.5663289917993246,
  "LOEM": 0.009,
  "loss": 6.049137160181999
}