{
  "UAS": 0.5737457790641582,
  "LAS": 0.4138326097443319,
  "UEM": 0.053,
  "LEM": 0.006,
  "LOAS": 0.5628919440424506,
  "LOEM": 0.01,
  "loss": 7.7989247888326645
}