{
  "UAS": 0.581041968162084,
  "LAS": 0.41485769416304874,
  "UEM": 0.047,
  "LEM": 0.009,
  "LOAS": 0.5607814761215629,
  "LOEM": 0.013,
  "loss": 6.926551088690758
}