{
  "UAS": 0.5681379643029426,
  "LAS": 0.41262662807525324,
  "UEM": 0.039,
  "LEM": 0.005,
  "LOAS": 0.5560781476121563,
  "LOEM": 0.009,
  "loss": 7.665523052215576
}