{
    "model_count": 5,
    "UAS_mean": 0.7931399773732387,
    "UAS_std": 0.005991622410440431,
    "LAS_mean": 0.666934073845521,
    "LAS_std": 0.005792549135820292,
    "UEM_mean": 0.1454,
    "UEM_std": 0.008049844718999236,
    "LEM_mean": 0.0332,
    "LEM_std": 0.002489979919597749,
    "LOAS_mean": 0.77034865782166,
    "LOAS_std": 0.0039378175476903485,
    "LOEM_mean": 0.0494,
    "LOEM_std": 0.003646916505762094,
    "loss_mean": 5.473190286519036,
    "loss_std": 0.6757267517647573
}