{
  "UAS": 0.7994960403167747,
  "LAS": 0.6733518461380232,
  "UEM": 0.15,
  "LEM": 0.031,
  "LOAS": 0.7747094518152834,
  "LOEM": 0.051,
  "loss": 5.363862060010433
}