{
  "UAS": 0.7864342281188933,
  "LAS": 0.6599300627378382,
  "UEM": 0.146,
  "LEM": 0.035,
  "LOAS": 0.7651959271829682,
  "LOEM": 0.05,
  "loss": 4.75864227861166
}