{
  "UAS": 0.7990846446569989,
  "LAS": 0.6713462922966162,
  "UEM": 0.137,
  "LEM": 0.03,
  "LOAS": 0.7712125887071891,
  "LOEM": 0.043,
  "loss": 5.743183679878712
}