{
  "accuracy": 0.8605341246290801,
  "macro_fscore": 0.6158396687385935,
  "micro_fscore": 0.8682634730538922,
  "loss": 0.5101068244125186
}