{
  "accuracy": 0.8516320474777448,
  "macro_fscore": 0.6183856871279255,
  "micro_fscore": 0.8723404255319148,
  "loss": 0.6060856434315528
}