{
  "accuracy": 0.8456973293768546,
  "macro_fscore": 0.5919460304063006,
  "micro_fscore": 0.8662613981762919,
  "loss": 0.5704325220801614
}