{
    "model_count": 5,
    "em_accuracy_mean": 0.4655994550408719,
    "em_accuracy_std": 0.007733182928980055,
    "loss_mean": 0.0,
    "loss_std": 0.0
}