{
    "model_count": 5,
    "UAS_mean": 0.8554554873674982,
    "UAS_std": 0.0029337137075470805,
    "LAS_mean": 0.8258388459392684,
    "LAS_std": 0.003621829623444208,
    "UEM_mean": 0.42272508425613864,
    "UEM_std": 0.017998628447297778,
    "LEM_mean": 0.3776600866634569,
    "LEM_std": 0.016561929656197405,
    "LOAS_mean": 0.9206105045030685,
    "LOAS_std": 0.001358534093613796,
    "LOEM_mean": 0.5948001925854598,
    "LOEM_std": 0.00412207121675568,
    "loss_mean": 3.031313396662464,
    "loss_std": 0.2146801374603569
}