{
  "UAS": 0.8589304216147287,
  "LAS": 0.8290826492388619,
  "UEM": 0.43042850264805005,
  "LEM": 0.3880597014925373,
  "LOAS": 0.9222921813979438,
  "LOEM": 0.5999037072701011,
  "loss": 2.883290894865742
}