{
  "UAS": 0.8509205387742089,
  "LAS": 0.8196780106798438,
  "UEM": 0.3948001925854598,
  "LEM": 0.35243139142994706,
  "LOAS": 0.9193034191440185,
  "LOEM": 0.5888300433317285,
  "loss": 2.846693624693636
}