{
  "UAS": 0.8551048059297043,
  "LAS": 0.825934486331394,
  "UEM": 0.44390948483389503,
  "LEM": 0.3962445835339432,
  "LOAS": 0.9191838686538615,
  "LOEM": 0.5936446798266731,
  "loss": 3.3238517077734033
}