{
  "UAS": 0.8555830078903324,
  "LAS": 0.8272096915597354,
  "UEM": 0.4203177660086663,
  "LEM": 0.3760231102551757,
  "LOAS": 0.9207778751892883,
  "LOEM": 0.5970149253731343,
  "loss": 2.906499410519721
}